header: 
  seq: 691
  stamp: 
    secs: 1744081234
    nsecs: 624801397
  frame_id: "world"
child_frame_id: "world"
pose: 
  pose: 
    position: 
      x: -0.0845825401514465
      y: 0.03655730922563704
      z: 0.019383472376905686
    orientation: 
      x: -0.0022191770326995207
      y: 0.014998623217416667
      z: 0.001178140941229788
      w: 0.9998843575828168
  covariance: [0.0, 0.0, 0.0, 0.0, 0.0, 0.0, 0.0, 0.0, 0.0, 0.0, 0.0, 0.0, 0.0, 0.0, 0.0, 0.0, 0.0, 0.0, 0.0, 0.0, 0.0, 0.0, 0.0, 0.0, 0.0, 0.0, 0.0, 0.0, 0.0, 0.0, 0.0, 0.0, 0.0, 0.0, 0.0, 0.0]
twist: 
  twist: 
    linear: 
      x: -0.0063602945129343
      y: -0.006248715810312535
      z: 0.0011700060487571185
    angular: 
      x: 0.0
      y: 0.0
      z: 0.0
  covariance: [0.0, 0.0, 0.0, 0.0, 0.0, 0.0, 0.0, 0.0, 0.0, 0.0, 0.0, 0.0, 0.0, 0.0, 0.0, 0.0, 0.0, 0.0, 0.0, 0.0, 0.0, 0.0, 0.0, 0.0, 0.0, 0.0, 0.0, 0.0, 0.0, 0.0, 0.0, 0.0, 0.0, 0.0, 0.0, 0.0]
---
header: 
  seq: 692
  stamp: 
    secs: 1744081234
    nsecs: 758142471
  frame_id: "world"
child_frame_id: "world"
pose: 
  pose: 
    position: 
      x: -0.08454644629182989
      y: 0.036578346962822875
      z: 0.019367189713649757
    orientation: 
      x: -0.002215344578965912
      y: 0.014996466261260293
      z: 0.0011768890608390833
      w: 0.9998843999084144
  covariance: [0.0, 0.0, 0.0, 0.0, 0.0, 0.0, 0.0, 0.0, 0.0, 0.0, 0.0, 0.0, 0.0, 0.0, 0.0, 0.0, 0.0, 0.0, 0.0, 0.0, 0.0, 0.0, 0.0, 0.0, 0.0, 0.0, 0.0, 0.0, 0.0, 0.0, 0.0, 0.0, 0.0, 0.0, 0.0, 0.0]
twist: 
  twist: 
    linear: 
      x: -0.004891982258451877
      y: -0.006772909428241762
      z: 0.0016676412873082892
    angular: 
      x: 0.0
      y: 0.0
      z: 0.0
  covariance: [0.0, 0.0, 0.0, 0.0, 0.0, 0.0, 0.0, 0.0, 0.0, 0.0, 0.0, 0.0, 0.0, 0.0, 0.0, 0.0, 0.0, 0.0, 0.0, 0.0, 0.0, 0.0, 0.0, 0.0, 0.0, 0.0, 0.0, 0.0, 0.0, 0.0, 0.0, 0.0, 0.0, 0.0, 0.0, 0.0]
---
header: 
  seq: 693
  stamp: 
    secs: 1744081234
    nsecs: 891483545
  frame_id: "world"
child_frame_id: "world"
pose: 
  pose: 
    position: 
      x: -0.08454876811832912
      y: 0.03656767661281516
      z: 0.01936905294482677
    orientation: 
      x: -0.002217004751672769
      y: 0.01499590335702174
      z: 0.0011783173958063733
      w: 0.9998844029889419
  covariance: [0.0, 0.0, 0.0, 0.0, 0.0, 0.0, 0.0, 0.0, 0.0, 0.0, 0.0, 0.0, 0.0, 0.0, 0.0, 0.0, 0.0, 0.0, 0.0, 0.0, 0.0, 0.0, 0.0, 0.0, 0.0, 0.0, 0.0, 0.0, 0.0, 0.0, 0.0, 0.0, 0.0, 0.0, 0.0, 0.0]
twist: 
  twist: 
    linear: 
      x: -0.0052762208698409
      y: -0.006144314438096581
      z: 0.002050791029972524
    angular: 
      x: 0.0
      y: 0.0
      z: 0.0
  covariance: [0.0, 0.0, 0.0, 0.0, 0.0, 0.0, 0.0, 0.0, 0.0, 0.0, 0.0, 0.0, 0.0, 0.0, 0.0, 0.0, 0.0, 0.0, 0.0, 0.0, 0.0, 0.0, 0.0, 0.0, 0.0, 0.0, 0.0, 0.0, 0.0, 0.0, 0.0, 0.0, 0.0, 0.0, 0.0, 0.0]
---
header: 
  seq: 694
  stamp: 
    secs: 1744081235
    nsecs:  24821281
  frame_id: "world"
child_frame_id: "world"
pose: 
  pose: 
    position: 
      x: -0.08458102185051491
      y: 0.03652279917503819
      z: 0.01937311494263777
    orientation: 
      x: -0.0022155218810681614
      y: 0.01499505279124968
      z: 0.001188774514545376
      w: 0.999884406653957
  covariance: [0.0, 0.0, 0.0, 0.0, 0.0, 0.0, 0.0, 0.0, 0.0, 0.0, 0.0, 0.0, 0.0, 0.0, 0.0, 0.0, 0.0, 0.0, 0.0, 0.0, 0.0, 0.0, 0.0, 0.0, 0.0, 0.0, 0.0, 0.0, 0.0, 0.0, 0.0, 0.0, 0.0, 0.0, 0.0, 0.0]
twist: 
  twist: 
    linear: 
      x: -0.005554252022900816
      y: -0.006570383353091639
      z: 0.0015501345519983022
    angular: 
      x: 0.0
      y: 0.0
      z: 0.0
  covariance: [0.0, 0.0, 0.0, 0.0, 0.0, 0.0, 0.0, 0.0, 0.0, 0.0, 0.0, 0.0, 0.0, 0.0, 0.0, 0.0, 0.0, 0.0, 0.0, 0.0, 0.0, 0.0, 0.0, 0.0, 0.0, 0.0, 0.0, 0.0, 0.0, 0.0, 0.0, 0.0, 0.0, 0.0, 0.0, 0.0]
---
header: 
  seq: 695
  stamp: 
    secs: 1744081235
    nsecs: 158159256
  frame_id: "world"
child_frame_id: "world"
pose: 
  pose: 
    position: 
      x: -0.08458048319783985
      y: 0.036536428978035926
      z: 0.01935861694799551
    orientation: 
      x: -0.002210666333713513
      y: 0.014992403936258567
      z: 0.0011883192583520645
      w: 0.9998844576629408
  covariance: [0.0, 0.0, 0.0, 0.0, 0.0, 0.0, 0.0, 0.0, 0.0, 0.0, 0.0, 0.0, 0.0, 0.0, 0.0, 0.0, 0.0, 0.0, 0.0, 0.0, 0.0, 0.0, 0.0, 0.0, 0.0, 0.0, 0.0, 0.0, 0.0, 0.0, 0.0, 0.0, 0.0, 0.0, 0.0, 0.0]
twist: 
  twist: 
    linear: 
      x: -0.005949736314030723
      y: -0.005874556490455172
      z: 0.0011141191231037657
    angular: 
      x: 0.0
      y: 0.0
      z: 0.0
  covariance: [0.0, 0.0, 0.0, 0.0, 0.0, 0.0, 0.0, 0.0, 0.0, 0.0, 0.0, 0.0, 0.0, 0.0, 0.0, 0.0, 0.0, 0.0, 0.0, 0.0, 0.0, 0.0, 0.0, 0.0, 0.0, 0.0, 0.0, 0.0, 0.0, 0.0, 0.0, 0.0, 0.0, 0.0, 0.0, 0.0]
---
header: 
  seq: 696
  stamp: 
    secs: 1744081235
    nsecs: 291496515
  frame_id: "world"
child_frame_id: "world"
pose: 
  pose: 
    position: 
      x: -0.08455621152440344
      y: 0.036563297236498746
      z: 0.01937140893987105
    orientation: 
      x: -0.00221706647001953
      y: 0.014996212365975849
      z: 0.0011795865398795706
      w: 0.9998843967212094
  covariance: [0.0, 0.0, 0.0, 0.0, 0.0, 0.0, 0.0, 0.0, 0.0, 0.0, 0.0, 0.0, 0.0, 0.0, 0.0, 0.0, 0.0, 0.0, 0.0, 0.0, 0.0, 0.0, 0.0, 0.0, 0.0, 0.0, 0.0, 0.0, 0.0, 0.0, 0.0, 0.0, 0.0, 0.0, 0.0, 0.0]
twist: 
  twist: 
    linear: 
      x: -0.005621037306043638
      y: -0.006227246159831831
      z: 0.0017615318143019121
    angular: 
      x: 0.0
      y: 0.0
      z: 0.0
  covariance: [0.0, 0.0, 0.0, 0.0, 0.0, 0.0, 0.0, 0.0, 0.0, 0.0, 0.0, 0.0, 0.0, 0.0, 0.0, 0.0, 0.0, 0.0, 0.0, 0.0, 0.0, 0.0, 0.0, 0.0, 0.0, 0.0, 0.0, 0.0, 0.0, 0.0, 0.0, 0.0, 0.0, 0.0, 0.0, 0.0]
---
header: 
  seq: 697
  stamp: 
    secs: 1744081235
    nsecs: 424834013
  frame_id: "world"
child_frame_id: "world"
pose: 
  pose: 
    position: 
      x: -0.08455429479719159
      y: 0.03657656608213478
      z: 0.01936418628866282
    orientation: 
      x: -0.0022160982767704717
      y: 0.014994891930159506
      z: 0.0011794236995531383
      w: 0.9998844188625841
  covariance: [0.0, 0.0, 0.0, 0.0, 0.0, 0.0, 0.0, 0.0, 0.0, 0.0, 0.0, 0.0, 0.0, 0.0, 0.0, 0.0, 0.0, 0.0, 0.0, 0.0, 0.0, 0.0, 0.0, 0.0, 0.0, 0.0, 0.0, 0.0, 0.0, 0.0, 0.0, 0.0, 0.0, 0.0, 0.0, 0.0]
twist: 
  twist: 
    linear: 
      x: -0.005987068864479263
      y: -0.006107066742334075
      z: 0.0017254268902742128
    angular: 
      x: 0.0
      y: 0.0
      z: 0.0
  covariance: [0.0, 0.0, 0.0, 0.0, 0.0, 0.0, 0.0, 0.0, 0.0, 0.0, 0.0, 0.0, 0.0, 0.0, 0.0, 0.0, 0.0, 0.0, 0.0, 0.0, 0.0, 0.0, 0.0, 0.0, 0.0, 0.0, 0.0, 0.0, 0.0, 0.0, 0.0, 0.0, 0.0, 0.0, 0.0, 0.0]
---
header: 
  seq: 698
  stamp: 
    secs: 1744081235
    nsecs: 558171034
  frame_id: "world"
child_frame_id: "world"
pose: 
  pose: 
    position: 
      x: -0.08458477075639245
      y: 0.03652568733998497
      z: 0.0193756594516713
    orientation: 
      x: -0.0022168061129509346
      y: 0.01499463257097061
      z: 0.0011908464477686576
      w: 0.9998844076439322
  covariance: [0.0, 0.0, 0.0, 0.0, 0.0, 0.0, 0.0, 0.0, 0.0, 0.0, 0.0, 0.0, 0.0, 0.0, 0.0, 0.0, 0.0, 0.0, 0.0, 0.0, 0.0, 0.0, 0.0, 0.0, 0.0, 0.0, 0.0, 0.0, 0.0, 0.0, 0.0, 0.0, 0.0, 0.0, 0.0, 0.0]
twist: 
  twist: 
    linear: 
      x: -0.006000487534899182
      y: -0.006741525065577202
      z: 0.0013084781259172912
    angular: 
      x: 0.0
      y: 0.0
      z: 0.0
  covariance: [0.0, 0.0, 0.0, 0.0, 0.0, 0.0, 0.0, 0.0, 0.0, 0.0, 0.0, 0.0, 0.0, 0.0, 0.0, 0.0, 0.0, 0.0, 0.0, 0.0, 0.0, 0.0, 0.0, 0.0, 0.0, 0.0, 0.0, 0.0, 0.0, 0.0, 0.0, 0.0, 0.0, 0.0, 0.0, 0.0]
---
header: 
  seq: 699
  stamp: 
    secs: 1744081235
    nsecs: 691508055
  frame_id: "world"
child_frame_id: "world"
pose: 
  pose: 
    position: 
      x: -0.08459319041025995
      y: 0.036530485273276674
      z: 0.019370500829781256
    orientation: 
      x: -0.002212335867973495
      y: 0.014994998443455258
      z: 0.0011902685067985705
      w: 0.9998844127460782
  covariance: [0.0, 0.0, 0.0, 0.0, 0.0, 0.0, 0.0, 0.0, 0.0, 0.0, 0.0, 0.0, 0.0, 0.0, 0.0, 0.0, 0.0, 0.0, 0.0, 0.0, 0.0, 0.0, 0.0, 0.0, 0.0, 0.0, 0.0, 0.0, 0.0, 0.0, 0.0, 0.0, 0.0, 0.0, 0.0, 0.0]
twist: 
  twist: 
    linear: 
      x: -0.005585371663317124
      y: -0.005898921631074995
      z: 0.0015513669046324974
    angular: 
      x: 0.0
      y: 0.0
      z: 0.0
  covariance: [0.0, 0.0, 0.0, 0.0, 0.0, 0.0, 0.0, 0.0, 0.0, 0.0, 0.0, 0.0, 0.0, 0.0, 0.0, 0.0, 0.0, 0.0, 0.0, 0.0, 0.0, 0.0, 0.0, 0.0, 0.0, 0.0, 0.0, 0.0, 0.0, 0.0, 0.0, 0.0, 0.0, 0.0, 0.0, 0.0]
---
header: 
  seq: 700
  stamp: 
    secs: 1744081235
    nsecs: 824845076
  frame_id: "world"
child_frame_id: "world"
pose: 
  pose: 
    position: 
      x: -0.08457730648039431
      y: 0.03653762012036687
      z: 0.019368503052023034
    orientation: 
      x: -0.0022166547532752956
      y: 0.014994118634951061
      z: 0.0011904691836483936
      w: 0.9998844161357795
  covariance: [0.0, 0.0, 0.0, 0.0, 0.0, 0.0, 0.0, 0.0, 0.0, 0.0, 0.0, 0.0, 0.0, 0.0, 0.0, 0.0, 0.0, 0.0, 0.0, 0.0, 0.0, 0.0, 0.0, 0.0, 0.0, 0.0, 0.0, 0.0, 0.0, 0.0, 0.0, 0.0, 0.0, 0.0, 0.0, 0.0]
twist: 
  twist: 
    linear: 
      x: -0.005388730522699833
      y: -0.005828961861440599
      z: 0.0012475436716360656
    angular: 
      x: 0.0
      y: 0.0
      z: 0.0
  covariance: [0.0, 0.0, 0.0, 0.0, 0.0, 0.0, 0.0, 0.0, 0.0, 0.0, 0.0, 0.0, 0.0, 0.0, 0.0, 0.0, 0.0, 0.0, 0.0, 0.0, 0.0, 0.0, 0.0, 0.0, 0.0, 0.0, 0.0, 0.0, 0.0, 0.0, 0.0, 0.0, 0.0, 0.0, 0.0, 0.0]
---
header: 
  seq: 701
  stamp: 
    secs: 1744081235
    nsecs: 958187819
  frame_id: "world"
child_frame_id: "world"
pose: 
  pose: 
    position: 
      x: -0.08457322116079312
      y: 0.036573301746954584
      z: 0.019364597056225674
    orientation: 
      x: -0.0022144609464255613
      y: 0.014995481900609498
      z: 0.001185591727151199
      w: 0.9998844063478247
  covariance: [0.0, 0.0, 0.0, 0.0, 0.0, 0.0, 0.0, 0.0, 0.0, 0.0, 0.0, 0.0, 0.0, 0.0, 0.0, 0.0, 0.0, 0.0, 0.0, 0.0, 0.0, 0.0, 0.0, 0.0, 0.0, 0.0, 0.0, 0.0, 0.0, 0.0, 0.0, 0.0, 0.0, 0.0, 0.0, 0.0]
twist: 
  twist: 
    linear: 
      x: -0.0054330342227682975
      y: -0.006447571576304013
      z: 0.0007441311027621175
    angular: 
      x: 0.0
      y: 0.0
      z: 0.0
  covariance: [0.0, 0.0, 0.0, 0.0, 0.0, 0.0, 0.0, 0.0, 0.0, 0.0, 0.0, 0.0, 0.0, 0.0, 0.0, 0.0, 0.0, 0.0, 0.0, 0.0, 0.0, 0.0, 0.0, 0.0, 0.0, 0.0, 0.0, 0.0, 0.0, 0.0, 0.0, 0.0, 0.0, 0.0, 0.0, 0.0]
---
header: 
  seq: 702
  stamp: 
    secs: 1744081236
    nsecs:  91535568
  frame_id: "world"
child_frame_id: "world"
pose: 
  pose: 
    position: 
      x: -0.08459748774471809
      y: 0.03651484203138772
      z: 0.019385126505620354
    orientation: 
      x: -0.0022146724009361215
      y: 0.014998481741101004
      z: 0.0011905693825392972
      w: 0.9998843549711955
  covariance: [0.0, 0.0, 0.0, 0.0, 0.0, 0.0, 0.0, 0.0, 0.0, 0.0, 0.0, 0.0, 0.0, 0.0, 0.0, 0.0, 0.0, 0.0, 0.0, 0.0, 0.0, 0.0, 0.0, 0.0, 0.0, 0.0, 0.0, 0.0, 0.0, 0.0, 0.0, 0.0, 0.0, 0.0, 0.0, 0.0]
twist: 
  twist: 
    linear: 
      x: -0.006132462025474629
      y: -0.006882016353127228
      z: 0.0011642969857173396
    angular: 
      x: 0.0
      y: 0.0
      z: 0.0
  covariance: [0.0, 0.0, 0.0, 0.0, 0.0, 0.0, 0.0, 0.0, 0.0, 0.0, 0.0, 0.0, 0.0, 0.0, 0.0, 0.0, 0.0, 0.0, 0.0, 0.0, 0.0, 0.0, 0.0, 0.0, 0.0, 0.0, 0.0, 0.0, 0.0, 0.0, 0.0, 0.0, 0.0, 0.0, 0.0, 0.0]
---
header: 
  seq: 703
  stamp: 
    secs: 1744081236
    nsecs: 224883556
  frame_id: "world"
child_frame_id: "world"
pose: 
  pose: 
    position: 
      x: -0.08459912762677571
      y: 0.03653568499318119
      z: 0.019372692007506187
    orientation: 
      x: -0.002210689735847406
      y: 0.01499607506185064
      z: 0.0011912546450786638
      w: 0.999884399066213
  covariance: [0.0, 0.0, 0.0, 0.0, 0.0, 0.0, 0.0, 0.0, 0.0, 0.0, 0.0, 0.0, 0.0, 0.0, 0.0, 0.0, 0.0, 0.0, 0.0, 0.0, 0.0, 0.0, 0.0, 0.0, 0.0, 0.0, 0.0, 0.0, 0.0, 0.0, 0.0, 0.0, 0.0, 0.0, 0.0, 0.0]
twist: 
  twist: 
    linear: 
      x: -0.006173929171865977
      y: -0.005759574818785092
      z: 0.0007650699313350741
    angular: 
      x: 0.0
      y: 0.0
      z: 0.0
  covariance: [0.0, 0.0, 0.0, 0.0, 0.0, 0.0, 0.0, 0.0, 0.0, 0.0, 0.0, 0.0, 0.0, 0.0, 0.0, 0.0, 0.0, 0.0, 0.0, 0.0, 0.0, 0.0, 0.0, 0.0, 0.0, 0.0, 0.0, 0.0, 0.0, 0.0, 0.0, 0.0, 0.0, 0.0, 0.0, 0.0]
---
header: 
  seq: 704
  stamp: 
    secs: 1744081236
    nsecs: 358231544
  frame_id: "world"
child_frame_id: "world"
pose: 
  pose: 
    position: 
      x: -0.08458576194523847
      y: 0.03652279160214891
      z: 0.01937140765348172
    orientation: 
      x: -0.002216826374219507
      y: 0.014994396445585792
      z: 0.0011921774258985402
      w: 0.9998844095539465
  covariance: [0.0, 0.0, 0.0, 0.0, 0.0, 0.0, 0.0, 0.0, 0.0, 0.0, 0.0, 0.0, 0.0, 0.0, 0.0, 0.0, 0.0, 0.0, 0.0, 0.0, 0.0, 0.0, 0.0, 0.0, 0.0, 0.0, 0.0, 0.0, 0.0, 0.0, 0.0, 0.0, 0.0, 0.0, 0.0, 0.0]
twist: 
  twist: 
    linear: 
      x: -0.005551068069429334
      y: -0.0057003306671094735
      z: 0.0014138281820492203
    angular: 
      x: 0.0
      y: 0.0
      z: 0.0
  covariance: [0.0, 0.0, 0.0, 0.0, 0.0, 0.0, 0.0, 0.0, 0.0, 0.0, 0.0, 0.0, 0.0, 0.0, 0.0, 0.0, 0.0, 0.0, 0.0, 0.0, 0.0, 0.0, 0.0, 0.0, 0.0, 0.0, 0.0, 0.0, 0.0, 0.0, 0.0, 0.0, 0.0, 0.0, 0.0, 0.0]
---
header: 
  seq: 705
  stamp: 
    secs: 1744081236
    nsecs: 491579533
  frame_id: "world"
child_frame_id: "world"
pose: 
  pose: 
    position: 
      x: -0.08457362714865693
      y: 0.036537788155354356
      z: 0.019360408339656687
    orientation: 
      x: -0.002210271443666418
      y: 0.014991333505650864
      z: 0.0011923043541272947
      w: 0.9998844698414886
  covariance: [0.0, 0.0, 0.0, 0.0, 0.0, 0.0, 0.0, 0.0, 0.0, 0.0, 0.0, 0.0, 0.0, 0.0, 0.0, 0.0, 0.0, 0.0, 0.0, 0.0, 0.0, 0.0, 0.0, 0.0, 0.0, 0.0, 0.0, 0.0, 0.0, 0.0, 0.0, 0.0, 0.0, 0.0, 0.0, 0.0]
twist: 
  twist: 
    linear: 
      x: -0.005609852483776217
      y: -0.006192394633875171
      z: 0.0016365442834733093
    angular: 
      x: 0.0
      y: 0.0
      z: 0.0
  covariance: [0.0, 0.0, 0.0, 0.0, 0.0, 0.0, 0.0, 0.0, 0.0, 0.0, 0.0, 0.0, 0.0, 0.0, 0.0, 0.0, 0.0, 0.0, 0.0, 0.0, 0.0, 0.0, 0.0, 0.0, 0.0, 0.0, 0.0, 0.0, 0.0, 0.0, 0.0, 0.0, 0.0, 0.0, 0.0, 0.0]
---
header: 
  seq: 706
  stamp: 
    secs: 1744081236
    nsecs: 624928951
  frame_id: "world"
child_frame_id: "world"
pose: 
  pose: 
    position: 
      x: -0.08459905001968948
      y: 0.036512598070285916
      z: 0.019369221221090416
    orientation: 
      x: -0.0022187177149186753
      y: 0.014994870103054973
      z: 0.0011946771568344637
      w: 0.999884395272166
  covariance: [0.0, 0.0, 0.0, 0.0, 0.0, 0.0, 0.0, 0.0, 0.0, 0.0, 0.0, 0.0, 0.0, 0.0, 0.0, 0.0, 0.0, 0.0, 0.0, 0.0, 0.0, 0.0, 0.0, 0.0, 0.0, 0.0, 0.0, 0.0, 0.0, 0.0, 0.0, 0.0, 0.0, 0.0, 0.0, 0.0]
twist: 
  twist: 
    linear: 
      x: -0.006013046173944782
      y: -0.00626300912517754
      z: 0.0011802031752212096
    angular: 
      x: 0.0
      y: 0.0
      z: 0.0
  covariance: [0.0, 0.0, 0.0, 0.0, 0.0, 0.0, 0.0, 0.0, 0.0, 0.0, 0.0, 0.0, 0.0, 0.0, 0.0, 0.0, 0.0, 0.0, 0.0, 0.0, 0.0, 0.0, 0.0, 0.0, 0.0, 0.0, 0.0, 0.0, 0.0, 0.0, 0.0, 0.0, 0.0, 0.0, 0.0, 0.0]
---
header: 
  seq: 707
  stamp: 
    secs: 1744081236
    nsecs: 758277416
  frame_id: "world"
child_frame_id: "world"
pose: 
  pose: 
    position: 
      x: -0.08460400695733394
      y: 0.03652930217903169
      z: 0.019377688286873807
    orientation: 
      x: -0.002220195798522891
      y: 0.014997468680187916
      z: 0.0011908592782110998
      w: 0.9998843575724057
  covariance: [0.0, 0.0, 0.0, 0.0, 0.0, 0.0, 0.0, 0.0, 0.0, 0.0, 0.0, 0.0, 0.0, 0.0, 0.0, 0.0, 0.0, 0.0, 0.0, 0.0, 0.0, 0.0, 0.0, 0.0, 0.0, 0.0, 0.0, 0.0, 0.0, 0.0, 0.0, 0.0, 0.0, 0.0, 0.0, 0.0]
twist: 
  twist: 
    linear: 
      x: -0.005211890275461815
      y: -0.006203992560671991
      z: 0.001697158332473853
    angular: 
      x: 0.0
      y: 0.0
      z: 0.0
  covariance: [0.0, 0.0, 0.0, 0.0, 0.0, 0.0, 0.0, 0.0, 0.0, 0.0, 0.0, 0.0, 0.0, 0.0, 0.0, 0.0, 0.0, 0.0, 0.0, 0.0, 0.0, 0.0, 0.0, 0.0, 0.0, 0.0, 0.0, 0.0, 0.0, 0.0, 0.0, 0.0, 0.0, 0.0, 0.0, 0.0]
---
header: 
  seq: 708
  stamp: 
    secs: 1744081236
    nsecs: 891625404
  frame_id: "world"
child_frame_id: "world"
pose: 
  pose: 
    position: 
      x: -0.0845936798625433
      y: 0.03653902970183742
      z: 0.019359624376359352
    orientation: 
      x: -0.0022178177013259023
      y: 0.014991928670596937
      z: 0.0011910524090453269
      w: 0.999884445700371
  covariance: [0.0, 0.0, 0.0, 0.0, 0.0, 0.0, 0.0, 0.0, 0.0, 0.0, 0.0, 0.0, 0.0, 0.0, 0.0, 0.0, 0.0, 0.0, 0.0, 0.0, 0.0, 0.0, 0.0, 0.0, 0.0, 0.0, 0.0, 0.0, 0.0, 0.0, 0.0, 0.0, 0.0, 0.0, 0.0, 0.0]
twist: 
  twist: 
    linear: 
      x: -0.005836403103572568
      y: -0.006144602813596506
      z: 0.0015294932605119293
    angular: 
      x: 0.0
      y: 0.0
      z: 0.0
  covariance: [0.0, 0.0, 0.0, 0.0, 0.0, 0.0, 0.0, 0.0, 0.0, 0.0, 0.0, 0.0, 0.0, 0.0, 0.0, 0.0, 0.0, 0.0, 0.0, 0.0, 0.0, 0.0, 0.0, 0.0, 0.0, 0.0, 0.0, 0.0, 0.0, 0.0, 0.0, 0.0, 0.0, 0.0, 0.0, 0.0]
---
header: 
  seq: 709
  stamp: 
    secs: 1744081237
    nsecs:  24962187
  frame_id: "world"
child_frame_id: "world"
pose: 
  pose: 
    position: 
      x: -0.08458157965772889
      y: 0.03652740225645288
      z: 0.019358654236639072
    orientation: 
      x: -0.0022144093731543925
      y: 0.014989431986442401
      z: 0.001192028064187375
      w: 0.9998844895231379
  covariance: [0.0, 0.0, 0.0, 0.0, 0.0, 0.0, 0.0, 0.0, 0.0, 0.0, 0.0, 0.0, 0.0, 0.0, 0.0, 0.0, 0.0, 0.0, 0.0, 0.0, 0.0, 0.0, 0.0, 0.0, 0.0, 0.0, 0.0, 0.0, 0.0, 0.0, 0.0, 0.0, 0.0, 0.0, 0.0, 0.0]
twist: 
  twist: 
    linear: 
      x: -0.005323881298476032
      y: -0.006352692155398808
      z: 0.0016469326716763342
    angular: 
      x: 0.0
      y: 0.0
      z: 0.0
  covariance: [0.0, 0.0, 0.0, 0.0, 0.0, 0.0, 0.0, 0.0, 0.0, 0.0, 0.0, 0.0, 0.0, 0.0, 0.0, 0.0, 0.0, 0.0, 0.0, 0.0, 0.0, 0.0, 0.0, 0.0, 0.0, 0.0, 0.0, 0.0, 0.0, 0.0, 0.0, 0.0, 0.0, 0.0, 0.0, 0.0]
---
header: 
  seq: 710
  stamp: 
    secs: 1744081237
    nsecs: 158298731
  frame_id: "world"
child_frame_id: "world"
pose: 
  pose: 
    position: 
      x: -0.0845978018038027
      y: 0.03653938073037942
      z: 0.019357460288707717
    orientation: 
      x: -0.002215427774242234
      y: 0.014991414784418558
      z: 0.0011915243087396413
      w: 0.9998844581412196
  covariance: [0.0, 0.0, 0.0, 0.0, 0.0, 0.0, 0.0, 0.0, 0.0, 0.0, 0.0, 0.0, 0.0, 0.0, 0.0, 0.0, 0.0, 0.0, 0.0, 0.0, 0.0, 0.0, 0.0, 0.0, 0.0, 0.0, 0.0, 0.0, 0.0, 0.0, 0.0, 0.0, 0.0, 0.0, 0.0, 0.0]
twist: 
  twist: 
    linear: 
      x: -0.005847633417522203
      y: -0.005906495307796156
      z: 0.0017516855053965298
    angular: 
      x: 0.0
      y: 0.0
      z: 0.0
  covariance: [0.0, 0.0, 0.0, 0.0, 0.0, 0.0, 0.0, 0.0, 0.0, 0.0, 0.0, 0.0, 0.0, 0.0, 0.0, 0.0, 0.0, 0.0, 0.0, 0.0, 0.0, 0.0, 0.0, 0.0, 0.0, 0.0, 0.0, 0.0, 0.0, 0.0, 0.0, 0.0, 0.0, 0.0, 0.0, 0.0]
---
header: 
  seq: 711
  stamp: 
    secs: 1744081237
    nsecs: 291635275
  frame_id: "world"
child_frame_id: "world"
pose: 
  pose: 
    position: 
      x: -0.08461211823026331
      y: 0.03653418592963333
      z: 0.019357063143307374
    orientation: 
      x: -0.0022145741073127645
      y: 0.014991171841926327
      z: 0.001191339890426139
      w: 0.9998844638945015
  covariance: [0.0, 0.0, 0.0, 0.0, 0.0, 0.0, 0.0, 0.0, 0.0, 0.0, 0.0, 0.0, 0.0, 0.0, 0.0, 0.0, 0.0, 0.0, 0.0, 0.0, 0.0, 0.0, 0.0, 0.0, 0.0, 0.0, 0.0, 0.0, 0.0, 0.0, 0.0, 0.0, 0.0, 0.0, 0.0, 0.0]
twist: 
  twist: 
    linear: 
      x: -0.005643735533190104
      y: -0.006000533620429615
      z: 0.001802078090333688
    angular: 
      x: 0.0
      y: 0.0
      z: 0.0
  covariance: [0.0, 0.0, 0.0, 0.0, 0.0, 0.0, 0.0, 0.0, 0.0, 0.0, 0.0, 0.0, 0.0, 0.0, 0.0, 0.0, 0.0, 0.0, 0.0, 0.0, 0.0, 0.0, 0.0, 0.0, 0.0, 0.0, 0.0, 0.0, 0.0, 0.0, 0.0, 0.0, 0.0, 0.0, 0.0, 0.0]
---
header: 
  seq: 712
  stamp: 
    secs: 1744081237
    nsecs: 424971342
  frame_id: "world"
child_frame_id: "world"
pose: 
  pose: 
    position: 
      x: -0.08458296943587111
      y: 0.03654600272225524
      z: 0.019340277571701314
    orientation: 
      x: -0.002213496188886871
      y: 0.01498666578977702
      z: 0.0011917390726377262
      w: 0.999884533354282
  covariance: [0.0, 0.0, 0.0, 0.0, 0.0, 0.0, 0.0, 0.0, 0.0, 0.0, 0.0, 0.0, 0.0, 0.0, 0.0, 0.0, 0.0, 0.0, 0.0, 0.0, 0.0, 0.0, 0.0, 0.0, 0.0, 0.0, 0.0, 0.0, 0.0, 0.0, 0.0, 0.0, 0.0, 0.0, 0.0, 0.0]
twist: 
  twist: 
    linear: 
      x: -0.00558388163657853
      y: -0.006256957382485276
      z: 0.0023192610092133926
    angular: 
      x: 0.0
      y: 0.0
      z: 0.0
  covariance: [0.0, 0.0, 0.0, 0.0, 0.0, 0.0, 0.0, 0.0, 0.0, 0.0, 0.0, 0.0, 0.0, 0.0, 0.0, 0.0, 0.0, 0.0, 0.0, 0.0, 0.0, 0.0, 0.0, 0.0, 0.0, 0.0, 0.0, 0.0, 0.0, 0.0, 0.0, 0.0, 0.0, 0.0, 0.0, 0.0]
---
header: 
  seq: 713
  stamp: 
    secs: 1744081237
    nsecs: 558307648
  frame_id: "world"
child_frame_id: "world"
pose: 
  pose: 
    position: 
      x: -0.08585065635944146
      y: 0.035122519315113114
      z: 0.019785233096932198
    orientation: 
      x: -0.0022680428530832274
      y: 0.015048582979389272
      z: 0.001158570439015614
      w: 0.9998835201394545
  covariance: [0.0, 0.0, 0.0, 0.0, 0.0, 0.0, 0.0, 0.0, 0.0, 0.0, 0.0, 0.0, 0.0, 0.0, 0.0, 0.0, 0.0, 0.0, 0.0, 0.0, 0.0, 0.0, 0.0, 0.0, 0.0, 0.0, 0.0, 0.0, 0.0, 0.0, 0.0, 0.0, 0.0, 0.0, 0.0, 0.0]
twist: 
  twist: 
    linear: 
      x: -0.01374390141931941
      y: -0.015266358195966606
      z: 0.004145957961418371
    angular: 
      x: 0.0
      y: 0.0
      z: 0.0
  covariance: [0.0, 0.0, 0.0, 0.0, 0.0, 0.0, 0.0, 0.0, 0.0, 0.0, 0.0, 0.0, 0.0, 0.0, 0.0, 0.0, 0.0, 0.0, 0.0, 0.0, 0.0, 0.0, 0.0, 0.0, 0.0, 0.0, 0.0, 0.0, 0.0, 0.0, 0.0, 0.0, 0.0, 0.0, 0.0, 0.0]
---
header: 
  seq: 714
  stamp: 
    secs: 1744081237
    nsecs: 691643238
  frame_id: "world"
child_frame_id: "world"
pose: 
  pose: 
    position: 
      x: -0.08822941642659872
      y: 0.03244014396395436
      z: 0.0205168208654653
    orientation: 
      x: -0.002348782335463559
      y: 0.014992656364662828
      z: 0.0010224072019575214
      w: 0.9998843223894378
  covariance: [0.0, 0.0, 0.0, 0.0, 0.0, 0.0, 0.0, 0.0, 0.0, 0.0, 0.0, 0.0, 0.0, 0.0, 0.0, 0.0, 0.0, 0.0, 0.0, 0.0, 0.0, 0.0, 0.0, 0.0, 0.0, 0.0, 0.0, 0.0, 0.0, 0.0, 0.0, 0.0, 0.0, 0.0, 0.0, 0.0]
twist: 
  twist: 
    linear: 
      x: -0.021687980567226588
      y: -0.0250423551933536
      z: 0.00657293039441633
    angular: 
      x: 0.0
      y: 0.0
      z: 0.0
  covariance: [0.0, 0.0, 0.0, 0.0, 0.0, 0.0, 0.0, 0.0, 0.0, 0.0, 0.0, 0.0, 0.0, 0.0, 0.0, 0.0, 0.0, 0.0, 0.0, 0.0, 0.0, 0.0, 0.0, 0.0, 0.0, 0.0, 0.0, 0.0, 0.0, 0.0, 0.0, 0.0, 0.0, 0.0, 0.0, 0.0]
---
header: 
  seq: 715
  stamp: 
    secs: 1744081237
    nsecs: 824979067
  frame_id: "world"
child_frame_id: "world"
pose: 
  pose: 
    position: 
      x: -0.09165627326622099
      y: 0.028498503785331933
      z: 0.021473648593583583
    orientation: 
      x: -0.0023320370576795824
      y: 0.01494877366412207
      z: 0.0010038927701337547
      w: 0.9998850373760009
  covariance: [0.0, 0.0, 0.0, 0.0, 0.0, 0.0, 0.0, 0.0, 0.0, 0.0, 0.0, 0.0, 0.0, 0.0, 0.0, 0.0, 0.0, 0.0, 0.0, 0.0, 0.0, 0.0, 0.0, 0.0, 0.0, 0.0, 0.0, 0.0, 0.0, 0.0, 0.0, 0.0, 0.0, 0.0, 0.0, 0.0]
twist: 
  twist: 
    linear: 
      x: -0.030120505549477195
      y: -0.03435478787268958
      z: 0.007437355997977134
    angular: 
      x: 0.0
      y: 0.0
      z: 0.0
  covariance: [0.0, 0.0, 0.0, 0.0, 0.0, 0.0, 0.0, 0.0, 0.0, 0.0, 0.0, 0.0, 0.0, 0.0, 0.0, 0.0, 0.0, 0.0, 0.0, 0.0, 0.0, 0.0, 0.0, 0.0, 0.0, 0.0, 0.0, 0.0, 0.0, 0.0, 0.0, 0.0, 0.0, 0.0, 0.0, 0.0]
---
header: 
  seq: 716
  stamp: 
    secs: 1744081237
    nsecs: 958317757
  frame_id: "world"
child_frame_id: "world"
pose: 
  pose: 
    position: 
      x: -0.09624983834565315
      y: 0.023419221542496777
      z: 0.022534466969293565
    orientation: 
      x: -0.0024171371188217933
      y: 0.014888209389993285
      z: 0.0008201327921742513
      w: 0.9998859065170944
  covariance: [0.0, 0.0, 0.0, 0.0, 0.0, 0.0, 0.0, 0.0, 0.0, 0.0, 0.0, 0.0, 0.0, 0.0, 0.0, 0.0, 0.0, 0.0, 0.0, 0.0, 0.0, 0.0, 0.0, 0.0, 0.0, 0.0, 0.0, 0.0, 0.0, 0.0, 0.0, 0.0, 0.0, 0.0, 0.0, 0.0]
twist: 
  twist: 
    linear: 
      x: -0.039091822874026294
      y: -0.04203632041972162
      z: 0.008550965971814452
    angular: 
      x: 0.0
      y: 0.0
      z: 0.0
  covariance: [0.0, 0.0, 0.0, 0.0, 0.0, 0.0, 0.0, 0.0, 0.0, 0.0, 0.0, 0.0, 0.0, 0.0, 0.0, 0.0, 0.0, 0.0, 0.0, 0.0, 0.0, 0.0, 0.0, 0.0, 0.0, 0.0, 0.0, 0.0, 0.0, 0.0, 0.0, 0.0, 0.0, 0.0, 0.0, 0.0]
---
header: 
  seq: 717
  stamp: 
    secs: 1744081238
    nsecs:  91659069
  frame_id: "world"
child_frame_id: "world"
pose: 
  pose: 
    position: 
      x: -0.10200570075435611
      y: 0.017268877289280924
      z: 0.023801178356054664
    orientation: 
      x: -0.002517905855517048
      y: 0.01488156155882018
      z: 0.000729696373337601
      w: 0.9998858268916889
  covariance: [0.0, 0.0, 0.0, 0.0, 0.0, 0.0, 0.0, 0.0, 0.0, 0.0, 0.0, 0.0, 0.0, 0.0, 0.0, 0.0, 0.0, 0.0, 0.0, 0.0, 0.0, 0.0, 0.0, 0.0, 0.0, 0.0, 0.0, 0.0, 0.0, 0.0, 0.0, 0.0, 0.0, 0.0, 0.0, 0.0]
twist: 
  twist: 
    linear: 
      x: -0.04736594936346756
      y: -0.05013614206827374
      z: 0.01036339429266531
    angular: 
      x: 0.0
      y: 0.0
      z: 0.0
  covariance: [0.0, 0.0, 0.0, 0.0, 0.0, 0.0, 0.0, 0.0, 0.0, 0.0, 0.0, 0.0, 0.0, 0.0, 0.0, 0.0, 0.0, 0.0, 0.0, 0.0, 0.0, 0.0, 0.0, 0.0, 0.0, 0.0, 0.0, 0.0, 0.0, 0.0, 0.0, 0.0, 0.0, 0.0, 0.0, 0.0]
---
header: 
  seq: 718
  stamp: 
    secs: 1744081238
    nsecs: 225000381
  frame_id: "world"
child_frame_id: "world"
pose: 
  pose: 
    position: 
      x: -0.1088297240994683
      y: 0.010016684091230493
      z: 0.02534142200446901
    orientation: 
      x: -0.002569199691668777
      y: 0.014836336109208266
      z: 0.0006950650245533432
      w: 0.9998863931609483
  covariance: [0.0, 0.0, 0.0, 0.0, 0.0, 0.0, 0.0, 0.0, 0.0, 0.0, 0.0, 0.0, 0.0, 0.0, 0.0, 0.0, 0.0, 0.0, 0.0, 0.0, 0.0, 0.0, 0.0, 0.0, 0.0, 0.0, 0.0, 0.0, 0.0, 0.0, 0.0, 0.0, 0.0, 0.0, 0.0, 0.0]
twist: 
  twist: 
    linear: 
      x: -0.05561594990296249
      y: -0.05908620748552066
      z: 0.012359151144518792
    angular: 
      x: 0.0
      y: 0.0
      z: 0.0
  covariance: [0.0, 0.0, 0.0, 0.0, 0.0, 0.0, 0.0, 0.0, 0.0, 0.0, 0.0, 0.0, 0.0, 0.0, 0.0, 0.0, 0.0, 0.0, 0.0, 0.0, 0.0, 0.0, 0.0, 0.0, 0.0, 0.0, 0.0, 0.0, 0.0, 0.0, 0.0, 0.0, 0.0, 0.0, 0.0, 0.0]
---
header: 
  seq: 719
  stamp: 
    secs: 1744081238
    nsecs: 358341694
  frame_id: "world"
child_frame_id: "world"
pose: 
  pose: 
    position: 
      x: -0.1167543847093486
      y: 0.0016464219912270817
      z: 0.02714435933913731
    orientation: 
      x: -0.002613124976059917
      y: 0.014868132369124805
      z: 0.0005303527613673923
      w: 0.9998859079633347
  covariance: [0.0, 0.0, 0.0, 0.0, 0.0, 0.0, 0.0, 0.0, 0.0, 0.0, 0.0, 0.0, 0.0, 0.0, 0.0, 0.0, 0.0, 0.0, 0.0, 0.0, 0.0, 0.0, 0.0, 0.0, 0.0, 0.0, 0.0, 0.0, 0.0, 0.0, 0.0, 0.0, 0.0, 0.0, 0.0, 0.0]
twist: 
  twist: 
    linear: 
      x: -0.06301661639617819
      y: -0.06629296234329372
      z: 0.014744137187680986
    angular: 
      x: 0.0
      y: 0.0
      z: 0.0
  covariance: [0.0, 0.0, 0.0, 0.0, 0.0, 0.0, 0.0, 0.0, 0.0, 0.0, 0.0, 0.0, 0.0, 0.0, 0.0, 0.0, 0.0, 0.0, 0.0, 0.0, 0.0, 0.0, 0.0, 0.0, 0.0, 0.0, 0.0, 0.0, 0.0, 0.0, 0.0, 0.0, 0.0, 0.0, 0.0, 0.0]
---
header: 
  seq: 720
  stamp: 
    secs: 1744081238
    nsecs: 491683006
  frame_id: "world"
child_frame_id: "world"
pose: 
  pose: 
    position: 
      x: -0.12569092663491657
      y: -0.007789609700842179
      z: 0.02916235083946095
    orientation: 
      x: -0.0026504976796994546
      y: 0.014839633116203206
      z: 0.0004642305578407017
      w: 0.9998862658527796
  covariance: [0.0, 0.0, 0.0, 0.0, 0.0, 0.0, 0.0, 0.0, 0.0, 0.0, 0.0, 0.0, 0.0, 0.0, 0.0, 0.0, 0.0, 0.0, 0.0, 0.0, 0.0, 0.0, 0.0, 0.0, 0.0, 0.0, 0.0, 0.0, 0.0, 0.0, 0.0, 0.0, 0.0, 0.0, 0.0, 0.0]
twist: 
  twist: 
    linear: 
      x: -0.07114513037970023
      y: -0.07552643184960528
      z: 0.015927454163013922
    angular: 
      x: 0.0
      y: 0.0
      z: 0.0
  covariance: [0.0, 0.0, 0.0, 0.0, 0.0, 0.0, 0.0, 0.0, 0.0, 0.0, 0.0, 0.0, 0.0, 0.0, 0.0, 0.0, 0.0, 0.0, 0.0, 0.0, 0.0, 0.0, 0.0, 0.0, 0.0, 0.0, 0.0, 0.0, 0.0, 0.0, 0.0, 0.0, 0.0, 0.0, 0.0, 0.0]
---
header: 
  seq: 721
  stamp: 
    secs: 1744081238
    nsecs: 625024080
  frame_id: "world"
child_frame_id: "world"
pose: 
  pose: 
    position: 
      x: -0.13573876247001576
      y: -0.01842837720154243
      z: 0.03134532228711975
    orientation: 
      x: -0.00262418426258956
      y: 0.014799326797612668
      z: 0.0004365382742844521
      w: 0.999886945118111
  covariance: [0.0, 0.0, 0.0, 0.0, 0.0, 0.0, 0.0, 0.0, 0.0, 0.0, 0.0, 0.0, 0.0, 0.0, 0.0, 0.0, 0.0, 0.0, 0.0, 0.0, 0.0, 0.0, 0.0, 0.0, 0.0, 0.0, 0.0, 0.0, 0.0, 0.0, 0.0, 0.0, 0.0, 0.0, 0.0, 0.0]
twist: 
  twist: 
    linear: 
      x: -0.07929897437133455
      y: -0.08439421971988557
      z: 0.01735528413586822
    angular: 
      x: 0.0
      y: 0.0
      z: 0.0
  covariance: [0.0, 0.0, 0.0, 0.0, 0.0, 0.0, 0.0, 0.0, 0.0, 0.0, 0.0, 0.0, 0.0, 0.0, 0.0, 0.0, 0.0, 0.0, 0.0, 0.0, 0.0, 0.0, 0.0, 0.0, 0.0, 0.0, 0.0, 0.0, 0.0, 0.0, 0.0, 0.0, 0.0, 0.0, 0.0, 0.0]
---
header: 
  seq: 722
  stamp: 
    secs: 1744081238
    nsecs: 758365154
  frame_id: "world"
child_frame_id: "world"
pose: 
  pose: 
    position: 
      x: -0.08687618023525594
      y: 0.03598419816100431
      z: 0.017006432486185996
    orientation: 
      x: -0.0023109916824203356
      y: 0.014505292599951505
      z: 0.0011072657930797632
      w: 0.9998915089980998
  covariance: [0.0, 0.0, 0.0, 0.0, 0.0, 0.0, 0.0, 0.0, 0.0, 0.0, 0.0, 0.0, 0.0, 0.0, 0.0, 0.0, 0.0, 0.0, 0.0, 0.0, 0.0, 0.0, 0.0, 0.0, 0.0, 0.0, 0.0, 0.0, 0.0, 0.0, 0.0, 0.0, 0.0, 0.0, 0.0, 0.0]
twist: 
  twist: 
    linear: 
      x: -0.0036054086863399697
      y: -0.0059776206769205
      z: -0.0013177878745673052
    angular: 
      x: 0.0
      y: 0.0
      z: 0.0
  covariance: [0.0, 0.0, 0.0, 0.0, 0.0, 0.0, 0.0, 0.0, 0.0, 0.0, 0.0, 0.0, 0.0, 0.0, 0.0, 0.0, 0.0, 0.0, 0.0, 0.0, 0.0, 0.0, 0.0, 0.0, 0.0, 0.0, 0.0, 0.0, 0.0, 0.0, 0.0, 0.0, 0.0, 0.0, 0.0, 0.0]
---
header: 
  seq: 723
  stamp: 
    secs: 1744081238
    nsecs: 891706228
  frame_id: "world"
child_frame_id: "world"
pose: 
  pose: 
    position: 
      x: -0.08587378219334987
      y: 0.03708838852006158
      z: 0.017777191324614167
    orientation: 
      x: -0.0018681218782578275
      y: 0.014733214751019175
      z: 0.001113661567423903
      w: 0.9998890949808691
  covariance: [0.0, 0.0, 0.0, 0.0, 0.0, 0.0, 0.0, 0.0, 0.0, 0.0, 0.0, 0.0, 0.0, 0.0, 0.0, 0.0, 0.0, 0.0, 0.0, 0.0, 0.0, 0.0, 0.0, 0.0, 0.0, 0.0, 0.0, 0.0, 0.0, 0.0, 0.0, 0.0, 0.0, 0.0, 0.0, 0.0]
twist: 
  twist: 
    linear: 
      x: -0.004320700047596755
      y: -0.00013344581230599799
      z: 0.002672953480227793
    angular: 
      x: 0.0
      y: 0.0
      z: 0.0
  covariance: [0.0, 0.0, 0.0, 0.0, 0.0, 0.0, 0.0, 0.0, 0.0, 0.0, 0.0, 0.0, 0.0, 0.0, 0.0, 0.0, 0.0, 0.0, 0.0, 0.0, 0.0, 0.0, 0.0, 0.0, 0.0, 0.0, 0.0, 0.0, 0.0, 0.0, 0.0, 0.0, 0.0, 0.0, 0.0, 0.0]
---
header: 
  seq: 724
  stamp: 
    secs: 1744081239
    nsecs:  25056124
  frame_id: "world"
child_frame_id: "world"
pose: 
  pose: 
    position: 
      x: -0.08587941724947773
      y: 0.03784689273306199
      z: 0.01773459065988045
    orientation: 
      x: -0.0023824080484655496
      y: 0.014556733929484766
      z: 0.0008749207344019991
      w: 0.9998908241117653
  covariance: [0.0, 0.0, 0.0, 0.0, 0.0, 0.0, 0.0, 0.0, 0.0, 0.0, 0.0, 0.0, 0.0, 0.0, 0.0, 0.0, 0.0, 0.0, 0.0, 0.0, 0.0, 0.0, 0.0, 0.0, 0.0, 0.0, 0.0, 0.0, 0.0, 0.0, 0.0, 0.0, 0.0, 0.0, 0.0, 0.0]
twist: 
  twist: 
    linear: 
      x: 0.0006996103556610457
      y: -0.0009168835417142515
      z: -0.0002557491879662528
    angular: 
      x: 0.0
      y: 0.0
      z: 0.0
  covariance: [0.0, 0.0, 0.0, 0.0, 0.0, 0.0, 0.0, 0.0, 0.0, 0.0, 0.0, 0.0, 0.0, 0.0, 0.0, 0.0, 0.0, 0.0, 0.0, 0.0, 0.0, 0.0, 0.0, 0.0, 0.0, 0.0, 0.0, 0.0, 0.0, 0.0, 0.0, 0.0, 0.0, 0.0, 0.0, 0.0]
---
header: 
  seq: 725
  stamp: 
    secs: 1744081239
    nsecs: 158405781
  frame_id: "world"
child_frame_id: "world"
pose: 
  pose: 
    position: 
      x: -0.08592170086502544
      y: 0.0379361205525883
      z: 0.017762372832278106
    orientation: 
      x: -0.0023903524592924137
      y: 0.014586071215164703
      z: 0.0008205250742535469
      w: 0.9998904237366357
  covariance: [0.0, 0.0, 0.0, 0.0, 0.0, 0.0, 0.0, 0.0, 0.0, 0.0, 0.0, 0.0, 0.0, 0.0, 0.0, 0.0, 0.0, 0.0, 0.0, 0.0, 0.0, 0.0, 0.0, 0.0, 0.0, 0.0, 0.0, 0.0, 0.0, 0.0, 0.0, 0.0, 0.0, 0.0, 0.0, 0.0]
twist: 
  twist: 
    linear: 
      x: -0.000739833889150267
      y: 0.001212815234679882
      z: 0.0009241354038058105
    angular: 
      x: 0.0
      y: 0.0
      z: 0.0
  covariance: [0.0, 0.0, 0.0, 0.0, 0.0, 0.0, 0.0, 0.0, 0.0, 0.0, 0.0, 0.0, 0.0, 0.0, 0.0, 0.0, 0.0, 0.0, 0.0, 0.0, 0.0, 0.0, 0.0, 0.0, 0.0, 0.0, 0.0, 0.0, 0.0, 0.0, 0.0, 0.0, 0.0, 0.0, 0.0, 0.0]
---
header: 
  seq: 726
  stamp: 
    secs: 1744081239
    nsecs: 291756868
  frame_id: "world"
child_frame_id: "world"
pose: 
  pose: 
    position: 
      x: -0.08589073191199395
      y: 0.03784899880365066
      z: 0.01773679031783648
    orientation: 
      x: -0.002405696737326281
      y: 0.014567858757894256
      z: 0.0008764406203013473
      w: 0.9998906049994956
  covariance: [0.0, 0.0, 0.0, 0.0, 0.0, 0.0, 0.0, 0.0, 0.0, 0.0, 0.0, 0.0, 0.0, 0.0, 0.0, 0.0, 0.0, 0.0, 0.0, 0.0, 0.0, 0.0, 0.0, 0.0, 0.0, 0.0, 0.0, 0.0, 0.0, 0.0, 0.0, 0.0, 0.0, 0.0, 0.0, 0.0]
twist: 
  twist: 
    linear: 
      x: 0.0009330779733068023
      y: -0.00013788210174435335
      z: 0.0007734340079109118
    angular: 
      x: 0.0
      y: 0.0
      z: 0.0
  covariance: [0.0, 0.0, 0.0, 0.0, 0.0, 0.0, 0.0, 0.0, 0.0, 0.0, 0.0, 0.0, 0.0, 0.0, 0.0, 0.0, 0.0, 0.0, 0.0, 0.0, 0.0, 0.0, 0.0, 0.0, 0.0, 0.0, 0.0, 0.0, 0.0, 0.0, 0.0, 0.0, 0.0, 0.0, 0.0, 0.0]
---
header: 
  seq: 727
  stamp: 
    secs: 1744081239
    nsecs: 425106764
  frame_id: "world"
child_frame_id: "world"
pose: 
  pose: 
    position: 
      x: -0.08591646195345884
      y: 0.03790014201926736
      z: 0.017752031296795895
    orientation: 
      x: -0.0024053270449626574
      y: 0.01457531395833348
      z: 0.0008422173619630059
      w: 0.9998905266551624
  covariance: [0.0, 0.0, 0.0, 0.0, 0.0, 0.0, 0.0, 0.0, 0.0, 0.0, 0.0, 0.0, 0.0, 0.0, 0.0, 0.0, 0.0, 0.0, 0.0, 0.0, 0.0, 0.0, 0.0, 0.0, 0.0, 0.0, 0.0, 0.0, 0.0, 0.0, 0.0, 0.0, 0.0, 0.0, 0.0, 0.0]
twist: 
  twist: 
    linear: 
      x: -0.000351961230400136
      y: 0.0005913152332622536
      z: 0.0004951750519171358
    angular: 
      x: 0.0
      y: 0.0
      z: 0.0
  covariance: [0.0, 0.0, 0.0, 0.0, 0.0, 0.0, 0.0, 0.0, 0.0, 0.0, 0.0, 0.0, 0.0, 0.0, 0.0, 0.0, 0.0, 0.0, 0.0, 0.0, 0.0, 0.0, 0.0, 0.0, 0.0, 0.0, 0.0, 0.0, 0.0, 0.0, 0.0, 0.0, 0.0, 0.0, 0.0, 0.0]
---
header: 
  seq: 728
  stamp: 
    secs: 1744081239
    nsecs: 558456898
  frame_id: "world"
child_frame_id: "world"
pose: 
  pose: 
    position: 
      x: -0.0858891063024171
      y: 0.037916987046413456
      z: 0.01767212299452195
    orientation: 
      x: -0.002412632143022463
      y: 0.014526702513277048
      z: 0.0008319240114366663
      w: 0.9998912250953462
  covariance: [0.0, 0.0, 0.0, 0.0, 0.0, 0.0, 0.0, 0.0, 0.0, 0.0, 0.0, 0.0, 0.0, 0.0, 0.0, 0.0, 0.0, 0.0, 0.0, 0.0, 0.0, 0.0, 0.0, 0.0, 0.0, 0.0, 0.0, 0.0, 0.0, 0.0, 0.0, 0.0, 0.0, 0.0, 0.0, 0.0]
twist: 
  twist: 
    linear: 
      x: 0.0001520406105693979
      y: 0.000916199825367563
      z: -0.0006630413726114556
    angular: 
      x: 0.0
      y: 0.0
      z: 0.0
  covariance: [0.0, 0.0, 0.0, 0.0, 0.0, 0.0, 0.0, 0.0, 0.0, 0.0, 0.0, 0.0, 0.0, 0.0, 0.0, 0.0, 0.0, 0.0, 0.0, 0.0, 0.0, 0.0, 0.0, 0.0, 0.0, 0.0, 0.0, 0.0, 0.0, 0.0, 0.0, 0.0, 0.0, 0.0, 0.0, 0.0]
---
header: 
  seq: 729
  stamp: 
    secs: 1744081239
    nsecs: 691806793
  frame_id: "world"
child_frame_id: "world"
pose: 
  pose: 
    position: 
      x: -0.08588061639180362
      y: 0.03784431377007918
      z: 0.017735007302086297
    orientation: 
      x: -0.002408315989924908
      y: 0.01456955327346406
      z: 0.000881000033054807
      w: 0.9998905699977603
  covariance: [0.0, 0.0, 0.0, 0.0, 0.0, 0.0, 0.0, 0.0, 0.0, 0.0, 0.0, 0.0, 0.0, 0.0, 0.0, 0.0, 0.0, 0.0, 0.0, 0.0, 0.0, 0.0, 0.0, 0.0, 0.0, 0.0, 0.0, 0.0, 0.0, 0.0, 0.0, 0.0, 0.0, 0.0, 0.0, 0.0]
twist: 
  twist: 
    linear: 
      x: 0.0004340848312254964
      y: -0.0006773096043047377
      z: 0.0006875241565798629
    angular: 
      x: 0.0
      y: 0.0
      z: 0.0
  covariance: [0.0, 0.0, 0.0, 0.0, 0.0, 0.0, 0.0, 0.0, 0.0, 0.0, 0.0, 0.0, 0.0, 0.0, 0.0, 0.0, 0.0, 0.0, 0.0, 0.0, 0.0, 0.0, 0.0, 0.0, 0.0, 0.0, 0.0, 0.0, 0.0, 0.0, 0.0, 0.0, 0.0, 0.0, 0.0, 0.0]
---
header: 
  seq: 730
  stamp: 
    secs: 1744081239
    nsecs: 825157166
  frame_id: "world"
child_frame_id: "world"
pose: 
  pose: 
    position: 
      x: -0.08586488099340803
      y: 0.03780034911583695
      z: 0.017723569511121307
    orientation: 
      x: -0.0023984185146024247
      y: 0.014565636284218997
      z: 0.0009027260081110671
      w: 0.9998906314762724
  covariance: [0.0, 0.0, 0.0, 0.0, 0.0, 0.0, 0.0, 0.0, 0.0, 0.0, 0.0, 0.0, 0.0, 0.0, 0.0, 0.0, 0.0, 0.0, 0.0, 0.0, 0.0, 0.0, 0.0, 0.0, 0.0, 0.0, 0.0, 0.0, 0.0, 0.0, 0.0, 0.0, 0.0, 0.0, 0.0, 0.0]
twist: 
  twist: 
    linear: 
      x: 0.0003928262830848863
      y: -0.0006094991378788477
      z: -0.0003244327819690152
    angular: 
      x: 0.0
      y: 0.0
      z: 0.0
  covariance: [0.0, 0.0, 0.0, 0.0, 0.0, 0.0, 0.0, 0.0, 0.0, 0.0, 0.0, 0.0, 0.0, 0.0, 0.0, 0.0, 0.0, 0.0, 0.0, 0.0, 0.0, 0.0, 0.0, 0.0, 0.0, 0.0, 0.0, 0.0, 0.0, 0.0, 0.0, 0.0, 0.0, 0.0, 0.0, 0.0]
---
header: 
  seq: 731
  stamp: 
    secs: 1744081239
    nsecs: 958506107
  frame_id: "world"
child_frame_id: "world"
pose: 
  pose: 
    position: 
      x: -0.08590383514722812
      y: 0.03789786165691831
      z: 0.01774456608861827
    orientation: 
      x: -0.002372025346653732
      y: 0.014571185600356501
      z: 0.0008395133593032772
      w: 0.9998906686549657
  covariance: [0.0, 0.0, 0.0, 0.0, 0.0, 0.0, 0.0, 0.0, 0.0, 0.0, 0.0, 0.0, 0.0, 0.0, 0.0, 0.0, 0.0, 0.0, 0.0, 0.0, 0.0, 0.0, 0.0, 0.0, 0.0, 0.0, 0.0, 0.0, 0.0, 0.0, 0.0, 0.0, 0.0, 0.0, 0.0, 0.0]
twist: 
  twist: 
    linear: 
      x: 0.0002679033916362155
      y: 0.0004382424403045676
      z: -4.59652941567086e-06
    angular: 
      x: 0.0
      y: 0.0
      z: 0.0
  covariance: [0.0, 0.0, 0.0, 0.0, 0.0, 0.0, 0.0, 0.0, 0.0, 0.0, 0.0, 0.0, 0.0, 0.0, 0.0, 0.0, 0.0, 0.0, 0.0, 0.0, 0.0, 0.0, 0.0, 0.0, 0.0, 0.0, 0.0, 0.0, 0.0, 0.0, 0.0, 0.0, 0.0, 0.0, 0.0, 0.0]
---
header: 
  seq: 732
  stamp: 
    secs: 1744081240
    nsecs:  91854095
  frame_id: "world"
child_frame_id: "world"
pose: 
  pose: 
    position: 
      x: -0.08592242530170388
      y: 0.037907257381140085
      z: 0.017791011368471304
    orientation: 
      x: -0.002362445232223638
      y: 0.014618481085475052
      z: 0.000835849511641364
      w: 0.9998900040598827
  covariance: [0.0, 0.0, 0.0, 0.0, 0.0, 0.0, 0.0, 0.0, 0.0, 0.0, 0.0, 0.0, 0.0, 0.0, 0.0, 0.0, 0.0, 0.0, 0.0, 0.0, 0.0, 0.0, 0.0, 0.0, 0.0, 0.0, 0.0, 0.0, 0.0, 0.0, 0.0, 0.0, 0.0, 0.0, 0.0, 0.0]
twist: 
  twist: 
    linear: 
      x: -0.000623534938093217
      y: 0.0009094133461115312
      z: 0.001657497656681253
    angular: 
      x: 0.0
      y: 0.0
      z: 0.0
  covariance: [0.0, 0.0, 0.0, 0.0, 0.0, 0.0, 0.0, 0.0, 0.0, 0.0, 0.0, 0.0, 0.0, 0.0, 0.0, 0.0, 0.0, 0.0, 0.0, 0.0, 0.0, 0.0, 0.0, 0.0, 0.0, 0.0, 0.0, 0.0, 0.0, 0.0, 0.0, 0.0, 0.0, 0.0, 0.0, 0.0]
---
header: 
  seq: 733
  stamp: 
    secs: 1744081240
    nsecs: 225202084
  frame_id: "world"
child_frame_id: "world"
pose: 
  pose: 
    position: 
      x: -0.08591802515760896
      y: 0.03792343610082414
      z: 0.017735086339547235
    orientation: 
      x: -0.00241272731220893
      y: 0.01456819676980857
      z: 0.0008294868505293888
      w: 0.9998906231890355
  covariance: [0.0, 0.0, 0.0, 0.0, 0.0, 0.0, 0.0, 0.0, 0.0, 0.0, 0.0, 0.0, 0.0, 0.0, 0.0, 0.0, 0.0, 0.0, 0.0, 0.0, 0.0, 0.0, 0.0, 0.0, 0.0, 0.0, 0.0, 0.0, 0.0, 0.0, 0.0, 0.0, 0.0, 0.0, 0.0, 0.0]
twist: 
  twist: 
    linear: 
      x: -0.0003999778884646828
      y: 0.0008614797044446523
      z: 0.00043162779722367793
    angular: 
      x: 0.0
      y: 0.0
      z: 0.0
  covariance: [0.0, 0.0, 0.0, 0.0, 0.0, 0.0, 0.0, 0.0, 0.0, 0.0, 0.0, 0.0, 0.0, 0.0, 0.0, 0.0, 0.0, 0.0, 0.0, 0.0, 0.0, 0.0, 0.0, 0.0, 0.0, 0.0, 0.0, 0.0, 0.0, 0.0, 0.0, 0.0, 0.0, 0.0, 0.0, 0.0]
---
header: 
  seq: 734
  stamp: 
    secs: 1744081240
    nsecs: 358550549
  frame_id: "world"
child_frame_id: "world"
pose: 
  pose: 
    position: 
      x: -0.08590643818229139
      y: 0.03789043343934508
      z: 0.01776873220505293
    orientation: 
      x: -0.002432099349326262
      y: 0.014597620111624738
      z: 0.0008561459732538287
      w: 0.999890124660657
  covariance: [0.0, 0.0, 0.0, 0.0, 0.0, 0.0, 0.0, 0.0, 0.0, 0.0, 0.0, 0.0, 0.0, 0.0, 0.0, 0.0, 0.0, 0.0, 0.0, 0.0, 0.0, 0.0, 0.0, 0.0, 0.0, 0.0, 0.0, 0.0, 0.0, 0.0, 0.0, 0.0, 0.0, 0.0, 0.0, 0.0]
twist: 
  twist: 
    linear: 
      x: 0.00011149399906682761
      y: 0.00042278486993197313
      z: 0.00036503024029043926
    angular: 
      x: 0.0
      y: 0.0
      z: 0.0
  covariance: [0.0, 0.0, 0.0, 0.0, 0.0, 0.0, 0.0, 0.0, 0.0, 0.0, 0.0, 0.0, 0.0, 0.0, 0.0, 0.0, 0.0, 0.0, 0.0, 0.0, 0.0, 0.0, 0.0, 0.0, 0.0, 0.0, 0.0, 0.0, 0.0, 0.0, 0.0, 0.0, 0.0, 0.0, 0.0, 0.0]
---
header: 
  seq: 735
  stamp: 
    secs: 1744081240
    nsecs: 491899252
  frame_id: "world"
child_frame_id: "world"
pose: 
  pose: 
    position: 
      x: -0.08593617347093563
      y: 0.03784219819032304
      z: 0.017719892653030173
    orientation: 
      x: -0.0024360160173940654
      y: 0.01455716629612147
      z: 0.001289685801429817
      w: 0.9998902396993
  covariance: [0.0, 0.0, 0.0, 0.0, 0.0, 0.0, 0.0, 0.0, 0.0, 0.0, 0.0, 0.0, 0.0, 0.0, 0.0, 0.0, 0.0, 0.0, 0.0, 0.0, 0.0, 0.0, 0.0, 0.0, 0.0, 0.0, 0.0, 0.0, 0.0, 0.0, 0.0, 0.0, 0.0, 0.0, 0.0, 0.0]
twist: 
  twist: 
    linear: 
      x: 0.0001992917874027418
      y: -0.00011163609567120802
      z: -0.0005261608591275833
    angular: 
      x: 0.0
      y: 0.0
      z: 0.0
  covariance: [0.0, 0.0, 0.0, 0.0, 0.0, 0.0, 0.0, 0.0, 0.0, 0.0, 0.0, 0.0, 0.0, 0.0, 0.0, 0.0, 0.0, 0.0, 0.0, 0.0, 0.0, 0.0, 0.0, 0.0, 0.0, 0.0, 0.0, 0.0, 0.0, 0.0, 0.0, 0.0, 0.0, 0.0, 0.0, 0.0]
---
header: 
  seq: 736
  stamp: 
    secs: 1744081240
    nsecs: 625247717
  frame_id: "world"
child_frame_id: "world"
pose: 
  pose: 
    position: 
      x: -0.0856708231407822
      y: 0.03790977117747241
      z: 0.018023099519177216
    orientation: 
      x: -0.0021370263888312135
      y: 0.01408041428935457
      z: 0.0007397301912963568
      w: 0.9998983087548942
  covariance: [0.0, 0.0, 0.0, 0.0, 0.0, 0.0, 0.0, 0.0, 0.0, 0.0, 0.0, 0.0, 0.0, 0.0, 0.0, 0.0, 0.0, 0.0, 0.0, 0.0, 0.0, 0.0, 0.0, 0.0, 0.0, 0.0, 0.0, 0.0, 0.0, 0.0, 0.0, 0.0, 0.0, 0.0, 0.0, 0.0]
twist: 
  twist: 
    linear: 
      x: 0.006924015471216241
      y: -0.0028922764681346682
      z: 0.004010341911731518
    angular: 
      x: 0.0
      y: 0.0
      z: 0.0
  covariance: [0.0, 0.0, 0.0, 0.0, 0.0, 0.0, 0.0, 0.0, 0.0, 0.0, 0.0, 0.0, 0.0, 0.0, 0.0, 0.0, 0.0, 0.0, 0.0, 0.0, 0.0, 0.0, 0.0, 0.0, 0.0, 0.0, 0.0, 0.0, 0.0, 0.0, 0.0, 0.0, 0.0, 0.0, 0.0, 0.0]
---
header: 
  seq: 737
  stamp: 
    secs: 1744081240
    nsecs: 758596659
  frame_id: "world"
child_frame_id: "world"
pose: 
  pose: 
    position: 
      x: -0.08610166117942897
      y: 0.03773238171795198
      z: 0.017757968175677874
    orientation: 
      x: -0.002219226380482946
      y: 0.013894915809855616
      z: 0.0005747756454283499
      w: 0.9999008330738937
  covariance: [0.0, 0.0, 0.0, 0.0, 0.0, 0.0, 0.0, 0.0, 0.0, 0.0, 0.0, 0.0, 0.0, 0.0, 0.0, 0.0, 0.0, 0.0, 0.0, 0.0, 0.0, 0.0, 0.0, 0.0, 0.0, 0.0, 0.0, 0.0, 0.0, 0.0, 0.0, 0.0, 0.0, 0.0, 0.0, 0.0]
twist: 
  twist: 
    linear: 
      x: 0.011850026157508532
      y: -0.004494262770808642
      z: 0.044535051469083736
    angular: 
      x: 0.0
      y: 0.0
      z: 0.0
  covariance: [0.0, 0.0, 0.0, 0.0, 0.0, 0.0, 0.0, 0.0, 0.0, 0.0, 0.0, 0.0, 0.0, 0.0, 0.0, 0.0, 0.0, 0.0, 0.0, 0.0, 0.0, 0.0, 0.0, 0.0, 0.0, 0.0, 0.0, 0.0, 0.0, 0.0, 0.0, 0.0, 0.0, 0.0, 0.0, 0.0]
---
header: 
  seq: 738
  stamp: 
    secs: 1744081240
    nsecs: 891945601
  frame_id: "world"
child_frame_id: "world"
pose: 
  pose: 
    position: 
      x: -0.08569770922929464
      y: 0.03821158592940101
      z: 0.017973121915444257
    orientation: 
      x: -0.0026616437501142034
      y: 0.013517864518761033
      z: 0.0004926375858259709
      w: 0.9999049656340391
  covariance: [0.0, 0.0, 0.0, 0.0, 0.0, 0.0, 0.0, 0.0, 0.0, 0.0, 0.0, 0.0, 0.0, 0.0, 0.0, 0.0, 0.0, 0.0, 0.0, 0.0, 0.0, 0.0, 0.0, 0.0, 0.0, 0.0, 0.0, 0.0, 0.0, 0.0, 0.0, 0.0, 0.0, 0.0, 0.0, 0.0]
twist: 
  twist: 
    linear: 
      x: 0.0038934907265753722
      y: 0.0007498901674505726
      z: 0.006385834674990033
    angular: 
      x: 0.0
      y: 0.0
      z: 0.0
  covariance: [0.0, 0.0, 0.0, 0.0, 0.0, 0.0, 0.0, 0.0, 0.0, 0.0, 0.0, 0.0, 0.0, 0.0, 0.0, 0.0, 0.0, 0.0, 0.0, 0.0, 0.0, 0.0, 0.0, 0.0, 0.0, 0.0, 0.0, 0.0, 0.0, 0.0, 0.0, 0.0, 0.0, 0.0, 0.0, 0.0]
---
header: 
  seq: 739
  stamp: 
    secs: 1744081241
    nsecs:  25285006
  frame_id: "world"
child_frame_id: "world"
pose: 
  pose: 
    position: 
      x: -0.08562181035769477
      y: 0.03841290469921051
      z: 0.01786728055929651
    orientation: 
      x: -0.00247862313002208
      y: 0.013378610386113253
      z: 0.0003698146816298195
      w: 0.9999073619334028
  covariance: [0.0, 0.0, 0.0, 0.0, 0.0, 0.0, 0.0, 0.0, 0.0, 0.0, 0.0, 0.0, 0.0, 0.0, 0.0, 0.0, 0.0, 0.0, 0.0, 0.0, 0.0, 0.0, 0.0, 0.0, 0.0, 0.0, 0.0, 0.0, 0.0, 0.0, 0.0, 0.0, 0.0, 0.0, 0.0, 0.0]
twist: 
  twist: 
    linear: 
      x: 0.004663281760161345
      y: 3.8517682029305405e-05
      z: 0.010975627463695358
    angular: 
      x: 0.0
      y: 0.0
      z: 0.0
  covariance: [0.0, 0.0, 0.0, 0.0, 0.0, 0.0, 0.0, 0.0, 0.0, 0.0, 0.0, 0.0, 0.0, 0.0, 0.0, 0.0, 0.0, 0.0, 0.0, 0.0, 0.0, 0.0, 0.0, 0.0, 0.0, 0.0, 0.0, 0.0, 0.0, 0.0, 0.0, 0.0, 0.0, 0.0, 0.0, 0.0]
---
header: 
  seq: 740
  stamp: 
    secs: 1744081241
    nsecs: 158624172
  frame_id: "world"
child_frame_id: "world"
pose: 
  pose: 
    position: 
      x: -0.08555503395164678
      y: 0.03828412015291997
      z: 0.017879980963839998
    orientation: 
      x: -0.002349720499455623
      y: 0.013270591836908622
      z: 0.0004066838714824177
      w: 0.9999090982754889
  covariance: [0.0, 0.0, 0.0, 0.0, 0.0, 0.0, 0.0, 0.0, 0.0, 0.0, 0.0, 0.0, 0.0, 0.0, 0.0, 0.0, 0.0, 0.0, 0.0, 0.0, 0.0, 0.0, 0.0, 0.0, 0.0, 0.0, 0.0, 0.0, 0.0, 0.0, 0.0, 0.0, 0.0, 0.0, 0.0, 0.0]
twist: 
  twist: 
    linear: 
      x: -0.00497205197678809
      y: -0.0019476144581408114
      z: -0.007916738496347669
    angular: 
      x: 0.0
      y: 0.0
      z: 0.0
  covariance: [0.0, 0.0, 0.0, 0.0, 0.0, 0.0, 0.0, 0.0, 0.0, 0.0, 0.0, 0.0, 0.0, 0.0, 0.0, 0.0, 0.0, 0.0, 0.0, 0.0, 0.0, 0.0, 0.0, 0.0, 0.0, 0.0, 0.0, 0.0, 0.0, 0.0, 0.0, 0.0, 0.0, 0.0, 0.0, 0.0]
---
header: 
  seq: 741
  stamp: 
    secs: 1744081241
    nsecs: 291963577
  frame_id: "world"
child_frame_id: "world"
pose: 
  pose: 
    position: 
      x: -0.08557374831595883
      y: 0.03821005008646911
      z: 0.018017840163166293
    orientation: 
      x: -0.0023929197786512787
      y: 0.013498703831157881
      z: 0.0004945048289241951
      w: 0.9999059027702486
  covariance: [0.0, 0.0, 0.0, 0.0, 0.0, 0.0, 0.0, 0.0, 0.0, 0.0, 0.0, 0.0, 0.0, 0.0, 0.0, 0.0, 0.0, 0.0, 0.0, 0.0, 0.0, 0.0, 0.0, 0.0, 0.0, 0.0, 0.0, 0.0, 0.0, 0.0, 0.0, 0.0, 0.0, 0.0, 0.0, 0.0]
twist: 
  twist: 
    linear: 
      x: 0.0022439546526958447
      y: -0.0005314423353930969
      z: -0.0036585542710426185
    angular: 
      x: 0.0
      y: 0.0
      z: 0.0
  covariance: [0.0, 0.0, 0.0, 0.0, 0.0, 0.0, 0.0, 0.0, 0.0, 0.0, 0.0, 0.0, 0.0, 0.0, 0.0, 0.0, 0.0, 0.0, 0.0, 0.0, 0.0, 0.0, 0.0, 0.0, 0.0, 0.0, 0.0, 0.0, 0.0, 0.0, 0.0, 0.0, 0.0, 0.0, 0.0, 0.0]
---
header: 
  seq: 742
  stamp: 
    secs: 1744081241
    nsecs: 425302982
  frame_id: "world"
child_frame_id: "world"
pose: 
  pose: 
    position: 
      x: -0.0863616929085801
      y: 0.03779767533289615
      z: 0.017831395639388126
    orientation: 
      x: -0.002257547669380911
      y: 0.013442480643580756
      z: 0.000640018582741701
      w: 0.9999068924499326
  covariance: [0.0, 0.0, 0.0, 0.0, 0.0, 0.0, 0.0, 0.0, 0.0, 0.0, 0.0, 0.0, 0.0, 0.0, 0.0, 0.0, 0.0, 0.0, 0.0, 0.0, 0.0, 0.0, 0.0, 0.0, 0.0, 0.0, 0.0, 0.0, 0.0, 0.0, 0.0, 0.0, 0.0, 0.0, 0.0, 0.0]
twist: 
  twist: 
    linear: 
      x: -0.005826616258266376
      y: -0.012106597601068175
      z: 0.024597456093222135
    angular: 
      x: 0.0
      y: 0.0
      z: 0.0
  covariance: [0.0, 0.0, 0.0, 0.0, 0.0, 0.0, 0.0, 0.0, 0.0, 0.0, 0.0, 0.0, 0.0, 0.0, 0.0, 0.0, 0.0, 0.0, 0.0, 0.0, 0.0, 0.0, 0.0, 0.0, 0.0, 0.0, 0.0, 0.0, 0.0, 0.0, 0.0, 0.0, 0.0, 0.0, 0.0, 0.0]
---
header: 
  seq: 743
  stamp: 
    secs: 1744081241
    nsecs: 558642149
  frame_id: "world"
child_frame_id: "world"
pose: 
  pose: 
    position: 
      x: -0.0863250840758832
      y: 0.03796499219645776
      z: 0.018043198626359502
    orientation: 
      x: -0.002815682726106497
      y: 0.013256315623745272
      z: 0.0005218993117467307
      w: 0.9999080305948032
  covariance: [0.0, 0.0, 0.0, 0.0, 0.0, 0.0, 0.0, 0.0, 0.0, 0.0, 0.0, 0.0, 0.0, 0.0, 0.0, 0.0, 0.0, 0.0, 0.0, 0.0, 0.0, 0.0, 0.0, 0.0, 0.0, 0.0, 0.0, 0.0, 0.0, 0.0, 0.0, 0.0, 0.0, 0.0, 0.0, 0.0]
twist: 
  twist: 
    linear: 
      x: -0.00768473526396727
      y: -0.009340064882857399
      z: 0.0068908064322721185
    angular: 
      x: 0.0
      y: 0.0
      z: 0.0
  covariance: [0.0, 0.0, 0.0, 0.0, 0.0, 0.0, 0.0, 0.0, 0.0, 0.0, 0.0, 0.0, 0.0, 0.0, 0.0, 0.0, 0.0, 0.0, 0.0, 0.0, 0.0, 0.0, 0.0, 0.0, 0.0, 0.0, 0.0, 0.0, 0.0, 0.0, 0.0, 0.0, 0.0, 0.0, 0.0, 0.0]
---
header: 
  seq: 744
  stamp: 
    secs: 1744081241
    nsecs: 691980839
  frame_id: "world"
child_frame_id: "world"
pose: 
  pose: 
    position: 
      x: -0.08565151869028607
      y: 0.038307105240285515
      z: 0.01758676442096152
    orientation: 
      x: -0.0025603376597761918
      y: 0.013234512339997584
      z: 0.00045199057185849625
      w: 0.999909039892486
  covariance: [0.0, 0.0, 0.0, 0.0, 0.0, 0.0, 0.0, 0.0, 0.0, 0.0, 0.0, 0.0, 0.0, 0.0, 0.0, 0.0, 0.0, 0.0, 0.0, 0.0, 0.0, 0.0, 0.0, 0.0, 0.0, 0.0, 0.0, 0.0, 0.0, 0.0, 0.0, 0.0, 0.0, 0.0, 0.0, 0.0]
twist: 
  twist: 
    linear: 
      x: -0.0014152233481012613
      y: -0.0004580666754402037
      z: -0.017409013699940922
    angular: 
      x: 0.0
      y: 0.0
      z: 0.0
  covariance: [0.0, 0.0, 0.0, 0.0, 0.0, 0.0, 0.0, 0.0, 0.0, 0.0, 0.0, 0.0, 0.0, 0.0, 0.0, 0.0, 0.0, 0.0, 0.0, 0.0, 0.0, 0.0, 0.0, 0.0, 0.0, 0.0, 0.0, 0.0, 0.0, 0.0, 0.0, 0.0, 0.0, 0.0, 0.0, 0.0]
---
header: 
  seq: 745
  stamp: 
    secs: 1744081241
    nsecs: 825319767
  frame_id: "world"
child_frame_id: "world"
pose: 
  pose: 
    position: 
      x: -0.08631208210498292
      y: 0.03809732432683184
      z: 0.018510227472402913
    orientation: 
      x: -0.0025333496669488528
      y: 0.013272469400212402
      z: 0.0003910376361211631
      w: 0.9999086312183991
  covariance: [0.0, 0.0, 0.0, 0.0, 0.0, 0.0, 0.0, 0.0, 0.0, 0.0, 0.0, 0.0, 0.0, 0.0, 0.0, 0.0, 0.0, 0.0, 0.0, 0.0, 0.0, 0.0, 0.0, 0.0, 0.0, 0.0, 0.0, 0.0, 0.0, 0.0, 0.0, 0.0, 0.0, 0.0, 0.0, 0.0]
twist: 
  twist: 
    linear: 
      x: -0.0020157145039051256
      y: -0.0023444207112183683
      z: 0.021052484699049145
    angular: 
      x: 0.0
      y: 0.0
      z: 0.0
  covariance: [0.0, 0.0, 0.0, 0.0, 0.0, 0.0, 0.0, 0.0, 0.0, 0.0, 0.0, 0.0, 0.0, 0.0, 0.0, 0.0, 0.0, 0.0, 0.0, 0.0, 0.0, 0.0, 0.0, 0.0, 0.0, 0.0, 0.0, 0.0, 0.0, 0.0, 0.0, 0.0, 0.0, 0.0, 0.0, 0.0]
---
header: 
  seq: 746
  stamp: 
    secs: 1744081241
    nsecs: 958658457
  frame_id: "world"
child_frame_id: "world"
pose: 
  pose: 
    position: 
      x: -0.08632452214369958
      y: 0.038043546360046254
      z: 0.01795414669365586
    orientation: 
      x: -0.0024839654323538115
      y: 0.012813991735701477
      z: 0.0004358969884184663
      w: 0.9999147171260876
  covariance: [0.0, 0.0, 0.0, 0.0, 0.0, 0.0, 0.0, 0.0, 0.0, 0.0, 0.0, 0.0, 0.0, 0.0, 0.0, 0.0, 0.0, 0.0, 0.0, 0.0, 0.0, 0.0, 0.0, 0.0, 0.0, 0.0, 0.0, 0.0, 0.0, 0.0, 0.0, 0.0, 0.0, 0.0, 0.0, 0.0]
twist: 
  twist: 
    linear: 
      x: -0.010294058122967336
      y: -0.004734303417660895
      z: -0.026983882830824684
    angular: 
      x: 0.0
      y: 0.0
      z: 0.0
  covariance: [0.0, 0.0, 0.0, 0.0, 0.0, 0.0, 0.0, 0.0, 0.0, 0.0, 0.0, 0.0, 0.0, 0.0, 0.0, 0.0, 0.0, 0.0, 0.0, 0.0, 0.0, 0.0, 0.0, 0.0, 0.0, 0.0, 0.0, 0.0, 0.0, 0.0, 0.0, 0.0, 0.0, 0.0, 0.0, 0.0]
---
header: 
  seq: 747
  stamp: 
    secs: 1744081242
    nsecs:  91994524
  frame_id: "world"
child_frame_id: "world"
pose: 
  pose: 
    position: 
      x: -0.08759904485643051
      y: 0.03639305734546976
      z: 0.02025786166888921
    orientation: 
      x: -0.002906633711737618
      y: 0.012962820483309939
      z: 0.0008342121860325965
      w: 0.9999114065034022
  covariance: [0.0, 0.0, 0.0, 0.0, 0.0, 0.0, 0.0, 0.0, 0.0, 0.0, 0.0, 0.0, 0.0, 0.0, 0.0, 0.0, 0.0, 0.0, 0.0, 0.0, 0.0, 0.0, 0.0, 0.0, 0.0, 0.0, 0.0, 0.0, 0.0, 0.0, 0.0, 0.0, 0.0, 0.0, 0.0, 0.0]
twist: 
  twist: 
    linear: 
      x: -0.028057340225688693
      y: -0.016222230714169703
      z: -0.02790086825325776
    angular: 
      x: 0.0
      y: 0.0
      z: 0.0
  covariance: [0.0, 0.0, 0.0, 0.0, 0.0, 0.0, 0.0, 0.0, 0.0, 0.0, 0.0, 0.0, 0.0, 0.0, 0.0, 0.0, 0.0, 0.0, 0.0, 0.0, 0.0, 0.0, 0.0, 0.0, 0.0, 0.0, 0.0, 0.0, 0.0, 0.0, 0.0, 0.0, 0.0, 0.0, 0.0, 0.0]
---
header: 
  seq: 748
  stamp: 
    secs: 1744081242
    nsecs: 225330830
  frame_id: "world"
child_frame_id: "world"
pose: 
  pose: 
    position: 
      x: -0.08585152698622467
      y: 0.03845841993445022
      z: 0.016298313569430123
    orientation: 
      x: -0.0019539401911243095
      y: 0.01238052761700526
      z: 0.00026916986647847673
      w: 0.9999214130126612
  covariance: [0.0, 0.0, 0.0, 0.0, 0.0, 0.0, 0.0, 0.0, 0.0, 0.0, 0.0, 0.0, 0.0, 0.0, 0.0, 0.0, 0.0, 0.0, 0.0, 0.0, 0.0, 0.0, 0.0, 0.0, 0.0, 0.0, 0.0, 0.0, 0.0, 0.0, 0.0, 0.0, 0.0, 0.0, 0.0, 0.0]
twist: 
  twist: 
    linear: 
      x: 0.007359987845517995
      y: 0.004957096128133277
      z: -0.013505852968590946
    angular: 
      x: 0.0
      y: 0.0
      z: 0.0
  covariance: [0.0, 0.0, 0.0, 0.0, 0.0, 0.0, 0.0, 0.0, 0.0, 0.0, 0.0, 0.0, 0.0, 0.0, 0.0, 0.0, 0.0, 0.0, 0.0, 0.0, 0.0, 0.0, 0.0, 0.0, 0.0, 0.0, 0.0, 0.0, 0.0, 0.0, 0.0, 0.0, 0.0, 0.0, 0.0, 0.0]
---
header: 
  seq: 749
  stamp: 
    secs: 1744081242
    nsecs: 358666420
  frame_id: "world"
child_frame_id: "world"
pose: 
  pose: 
    position: 
      x: -0.08554093392750793
      y: 0.03737364006484811
      z: 0.017037247212736917
    orientation: 
      x: -0.002439327301548677
      y: 0.013092230811644394
      z: 0.0005433359170432183
      w: 0.9999111700350045
  covariance: [0.0, 0.0, 0.0, 0.0, 0.0, 0.0, 0.0, 0.0, 0.0, 0.0, 0.0, 0.0, 0.0, 0.0, 0.0, 0.0, 0.0, 0.0, 0.0, 0.0, 0.0, 0.0, 0.0, 0.0, 0.0, 0.0, 0.0, 0.0, 0.0, 0.0, 0.0, 0.0, 0.0, 0.0, 0.0, 0.0]
twist: 
  twist: 
    linear: 
      x: 0.014914251544511353
      y: -0.013439589251927585
      z: -0.00526914415986848
    angular: 
      x: 0.0
      y: 0.0
      z: 0.0
  covariance: [0.0, 0.0, 0.0, 0.0, 0.0, 0.0, 0.0, 0.0, 0.0, 0.0, 0.0, 0.0, 0.0, 0.0, 0.0, 0.0, 0.0, 0.0, 0.0, 0.0, 0.0, 0.0, 0.0, 0.0, 0.0, 0.0, 0.0, 0.0, 0.0, 0.0, 0.0, 0.0, 0.0, 0.0, 0.0, 0.0]
---
header: 
  seq: 750
  stamp: 
    secs: 1744081242
    nsecs: 492002249
  frame_id: "world"
child_frame_id: "world"
pose: 
  pose: 
    position: 
      x: -0.08648758098233451
      y: 0.03757805290667022
      z: 0.01864552641929801
    orientation: 
      x: -0.0023589468320255715
      y: 0.01281336263954645
      z: 0.0004157789712864115
      w: 0.9999150365083816
  covariance: [0.0, 0.0, 0.0, 0.0, 0.0, 0.0, 0.0, 0.0, 0.0, 0.0, 0.0, 0.0, 0.0, 0.0, 0.0, 0.0, 0.0, 0.0, 0.0, 0.0, 0.0, 0.0, 0.0, 0.0, 0.0, 0.0, 0.0, 0.0, 0.0, 0.0, 0.0, 0.0, 0.0, 0.0, 0.0, 0.0]
twist: 
  twist: 
    linear: 
      x: 0.0008184175539539029
      y: -0.009835520031747213
      z: -0.0011137840125714444
    angular: 
      x: 0.0
      y: 0.0
      z: 0.0
  covariance: [0.0, 0.0, 0.0, 0.0, 0.0, 0.0, 0.0, 0.0, 0.0, 0.0, 0.0, 0.0, 0.0, 0.0, 0.0, 0.0, 0.0, 0.0, 0.0, 0.0, 0.0, 0.0, 0.0, 0.0, 0.0, 0.0, 0.0, 0.0, 0.0, 0.0, 0.0, 0.0, 0.0, 0.0, 0.0, 0.0]
---
header: 
  seq: 751
  stamp: 
    secs: 1744081242
    nsecs: 625337362
  frame_id: "world"
child_frame_id: "world"
pose: 
  pose: 
    position: 
      x: -0.08689600983412486
      y: 0.03880625987285031
      z: 0.01825940187512018
    orientation: 
      x: -0.0026337347534676377
      y: 0.01235321817699923
      z: 0.00011984797660275034
      w: 0.9999202203567955
  covariance: [0.0, 0.0, 0.0, 0.0, 0.0, 0.0, 0.0, 0.0, 0.0, 0.0, 0.0, 0.0, 0.0, 0.0, 0.0, 0.0, 0.0, 0.0, 0.0, 0.0, 0.0, 0.0, 0.0, 0.0, 0.0, 0.0, 0.0, 0.0, 0.0, 0.0, 0.0, 0.0, 0.0, 0.0, 0.0, 0.0]
twist: 
  twist: 
    linear: 
      x: -0.0020847464676666027
      y: 0.024280189729993074
      z: -0.005539611993889041
    angular: 
      x: 0.0
      y: 0.0
      z: 0.0
  covariance: [0.0, 0.0, 0.0, 0.0, 0.0, 0.0, 0.0, 0.0, 0.0, 0.0, 0.0, 0.0, 0.0, 0.0, 0.0, 0.0, 0.0, 0.0, 0.0, 0.0, 0.0, 0.0, 0.0, 0.0, 0.0, 0.0, 0.0, 0.0, 0.0, 0.0, 0.0, 0.0, 0.0, 0.0, 0.0, 0.0]
---
header: 
  seq: 752
  stamp: 
    secs: 1744081242
    nsecs: 758672714
  frame_id: "world"
child_frame_id: "world"
pose: 
  pose: 
    position: 
      x: -0.08766343211945338
      y: 0.03884020391002266
      z: 0.01937440577129168
    orientation: 
      x: -0.0023373927146528883
      y: 0.012267425108962483
      z: 9.376322942965162e-05
      w: 0.9999220160017231
  covariance: [0.0, 0.0, 0.0, 0.0, 0.0, 0.0, 0.0, 0.0, 0.0, 0.0, 0.0, 0.0, 0.0, 0.0, 0.0, 0.0, 0.0, 0.0, 0.0, 0.0, 0.0, 0.0, 0.0, 0.0, 0.0, 0.0, 0.0, 0.0, 0.0, 0.0, 0.0, 0.0, 0.0, 0.0, 0.0, 0.0]
twist: 
  twist: 
    linear: 
      x: -0.023415644559526223
      y: -0.007691385500875529
      z: -0.01627863628127298
    angular: 
      x: 0.0
      y: 0.0
      z: 0.0
  covariance: [0.0, 0.0, 0.0, 0.0, 0.0, 0.0, 0.0, 0.0, 0.0, 0.0, 0.0, 0.0, 0.0, 0.0, 0.0, 0.0, 0.0, 0.0, 0.0, 0.0, 0.0, 0.0, 0.0, 0.0, 0.0, 0.0, 0.0, 0.0, 0.0, 0.0, 0.0, 0.0, 0.0, 0.0, 0.0, 0.0]
---
header: 
  seq: 753
  stamp: 
    secs: 1744081242
    nsecs: 892007589
  frame_id: "world"
child_frame_id: "world"
pose: 
  pose: 
    position: 
      x: -0.08557413226454187
      y: 0.03937208780802832
      z: 0.014022572302954367
    orientation: 
      x: -0.0017101740216724996
      y: 0.010660661789034695
      z: -3.5186357633052694e-05
      w: 0.9999417104796438
  covariance: [0.0, 0.0, 0.0, 0.0, 0.0, 0.0, 0.0, 0.0, 0.0, 0.0, 0.0, 0.0, 0.0, 0.0, 0.0, 0.0, 0.0, 0.0, 0.0, 0.0, 0.0, 0.0, 0.0, 0.0, 0.0, 0.0, 0.0, 0.0, 0.0, 0.0, 0.0, 0.0, 0.0, 0.0, 0.0, 0.0]
twist: 
  twist: 
    linear: 
      x: -0.0021903374597797695
      y: 0.01746246881165332
      z: -0.08452261844953828
    angular: 
      x: 0.0
      y: 0.0
      z: 0.0
  covariance: [0.0, 0.0, 0.0, 0.0, 0.0, 0.0, 0.0, 0.0, 0.0, 0.0, 0.0, 0.0, 0.0, 0.0, 0.0, 0.0, 0.0, 0.0, 0.0, 0.0, 0.0, 0.0, 0.0, 0.0, 0.0, 0.0, 0.0, 0.0, 0.0, 0.0, 0.0, 0.0, 0.0, 0.0, 0.0, 0.0]
---
header: 
  seq: 754
  stamp: 
    secs: 1744081243
    nsecs:  25350571
  frame_id: "world"
child_frame_id: "world"
pose: 
  pose: 
    position: 
      x: -0.08787155687591541
      y: 0.039012614688189486
      z: 0.020796028731097288
    orientation: 
      x: -0.0016762949330176031
      y: 0.011328037432646458
      z: 4.085897972496614e-05
      w: 0.9999344298171585
  covariance: [0.0, 0.0, 0.0, 0.0, 0.0, 0.0, 0.0, 0.0, 0.0, 0.0, 0.0, 0.0, 0.0, 0.0, 0.0, 0.0, 0.0, 0.0, 0.0, 0.0, 0.0, 0.0, 0.0, 0.0, 0.0, 0.0, 0.0, 0.0, 0.0, 0.0, 0.0, 0.0, 0.0, 0.0, 0.0, 0.0]
twist: 
  twist: 
    linear: 
      x: -0.01201752694675407
      y: 0.009600872763272502
      z: 0.022156659207581482
    angular: 
      x: 0.0
      y: 0.0
      z: 0.0
  covariance: [0.0, 0.0, 0.0, 0.0, 0.0, 0.0, 0.0, 0.0, 0.0, 0.0, 0.0, 0.0, 0.0, 0.0, 0.0, 0.0, 0.0, 0.0, 0.0, 0.0, 0.0, 0.0, 0.0, 0.0, 0.0, 0.0, 0.0, 0.0, 0.0, 0.0, 0.0, 0.0, 0.0, 0.0, 0.0, 0.0]
---
header: 
  seq: 755
  stamp: 
    secs: 1744081243
    nsecs: 158693314
  frame_id: "world"
child_frame_id: "world"
pose: 
  pose: 
    position: 
      x: -0.0890428469250709
      y: 0.036265413953202985
      z: 0.028353199670869356
    orientation: 
      x: 0.0024342670826298573
      y: -0.003109117186537768
      z: 0.0007426747258069368
      w: 0.999991928051593
  covariance: [0.0, 0.0, 0.0, 0.0, 0.0, 0.0, 0.0, 0.0, 0.0, 0.0, 0.0, 0.0, 0.0, 0.0, 0.0, 0.0, 0.0, 0.0, 0.0, 0.0, 0.0, 0.0, 0.0, 0.0, 0.0, 0.0, 0.0, 0.0, 0.0, 0.0, 0.0, 0.0, 0.0, 0.0, 0.0, 0.0]
twist: 
  twist: 
    linear: 
      x: -0.035116075847857836
      y: -0.005091532286029501
      z: 0.08307483232503739
    angular: 
      x: 0.0
      y: 0.0
      z: 0.0
  covariance: [0.0, 0.0, 0.0, 0.0, 0.0, 0.0, 0.0, 0.0, 0.0, 0.0, 0.0, 0.0, 0.0, 0.0, 0.0, 0.0, 0.0, 0.0, 0.0, 0.0, 0.0, 0.0, 0.0, 0.0, 0.0, 0.0, 0.0, 0.0, 0.0, 0.0, 0.0, 0.0, 0.0, 0.0, 0.0, 0.0]
---
header: 
  seq: 756
  stamp: 
    secs: 1744081243
    nsecs: 292035818
  frame_id: "world"
child_frame_id: "world"
pose: 
  pose: 
    position: 
      x: -0.09664926362420626
      y: 0.034982442233385695
      z: 0.06638649110809197
    orientation: 
      x: 0.005347030322729787
      y: -0.002166752435586023
      z: 0.0017474115612700883
      w: 0.9999818303366548
  covariance: [0.0, 0.0, 0.0, 0.0, 0.0, 0.0, 0.0, 0.0, 0.0, 0.0, 0.0, 0.0, 0.0, 0.0, 0.0, 0.0, 0.0, 0.0, 0.0, 0.0, 0.0, 0.0, 0.0, 0.0, 0.0, 0.0, 0.0, 0.0, 0.0, 0.0, 0.0, 0.0, 0.0, 0.0, 0.0, 0.0]
twist: 
  twist: 
    linear: 
      x: -0.06420239388870078
      y: -0.014081475256344927
      z: 0.6069319190080068
    angular: 
      x: 0.0
      y: 0.0
      z: 0.0
  covariance: [0.0, 0.0, 0.0, 0.0, 0.0, 0.0, 0.0, 0.0, 0.0, 0.0, 0.0, 0.0, 0.0, 0.0, 0.0, 0.0, 0.0, 0.0, 0.0, 0.0, 0.0, 0.0, 0.0, 0.0, 0.0, 0.0, 0.0, 0.0, 0.0, 0.0, 0.0, 0.0, 0.0, 0.0, 0.0, 0.0]
---
header: 
  seq: 757
  stamp: 
    secs: 1744081243
    nsecs: 425378561
  frame_id: "world"
child_frame_id: "world"
pose: 
  pose: 
    position: 
      x: -0.1071332835191288
      y: 0.030167004067804423
      z: 0.18732025269947916
    orientation: 
      x: 0.00022669162053327922
      y: -0.0014436604137073466
      z: 0.003988552919223317
      w: 0.9999909779098658
  covariance: [0.0, 0.0, 0.0, 0.0, 0.0, 0.0, 0.0, 0.0, 0.0, 0.0, 0.0, 0.0, 0.0, 0.0, 0.0, 0.0, 0.0, 0.0, 0.0, 0.0, 0.0, 0.0, 0.0, 0.0, 0.0, 0.0, 0.0, 0.0, 0.0, 0.0, 0.0, 0.0, 0.0, 0.0, 0.0, 0.0]
twist: 
  twist: 
    linear: 
      x: -0.0898880207008889
      y: -0.04343651748546799
      z: 1.0169431104356987
    angular: 
      x: 0.0
      y: 0.0
      z: 0.0
  covariance: [0.0, 0.0, 0.0, 0.0, 0.0, 0.0, 0.0, 0.0, 0.0, 0.0, 0.0, 0.0, 0.0, 0.0, 0.0, 0.0, 0.0, 0.0, 0.0, 0.0, 0.0, 0.0, 0.0, 0.0, 0.0, 0.0, 0.0, 0.0, 0.0, 0.0, 0.0, 0.0, 0.0, 0.0, 0.0, 0.0]
---
header: 
  seq: 758
  stamp: 
    secs: 1744081243
    nsecs: 558721304
  frame_id: "world"
child_frame_id: "world"
pose: 
  pose: 
    position: 
      x: -0.12117389956407235
      y: 0.025713505144856923
      z: 0.3156487342028016
    orientation: 
      x: -0.008333438889211798
      y: 0.0025368718446872334
      z: 0.004133458324694123
      w: 0.9999535152194833
  covariance: [0.0, 0.0, 0.0, 0.0, 0.0, 0.0, 0.0, 0.0, 0.0, 0.0, 0.0, 0.0, 0.0, 0.0, 0.0, 0.0, 0.0, 0.0, 0.0, 0.0, 0.0, 0.0, 0.0, 0.0, 0.0, 0.0, 0.0, 0.0, 0.0, 0.0, 0.0, 0.0, 0.0, 0.0, 0.0, 0.0]
twist: 
  twist: 
    linear: 
      x: -0.11359223636106407
      y: -0.031005299931491506
      z: 0.8624850921994253
    angular: 
      x: 0.0
      y: 0.0
      z: 0.0
  covariance: [0.0, 0.0, 0.0, 0.0, 0.0, 0.0, 0.0, 0.0, 0.0, 0.0, 0.0, 0.0, 0.0, 0.0, 0.0, 0.0, 0.0, 0.0, 0.0, 0.0, 0.0, 0.0, 0.0, 0.0, 0.0, 0.0, 0.0, 0.0, 0.0, 0.0, 0.0, 0.0, 0.0, 0.0, 0.0, 0.0]
---
header: 
  seq: 759
  stamp: 
    secs: 1744081243
    nsecs: 692063808
  frame_id: "world"
child_frame_id: "world"
pose: 
  pose: 
    position: 
      x: -0.13681475788703545
      y: 0.024580488071557514
      z: 0.419919033095884
    orientation: 
      x: -0.007268064625145926
      y: 0.013921621079356962
      z: 0.003830854091818605
      w: 0.9998693355934338
  covariance: [0.0, 0.0, 0.0, 0.0, 0.0, 0.0, 0.0, 0.0, 0.0, 0.0, 0.0, 0.0, 0.0, 0.0, 0.0, 0.0, 0.0, 0.0, 0.0, 0.0, 0.0, 0.0, 0.0, 0.0, 0.0, 0.0, 0.0, 0.0, 0.0, 0.0, 0.0, 0.0, 0.0, 0.0, 0.0, 0.0]
twist: 
  twist: 
    linear: 
      x: -0.11983336547289303
      y: 0.03161580784719899
      z: 0.7159131115874305
    angular: 
      x: 0.0
      y: 0.0
      z: 0.0
  covariance: [0.0, 0.0, 0.0, 0.0, 0.0, 0.0, 0.0, 0.0, 0.0, 0.0, 0.0, 0.0, 0.0, 0.0, 0.0, 0.0, 0.0, 0.0, 0.0, 0.0, 0.0, 0.0, 0.0, 0.0, 0.0, 0.0, 0.0, 0.0, 0.0, 0.0, 0.0, 0.0, 0.0, 0.0, 0.0, 0.0]
---
header: 
  seq: 760
  stamp: 
    secs: 1744081243
    nsecs: 825406313
  frame_id: "world"
child_frame_id: "world"
pose: 
  pose: 
    position: 
      x: -0.15098697812797623
      y: 0.019926855382784076
      z: 0.5173873477493125
    orientation: 
      x: 0.004512454278013156
      y: 0.02364060540616014
      z: 0.0032900366210857615
      w: 0.9997049240608206
  covariance: [0.0, 0.0, 0.0, 0.0, 0.0, 0.0, 0.0, 0.0, 0.0, 0.0, 0.0, 0.0, 0.0, 0.0, 0.0, 0.0, 0.0, 0.0, 0.0, 0.0, 0.0, 0.0, 0.0, 0.0, 0.0, 0.0, 0.0, 0.0, 0.0, 0.0, 0.0, 0.0, 0.0, 0.0, 0.0, 0.0]
twist: 
  twist: 
    linear: 
      x: -0.096147891344486
      y: 0.012067073552231617
      z: 0.7073657772232823
    angular: 
      x: 0.0
      y: 0.0
      z: 0.0
  covariance: [0.0, 0.0, 0.0, 0.0, 0.0, 0.0, 0.0, 0.0, 0.0, 0.0, 0.0, 0.0, 0.0, 0.0, 0.0, 0.0, 0.0, 0.0, 0.0, 0.0, 0.0, 0.0, 0.0, 0.0, 0.0, 0.0, 0.0, 0.0, 0.0, 0.0, 0.0, 0.0, 0.0, 0.0, 0.0, 0.0]
---
header: 
  seq: 761
  stamp: 
    secs: 1744081243
    nsecs: 958750725
  frame_id: "world"
child_frame_id: "world"
pose: 
  pose: 
    position: 
      x: -0.16448883152829938
      y: 0.012325475287334485
      z: 0.6035977487010806
    orientation: 
      x: 0.011662725222909039
      y: 0.01876138995762983
      z: 0.003282305783918484
      w: 0.999750577672238
  covariance: [0.0, 0.0, 0.0, 0.0, 0.0, 0.0, 0.0, 0.0, 0.0, 0.0, 0.0, 0.0, 0.0, 0.0, 0.0, 0.0, 0.0, 0.0, 0.0, 0.0, 0.0, 0.0, 0.0, 0.0, 0.0, 0.0, 0.0, 0.0, 0.0, 0.0, 0.0, 0.0, 0.0, 0.0, 0.0, 0.0]
twist: 
  twist: 
    linear: 
      x: -0.09765075126645753
      y: -0.017097420278803635
      z: 0.4297523212564575
    angular: 
      x: 0.0
      y: 0.0
      z: 0.0
  covariance: [0.0, 0.0, 0.0, 0.0, 0.0, 0.0, 0.0, 0.0, 0.0, 0.0, 0.0, 0.0, 0.0, 0.0, 0.0, 0.0, 0.0, 0.0, 0.0, 0.0, 0.0, 0.0, 0.0, 0.0, 0.0, 0.0, 0.0, 0.0, 0.0, 0.0, 0.0, 0.0, 0.0, 0.0, 0.0, 0.0]
---
header: 
  seq: 762
  stamp: 
    secs: 1744081244
    nsecs:  92097521
  frame_id: "world"
child_frame_id: "world"
pose: 
  pose: 
    position: 
      x: -0.17846873517882675
      y: 0.00045796125773520796
      z: 0.6405581565127937
    orientation: 
      x: 0.0030917064301533024
      y: 0.016002177947615423
      z: 0.0047400101858202336
      w: 0.9998559416014494
  covariance: [0.0, 0.0, 0.0, 0.0, 0.0, 0.0, 0.0, 0.0, 0.0, 0.0, 0.0, 0.0, 0.0, 0.0, 0.0, 0.0, 0.0, 0.0, 0.0, 0.0, 0.0, 0.0, 0.0, 0.0, 0.0, 0.0, 0.0, 0.0, 0.0, 0.0, 0.0, 0.0, 0.0, 0.0, 0.0, 0.0]
twist: 
  twist: 
    linear: 
      x: -0.0910695624664854
      y: -0.05288077787842228
      z: 0.11192311393407489
    angular: 
      x: 0.0
      y: 0.0
      z: 0.0
  covariance: [0.0, 0.0, 0.0, 0.0, 0.0, 0.0, 0.0, 0.0, 0.0, 0.0, 0.0, 0.0, 0.0, 0.0, 0.0, 0.0, 0.0, 0.0, 0.0, 0.0, 0.0, 0.0, 0.0, 0.0, 0.0, 0.0, 0.0, 0.0, 0.0, 0.0, 0.0, 0.0, 0.0, 0.0, 0.0, 0.0]
---
header: 
  seq: 763
  stamp: 
    secs: 1744081244
    nsecs: 225444078
  frame_id: "world"
child_frame_id: "world"
pose: 
  pose: 
    position: 
      x: -0.18980184603120231
      y: -0.00581964864219775
      z: 0.6468734291477845
    orientation: 
      x: -0.011426572936926527
      y: 0.016728386456799582
      z: 0.005386839303301266
      w: 0.9997802640979614
  covariance: [0.0, 0.0, 0.0, 0.0, 0.0, 0.0, 0.0, 0.0, 0.0, 0.0, 0.0, 0.0, 0.0, 0.0, 0.0, 0.0, 0.0, 0.0, 0.0, 0.0, 0.0, 0.0, 0.0, 0.0, 0.0, 0.0, 0.0, 0.0, 0.0, 0.0, 0.0, 0.0, 0.0, 0.0, 0.0, 0.0]
twist: 
  twist: 
    linear: 
      x: -0.0735785471295008
      y: -0.032909604933188286
      z: 0.008140147966725618
    angular: 
      x: 0.0
      y: 0.0
      z: 0.0
  covariance: [0.0, 0.0, 0.0, 0.0, 0.0, 0.0, 0.0, 0.0, 0.0, 0.0, 0.0, 0.0, 0.0, 0.0, 0.0, 0.0, 0.0, 0.0, 0.0, 0.0, 0.0, 0.0, 0.0, 0.0, 0.0, 0.0, 0.0, 0.0, 0.0, 0.0, 0.0, 0.0, 0.0, 0.0, 0.0, 0.0]
---
header: 
  seq: 764
  stamp: 
    secs: 1744081244
    nsecs: 358791113
  frame_id: "world"
child_frame_id: "world"
pose: 
  pose: 
    position: 
      x: -0.19922174083732663
      y: -0.003728006387082483
      z: 0.6459038296726098
    orientation: 
      x: -0.0178670814086722
      y: 0.016899715714341065
      z: 0.005659554992710916
      w: 0.9996815175084487
  covariance: [0.0, 0.0, 0.0, 0.0, 0.0, 0.0, 0.0, 0.0, 0.0, 0.0, 0.0, 0.0, 0.0, 0.0, 0.0, 0.0, 0.0, 0.0, 0.0, 0.0, 0.0, 0.0, 0.0, 0.0, 0.0, 0.0, 0.0, 0.0, 0.0, 0.0, 0.0, 0.0, 0.0, 0.0, 0.0, 0.0]
twist: 
  twist: 
    linear: 
      x: -0.0621781250973608
      y: 0.010317973587277832
      z: -0.020010041358225428
    angular: 
      x: 0.0
      y: 0.0
      z: 0.0
  covariance: [0.0, 0.0, 0.0, 0.0, 0.0, 0.0, 0.0, 0.0, 0.0, 0.0, 0.0, 0.0, 0.0, 0.0, 0.0, 0.0, 0.0, 0.0, 0.0, 0.0, 0.0, 0.0, 0.0, 0.0, 0.0, 0.0, 0.0, 0.0, 0.0, 0.0, 0.0, 0.0, 0.0, 0.0, 0.0, 0.0]
---
header: 
  seq: 765
  stamp: 
    secs: 1744081244
    nsecs: 492137909
  frame_id: "world"
child_frame_id: "world"
pose: 
  pose: 
    position: 
      x: -0.2078321918936578
      y: 0.0031318412732795203
      z: 0.6464163301872019
    orientation: 
      x: -0.010518215942268589
      y: 0.017271731047955954
      z: 0.005553024717036165
      w: 0.9997800849969412
  covariance: [0.0, 0.0, 0.0, 0.0, 0.0, 0.0, 0.0, 0.0, 0.0, 0.0, 0.0, 0.0, 0.0, 0.0, 0.0, 0.0, 0.0, 0.0, 0.0, 0.0, 0.0, 0.0, 0.0, 0.0, 0.0, 0.0, 0.0, 0.0, 0.0, 0.0, 0.0, 0.0, 0.0, 0.0, 0.0, 0.0]
twist: 
  twist: 
    linear: 
      x: -0.04470894411641913
      y: 0.05520642180726145
      z: -0.022152070053042653
    angular: 
      x: 0.0
      y: 0.0
      z: 0.0
  covariance: [0.0, 0.0, 0.0, 0.0, 0.0, 0.0, 0.0, 0.0, 0.0, 0.0, 0.0, 0.0, 0.0, 0.0, 0.0, 0.0, 0.0, 0.0, 0.0, 0.0, 0.0, 0.0, 0.0, 0.0, 0.0, 0.0, 0.0, 0.0, 0.0, 0.0, 0.0, 0.0, 0.0, 0.0, 0.0, 0.0]
---
header: 
  seq: 766
  stamp: 
    secs: 1744081244
    nsecs: 625485897
  frame_id: "world"
child_frame_id: "world"
pose: 
  pose: 
    position: 
      x: -0.21337910839851604
      y: 0.0164317566461075
      z: 0.6446877148362342
    orientation: 
      x: -0.0030255799923491517
      y: 0.016725923187915426
      z: 0.005424945523217621
      w: 0.9998408169930312
  covariance: [0.0, 0.0, 0.0, 0.0, 0.0, 0.0, 0.0, 0.0, 0.0, 0.0, 0.0, 0.0, 0.0, 0.0, 0.0, 0.0, 0.0, 0.0, 0.0, 0.0, 0.0, 0.0, 0.0, 0.0, 0.0, 0.0, 0.0, 0.0, 0.0, 0.0, 0.0, 0.0, 0.0, 0.0, 0.0, 0.0]
twist: 
  twist: 
    linear: 
      x: -0.01809459517633753
      y: 0.05112852422851261
      z: 0.01803655973626522
    angular: 
      x: 0.0
      y: 0.0
      z: 0.0
  covariance: [0.0, 0.0, 0.0, 0.0, 0.0, 0.0, 0.0, 0.0, 0.0, 0.0, 0.0, 0.0, 0.0, 0.0, 0.0, 0.0, 0.0, 0.0, 0.0, 0.0, 0.0, 0.0, 0.0, 0.0, 0.0, 0.0, 0.0, 0.0, 0.0, 0.0, 0.0, 0.0, 0.0, 0.0, 0.0, 0.0]
---
header: 
  seq: 767
  stamp: 
    secs: 1744081244
    nsecs: 758832693
  frame_id: "world"
child_frame_id: "world"
pose: 
  pose: 
    position: 
      x: -0.2169051385676478
      y: 0.02977319806080824
      z: 0.638392734628163
    orientation: 
      x: 0.004322790657828759
      y: 0.013182318348057482
      z: 0.005334223274972317
      w: 0.999889536911929
  covariance: [0.0, 0.0, 0.0, 0.0, 0.0, 0.0, 0.0, 0.0, 0.0, 0.0, 0.0, 0.0, 0.0, 0.0, 0.0, 0.0, 0.0, 0.0, 0.0, 0.0, 0.0, 0.0, 0.0, 0.0, 0.0, 0.0, 0.0, 0.0, 0.0, 0.0, 0.0, 0.0, 0.0, 0.0, 0.0, 0.0]
twist: 
  twist: 
    linear: 
      x: -0.022216351045687897
      y: 0.06858220336972665
      z: -0.035212810856699105
    angular: 
      x: 0.0
      y: 0.0
      z: 0.0
  covariance: [0.0, 0.0, 0.0, 0.0, 0.0, 0.0, 0.0, 0.0, 0.0, 0.0, 0.0, 0.0, 0.0, 0.0, 0.0, 0.0, 0.0, 0.0, 0.0, 0.0, 0.0, 0.0, 0.0, 0.0, 0.0, 0.0, 0.0, 0.0, 0.0, 0.0, 0.0, 0.0, 0.0, 0.0, 0.0, 0.0]
---
header: 
  seq: 768
  stamp: 
    secs: 1744081244
    nsecs: 892179728
  frame_id: "world"
child_frame_id: "world"
pose: 
  pose: 
    position: 
      x: -0.21955399175432808
      y: 0.038343526097480735
      z: 0.6227361212799869
    orientation: 
      x: 0.014204431459009268
      y: 0.013118794519136242
      z: 0.005497634028882759
      w: 0.9997979332732067
  covariance: [0.0, 0.0, 0.0, 0.0, 0.0, 0.0, 0.0, 0.0, 0.0, 0.0, 0.0, 0.0, 0.0, 0.0, 0.0, 0.0, 0.0, 0.0, 0.0, 0.0, 0.0, 0.0, 0.0, 0.0, 0.0, 0.0, 0.0, 0.0, 0.0, 0.0, 0.0, 0.0, 0.0, 0.0, 0.0, 0.0]
twist: 
  twist: 
    linear: 
      x: -0.017779263100598346
      y: 0.043455507878357766
      z: -0.07508593571852788
    angular: 
      x: 0.0
      y: 0.0
      z: 0.0
  covariance: [0.0, 0.0, 0.0, 0.0, 0.0, 0.0, 0.0, 0.0, 0.0, 0.0, 0.0, 0.0, 0.0, 0.0, 0.0, 0.0, 0.0, 0.0, 0.0, 0.0, 0.0, 0.0, 0.0, 0.0, 0.0, 0.0, 0.0, 0.0, 0.0, 0.0, 0.0, 0.0, 0.0, 0.0, 0.0, 0.0]
---
header: 
  seq: 769
  stamp: 
    secs: 1744081245
    nsecs:  25528193
  frame_id: "world"
child_frame_id: "world"
pose: 
  pose: 
    position: 
      x: -0.22100243271086661
      y: 0.042185462766184414
      z: 0.6080295873729782
    orientation: 
      x: 0.013571567092290881
      y: 0.013860561962090272
      z: 0.005726426323902872
      w: 0.9997954317910797
  covariance: [0.0, 0.0, 0.0, 0.0, 0.0, 0.0, 0.0, 0.0, 0.0, 0.0, 0.0, 0.0, 0.0, 0.0, 0.0, 0.0, 0.0, 0.0, 0.0, 0.0, 0.0, 0.0, 0.0, 0.0, 0.0, 0.0, 0.0, 0.0, 0.0, 0.0, 0.0, 0.0, 0.0, 0.0, 0.0, 0.0]
twist: 
  twist: 
    linear: 
      x: -0.009526531589234352
      y: 0.008452713737401021
      z: -0.08552912725956463
    angular: 
      x: 0.0
      y: 0.0
      z: 0.0
  covariance: [0.0, 0.0, 0.0, 0.0, 0.0, 0.0, 0.0, 0.0, 0.0, 0.0, 0.0, 0.0, 0.0, 0.0, 0.0, 0.0, 0.0, 0.0, 0.0, 0.0, 0.0, 0.0, 0.0, 0.0, 0.0, 0.0, 0.0, 0.0, 0.0, 0.0, 0.0, 0.0, 0.0, 0.0, 0.0, 0.0]
---
header: 
  seq: 770
  stamp: 
    secs: 1744081245
    nsecs: 158876419
  frame_id: "world"
child_frame_id: "world"
pose: 
  pose: 
    position: 
      x: -0.2210650916713646
      y: 0.04269519296710391
      z: 0.5910719455834095
    orientation: 
      x: 0.005151913750293128
      y: 0.015097701134906136
      z: 0.006063951001642732
      w: 0.9998543622465226
  covariance: [0.0, 0.0, 0.0, 0.0, 0.0, 0.0, 0.0, 0.0, 0.0, 0.0, 0.0, 0.0, 0.0, 0.0, 0.0, 0.0, 0.0, 0.0, 0.0, 0.0, 0.0, 0.0, 0.0, 0.0, 0.0, 0.0, 0.0, 0.0, 0.0, 0.0, 0.0, 0.0, 0.0, 0.0, 0.0, 0.0]
twist: 
  twist: 
    linear: 
      x: -0.00964474304163545
      y: -0.012958012647338257
      z: -0.11272444207086389
    angular: 
      x: 0.0
      y: 0.0
      z: 0.0
  covariance: [0.0, 0.0, 0.0, 0.0, 0.0, 0.0, 0.0, 0.0, 0.0, 0.0, 0.0, 0.0, 0.0, 0.0, 0.0, 0.0, 0.0, 0.0, 0.0, 0.0, 0.0, 0.0, 0.0, 0.0, 0.0, 0.0, 0.0, 0.0, 0.0, 0.0, 0.0, 0.0, 0.0, 0.0, 0.0, 0.0]
---
header: 
  seq: 771
  stamp: 
    secs: 1744081245
    nsecs: 292225122
  frame_id: "world"
child_frame_id: "world"
pose: 
  pose: 
    position: 
      x: -0.2193437830406546
      y: 0.042122524251659924
      z: 0.5748453167686768
    orientation: 
      x: -0.0006397989040834204
      y: 0.01766379369389707
      z: 0.006105631665903278
      w: 0.9998251358670986
  covariance: [0.0, 0.0, 0.0, 0.0, 0.0, 0.0, 0.0, 0.0, 0.0, 0.0, 0.0, 0.0, 0.0, 0.0, 0.0, 0.0, 0.0, 0.0, 0.0, 0.0, 0.0, 0.0, 0.0, 0.0, 0.0, 0.0, 0.0, 0.0, 0.0, 0.0, 0.0, 0.0, 0.0, 0.0, 0.0, 0.0]
twist: 
  twist: 
    linear: 
      x: -0.0009164737847434919
      y: 0.003057549396843829
      z: -0.10850171175099262
    angular: 
      x: 0.0
      y: 0.0
      z: 0.0
  covariance: [0.0, 0.0, 0.0, 0.0, 0.0, 0.0, 0.0, 0.0, 0.0, 0.0, 0.0, 0.0, 0.0, 0.0, 0.0, 0.0, 0.0, 0.0, 0.0, 0.0, 0.0, 0.0, 0.0, 0.0, 0.0, 0.0, 0.0, 0.0, 0.0, 0.0, 0.0, 0.0, 0.0, 0.0, 0.0, 0.0]
---
header: 
  seq: 772
  stamp: 
    secs: 1744081245
    nsecs: 425573826
  frame_id: "world"
child_frame_id: "world"
pose: 
  pose: 
    position: 
      x: -0.21569024698255113
      y: 0.039626354395344426
      z: 0.5626747616951226
    orientation: 
      x: 0.00248147567260765
      y: 0.01606673834898662
      z: 0.006952080093163738
      w: 0.9998436731708061
  covariance: [0.0, 0.0, 0.0, 0.0, 0.0, 0.0, 0.0, 0.0, 0.0, 0.0, 0.0, 0.0, 0.0, 0.0, 0.0, 0.0, 0.0, 0.0, 0.0, 0.0, 0.0, 0.0, 0.0, 0.0, 0.0, 0.0, 0.0, 0.0, 0.0, 0.0, 0.0, 0.0, 0.0, 0.0, 0.0, 0.0]
twist: 
  twist: 
    linear: 
      x: 0.01622070596943309
      y: -0.004811913414674939
      z: -0.06855762572110559
    angular: 
      x: 0.0
      y: 0.0
      z: 0.0
  covariance: [0.0, 0.0, 0.0, 0.0, 0.0, 0.0, 0.0, 0.0, 0.0, 0.0, 0.0, 0.0, 0.0, 0.0, 0.0, 0.0, 0.0, 0.0, 0.0, 0.0, 0.0, 0.0, 0.0, 0.0, 0.0, 0.0, 0.0, 0.0, 0.0, 0.0, 0.0, 0.0, 0.0, 0.0, 0.0, 0.0]
---
header: 
  seq: 773
  stamp: 
    secs: 1744081245
    nsecs: 558922291
  frame_id: "world"
child_frame_id: "world"
pose: 
  pose: 
    position: 
      x: -0.2100853017496423
      y: 0.039389109941206424
      z: 0.5551004195385365
    orientation: 
      x: 0.0016069027280819605
      y: 0.010511857631637332
      z: 0.006115912466462813
      w: 0.9999247543327734
  covariance: [0.0, 0.0, 0.0, 0.0, 0.0, 0.0, 0.0, 0.0, 0.0, 0.0, 0.0, 0.0, 0.0, 0.0, 0.0, 0.0, 0.0, 0.0, 0.0, 0.0, 0.0, 0.0, 0.0, 0.0, 0.0, 0.0, 0.0, 0.0, 0.0, 0.0, 0.0, 0.0, 0.0, 0.0, 0.0, 0.0]
twist: 
  twist: 
    linear: 
      x: 0.035225135472211754
      y: -0.001609853125541476
      z: -0.030678169585667124
    angular: 
      x: 0.0
      y: 0.0
      z: 0.0
  covariance: [0.0, 0.0, 0.0, 0.0, 0.0, 0.0, 0.0, 0.0, 0.0, 0.0, 0.0, 0.0, 0.0, 0.0, 0.0, 0.0, 0.0, 0.0, 0.0, 0.0, 0.0, 0.0, 0.0, 0.0, 0.0, 0.0, 0.0, 0.0, 0.0, 0.0, 0.0, 0.0, 0.0, 0.0, 0.0, 0.0]
---
header: 
  seq: 774
  stamp: 
    secs: 1744081245
    nsecs: 692271233
  frame_id: "world"
child_frame_id: "world"
pose: 
  pose: 
    position: 
      x: -0.20476423141947425
      y: 0.038842467212383595
      z: 0.5493636858646177
    orientation: 
      x: 0.0014591367535643303
      y: 0.00598064820877081
      z: 0.00541917236431837
      w: 0.9999663671033256
  covariance: [0.0, 0.0, 0.0, 0.0, 0.0, 0.0, 0.0, 0.0, 0.0, 0.0, 0.0, 0.0, 0.0, 0.0, 0.0, 0.0, 0.0, 0.0, 0.0, 0.0, 0.0, 0.0, 0.0, 0.0, 0.0, 0.0, 0.0, 0.0, 0.0, 0.0, 0.0, 0.0, 0.0, 0.0, 0.0, 0.0]
twist: 
  twist: 
    linear: 
      x: 0.0275455208471681
      y: 0.0024697263794364924
      z: -0.0360474180953062
    angular: 
      x: 0.0
      y: 0.0
      z: 0.0
  covariance: [0.0, 0.0, 0.0, 0.0, 0.0, 0.0, 0.0, 0.0, 0.0, 0.0, 0.0, 0.0, 0.0, 0.0, 0.0, 0.0, 0.0, 0.0, 0.0, 0.0, 0.0, 0.0, 0.0, 0.0, 0.0, 0.0, 0.0, 0.0, 0.0, 0.0, 0.0, 0.0, 0.0, 0.0, 0.0, 0.0]
---
header: 
  seq: 775
  stamp: 
    secs: 1744081245
    nsecs: 825620174
  frame_id: "world"
child_frame_id: "world"
pose: 
  pose: 
    position: 
      x: -0.20050861569388595
      y: 0.035590357049905465
      z: 0.542405298422371
    orientation: 
      x: 0.003456242308645013
      y: 0.006550555817438586
      z: 0.005182189980256609
      w: 0.999959143922688
  covariance: [0.0, 0.0, 0.0, 0.0, 0.0, 0.0, 0.0, 0.0, 0.0, 0.0, 0.0, 0.0, 0.0, 0.0, 0.0, 0.0, 0.0, 0.0, 0.0, 0.0, 0.0, 0.0, 0.0, 0.0, 0.0, 0.0, 0.0, 0.0, 0.0, 0.0, 0.0, 0.0, 0.0, 0.0, 0.0, 0.0]
twist: 
  twist: 
    linear: 
      x: 0.01662704781567048
      y: -0.004741222745832562
      z: -0.07041449828164696
    angular: 
      x: 0.0
      y: 0.0
      z: 0.0
  covariance: [0.0, 0.0, 0.0, 0.0, 0.0, 0.0, 0.0, 0.0, 0.0, 0.0, 0.0, 0.0, 0.0, 0.0, 0.0, 0.0, 0.0, 0.0, 0.0, 0.0, 0.0, 0.0, 0.0, 0.0, 0.0, 0.0, 0.0, 0.0, 0.0, 0.0, 0.0, 0.0, 0.0, 0.0, 0.0, 0.0]
---
header: 
  seq: 776
  stamp: 
    secs: 1744081245
    nsecs: 958962679
  frame_id: "world"
child_frame_id: "world"
pose: 
  pose: 
    position: 
      x: -0.19798049543311785
      y: 0.03372450427341365
      z: 0.5355465924948118
    orientation: 
      x: 0.0029163889735782733
      y: 0.008192665299614297
      z: 0.004589865845401909
      w: 0.9999516528523589
  covariance: [0.0, 0.0, 0.0, 0.0, 0.0, 0.0, 0.0, 0.0, 0.0, 0.0, 0.0, 0.0, 0.0, 0.0, 0.0, 0.0, 0.0, 0.0, 0.0, 0.0, 0.0, 0.0, 0.0, 0.0, 0.0, 0.0, 0.0, 0.0, 0.0, 0.0, 0.0, 0.0, 0.0, 0.0, 0.0, 0.0]
twist: 
  twist: 
    linear: 
      x: 0.015870199150617704
      y: -0.021943587825083946
      z: -0.04027328418264626
    angular: 
      x: 0.0
      y: 0.0
      z: 0.0
  covariance: [0.0, 0.0, 0.0, 0.0, 0.0, 0.0, 0.0, 0.0, 0.0, 0.0, 0.0, 0.0, 0.0, 0.0, 0.0, 0.0, 0.0, 0.0, 0.0, 0.0, 0.0, 0.0, 0.0, 0.0, 0.0, 0.0, 0.0, 0.0, 0.0, 0.0, 0.0, 0.0, 0.0, 0.0, 0.0, 0.0]
---
header: 
  seq: 777
  stamp: 
    secs: 1744081246
    nsecs:  92298746
  frame_id: "world"
child_frame_id: "world"
pose: 
  pose: 
    position: 
      x: -0.19659314063147415
      y: 0.031238880829589293
      z: 0.5314695714125132
    orientation: 
      x: -0.003506045701576154
      y: 0.005811090609179788
      z: 0.004802871505229399
      w: 0.9999654350500194
  covariance: [0.0, 0.0, 0.0, 0.0, 0.0, 0.0, 0.0, 0.0, 0.0, 0.0, 0.0, 0.0, 0.0, 0.0, 0.0, 0.0, 0.0, 0.0, 0.0, 0.0, 0.0, 0.0, 0.0, 0.0, 0.0, 0.0, 0.0, 0.0, 0.0, 0.0, 0.0, 0.0, 0.0, 0.0, 0.0, 0.0]
twist: 
  twist: 
    linear: 
      x: 0.01400713744815426
      y: -0.03348148555348861
      z: -0.02833011371504836
    angular: 
      x: 0.0
      y: 0.0
      z: 0.0
  covariance: [0.0, 0.0, 0.0, 0.0, 0.0, 0.0, 0.0, 0.0, 0.0, 0.0, 0.0, 0.0, 0.0, 0.0, 0.0, 0.0, 0.0, 0.0, 0.0, 0.0, 0.0, 0.0, 0.0, 0.0, 0.0, 0.0, 0.0, 0.0, 0.0, 0.0, 0.0, 0.0, 0.0, 0.0, 0.0, 0.0]
---
header: 
  seq: 778
  stamp: 
    secs: 1744081246
    nsecs: 225634575
  frame_id: "world"
child_frame_id: "world"
pose: 
  pose: 
    position: 
      x: -0.19717013386736576
      y: 0.0268400445004388
      z: 0.5314291969359951
    orientation: 
      x: -0.0037198879475423595
      y: 0.006665885960936144
      z: 0.005160818879734263
      w: 0.9999575462720925
  covariance: [0.0, 0.0, 0.0, 0.0, 0.0, 0.0, 0.0, 0.0, 0.0, 0.0, 0.0, 0.0, 0.0, 0.0, 0.0, 0.0, 0.0, 0.0, 0.0, 0.0, 0.0, 0.0, 0.0, 0.0, 0.0, 0.0, 0.0, 0.0, 0.0, 0.0, 0.0, 0.0, 0.0, 0.0, 0.0, 0.0]
twist: 
  twist: 
    linear: 
      x: -0.002923948985903581
      y: -0.005232030448950916
      z: -0.05179331481105688
    angular: 
      x: 0.0
      y: 0.0
      z: 0.0
  covariance: [0.0, 0.0, 0.0, 0.0, 0.0, 0.0, 0.0, 0.0, 0.0, 0.0, 0.0, 0.0, 0.0, 0.0, 0.0, 0.0, 0.0, 0.0, 0.0, 0.0, 0.0, 0.0, 0.0, 0.0, 0.0, 0.0, 0.0, 0.0, 0.0, 0.0, 0.0, 0.0, 0.0, 0.0, 0.0, 0.0]
---
header: 
  seq: 779
  stamp: 
    secs: 1744081246
    nsecs: 358970165
  frame_id: "world"
child_frame_id: "world"
pose: 
  pose: 
    position: 
      x: -0.19979667513598415
      y: 0.025116159238792422
      z: 0.5308732437344574
    orientation: 
      x: 0.0020140397520734175
      y: 0.010849988211730945
      z: 0.004928520493472802
      w: 0.9999269628755031
  covariance: [0.0, 0.0, 0.0, 0.0, 0.0, 0.0, 0.0, 0.0, 0.0, 0.0, 0.0, 0.0, 0.0, 0.0, 0.0, 0.0, 0.0, 0.0, 0.0, 0.0, 0.0, 0.0, 0.0, 0.0, 0.0, 0.0, 0.0, 0.0, 0.0, 0.0, 0.0, 0.0, 0.0, 0.0, 0.0, 0.0]
twist: 
  twist: 
    linear: 
      x: -0.012342602470906613
      y: 0.0031029977693863343
      z: -0.022665571964947624
    angular: 
      x: 0.0
      y: 0.0
      z: 0.0
  covariance: [0.0, 0.0, 0.0, 0.0, 0.0, 0.0, 0.0, 0.0, 0.0, 0.0, 0.0, 0.0, 0.0, 0.0, 0.0, 0.0, 0.0, 0.0, 0.0, 0.0, 0.0, 0.0, 0.0, 0.0, 0.0, 0.0, 0.0, 0.0, 0.0, 0.0, 0.0, 0.0, 0.0, 0.0, 0.0, 0.0]
---
header: 
  seq: 780
  stamp: 
    secs: 1744081246
    nsecs: 492305517
  frame_id: "world"
child_frame_id: "world"
pose: 
  pose: 
    position: 
      x: -0.20200999797363303
      y: 0.023642509812058232
      z: 0.5357018607010137
    orientation: 
      x: -0.0010868485355620006
      y: 0.011825068821292042
      z: 0.0051686245715931245
      w: 0.9999161323969478
  covariance: [0.0, 0.0, 0.0, 0.0, 0.0, 0.0, 0.0, 0.0, 0.0, 0.0, 0.0, 0.0, 0.0, 0.0, 0.0, 0.0, 0.0, 0.0, 0.0, 0.0, 0.0, 0.0, 0.0, 0.0, 0.0, 0.0, 0.0, 0.0, 0.0, 0.0, 0.0, 0.0, 0.0, 0.0, 0.0, 0.0]
twist: 
  twist: 
    linear: 
      x: -0.0026486698698743234
      y: 0.0010229074825814427
      z: -0.00046662620243781384
    angular: 
      x: 0.0
      y: 0.0
      z: 0.0
  covariance: [0.0, 0.0, 0.0, 0.0, 0.0, 0.0, 0.0, 0.0, 0.0, 0.0, 0.0, 0.0, 0.0, 0.0, 0.0, 0.0, 0.0, 0.0, 0.0, 0.0, 0.0, 0.0, 0.0, 0.0, 0.0, 0.0, 0.0, 0.0, 0.0, 0.0, 0.0, 0.0, 0.0, 0.0, 0.0, 0.0]
---
header: 
  seq: 781
  stamp: 
    secs: 1744081246
    nsecs: 625640631
  frame_id: "world"
child_frame_id: "world"
pose: 
  pose: 
    position: 
      x: -0.2040489702056455
      y: 0.021014007512332296
      z: 0.5404067744366723
    orientation: 
      x: 0.0031918641586033635
      y: 0.012490836755268206
      z: 0.004596718533268018
      w: 0.9999063262021459
  covariance: [0.0, 0.0, 0.0, 0.0, 0.0, 0.0, 0.0, 0.0, 0.0, 0.0, 0.0, 0.0, 0.0, 0.0, 0.0, 0.0, 0.0, 0.0, 0.0, 0.0, 0.0, 0.0, 0.0, 0.0, 0.0, 0.0, 0.0, 0.0, 0.0, 0.0, 0.0, 0.0, 0.0, 0.0, 0.0, 0.0]
twist: 
  twist: 
    linear: 
      x: 4.154639972612082e-05
      y: -0.0044885432228267035
      z: 0.004239884171535887
    angular: 
      x: 0.0
      y: 0.0
      z: 0.0
  covariance: [0.0, 0.0, 0.0, 0.0, 0.0, 0.0, 0.0, 0.0, 0.0, 0.0, 0.0, 0.0, 0.0, 0.0, 0.0, 0.0, 0.0, 0.0, 0.0, 0.0, 0.0, 0.0, 0.0, 0.0, 0.0, 0.0, 0.0, 0.0, 0.0, 0.0, 0.0, 0.0, 0.0, 0.0, 0.0, 0.0]
---
header: 
  seq: 782
  stamp: 
    secs: 1744081246
    nsecs: 758975506
  frame_id: "world"
child_frame_id: "world"
pose: 
  pose: 
    position: 
      x: -0.20662111554713364
      y: 0.01612353131255657
      z: 0.5476146983359252
    orientation: 
      x: 0.0017441826640348988
      y: 0.009924063146593649
      z: 0.00489855213745503
      w: 0.9999372355225369
  covariance: [0.0, 0.0, 0.0, 0.0, 0.0, 0.0, 0.0, 0.0, 0.0, 0.0, 0.0, 0.0, 0.0, 0.0, 0.0, 0.0, 0.0, 0.0, 0.0, 0.0, 0.0, 0.0, 0.0, 0.0, 0.0, 0.0, 0.0, 0.0, 0.0, 0.0, 0.0, 0.0, 0.0, 0.0, 0.0, 0.0]
twist: 
  twist: 
    linear: 
      x: -4.316492155252869e-05
      y: -0.011242494944849498
      z: 0.0036627707051282445
    angular: 
      x: 0.0
      y: 0.0
      z: 0.0
  covariance: [0.0, 0.0, 0.0, 0.0, 0.0, 0.0, 0.0, 0.0, 0.0, 0.0, 0.0, 0.0, 0.0, 0.0, 0.0, 0.0, 0.0, 0.0, 0.0, 0.0, 0.0, 0.0, 0.0, 0.0, 0.0, 0.0, 0.0, 0.0, 0.0, 0.0, 0.0, 0.0, 0.0, 0.0, 0.0, 0.0]
---
header: 
  seq: 783
  stamp: 
    secs: 1744081246
    nsecs: 892310143
  frame_id: "world"
child_frame_id: "world"
pose: 
  pose: 
    position: 
      x: -0.2102383783438144
      y: 0.015443332167418194
      z: 0.5535612714216148
    orientation: 
      x: -0.0041495451756034295
      y: 0.007712905263492091
      z: 0.0036280453229375577
      w: 0.9999550638175531
  covariance: [0.0, 0.0, 0.0, 0.0, 0.0, 0.0, 0.0, 0.0, 0.0, 0.0, 0.0, 0.0, 0.0, 0.0, 0.0, 0.0, 0.0, 0.0, 0.0, 0.0, 0.0, 0.0, 0.0, 0.0, 0.0, 0.0, 0.0, 0.0, 0.0, 0.0, 0.0, 0.0, 0.0, 0.0, 0.0, 0.0]
twist: 
  twist: 
    linear: 
      x: -0.0023503772831401097
      y: -0.009055658876189658
      z: 0.004756179852004375
    angular: 
      x: 0.0
      y: 0.0
      z: 0.0
  covariance: [0.0, 0.0, 0.0, 0.0, 0.0, 0.0, 0.0, 0.0, 0.0, 0.0, 0.0, 0.0, 0.0, 0.0, 0.0, 0.0, 0.0, 0.0, 0.0, 0.0, 0.0, 0.0, 0.0, 0.0, 0.0, 0.0, 0.0, 0.0, 0.0, 0.0, 0.0, 0.0, 0.0, 0.0, 0.0, 0.0]
---
header: 
  seq: 784
  stamp: 
    secs: 1744081247
    nsecs:  25648594
  frame_id: "world"
child_frame_id: "world"
pose: 
  pose: 
    position: 
      x: -0.21487365347108944
      y: 0.010395493459020647
      z: 0.5560952711411847
    orientation: 
      x: -0.004079456269445331
      y: 0.010807498462552287
      z: 0.004014459133020272
      w: 0.99992521726947
  covariance: [0.0, 0.0, 0.0, 0.0, 0.0, 0.0, 0.0, 0.0, 0.0, 0.0, 0.0, 0.0, 0.0, 0.0, 0.0, 0.0, 0.0, 0.0, 0.0, 0.0, 0.0, 0.0, 0.0, 0.0, 0.0, 0.0, 0.0, 0.0, 0.0, 0.0, 0.0, 0.0, 0.0, 0.0, 0.0, 0.0]
twist: 
  twist: 
    linear: 
      x: -0.018356926889069855
      y: 0.005217224991330738
      z: -0.03836799321562572
    angular: 
      x: 0.0
      y: 0.0
      z: 0.0
  covariance: [0.0, 0.0, 0.0, 0.0, 0.0, 0.0, 0.0, 0.0, 0.0, 0.0, 0.0, 0.0, 0.0, 0.0, 0.0, 0.0, 0.0, 0.0, 0.0, 0.0, 0.0, 0.0, 0.0, 0.0, 0.0, 0.0, 0.0, 0.0, 0.0, 0.0, 0.0, 0.0, 0.0, 0.0, 0.0, 0.0]
---
header: 
  seq: 785
  stamp: 
    secs: 1744081247
    nsecs: 158986807
  frame_id: "world"
child_frame_id: "world"
pose: 
  pose: 
    position: 
      x: -0.2195793541698129
      y: 0.007888548133593114
      z: 0.5550454911575682
    orientation: 
      x: 0.009516569389462772
      y: 0.016132374946137586
      z: 0.004169146056579474
      w: 0.999815882853844
  covariance: [0.0, 0.0, 0.0, 0.0, 0.0, 0.0, 0.0, 0.0, 0.0, 0.0, 0.0, 0.0, 0.0, 0.0, 0.0, 0.0, 0.0, 0.0, 0.0, 0.0, 0.0, 0.0, 0.0, 0.0, 0.0, 0.0, 0.0, 0.0, 0.0, 0.0, 0.0, 0.0, 0.0, 0.0, 0.0, 0.0]
twist: 
  twist: 
    linear: 
      x: -0.017835113885404808
      y: 0.02715300882811318
      z: -0.03987943931807593
    angular: 
      x: 0.0
      y: 0.0
      z: 0.0
  covariance: [0.0, 0.0, 0.0, 0.0, 0.0, 0.0, 0.0, 0.0, 0.0, 0.0, 0.0, 0.0, 0.0, 0.0, 0.0, 0.0, 0.0, 0.0, 0.0, 0.0, 0.0, 0.0, 0.0, 0.0, 0.0, 0.0, 0.0, 0.0, 0.0, 0.0, 0.0, 0.0, 0.0, 0.0, 0.0, 0.0]
---
header: 
  seq: 786
  stamp: 
    secs: 1744081247
    nsecs: 292325974
  frame_id: "world"
child_frame_id: "world"
pose: 
  pose: 
    position: 
      x: -0.22240620313894485
      y: 0.0019302921911531386
      z: 0.5565872955200485
    orientation: 
      x: 0.004348988147485482
      y: 0.016233784025835755
      z: 0.003992819353852852
      w: 0.9998507928445639
  covariance: [0.0, 0.0, 0.0, 0.0, 0.0, 0.0, 0.0, 0.0, 0.0, 0.0, 0.0, 0.0, 0.0, 0.0, 0.0, 0.0, 0.0, 0.0, 0.0, 0.0, 0.0, 0.0, 0.0, 0.0, 0.0, 0.0, 0.0, 0.0, 0.0, 0.0, 0.0, 0.0, 0.0, 0.0, 0.0, 0.0]
twist: 
  twist: 
    linear: 
      x: -0.0034484227625400884
      y: -0.03428474611641033
      z: -0.0010012848557703355
    angular: 
      x: 0.0
      y: 0.0
      z: 0.0
  covariance: [0.0, 0.0, 0.0, 0.0, 0.0, 0.0, 0.0, 0.0, 0.0, 0.0, 0.0, 0.0, 0.0, 0.0, 0.0, 0.0, 0.0, 0.0, 0.0, 0.0, 0.0, 0.0, 0.0, 0.0, 0.0, 0.0, 0.0, 0.0, 0.0, 0.0, 0.0, 0.0, 0.0, 0.0, 0.0, 0.0]
---
header: 
  seq: 787
  stamp: 
    secs: 1744081247
    nsecs: 425663710
  frame_id: "world"
child_frame_id: "world"
pose: 
  pose: 
    position: 
      x: -0.22509096116027275
      y: -0.0034069687522624535
      z: 0.5588017887151155
    orientation: 
      x: -0.002995854988005539
      y: 0.014006309920656778
      z: 0.003541439412590113
      w: 0.9998911472466312
  covariance: [0.0, 0.0, 0.0, 0.0, 0.0, 0.0, 0.0, 0.0, 0.0, 0.0, 0.0, 0.0, 0.0, 0.0, 0.0, 0.0, 0.0, 0.0, 0.0, 0.0, 0.0, 0.0, 0.0, 0.0, 0.0, 0.0, 0.0, 0.0, 0.0, 0.0, 0.0, 0.0, 0.0, 0.0, 0.0, 0.0]
twist: 
  twist: 
    linear: 
      x: -0.008333599174051165
      y: -0.027116220166720988
      z: -0.007151820085998785
    angular: 
      x: 0.0
      y: 0.0
      z: 0.0
  covariance: [0.0, 0.0, 0.0, 0.0, 0.0, 0.0, 0.0, 0.0, 0.0, 0.0, 0.0, 0.0, 0.0, 0.0, 0.0, 0.0, 0.0, 0.0, 0.0, 0.0, 0.0, 0.0, 0.0, 0.0, 0.0, 0.0, 0.0, 0.0, 0.0, 0.0, 0.0, 0.0, 0.0, 0.0, 0.0, 0.0]
---
header: 
  seq: 788
  stamp: 
    secs: 1744081247
    nsecs: 559001446
  frame_id: "world"
child_frame_id: "world"
pose: 
  pose: 
    position: 
      x: -0.2269141896826244
      y: -0.006008029578013805
      z: 0.5588883229967739
    orientation: 
      x: -0.00627313119314664
      y: 0.016896875345049387
      z: 0.0028235535140280245
      w: 0.9998335716378806
  covariance: [0.0, 0.0, 0.0, 0.0, 0.0, 0.0, 0.0, 0.0, 0.0, 0.0, 0.0, 0.0, 0.0, 0.0, 0.0, 0.0, 0.0, 0.0, 0.0, 0.0, 0.0, 0.0, 0.0, 0.0, 0.0, 0.0, 0.0, 0.0, 0.0, 0.0, 0.0, 0.0, 0.0, 0.0, 0.0, 0.0]
twist: 
  twist: 
    linear: 
      x: -0.009519604904081182
      y: -0.006648644984343721
      z: -0.02498848227973458
    angular: 
      x: 0.0
      y: 0.0
      z: 0.0
  covariance: [0.0, 0.0, 0.0, 0.0, 0.0, 0.0, 0.0, 0.0, 0.0, 0.0, 0.0, 0.0, 0.0, 0.0, 0.0, 0.0, 0.0, 0.0, 0.0, 0.0, 0.0, 0.0, 0.0, 0.0, 0.0, 0.0, 0.0, 0.0, 0.0, 0.0, 0.0, 0.0, 0.0, 0.0, 0.0, 0.0]
---
header: 
  seq: 789
  stamp: 
    secs: 1744081247
    nsecs: 692338943
  frame_id: "world"
child_frame_id: "world"
pose: 
  pose: 
    position: 
      x: -0.2267647209620674
      y: -0.006330984224967976
      z: 0.5570462821963165
    orientation: 
      x: -0.009255246805279968
      y: 0.015830041835231606
      z: 0.0030870901091415246
      w: 0.9998270950803074
  covariance: [0.0, 0.0, 0.0, 0.0, 0.0, 0.0, 0.0, 0.0, 0.0, 0.0, 0.0, 0.0, 0.0, 0.0, 0.0, 0.0, 0.0, 0.0, 0.0, 0.0, 0.0, 0.0, 0.0, 0.0, 0.0, 0.0, 0.0, 0.0, 0.0, 0.0, 0.0, 0.0, 0.0, 0.0, 0.0, 0.0]
twist: 
  twist: 
    linear: 
      x: 0.0072925913225460395
      y: 0.0003927914559670138
      z: -0.016384424952978777
    angular: 
      x: 0.0
      y: 0.0
      z: 0.0
  covariance: [0.0, 0.0, 0.0, 0.0, 0.0, 0.0, 0.0, 0.0, 0.0, 0.0, 0.0, 0.0, 0.0, 0.0, 0.0, 0.0, 0.0, 0.0, 0.0, 0.0, 0.0, 0.0, 0.0, 0.0, 0.0, 0.0, 0.0, 0.0, 0.0, 0.0, 0.0, 0.0, 0.0, 0.0, 0.0, 0.0]
---
header: 
  seq: 790
  stamp: 
    secs: 1744081247
    nsecs: 825676203
  frame_id: "world"
child_frame_id: "world"
pose: 
  pose: 
    position: 
      x: -0.22584820074533518
      y: -0.0008949330811401819
      z: 0.5568494441672605
    orientation: 
      x: -0.009990650129659643
      y: 0.01232757906929291
      z: 0.0025166244050210183
      w: 0.9998709338239016
  covariance: [0.0, 0.0, 0.0, 0.0, 0.0, 0.0, 0.0, 0.0, 0.0, 0.0, 0.0, 0.0, 0.0, 0.0, 0.0, 0.0, 0.0, 0.0, 0.0, 0.0, 0.0, 0.0, 0.0, 0.0, 0.0, 0.0, 0.0, 0.0, 0.0, 0.0, 0.0, 0.0, 0.0, 0.0, 0.0, 0.0]
twist: 
  twist: 
    linear: 
      x: 0.013152690439424625
      y: 0.05845015820018671
      z: -0.011167855537503185
    angular: 
      x: 0.0
      y: 0.0
      z: 0.0
  covariance: [0.0, 0.0, 0.0, 0.0, 0.0, 0.0, 0.0, 0.0, 0.0, 0.0, 0.0, 0.0, 0.0, 0.0, 0.0, 0.0, 0.0, 0.0, 0.0, 0.0, 0.0, 0.0, 0.0, 0.0, 0.0, 0.0, 0.0, 0.0, 0.0, 0.0, 0.0, 0.0, 0.0, 0.0, 0.0, 0.0]
---
header: 
  seq: 791
  stamp: 
    secs: 1744081247
    nsecs: 959015608
  frame_id: "world"
child_frame_id: "world"
pose: 
  pose: 
    position: 
      x: -0.22503660402665504
      y: 0.005542761663690759
      z: 0.5560930955646088
    orientation: 
      x: 0.0006714439374623228
      y: 0.011018099355147823
      z: 0.0021109772562487384
      w: 0.999936845218068
  covariance: [0.0, 0.0, 0.0, 0.0, 0.0, 0.0, 0.0, 0.0, 0.0, 0.0, 0.0, 0.0, 0.0, 0.0, 0.0, 0.0, 0.0, 0.0, 0.0, 0.0, 0.0, 0.0, 0.0, 0.0, 0.0, 0.0, 0.0, 0.0, 0.0, 0.0, 0.0, 0.0, 0.0, 0.0, 0.0, 0.0]
twist: 
  twist: 
    linear: 
      x: 0.007450019915893417
      y: 0.03979847457097419
      z: -0.006239590438804318
    angular: 
      x: 0.0
      y: 0.0
      z: 0.0
  covariance: [0.0, 0.0, 0.0, 0.0, 0.0, 0.0, 0.0, 0.0, 0.0, 0.0, 0.0, 0.0, 0.0, 0.0, 0.0, 0.0, 0.0, 0.0, 0.0, 0.0, 0.0, 0.0, 0.0, 0.0, 0.0, 0.0, 0.0, 0.0, 0.0, 0.0, 0.0, 0.0, 0.0, 0.0, 0.0, 0.0]
---
header: 
  seq: 792
  stamp: 
    secs: 1744081248
    nsecs:  92357159
  frame_id: "world"
child_frame_id: "world"
pose: 
  pose: 
    position: 
      x: -0.2241598144064247
      y: 0.012602996765603695
      z: 0.5500898831158278
    orientation: 
      x: 0.00720745900594809
      y: 0.013052910556289352
      z: 0.0017790823830790706
      w: 0.999887248106786
  covariance: [0.0, 0.0, 0.0, 0.0, 0.0, 0.0, 0.0, 0.0, 0.0, 0.0, 0.0, 0.0, 0.0, 0.0, 0.0, 0.0, 0.0, 0.0, 0.0, 0.0, 0.0, 0.0, 0.0, 0.0, 0.0, 0.0, 0.0, 0.0, 0.0, 0.0, 0.0, 0.0, 0.0, 0.0, 0.0, 0.0]
twist: 
  twist: 
    linear: 
      x: 0.008341308520752046
      y: 0.03435137749148071
      z: -0.039451265699605755
    angular: 
      x: 0.0
      y: 0.0
      z: 0.0
  covariance: [0.0, 0.0, 0.0, 0.0, 0.0, 0.0, 0.0, 0.0, 0.0, 0.0, 0.0, 0.0, 0.0, 0.0, 0.0, 0.0, 0.0, 0.0, 0.0, 0.0, 0.0, 0.0, 0.0, 0.0, 0.0, 0.0, 0.0, 0.0, 0.0, 0.0, 0.0, 0.0, 0.0, 0.0, 0.0, 0.0]
---
header: 
  seq: 793
  stamp: 
    secs: 1744081248
    nsecs: 225698709
  frame_id: "world"
child_frame_id: "world"
pose: 
  pose: 
    position: 
      x: -0.2222601060013209
      y: 0.017927521677023238
      z: 0.5423045818179881
    orientation: 
      x: 0.002851709662619407
      y: 0.01347625474614457
      z: 0.0018217695964063262
      w: 0.9999034650732813
  covariance: [0.0, 0.0, 0.0, 0.0, 0.0, 0.0, 0.0, 0.0, 0.0, 0.0, 0.0, 0.0, 0.0, 0.0, 0.0, 0.0, 0.0, 0.0, 0.0, 0.0, 0.0, 0.0, 0.0, 0.0, 0.0, 0.0, 0.0, 0.0, 0.0, 0.0, 0.0, 0.0, 0.0, 0.0, 0.0, 0.0]
twist: 
  twist: 
    linear: 
      x: 0.016211962881483456
      y: 0.007864121385693142
      z: -0.04276915480218971
    angular: 
      x: 0.0
      y: 0.0
      z: 0.0
  covariance: [0.0, 0.0, 0.0, 0.0, 0.0, 0.0, 0.0, 0.0, 0.0, 0.0, 0.0, 0.0, 0.0, 0.0, 0.0, 0.0, 0.0, 0.0, 0.0, 0.0, 0.0, 0.0, 0.0, 0.0, 0.0, 0.0, 0.0, 0.0, 0.0, 0.0, 0.0, 0.0, 0.0, 0.0, 0.0, 0.0]
---
header: 
  seq: 794
  stamp: 
    secs: 1744081248
    nsecs: 359040260
  frame_id: "world"
child_frame_id: "world"
pose: 
  pose: 
    position: 
      x: -0.22061169374459086
      y: 0.02258424906166359
      z: 0.5348987363766479
    orientation: 
      x: 0.00018288440631781782
      y: 0.011554156241351768
      z: 0.002083335418348535
      w: 0.9999310614939306
  covariance: [0.0, 0.0, 0.0, 0.0, 0.0, 0.0, 0.0, 0.0, 0.0, 0.0, 0.0, 0.0, 0.0, 0.0, 0.0, 0.0, 0.0, 0.0, 0.0, 0.0, 0.0, 0.0, 0.0, 0.0, 0.0, 0.0, 0.0, 0.0, 0.0, 0.0, 0.0, 0.0, 0.0, 0.0, 0.0, 0.0]
twist: 
  twist: 
    linear: 
      x: 0.014337807061064363
      y: 0.013739200377783686
      z: -0.03149416838107433
    angular: 
      x: 0.0
      y: 0.0
      z: 0.0
  covariance: [0.0, 0.0, 0.0, 0.0, 0.0, 0.0, 0.0, 0.0, 0.0, 0.0, 0.0, 0.0, 0.0, 0.0, 0.0, 0.0, 0.0, 0.0, 0.0, 0.0, 0.0, 0.0, 0.0, 0.0, 0.0, 0.0, 0.0, 0.0, 0.0, 0.0, 0.0, 0.0, 0.0, 0.0, 0.0, 0.0]
---
header: 
  seq: 795
  stamp: 
    secs: 1744081248
    nsecs: 492381573
  frame_id: "world"
child_frame_id: "world"
pose: 
  pose: 
    position: 
      x: -0.21885604505271206
      y: 0.027938069289446754
      z: 0.5291538452581961
    orientation: 
      x: 0.00147526434844247
      y: 0.009372211671325707
      z: 0.0017806767207289398
      w: 0.9999534061314589
  covariance: [0.0, 0.0, 0.0, 0.0, 0.0, 0.0, 0.0, 0.0, 0.0, 0.0, 0.0, 0.0, 0.0, 0.0, 0.0, 0.0, 0.0, 0.0, 0.0, 0.0, 0.0, 0.0, 0.0, 0.0, 0.0, 0.0, 0.0, 0.0, 0.0, 0.0, 0.0, 0.0, 0.0, 0.0, 0.0, 0.0]
twist: 
  twist: 
    linear: 
      x: 0.022968840919660793
      y: 0.009516310280701096
      z: -0.027540888311614827
    angular: 
      x: 0.0
      y: 0.0
      z: 0.0
  covariance: [0.0, 0.0, 0.0, 0.0, 0.0, 0.0, 0.0, 0.0, 0.0, 0.0, 0.0, 0.0, 0.0, 0.0, 0.0, 0.0, 0.0, 0.0, 0.0, 0.0, 0.0, 0.0, 0.0, 0.0, 0.0, 0.0, 0.0, 0.0, 0.0, 0.0, 0.0, 0.0, 0.0, 0.0, 0.0, 0.0]
---
header: 
  seq: 796
  stamp: 
    secs: 1744081248
    nsecs: 625723124
  frame_id: "world"
child_frame_id: "world"
pose: 
  pose: 
    position: 
      x: -0.21801638587295322
      y: 0.031789028027982065
      z: 0.5251967429668614
    orientation: 
      x: -0.000976915957252429
      y: 0.006862160358643159
      z: 0.0020475266015711514
      w: 0.9999738816715368
  covariance: [0.0, 0.0, 0.0, 0.0, 0.0, 0.0, 0.0, 0.0, 0.0, 0.0, 0.0, 0.0, 0.0, 0.0, 0.0, 0.0, 0.0, 0.0, 0.0, 0.0, 0.0, 0.0, 0.0, 0.0, 0.0, 0.0, 0.0, 0.0, 0.0, 0.0, 0.0, 0.0, 0.0, 0.0, 0.0, 0.0]
twist: 
  twist: 
    linear: 
      x: 0.00792359005624927
      y: 0.00702211802276
      z: -0.0036990771495451534
    angular: 
      x: 0.0
      y: 0.0
      z: 0.0
  covariance: [0.0, 0.0, 0.0, 0.0, 0.0, 0.0, 0.0, 0.0, 0.0, 0.0, 0.0, 0.0, 0.0, 0.0, 0.0, 0.0, 0.0, 0.0, 0.0, 0.0, 0.0, 0.0, 0.0, 0.0, 0.0, 0.0, 0.0, 0.0, 0.0, 0.0, 0.0, 0.0, 0.0, 0.0, 0.0, 0.0]
---
header: 
  seq: 797
  stamp: 
    secs: 1744081248
    nsecs: 759064436
  frame_id: "world"
child_frame_id: "world"
pose: 
  pose: 
    position: 
      x: -0.21882517085694042
      y: 0.03607982264752478
      z: 0.5227344708472219
    orientation: 
      x: -0.00013586185965378303
      y: 0.00929106374549145
      z: 0.002175445273547349
      w: 0.9999544615200705
  covariance: [0.0, 0.0, 0.0, 0.0, 0.0, 0.0, 0.0, 0.0, 0.0, 0.0, 0.0, 0.0, 0.0, 0.0, 0.0, 0.0, 0.0, 0.0, 0.0, 0.0, 0.0, 0.0, 0.0, 0.0, 0.0, 0.0, 0.0, 0.0, 0.0, 0.0, 0.0, 0.0, 0.0, 0.0, 0.0, 0.0]
twist: 
  twist: 
    linear: 
      x: -0.01116928935007383
      y: 0.00501038197624368
      z: 0.004567093896847413
    angular: 
      x: 0.0
      y: 0.0
      z: 0.0
  covariance: [0.0, 0.0, 0.0, 0.0, 0.0, 0.0, 0.0, 0.0, 0.0, 0.0, 0.0, 0.0, 0.0, 0.0, 0.0, 0.0, 0.0, 0.0, 0.0, 0.0, 0.0, 0.0, 0.0, 0.0, 0.0, 0.0, 0.0, 0.0, 0.0, 0.0, 0.0, 0.0, 0.0, 0.0, 0.0, 0.0]
---
header: 
  seq: 798
  stamp: 
    secs: 1744081248
    nsecs: 892405987
  frame_id: "world"
child_frame_id: "world"
pose: 
  pose: 
    position: 
      x: -0.21972878052497644
      y: 0.03910697440742174
      z: 0.5194143244650604
    orientation: 
      x: -0.0005601763152325
      y: 0.014821827687785226
      z: 0.002409414636580392
      w: 0.9998870907995555
  covariance: [0.0, 0.0, 0.0, 0.0, 0.0, 0.0, 0.0, 0.0, 0.0, 0.0, 0.0, 0.0, 0.0, 0.0, 0.0, 0.0, 0.0, 0.0, 0.0, 0.0, 0.0, 0.0, 0.0, 0.0, 0.0, 0.0, 0.0, 0.0, 0.0, 0.0, 0.0, 0.0, 0.0, 0.0, 0.0, 0.0]
twist: 
  twist: 
    linear: 
      x: -0.0057431172983273
      y: 0.008352389189107433
      z: -0.011310811327231374
    angular: 
      x: 0.0
      y: 0.0
      z: 0.0
  covariance: [0.0, 0.0, 0.0, 0.0, 0.0, 0.0, 0.0, 0.0, 0.0, 0.0, 0.0, 0.0, 0.0, 0.0, 0.0, 0.0, 0.0, 0.0, 0.0, 0.0, 0.0, 0.0, 0.0, 0.0, 0.0, 0.0, 0.0, 0.0, 0.0, 0.0, 0.0, 0.0, 0.0, 0.0, 0.0, 0.0]
---
header: 
  seq: 799
  stamp: 
    secs: 1744081249
    nsecs:  25763512
  frame_id: "world"
child_frame_id: "world"
pose: 
  pose: 
    position: 
      x: -0.21953790704460502
      y: 0.04388534759630832
      z: 0.5132540030878754
    orientation: 
      x: -0.0009492775845672646
      y: 0.015716715676747456
      z: 0.0018907250120730754
      w: 0.999874246532699
  covariance: [0.0, 0.0, 0.0, 0.0, 0.0, 0.0, 0.0, 0.0, 0.0, 0.0, 0.0, 0.0, 0.0, 0.0, 0.0, 0.0, 0.0, 0.0, 0.0, 0.0, 0.0, 0.0, 0.0, 0.0, 0.0, 0.0, 0.0, 0.0, 0.0, 0.0, 0.0, 0.0, 0.0, 0.0, 0.0, 0.0]
twist: 
  twist: 
    linear: 
      x: -0.0006112198234432558
      y: -0.005720798067996512
      z: 0.003332055225003622
    angular: 
      x: 0.0
      y: 0.0
      z: 0.0
  covariance: [0.0, 0.0, 0.0, 0.0, 0.0, 0.0, 0.0, 0.0, 0.0, 0.0, 0.0, 0.0, 0.0, 0.0, 0.0, 0.0, 0.0, 0.0, 0.0, 0.0, 0.0, 0.0, 0.0, 0.0, 0.0, 0.0, 0.0, 0.0, 0.0, 0.0, 0.0, 0.0, 0.0, 0.0, 0.0, 0.0]
---
header: 
  seq: 800
  stamp: 
    secs: 1744081249
    nsecs: 159118414
  frame_id: "world"
child_frame_id: "world"
pose: 
  pose: 
    position: 
      x: -0.21882496520971956
      y: 0.042964064163225846
      z: 0.511647598681885
    orientation: 
      x: -0.0039675715042494794
      y: 0.0148948254262255
      z: 0.002273867833870729
      w: 0.9998786086705501
  covariance: [0.0, 0.0, 0.0, 0.0, 0.0, 0.0, 0.0, 0.0, 0.0, 0.0, 0.0, 0.0, 0.0, 0.0, 0.0, 0.0, 0.0, 0.0, 0.0, 0.0, 0.0, 0.0, 0.0, 0.0, 0.0, 0.0, 0.0, 0.0, 0.0, 0.0, 0.0, 0.0, 0.0, 0.0, 0.0, 0.0]
twist: 
  twist: 
    linear: 
      x: 0.013170208807878048
      y: -0.006685238371771303
      z: -0.01617281239405833
    angular: 
      x: 0.0
      y: 0.0
      z: 0.0
  covariance: [0.0, 0.0, 0.0, 0.0, 0.0, 0.0, 0.0, 0.0, 0.0, 0.0, 0.0, 0.0, 0.0, 0.0, 0.0, 0.0, 0.0, 0.0, 0.0, 0.0, 0.0, 0.0, 0.0, 0.0, 0.0, 0.0, 0.0, 0.0, 0.0, 0.0, 0.0, 0.0, 0.0, 0.0, 0.0, 0.0]
---
header: 
  seq: 801
  stamp: 
    secs: 1744081249
    nsecs: 292473793
  frame_id: "world"
child_frame_id: "world"
pose: 
  pose: 
    position: 
      x: -0.21647453950002932
      y: 0.041708161528802766
      z: 0.5092694593090503
    orientation: 
      x: -0.0023678349476602156
      y: 0.012950967093801021
      z: 0.002173243038612809
      w: 0.9999109674484479
  covariance: [0.0, 0.0, 0.0, 0.0, 0.0, 0.0, 0.0, 0.0, 0.0, 0.0, 0.0, 0.0, 0.0, 0.0, 0.0, 0.0, 0.0, 0.0, 0.0, 0.0, 0.0, 0.0, 0.0, 0.0, 0.0, 0.0, 0.0, 0.0, 0.0, 0.0, 0.0, 0.0, 0.0, 0.0, 0.0, 0.0]
twist: 
  twist: 
    linear: 
      x: 0.021645251335708653
      y: -0.008761874080504828
      z: -0.015801015510498177
    angular: 
      x: 0.0
      y: 0.0
      z: 0.0
  covariance: [0.0, 0.0, 0.0, 0.0, 0.0, 0.0, 0.0, 0.0, 0.0, 0.0, 0.0, 0.0, 0.0, 0.0, 0.0, 0.0, 0.0, 0.0, 0.0, 0.0, 0.0, 0.0, 0.0, 0.0, 0.0, 0.0, 0.0, 0.0, 0.0, 0.0, 0.0, 0.0, 0.0, 0.0, 0.0, 0.0]
---
header: 
  seq: 802
  stamp: 
    secs: 1744081249
    nsecs: 425829887
  frame_id: "world"
child_frame_id: "world"
pose: 
  pose: 
    position: 
      x: -0.2176421950362658
      y: 0.060656683129992756
      z: 0.48542462571355804
    orientation: 
      x: -0.0011853501865742365
      y: 0.00998192149750639
      z: 0.0022687797591136706
      w: 0.9999469030036332
  covariance: [0.0, 0.0, 0.0, 0.0, 0.0, 0.0, 0.0, 0.0, 0.0, 0.0, 0.0, 0.0, 0.0, 0.0, 0.0, 0.0, 0.0, 0.0, 0.0, 0.0, 0.0, 0.0, 0.0, 0.0, 0.0, 0.0, 0.0, 0.0, 0.0, 0.0, 0.0, 0.0, 0.0, 0.0, 0.0, 0.0]
twist: 
  twist: 
    linear: 
      x: 0.01839141107251632
      y: 0.020450131521593397
      z: -0.05719362676644314
    angular: 
      x: 0.0
      y: 0.0
      z: 0.0
  covariance: [0.0, 0.0, 0.0, 0.0, 0.0, 0.0, 0.0, 0.0, 0.0, 0.0, 0.0, 0.0, 0.0, 0.0, 0.0, 0.0, 0.0, 0.0, 0.0, 0.0, 0.0, 0.0, 0.0, 0.0, 0.0, 0.0, 0.0, 0.0, 0.0, 0.0, 0.0, 0.0, 0.0, 0.0, 0.0, 0.0]
---
header: 
  seq: 803
  stamp: 
    secs: 1744081249
    nsecs: 559186459
  frame_id: "world"
child_frame_id: "world"
pose: 
  pose: 
    position: 
      x: -0.21534941001294777
      y: 0.06798564655118917
      z: 0.471610752121909
    orientation: 
      x: -0.0030165673204684525
      y: 0.006566727248323321
      z: 0.0027982671002197714
      w: 0.9999699736072494
  covariance: [0.0, 0.0, 0.0, 0.0, 0.0, 0.0, 0.0, 0.0, 0.0, 0.0, 0.0, 0.0, 0.0, 0.0, 0.0, 0.0, 0.0, 0.0, 0.0, 0.0, 0.0, 0.0, 0.0, 0.0, 0.0, 0.0, 0.0, 0.0, 0.0, 0.0, 0.0, 0.0, 0.0, 0.0, 0.0, 0.0]
twist: 
  twist: 
    linear: 
      x: 0.022085386401289427
      y: -0.0003853358282323823
      z: -0.04402757989091639
    angular: 
      x: 0.0
      y: 0.0
      z: 0.0
  covariance: [0.0, 0.0, 0.0, 0.0, 0.0, 0.0, 0.0, 0.0, 0.0, 0.0, 0.0, 0.0, 0.0, 0.0, 0.0, 0.0, 0.0, 0.0, 0.0, 0.0, 0.0, 0.0, 0.0, 0.0, 0.0, 0.0, 0.0, 0.0, 0.0, 0.0, 0.0, 0.0, 0.0, 0.0, 0.0, 0.0]
---
header: 
  seq: 804
  stamp: 
    secs: 1744081249
    nsecs: 692543507
  frame_id: "world"
child_frame_id: "world"
pose: 
  pose: 
    position: 
      x: -0.2129839956575625
      y: 0.06845248492258094
      z: 0.46616007047822833
    orientation: 
      x: -0.009206344600735978
      y: 0.005689021990933799
      z: 0.0024913464499745942
      w: 0.9999383338190138
  covariance: [0.0, 0.0, 0.0, 0.0, 0.0, 0.0, 0.0, 0.0, 0.0, 0.0, 0.0, 0.0, 0.0, 0.0, 0.0, 0.0, 0.0, 0.0, 0.0, 0.0, 0.0, 0.0, 0.0, 0.0, 0.0, 0.0, 0.0, 0.0, 0.0, 0.0, 0.0, 0.0, 0.0, 0.0, 0.0, 0.0]
twist: 
  twist: 
    linear: 
      x: 0.011176541692150167
      y: 0.014455544705544592
      z: -0.056926847022260946
    angular: 
      x: 0.0
      y: 0.0
      z: 0.0
  covariance: [0.0, 0.0, 0.0, 0.0, 0.0, 0.0, 0.0, 0.0, 0.0, 0.0, 0.0, 0.0, 0.0, 0.0, 0.0, 0.0, 0.0, 0.0, 0.0, 0.0, 0.0, 0.0, 0.0, 0.0, 0.0, 0.0, 0.0, 0.0, 0.0, 0.0, 0.0, 0.0, 0.0, 0.0, 0.0, 0.0]
---
header: 
  seq: 805
  stamp: 
    secs: 1744081249
    nsecs: 825901031
  frame_id: "world"
child_frame_id: "world"
pose: 
  pose: 
    position: 
      x: -0.21253844512925885
      y: 0.07142076987403329
      z: 0.4607828551767684
    orientation: 
      x: 0.005584555631147363
      y: 0.008921664782667389
      z: 0.002583039440215634
      w: 0.999941270547005
  covariance: [0.0, 0.0, 0.0, 0.0, 0.0, 0.0, 0.0, 0.0, 0.0, 0.0, 0.0, 0.0, 0.0, 0.0, 0.0, 0.0, 0.0, 0.0, 0.0, 0.0, 0.0, 0.0, 0.0, 0.0, 0.0, 0.0, 0.0, 0.0, 0.0, 0.0, 0.0, 0.0, 0.0, 0.0, 0.0, 0.0]
twist: 
  twist: 
    linear: 
      x: -0.00034469414020310937
      y: 0.024054436754021018
      z: -0.01709030694785981
    angular: 
      x: 0.0
      y: 0.0
      z: 0.0
  covariance: [0.0, 0.0, 0.0, 0.0, 0.0, 0.0, 0.0, 0.0, 0.0, 0.0, 0.0, 0.0, 0.0, 0.0, 0.0, 0.0, 0.0, 0.0, 0.0, 0.0, 0.0, 0.0, 0.0, 0.0, 0.0, 0.0, 0.0, 0.0, 0.0, 0.0, 0.0, 0.0, 0.0, 0.0, 0.0, 0.0]
---
header: 
  seq: 806
  stamp: 
    secs: 1744081249
    nsecs: 959248304
  frame_id: "world"
child_frame_id: "world"
pose: 
  pose: 
    position: 
      x: -0.21279549884777943
      y: 0.07305118217570819
      z: 0.46127643259553935
    orientation: 
      x: 0.009697936691300757
      y: 0.012715679022181743
      z: 0.0023905101595361952
      w: 0.9998692649502301
  covariance: [0.0, 0.0, 0.0, 0.0, 0.0, 0.0, 0.0, 0.0, 0.0, 0.0, 0.0, 0.0, 0.0, 0.0, 0.0, 0.0, 0.0, 0.0, 0.0, 0.0, 0.0, 0.0, 0.0, 0.0, 0.0, 0.0, 0.0, 0.0, 0.0, 0.0, 0.0, 0.0, 0.0, 0.0, 0.0, 0.0]
twist: 
  twist: 
    linear: 
      x: 0.004199308344041528
      y: -0.018233193952529203
      z: 0.01899129202947134
    angular: 
      x: 0.0
      y: 0.0
      z: 0.0
  covariance: [0.0, 0.0, 0.0, 0.0, 0.0, 0.0, 0.0, 0.0, 0.0, 0.0, 0.0, 0.0, 0.0, 0.0, 0.0, 0.0, 0.0, 0.0, 0.0, 0.0, 0.0, 0.0, 0.0, 0.0, 0.0, 0.0, 0.0, 0.0, 0.0, 0.0, 0.0, 0.0, 0.0, 0.0, 0.0, 0.0]
---
header: 
  seq: 807
  stamp: 
    secs: 1744081250
    nsecs:  92589140
  frame_id: "world"
child_frame_id: "world"
pose: 
  pose: 
    position: 
      x: -0.21183458615831072
      y: 0.06948745657246617
      z: 0.4653389980984331
    orientation: 
      x: 0.007226171035633089
      y: 0.013568906969300817
      z: 0.002222817171641649
      w: 0.999879355872319
  covariance: [0.0, 0.0, 0.0, 0.0, 0.0, 0.0, 0.0, 0.0, 0.0, 0.0, 0.0, 0.0, 0.0, 0.0, 0.0, 0.0, 0.0, 0.0, 0.0, 0.0, 0.0, 0.0, 0.0, 0.0, 0.0, 0.0, 0.0, 0.0, 0.0, 0.0, 0.0, 0.0, 0.0, 0.0, 0.0, 0.0]
twist: 
  twist: 
    linear: 
      x: 0.011466908122886204
      y: -0.03855087879100107
      z: 0.04012016730958995
    angular: 
      x: 0.0
      y: 0.0
      z: 0.0
  covariance: [0.0, 0.0, 0.0, 0.0, 0.0, 0.0, 0.0, 0.0, 0.0, 0.0, 0.0, 0.0, 0.0, 0.0, 0.0, 0.0, 0.0, 0.0, 0.0, 0.0, 0.0, 0.0, 0.0, 0.0, 0.0, 0.0, 0.0, 0.0, 0.0, 0.0, 0.0, 0.0, 0.0, 0.0, 0.0, 0.0]
---
header: 
  seq: 808
  stamp: 
    secs: 1744081250
    nsecs: 225929976
  frame_id: "world"
child_frame_id: "world"
pose: 
  pose: 
    position: 
      x: -0.22416766701768165
      y: 0.08778033266828139
      z: 0.45890784879208113
    orientation: 
      x: -0.00125944686013305
      y: 0.010775949816085637
      z: 0.0022589476759550635
      w: 0.9999385930418753
  covariance: [0.0, 0.0, 0.0, 0.0, 0.0, 0.0, 0.0, 0.0, 0.0, 0.0, 0.0, 0.0, 0.0, 0.0, 0.0, 0.0, 0.0, 0.0, 0.0, 0.0, 0.0, 0.0, 0.0, 0.0, 0.0, 0.0, 0.0, 0.0, 0.0, 0.0, 0.0, 0.0, 0.0, 0.0, 0.0, 0.0]
twist: 
  twist: 
    linear: 
      x: -0.006099696338107119
      y: 0.0023534157807386822
      z: 0.0037686127217382067
    angular: 
      x: 0.0
      y: 0.0
      z: 0.0
  covariance: [0.0, 0.0, 0.0, 0.0, 0.0, 0.0, 0.0, 0.0, 0.0, 0.0, 0.0, 0.0, 0.0, 0.0, 0.0, 0.0, 0.0, 0.0, 0.0, 0.0, 0.0, 0.0, 0.0, 0.0, 0.0, 0.0, 0.0, 0.0, 0.0, 0.0, 0.0, 0.0, 0.0, 0.0, 0.0, 0.0]
---
header: 
  seq: 809
  stamp: 
    secs: 1744081250
    nsecs: 359270573
  frame_id: "world"
child_frame_id: "world"
pose: 
  pose: 
    position: 
      x: -0.2245546065088649
      y: 0.08753295083799012
      z: 0.46097682781234045
    orientation: 
      x: -0.0058419584791950556
      y: 0.008460633530944483
      z: 0.002441077877364485
      w: 0.9999441636112384
  covariance: [0.0, 0.0, 0.0, 0.0, 0.0, 0.0, 0.0, 0.0, 0.0, 0.0, 0.0, 0.0, 0.0, 0.0, 0.0, 0.0, 0.0, 0.0, 0.0, 0.0, 0.0, 0.0, 0.0, 0.0, 0.0, 0.0, 0.0, 0.0, 0.0, 0.0, 0.0, 0.0, 0.0, 0.0, 0.0, 0.0]
twist: 
  twist: 
    linear: 
      x: -0.0023526698459872966
      y: 0.004147215668230616
      z: 0.02166841456098494
    angular: 
      x: 0.0
      y: 0.0
      z: 0.0
  covariance: [0.0, 0.0, 0.0, 0.0, 0.0, 0.0, 0.0, 0.0, 0.0, 0.0, 0.0, 0.0, 0.0, 0.0, 0.0, 0.0, 0.0, 0.0, 0.0, 0.0, 0.0, 0.0, 0.0, 0.0, 0.0, 0.0, 0.0, 0.0, 0.0, 0.0, 0.0, 0.0, 0.0, 0.0, 0.0, 0.0]
---
header: 
  seq: 810
  stamp: 
    secs: 1744081250
    nsecs: 492611170
  frame_id: "world"
child_frame_id: "world"
pose: 
  pose: 
    position: 
      x: -0.22583132018475655
      y: 0.08828795711897769
      z: 0.4633693097329304
    orientation: 
      x: -0.005155837454970428
      y: 0.008585263026961977
      z: 0.002002438629574411
      w: 0.999947849059355
  covariance: [0.0, 0.0, 0.0, 0.0, 0.0, 0.0, 0.0, 0.0, 0.0, 0.0, 0.0, 0.0, 0.0, 0.0, 0.0, 0.0, 0.0, 0.0, 0.0, 0.0, 0.0, 0.0, 0.0, 0.0, 0.0, 0.0, 0.0, 0.0, 0.0, 0.0, 0.0, 0.0, 0.0, 0.0, 0.0, 0.0]
twist: 
  twist: 
    linear: 
      x: -0.01727743882214596
      y: 0.016508507860534392
      z: 0.01351108716619596
    angular: 
      x: 0.0
      y: 0.0
      z: 0.0
  covariance: [0.0, 0.0, 0.0, 0.0, 0.0, 0.0, 0.0, 0.0, 0.0, 0.0, 0.0, 0.0, 0.0, 0.0, 0.0, 0.0, 0.0, 0.0, 0.0, 0.0, 0.0, 0.0, 0.0, 0.0, 0.0, 0.0, 0.0, 0.0, 0.0, 0.0, 0.0, 0.0, 0.0, 0.0, 0.0, 0.0]
---
header: 
  seq: 811
  stamp: 
    secs: 1744081250
    nsecs: 625951529
  frame_id: "world"
child_frame_id: "world"
pose: 
  pose: 
    position: 
      x: -0.23639292006259213
      y: 0.08314596880420569
      z: 0.4762377538979744
    orientation: 
      x: -0.0025922667078983534
      y: 0.00991267903566937
      z: 0.0019293445798534438
      w: 0.999945646811437
  covariance: [0.0, 0.0, 0.0, 0.0, 0.0, 0.0, 0.0, 0.0, 0.0, 0.0, 0.0, 0.0, 0.0, 0.0, 0.0, 0.0, 0.0, 0.0, 0.0, 0.0, 0.0, 0.0, 0.0, 0.0, 0.0, 0.0, 0.0, 0.0, 0.0, 0.0, 0.0, 0.0, 0.0, 0.0, 0.0, 0.0]
twist: 
  twist: 
    linear: 
      x: -0.03513925728055911
      y: -0.011671182362057896
      z: 0.055182334413804046
    angular: 
      x: 0.0
      y: 0.0
      z: 0.0
  covariance: [0.0, 0.0, 0.0, 0.0, 0.0, 0.0, 0.0, 0.0, 0.0, 0.0, 0.0, 0.0, 0.0, 0.0, 0.0, 0.0, 0.0, 0.0, 0.0, 0.0, 0.0, 0.0, 0.0, 0.0, 0.0, 0.0, 0.0, 0.0, 0.0, 0.0, 0.0, 0.0, 0.0, 0.0, 0.0, 0.0]
---
header: 
  seq: 812
  stamp: 
    secs: 1744081250
    nsecs: 759291649
  frame_id: "world"
child_frame_id: "world"
pose: 
  pose: 
    position: 
      x: -0.24249362600537686
      y: 0.0808170827836468
      z: 0.4808639151874487
    orientation: 
      x: -0.0006736032512280477
      y: 0.011376200462278496
      z: 0.002191818607812349
      w: 0.999932659859099
  covariance: [0.0, 0.0, 0.0, 0.0, 0.0, 0.0, 0.0, 0.0, 0.0, 0.0, 0.0, 0.0, 0.0, 0.0, 0.0, 0.0, 0.0, 0.0, 0.0, 0.0, 0.0, 0.0, 0.0, 0.0, 0.0, 0.0, 0.0, 0.0, 0.0, 0.0, 0.0, 0.0, 0.0, 0.0, 0.0, 0.0]
twist: 
  twist: 
    linear: 
      x: -0.05734463524132053
      y: 0.026613458067818382
      z: -0.014510644973088653
    angular: 
      x: 0.0
      y: 0.0
      z: 0.0
  covariance: [0.0, 0.0, 0.0, 0.0, 0.0, 0.0, 0.0, 0.0, 0.0, 0.0, 0.0, 0.0, 0.0, 0.0, 0.0, 0.0, 0.0, 0.0, 0.0, 0.0, 0.0, 0.0, 0.0, 0.0, 0.0, 0.0, 0.0, 0.0, 0.0, 0.0, 0.0, 0.0, 0.0, 0.0, 0.0, 0.0]
---
header: 
  seq: 813
  stamp: 
    secs: 1744081250
    nsecs: 892632008
  frame_id: "world"
child_frame_id: "world"
pose: 
  pose: 
    position: 
      x: -0.24825461097422874
      y: 0.07729909422808563
      z: 0.48266958745289695
    orientation: 
      x: 0.008939574427254399
      y: 0.0162258468437098
      z: 0.0021084460192373707
      w: 0.9998261650700325
  covariance: [0.0, 0.0, 0.0, 0.0, 0.0, 0.0, 0.0, 0.0, 0.0, 0.0, 0.0, 0.0, 0.0, 0.0, 0.0, 0.0, 0.0, 0.0, 0.0, 0.0, 0.0, 0.0, 0.0, 0.0, 0.0, 0.0, 0.0, 0.0, 0.0, 0.0, 0.0, 0.0, 0.0, 0.0, 0.0, 0.0]
twist: 
  twist: 
    linear: 
      x: -0.04606925832409322
      y: -0.00661381920798447
      z: 0.0246969220246914
    angular: 
      x: 0.0
      y: 0.0
      z: 0.0
  covariance: [0.0, 0.0, 0.0, 0.0, 0.0, 0.0, 0.0, 0.0, 0.0, 0.0, 0.0, 0.0, 0.0, 0.0, 0.0, 0.0, 0.0, 0.0, 0.0, 0.0, 0.0, 0.0, 0.0, 0.0, 0.0, 0.0, 0.0, 0.0, 0.0, 0.0, 0.0, 0.0, 0.0, 0.0, 0.0, 0.0]
---
header: 
  seq: 814
  stamp: 
    secs: 1744081251
    nsecs:  25975227
  frame_id: "world"
child_frame_id: "world"
pose: 
  pose: 
    position: 
      x: -0.24888733301136728
      y: 0.06715271662274643
      z: 0.48622421401926924
    orientation: 
      x: 0.02100041208149605
      y: 0.02406734868256849
      z: 0.0023119247630993497
      w: 0.9994870686625659
  covariance: [0.0, 0.0, 0.0, 0.0, 0.0, 0.0, 0.0, 0.0, 0.0, 0.0, 0.0, 0.0, 0.0, 0.0, 0.0, 0.0, 0.0, 0.0, 0.0, 0.0, 0.0, 0.0, 0.0, 0.0, 0.0, 0.0, 0.0, 0.0, 0.0, 0.0, 0.0, 0.0, 0.0, 0.0, 0.0, 0.0]
twist: 
  twist: 
    linear: 
      x: -0.010780657264509795
      y: -0.08181872618559283
      z: 0.043669904364943286
    angular: 
      x: 0.0
      y: 0.0
      z: 0.0
  covariance: [0.0, 0.0, 0.0, 0.0, 0.0, 0.0, 0.0, 0.0, 0.0, 0.0, 0.0, 0.0, 0.0, 0.0, 0.0, 0.0, 0.0, 0.0, 0.0, 0.0, 0.0, 0.0, 0.0, 0.0, 0.0, 0.0, 0.0, 0.0, 0.0, 0.0, 0.0, 0.0, 0.0, 0.0, 0.0, 0.0]
---
header: 
  seq: 815
  stamp: 
    secs: 1744081251
    nsecs: 159318447
  frame_id: "world"
child_frame_id: "world"
pose: 
  pose: 
    position: 
      x: -0.24712373072916766
      y: 0.05318445910544519
      z: 0.4939801248622049
    orientation: 
      x: 0.01448557833714442
      y: 0.019487539163166805
      z: 0.002112307785670792
      w: 0.9997029268704883
  covariance: [0.0, 0.0, 0.0, 0.0, 0.0, 0.0, 0.0, 0.0, 0.0, 0.0, 0.0, 0.0, 0.0, 0.0, 0.0, 0.0, 0.0, 0.0, 0.0, 0.0, 0.0, 0.0, 0.0, 0.0, 0.0, 0.0, 0.0, 0.0, 0.0, 0.0, 0.0, 0.0, 0.0, 0.0, 0.0, 0.0]
twist: 
  twist: 
    linear: 
      x: 0.0021964093541148887
      y: -0.09667502981700427
      z: 0.052394185721532004
    angular: 
      x: 0.0
      y: 0.0
      z: 0.0
  covariance: [0.0, 0.0, 0.0, 0.0, 0.0, 0.0, 0.0, 0.0, 0.0, 0.0, 0.0, 0.0, 0.0, 0.0, 0.0, 0.0, 0.0, 0.0, 0.0, 0.0, 0.0, 0.0, 0.0, 0.0, 0.0, 0.0, 0.0, 0.0, 0.0, 0.0, 0.0, 0.0, 0.0, 0.0, 0.0, 0.0]
---
header: 
  seq: 816
  stamp: 
    secs: 1744081251
    nsecs: 292661667
  frame_id: "world"
child_frame_id: "world"
pose: 
  pose: 
    position: 
      x: -0.24372621190367388
      y: 0.033982576611009764
      z: 0.5057479086562674
    orientation: 
      x: -0.002575260436605616
      y: 0.019220791292297725
      z: 0.0028902664792825965
      w: 0.9998077693114114
  covariance: [0.0, 0.0, 0.0, 0.0, 0.0, 0.0, 0.0, 0.0, 0.0, 0.0, 0.0, 0.0, 0.0, 0.0, 0.0, 0.0, 0.0, 0.0, 0.0, 0.0, 0.0, 0.0, 0.0, 0.0, 0.0, 0.0, 0.0, 0.0, 0.0, 0.0, 0.0, 0.0, 0.0, 0.0, 0.0, 0.0]
twist: 
  twist: 
    linear: 
      x: 0.03298682708890295
      y: -0.13390736169806228
      z: 0.07740231280298873
    angular: 
      x: 0.0
      y: 0.0
      z: 0.0
  covariance: [0.0, 0.0, 0.0, 0.0, 0.0, 0.0, 0.0, 0.0, 0.0, 0.0, 0.0, 0.0, 0.0, 0.0, 0.0, 0.0, 0.0, 0.0, 0.0, 0.0, 0.0, 0.0, 0.0, 0.0, 0.0, 0.0, 0.0, 0.0, 0.0, 0.0, 0.0, 0.0, 0.0, 0.0, 0.0, 0.0]
---
header: 
  seq: 817
  stamp: 
    secs: 1744081251
    nsecs: 426004648
  frame_id: "world"
child_frame_id: "world"
pose: 
  pose: 
    position: 
      x: -0.23719406013689254
      y: 0.015977531424904413
      z: 0.5149087693656788
    orientation: 
      x: -0.017628639279789204
      y: 0.017039936963684766
      z: 0.0026932332221340795
      w: 0.999695762779971
  covariance: [0.0, 0.0, 0.0, 0.0, 0.0, 0.0, 0.0, 0.0, 0.0, 0.0, 0.0, 0.0, 0.0, 0.0, 0.0, 0.0, 0.0, 0.0, 0.0, 0.0, 0.0, 0.0, 0.0, 0.0, 0.0, 0.0, 0.0, 0.0, 0.0, 0.0, 0.0, 0.0, 0.0, 0.0, 0.0, 0.0]
twist: 
  twist: 
    linear: 
      x: 0.0520711624422389
      y: -0.1240197892020465
      z: 0.039820583573471034
    angular: 
      x: 0.0
      y: 0.0
      z: 0.0
  covariance: [0.0, 0.0, 0.0, 0.0, 0.0, 0.0, 0.0, 0.0, 0.0, 0.0, 0.0, 0.0, 0.0, 0.0, 0.0, 0.0, 0.0, 0.0, 0.0, 0.0, 0.0, 0.0, 0.0, 0.0, 0.0, 0.0, 0.0, 0.0, 0.0, 0.0, 0.0, 0.0, 0.0, 0.0, 0.0, 0.0]
---
header: 
  seq: 818
  stamp: 
    secs: 1744081251
    nsecs: 559347391
  frame_id: "world"
child_frame_id: "world"
pose: 
  pose: 
    position: 
      x: -0.22956619796167077
      y: 0.003272242686762364
      z: 0.517773162822634
    orientation: 
      x: -0.017621523662922006
      y: 0.012728160507228237
      z: 0.0019853592103984555
      w: 0.9997617387071307
  covariance: [0.0, 0.0, 0.0, 0.0, 0.0, 0.0, 0.0, 0.0, 0.0, 0.0, 0.0, 0.0, 0.0, 0.0, 0.0, 0.0, 0.0, 0.0, 0.0, 0.0, 0.0, 0.0, 0.0, 0.0, 0.0, 0.0, 0.0, 0.0, 0.0, 0.0, 0.0, 0.0, 0.0, 0.0, 0.0, 0.0]
twist: 
  twist: 
    linear: 
      x: 0.05473285230958842
      y: -0.06609091186536907
      z: 0.011538596839710487
    angular: 
      x: 0.0
      y: 0.0
      z: 0.0
  covariance: [0.0, 0.0, 0.0, 0.0, 0.0, 0.0, 0.0, 0.0, 0.0, 0.0, 0.0, 0.0, 0.0, 0.0, 0.0, 0.0, 0.0, 0.0, 0.0, 0.0, 0.0, 0.0, 0.0, 0.0, 0.0, 0.0, 0.0, 0.0, 0.0, 0.0, 0.0, 0.0, 0.0, 0.0, 0.0, 0.0]
---
header: 
  seq: 819
  stamp: 
    secs: 1744081251
    nsecs: 692690372
  frame_id: "world"
child_frame_id: "world"
pose: 
  pose: 
    position: 
      x: -0.22250819970310423
      y: -0.0050093862752915086
      z: 0.5215169322797524
    orientation: 
      x: -0.01211849300471339
      y: 0.006455440167271062
      z: 0.0016723939497163356
      w: 0.9999043316827958
  covariance: [0.0, 0.0, 0.0, 0.0, 0.0, 0.0, 0.0, 0.0, 0.0, 0.0, 0.0, 0.0, 0.0, 0.0, 0.0, 0.0, 0.0, 0.0, 0.0, 0.0, 0.0, 0.0, 0.0, 0.0, 0.0, 0.0, 0.0, 0.0, 0.0, 0.0, 0.0, 0.0, 0.0, 0.0, 0.0, 0.0]
twist: 
  twist: 
    linear: 
      x: 0.049643978599005815
      y: -0.003384554301808541
      z: 0.004845346641807913
    angular: 
      x: 0.0
      y: 0.0
      z: 0.0
  covariance: [0.0, 0.0, 0.0, 0.0, 0.0, 0.0, 0.0, 0.0, 0.0, 0.0, 0.0, 0.0, 0.0, 0.0, 0.0, 0.0, 0.0, 0.0, 0.0, 0.0, 0.0, 0.0, 0.0, 0.0, 0.0, 0.0, 0.0, 0.0, 0.0, 0.0, 0.0, 0.0, 0.0, 0.0, 0.0, 0.0]
---
header: 
  seq: 820
  stamp: 
    secs: 1744081251
    nsecs: 826033115
  frame_id: "world"
child_frame_id: "world"
pose: 
  pose: 
    position: 
      x: -0.2118520181382798
      y: -0.008770091794276664
      z: 0.5243720516480306
    orientation: 
      x: 0.0018189666226732998
      y: 0.05376689156687863
      z: 0.001009105189888817
      w: 0.998551347922768
  covariance: [0.0, 0.0, 0.0, 0.0, 0.0, 0.0, 0.0, 0.0, 0.0, 0.0, 0.0, 0.0, 0.0, 0.0, 0.0, 0.0, 0.0, 0.0, 0.0, 0.0, 0.0, 0.0, 0.0, 0.0, 0.0, 0.0, 0.0, 0.0, 0.0, 0.0, 0.0, 0.0, 0.0, 0.0, 0.0, 0.0]
twist: 
  twist: 
    linear: 
      x: 0.14229591872663175
      y: -0.005010791026399294
      z: -0.036029344789107645
    angular: 
      x: 0.0
      y: 0.0
      z: 0.0
  covariance: [0.0, 0.0, 0.0, 0.0, 0.0, 0.0, 0.0, 0.0, 0.0, 0.0, 0.0, 0.0, 0.0, 0.0, 0.0, 0.0, 0.0, 0.0, 0.0, 0.0, 0.0, 0.0, 0.0, 0.0, 0.0, 0.0, 0.0, 0.0, 0.0, 0.0, 0.0, 0.0, 0.0, 0.0, 0.0, 0.0]
---
header: 
  seq: 821
  stamp: 
    secs: 1744081251
    nsecs: 959380388
  frame_id: "world"
child_frame_id: "world"
pose: 
  pose: 
    position: 
      x: -0.18276967500793817
      y: -0.013368827354248741
      z: 0.5187456285874058
    orientation: 
      x: 0.0031631077299325524
      y: 0.1522371888872474
      z: 0.000513805515402319
      w: 0.9883387926582108
  covariance: [0.0, 0.0, 0.0, 0.0, 0.0, 0.0, 0.0, 0.0, 0.0, 0.0, 0.0, 0.0, 0.0, 0.0, 0.0, 0.0, 0.0, 0.0, 0.0, 0.0, 0.0, 0.0, 0.0, 0.0, 0.0, 0.0, 0.0, 0.0, 0.0, 0.0, 0.0, 0.0, 0.0, 0.0, 0.0, 0.0]
twist: 
  twist: 
    linear: 
      x: 0.345439918908336
      y: -0.01215160093386515
      z: -0.036985110502475806
    angular: 
      x: 0.0
      y: 0.0
      z: 0.0
  covariance: [0.0, 0.0, 0.0, 0.0, 0.0, 0.0, 0.0, 0.0, 0.0, 0.0, 0.0, 0.0, 0.0, 0.0, 0.0, 0.0, 0.0, 0.0, 0.0, 0.0, 0.0, 0.0, 0.0, 0.0, 0.0, 0.0, 0.0, 0.0, 0.0, 0.0, 0.0, 0.0, 0.0, 0.0, 0.0, 0.0]
---
header: 
  seq: 822
  stamp: 
    secs: 1744081252
    nsecs:  92732906
  frame_id: "world"
child_frame_id: "world"
pose: 
  pose: 
    position: 
      x: -0.11196837051819647
      y: -0.018615047739722203
      z: 0.5058423108576571
    orientation: 
      x: -0.000611513282666504
      y: 0.19644566491205037
      z: 0.002123504924598556
      w: 0.9805122220123534
  covariance: [0.0, 0.0, 0.0, 0.0, 0.0, 0.0, 0.0, 0.0, 0.0, 0.0, 0.0, 0.0, 0.0, 0.0, 0.0, 0.0, 0.0, 0.0, 0.0, 0.0, 0.0, 0.0, 0.0, 0.0, 0.0, 0.0, 0.0, 0.0, 0.0, 0.0, 0.0, 0.0, 0.0, 0.0, 0.0, 0.0]
twist: 
  twist: 
    linear: 
      x: 0.7266863976184484
      y: -0.01417662517993688
      z: -0.08529454882021471
    angular: 
      x: 0.0
      y: 0.0
      z: 0.0
  covariance: [0.0, 0.0, 0.0, 0.0, 0.0, 0.0, 0.0, 0.0, 0.0, 0.0, 0.0, 0.0, 0.0, 0.0, 0.0, 0.0, 0.0, 0.0, 0.0, 0.0, 0.0, 0.0, 0.0, 0.0, 0.0, 0.0, 0.0, 0.0, 0.0, 0.0, 0.0, 0.0, 0.0, 0.0, 0.0, 0.0]
---
header: 
  seq: 823
  stamp: 
    secs: 1744081252
    nsecs: 226085663
  frame_id: "world"
child_frame_id: "world"
pose: 
  pose: 
    position: 
      x: 0.01003675092921466
      y: -0.025173407321643235
      z: 0.4842541276707845
    orientation: 
      x: -0.0015673303453914722
      y: 0.14751996903820963
      z: 0.00289886385698215
      w: 0.9890535874253188
  covariance: [0.0, 0.0, 0.0, 0.0, 0.0, 0.0, 0.0, 0.0, 0.0, 0.0, 0.0, 0.0, 0.0, 0.0, 0.0, 0.0, 0.0, 0.0, 0.0, 0.0, 0.0, 0.0, 0.0, 0.0, 0.0, 0.0, 0.0, 0.0, 0.0, 0.0, 0.0, 0.0, 0.0, 0.0, 0.0, 0.0]
twist: 
  twist: 
    linear: 
      x: 1.07828234884138
      y: -0.004460666323456985
      z: -0.14142077969475605
    angular: 
      x: 0.0
      y: 0.0
      z: 0.0
  covariance: [0.0, 0.0, 0.0, 0.0, 0.0, 0.0, 0.0, 0.0, 0.0, 0.0, 0.0, 0.0, 0.0, 0.0, 0.0, 0.0, 0.0, 0.0, 0.0, 0.0, 0.0, 0.0, 0.0, 0.0, 0.0, 0.0, 0.0, 0.0, 0.0, 0.0, 0.0, 0.0, 0.0, 0.0, 0.0, 0.0]
---
header: 
  seq: 824
  stamp: 
    secs: 1744081252
    nsecs: 359438658
  frame_id: "world"
child_frame_id: "world"
pose: 
  pose: 
    position: 
      x: 0.16809975445626057
      y: -0.02631751082125606
      z: 0.46093754881320664
    orientation: 
      x: 0.002180935977688279
      y: 0.03898508673507521
      z: 0.0018946411360204341
      w: 0.9992356162915159
  covariance: [0.0, 0.0, 0.0, 0.0, 0.0, 0.0, 0.0, 0.0, 0.0, 0.0, 0.0, 0.0, 0.0, 0.0, 0.0, 0.0, 0.0, 0.0, 0.0, 0.0, 0.0, 0.0, 0.0, 0.0, 0.0, 0.0, 0.0, 0.0, 0.0, 0.0, 0.0, 0.0, 0.0, 0.0, 0.0, 0.0]
twist: 
  twist: 
    linear: 
      x: 1.2358924270639784
      y: -0.00876860795480542
      z: -0.10938377324551544
    angular: 
      x: 0.0
      y: 0.0
      z: 0.0
  covariance: [0.0, 0.0, 0.0, 0.0, 0.0, 0.0, 0.0, 0.0, 0.0, 0.0, 0.0, 0.0, 0.0, 0.0, 0.0, 0.0, 0.0, 0.0, 0.0, 0.0, 0.0, 0.0, 0.0, 0.0, 0.0, 0.0, 0.0, 0.0, 0.0, 0.0, 0.0, 0.0, 0.0, 0.0, 0.0, 0.0]
---
header: 
  seq: 825
  stamp: 
    secs: 1744081252
    nsecs: 492791653
  frame_id: "world"
child_frame_id: "world"
pose: 
  pose: 
    position: 
      x: 0.3276824672364904
      y: -0.03202896878558133
      z: 0.45463225233155363
    orientation: 
      x: -0.0021355530923357065
      y: -0.08612345060148338
      z: 0.0016977844581746004
      w: 0.9962807376424665
  covariance: [0.0, 0.0, 0.0, 0.0, 0.0, 0.0, 0.0, 0.0, 0.0, 0.0, 0.0, 0.0, 0.0, 0.0, 0.0, 0.0, 0.0, 0.0, 0.0, 0.0, 0.0, 0.0, 0.0, 0.0, 0.0, 0.0, 0.0, 0.0, 0.0, 0.0, 0.0, 0.0, 0.0, 0.0, 0.0, 0.0]
twist: 
  twist: 
    linear: 
      x: 1.094703143246737
      y: -0.029927327753323067
      z: -0.03778473496730629
    angular: 
      x: 0.0
      y: 0.0
      z: 0.0
  covariance: [0.0, 0.0, 0.0, 0.0, 0.0, 0.0, 0.0, 0.0, 0.0, 0.0, 0.0, 0.0, 0.0, 0.0, 0.0, 0.0, 0.0, 0.0, 0.0, 0.0, 0.0, 0.0, 0.0, 0.0, 0.0, 0.0, 0.0, 0.0, 0.0, 0.0, 0.0, 0.0, 0.0, 0.0, 0.0, 0.0]
---
header: 
  seq: 826
  stamp: 
    secs: 1744081252
    nsecs: 626146555
  frame_id: "world"
child_frame_id: "world"
pose: 
  pose: 
    position: 
      x: 0.4522753961954408
      y: -0.03573897116435097
      z: 0.4586592437837843
    orientation: 
      x: -0.00957025545345347
      y: -0.1758750051652132
      z: 0.00045298267066252453
      w: 0.9843658809484368
  covariance: [0.0, 0.0, 0.0, 0.0, 0.0, 0.0, 0.0, 0.0, 0.0, 0.0, 0.0, 0.0, 0.0, 0.0, 0.0, 0.0, 0.0, 0.0, 0.0, 0.0, 0.0, 0.0, 0.0, 0.0, 0.0, 0.0, 0.0, 0.0, 0.0, 0.0, 0.0, 0.0, 0.0, 0.0, 0.0, 0.0]
twist: 
  twist: 
    linear: 
      x: 0.7060258296701076
      y: -0.029798715952034004
      z: -0.016232165836226126
    angular: 
      x: 0.0
      y: 0.0
      z: 0.0
  covariance: [0.0, 0.0, 0.0, 0.0, 0.0, 0.0, 0.0, 0.0, 0.0, 0.0, 0.0, 0.0, 0.0, 0.0, 0.0, 0.0, 0.0, 0.0, 0.0, 0.0, 0.0, 0.0, 0.0, 0.0, 0.0, 0.0, 0.0, 0.0, 0.0, 0.0, 0.0, 0.0, 0.0, 0.0, 0.0, 0.0]
---
header: 
  seq: 827
  stamp: 
    secs: 1744081252
    nsecs: 759500265
  frame_id: "world"
child_frame_id: "world"
pose: 
  pose: 
    position: 
      x: 0.51670848080452
      y: -0.03404549550474591
      z: 0.46280251581589427
    orientation: 
      x: -0.012186186236069608
      y: -0.19315772338558637
      z: -0.00029002156815868265
      w: 0.9810919970364691
  covariance: [0.0, 0.0, 0.0, 0.0, 0.0, 0.0, 0.0, 0.0, 0.0, 0.0, 0.0, 0.0, 0.0, 0.0, 0.0, 0.0, 0.0, 0.0, 0.0, 0.0, 0.0, 0.0, 0.0, 0.0, 0.0, 0.0, 0.0, 0.0, 0.0, 0.0, 0.0, 0.0, 0.0, 0.0, 0.0, 0.0]
twist: 
  twist: 
    linear: 
      x: 0.22314541648303107
      y: 0.017909197316052367
      z: -0.0562587993918517
    angular: 
      x: 0.0
      y: 0.0
      z: 0.0
  covariance: [0.0, 0.0, 0.0, 0.0, 0.0, 0.0, 0.0, 0.0, 0.0, 0.0, 0.0, 0.0, 0.0, 0.0, 0.0, 0.0, 0.0, 0.0, 0.0, 0.0, 0.0, 0.0, 0.0, 0.0, 0.0, 0.0, 0.0, 0.0, 0.0, 0.0, 0.0, 0.0, 0.0, 0.0, 0.0, 0.0]
---
header: 
  seq: 828
  stamp: 
    secs: 1744081252
    nsecs: 892854214
  frame_id: "world"
child_frame_id: "world"
pose: 
  pose: 
    position: 
      x: 0.5215710290412676
      y: -0.028504371134228493
      z: 0.4617867152945631
    orientation: 
      x: -0.00636876262701343
      y: -0.11279460329631688
      z: 0.0006340776733628765
      w: 0.9935977124950175
  covariance: [0.0, 0.0, 0.0, 0.0, 0.0, 0.0, 0.0, 0.0, 0.0, 0.0, 0.0, 0.0, 0.0, 0.0, 0.0, 0.0, 0.0, 0.0, 0.0, 0.0, 0.0, 0.0, 0.0, 0.0, 0.0, 0.0, 0.0, 0.0, 0.0, 0.0, 0.0, 0.0, 0.0, 0.0, 0.0, 0.0]
twist: 
  twist: 
    linear: 
      x: -0.15961012255026177
      y: 0.04624381131448806
      z: -0.05335876216451615
    angular: 
      x: 0.0
      y: 0.0
      z: 0.0
  covariance: [0.0, 0.0, 0.0, 0.0, 0.0, 0.0, 0.0, 0.0, 0.0, 0.0, 0.0, 0.0, 0.0, 0.0, 0.0, 0.0, 0.0, 0.0, 0.0, 0.0, 0.0, 0.0, 0.0, 0.0, 0.0, 0.0, 0.0, 0.0, 0.0, 0.0, 0.0, 0.0, 0.0, 0.0, 0.0, 0.0]
---
header: 
  seq: 829
  stamp: 
    secs: 1744081253
    nsecs:  26191711
  frame_id: "world"
child_frame_id: "world"
pose: 
  pose: 
    position: 
      x: 0.4930314944202705
      y: -0.02278892284086196
      z: 0.4530863105700302
    orientation: 
      x: 0.002995873894615873
      y: 0.021293445284427847
      z: 0.001089613027542843
      w: 0.9997681864667314
  covariance: [0.0, 0.0, 0.0, 0.0, 0.0, 0.0, 0.0, 0.0, 0.0, 0.0, 0.0, 0.0, 0.0, 0.0, 0.0, 0.0, 0.0, 0.0, 0.0, 0.0, 0.0, 0.0, 0.0, 0.0, 0.0, 0.0, 0.0, 0.0, 0.0, 0.0, 0.0, 0.0, 0.0, 0.0, 0.0, 0.0]
twist: 
  twist: 
    linear: 
      x: -0.3052241106315868
      y: 0.05723116834904565
      z: -0.010630187334020592
    angular: 
      x: 0.0
      y: 0.0
      z: 0.0
  covariance: [0.0, 0.0, 0.0, 0.0, 0.0, 0.0, 0.0, 0.0, 0.0, 0.0, 0.0, 0.0, 0.0, 0.0, 0.0, 0.0, 0.0, 0.0, 0.0, 0.0, 0.0, 0.0, 0.0, 0.0, 0.0, 0.0, 0.0, 0.0, 0.0, 0.0, 0.0, 0.0, 0.0, 0.0, 0.0, 0.0]
---
header: 
  seq: 830
  stamp: 
    secs: 1744081253
    nsecs: 159528255
  frame_id: "world"
child_frame_id: "world"
pose: 
  pose: 
    position: 
      x: 0.45927088240678265
      y: -0.017664809191120897
      z: 0.44404944599951196
    orientation: 
      x: 0.009438676748201768
      y: 0.07952750848950904
      z: 0.0015556974230804294
      w: 0.9967867708693879
  covariance: [0.0, 0.0, 0.0, 0.0, 0.0, 0.0, 0.0, 0.0, 0.0, 0.0, 0.0, 0.0, 0.0, 0.0, 0.0, 0.0, 0.0, 0.0, 0.0, 0.0, 0.0, 0.0, 0.0, 0.0, 0.0, 0.0, 0.0, 0.0, 0.0, 0.0, 0.0, 0.0, 0.0, 0.0, 0.0, 0.0]
twist: 
  twist: 
    linear: 
      x: -0.21897292147190076
      y: 0.03786468447578494
      z: -0.003011763032723215
    angular: 
      x: 0.0
      y: 0.0
      z: 0.0
  covariance: [0.0, 0.0, 0.0, 0.0, 0.0, 0.0, 0.0, 0.0, 0.0, 0.0, 0.0, 0.0, 0.0, 0.0, 0.0, 0.0, 0.0, 0.0, 0.0, 0.0, 0.0, 0.0, 0.0, 0.0, 0.0, 0.0, 0.0, 0.0, 0.0, 0.0, 0.0, 0.0, 0.0, 0.0, 0.0, 0.0]
---
header: 
  seq: 831
  stamp: 
    secs: 1744081253
    nsecs: 292864799
  frame_id: "world"
child_frame_id: "world"
pose: 
  pose: 
    position: 
      x: 0.43801725220207505
      y: -0.018500804115914694
      z: 0.43021528182224594
    orientation: 
      x: 0.007926292635122265
      y: 0.07010398828794208
      z: 0.002048620574693215
      w: 0.9975060941492675
  covariance: [0.0, 0.0, 0.0, 0.0, 0.0, 0.0, 0.0, 0.0, 0.0, 0.0, 0.0, 0.0, 0.0, 0.0, 0.0, 0.0, 0.0, 0.0, 0.0, 0.0, 0.0, 0.0, 0.0, 0.0, 0.0, 0.0, 0.0, 0.0, 0.0, 0.0, 0.0, 0.0, 0.0, 0.0, 0.0, 0.0]
twist: 
  twist: 
    linear: 
      x: -0.07912726359671629
      y: 0.012862302685502104
      z: -0.02812745693982496
    angular: 
      x: 0.0
      y: 0.0
      z: 0.0
  covariance: [0.0, 0.0, 0.0, 0.0, 0.0, 0.0, 0.0, 0.0, 0.0, 0.0, 0.0, 0.0, 0.0, 0.0, 0.0, 0.0, 0.0, 0.0, 0.0, 0.0, 0.0, 0.0, 0.0, 0.0, 0.0, 0.0, 0.0, 0.0, 0.0, 0.0, 0.0, 0.0, 0.0, 0.0, 0.0, 0.0]
---
header: 
  seq: 832
  stamp: 
    secs: 1744081253
    nsecs: 426200628
  frame_id: "world"
child_frame_id: "world"
pose: 
  pose: 
    position: 
      x: 0.43680684715501356
      y: -0.020847602571359543
      z: 0.42769778953229626
    orientation: 
      x: 0.0078979007313351
      y: 0.03776213751668579
      z: 0.0024695109579068097
      w: 0.9992524934418916
  covariance: [0.0, 0.0, 0.0, 0.0, 0.0, 0.0, 0.0, 0.0, 0.0, 0.0, 0.0, 0.0, 0.0, 0.0, 0.0, 0.0, 0.0, 0.0, 0.0, 0.0, 0.0, 0.0, 0.0, 0.0, 0.0, 0.0, 0.0, 0.0, 0.0, 0.0, 0.0, 0.0, 0.0, 0.0, 0.0, 0.0]
twist: 
  twist: 
    linear: 
      x: 0.024515876051730258
      y: 0.014120532528039995
      z: -0.04242910137709877
    angular: 
      x: 0.0
      y: 0.0
      z: 0.0
  covariance: [0.0, 0.0, 0.0, 0.0, 0.0, 0.0, 0.0, 0.0, 0.0, 0.0, 0.0, 0.0, 0.0, 0.0, 0.0, 0.0, 0.0, 0.0, 0.0, 0.0, 0.0, 0.0, 0.0, 0.0, 0.0, 0.0, 0.0, 0.0, 0.0, 0.0, 0.0, 0.0, 0.0, 0.0, 0.0, 0.0]
---
header: 
  seq: 833
  stamp: 
    secs: 1744081253
    nsecs: 559536695
  frame_id: "world"
child_frame_id: "world"
pose: 
  pose: 
    position: 
      x: 0.4462028820574134
      y: -0.026266701524314078
      z: 0.43214375313419445
    orientation: 
      x: 0.002528488365390024
      y: 0.01180290393701992
      z: 0.002788620027467696
      w: 0.9999232579571204
  covariance: [0.0, 0.0, 0.0, 0.0, 0.0, 0.0, 0.0, 0.0, 0.0, 0.0, 0.0, 0.0, 0.0, 0.0, 0.0, 0.0, 0.0, 0.0, 0.0, 0.0, 0.0, 0.0, 0.0, 0.0, 0.0, 0.0, 0.0, 0.0, 0.0, 0.0, 0.0, 0.0, 0.0, 0.0, 0.0, 0.0]
twist: 
  twist: 
    linear: 
      x: 0.08097033896155381
      y: -0.015989298371957422
      z: 0.009342125973817174
    angular: 
      x: 0.0
      y: 0.0
      z: 0.0
  covariance: [0.0, 0.0, 0.0, 0.0, 0.0, 0.0, 0.0, 0.0, 0.0, 0.0, 0.0, 0.0, 0.0, 0.0, 0.0, 0.0, 0.0, 0.0, 0.0, 0.0, 0.0, 0.0, 0.0, 0.0, 0.0, 0.0, 0.0, 0.0, 0.0, 0.0, 0.0, 0.0, 0.0, 0.0, 0.0, 0.0]
---
header: 
  seq: 834
  stamp: 
    secs: 1744081253
    nsecs: 692872286
  frame_id: "world"
child_frame_id: "world"
pose: 
  pose: 
    position: 
      x: 0.4578602644825334
      y: -0.03363754308526198
      z: 0.43936632269222664
    orientation: 
      x: -0.005515382621795556
      y: -0.0025561805627828133
      z: 0.0028687926327407754
      w: 0.9999774080069489
  covariance: [0.0, 0.0, 0.0, 0.0, 0.0, 0.0, 0.0, 0.0, 0.0, 0.0, 0.0, 0.0, 0.0, 0.0, 0.0, 0.0, 0.0, 0.0, 0.0, 0.0, 0.0, 0.0, 0.0, 0.0, 0.0, 0.0, 0.0, 0.0, 0.0, 0.0, 0.0, 0.0, 0.0, 0.0, 0.0, 0.0]
twist: 
  twist: 
    linear: 
      x: 0.08145750168096964
      y: -0.02918534295446292
      z: 0.018303834491567385
    angular: 
      x: 0.0
      y: 0.0
      z: 0.0
  covariance: [0.0, 0.0, 0.0, 0.0, 0.0, 0.0, 0.0, 0.0, 0.0, 0.0, 0.0, 0.0, 0.0, 0.0, 0.0, 0.0, 0.0, 0.0, 0.0, 0.0, 0.0, 0.0, 0.0, 0.0, 0.0, 0.0, 0.0, 0.0, 0.0, 0.0, 0.0, 0.0, 0.0, 0.0, 0.0, 0.0]
---
header: 
  seq: 835
  stamp: 
    secs: 1744081253
    nsecs: 826207638
  frame_id: "world"
child_frame_id: "world"
pose: 
  pose: 
    position: 
      x: 0.46619040509551535
      y: -0.0385172523289974
      z: 0.4475080767228753
    orientation: 
      x: -0.010008130393408197
      y: -0.007475271972038573
      z: 0.0025055190669805794
      w: 0.999918836710849
  covariance: [0.0, 0.0, 0.0, 0.0, 0.0, 0.0, 0.0, 0.0, 0.0, 0.0, 0.0, 0.0, 0.0, 0.0, 0.0, 0.0, 0.0, 0.0, 0.0, 0.0, 0.0, 0.0, 0.0, 0.0, 0.0, 0.0, 0.0, 0.0, 0.0, 0.0, 0.0, 0.0, 0.0, 0.0, 0.0, 0.0]
twist: 
  twist: 
    linear: 
      x: 0.05644690903466499
      y: -0.026931140069762365
      z: 0.04840891779385641
    angular: 
      x: 0.0
      y: 0.0
      z: 0.0
  covariance: [0.0, 0.0, 0.0, 0.0, 0.0, 0.0, 0.0, 0.0, 0.0, 0.0, 0.0, 0.0, 0.0, 0.0, 0.0, 0.0, 0.0, 0.0, 0.0, 0.0, 0.0, 0.0, 0.0, 0.0, 0.0, 0.0, 0.0, 0.0, 0.0, 0.0, 0.0, 0.0, 0.0, 0.0, 0.0, 0.0]
---
header: 
  seq: 836
  stamp: 
    secs: 1744081253
    nsecs: 959547043
  frame_id: "world"
child_frame_id: "world"
pose: 
  pose: 
    position: 
      x: 0.4688165067679891
      y: -0.03718285832140714
      z: 0.45848997551324094
    orientation: 
      x: -0.011717690744944494
      y: -0.006961142355936951
      z: 0.0018360369391233135
      w: 0.9999054291227067
  covariance: [0.0, 0.0, 0.0, 0.0, 0.0, 0.0, 0.0, 0.0, 0.0, 0.0, 0.0, 0.0, 0.0, 0.0, 0.0, 0.0, 0.0, 0.0, 0.0, 0.0, 0.0, 0.0, 0.0, 0.0, 0.0, 0.0, 0.0, 0.0, 0.0, 0.0, 0.0, 0.0, 0.0, 0.0, 0.0, 0.0]
twist: 
  twist: 
    linear: 
      x: 0.015800812143632985
      y: 0.021036910889415682
      z: 0.03764708490061568
    angular: 
      x: 0.0
      y: 0.0
      z: 0.0
  covariance: [0.0, 0.0, 0.0, 0.0, 0.0, 0.0, 0.0, 0.0, 0.0, 0.0, 0.0, 0.0, 0.0, 0.0, 0.0, 0.0, 0.0, 0.0, 0.0, 0.0, 0.0, 0.0, 0.0, 0.0, 0.0, 0.0, 0.0, 0.0, 0.0, 0.0, 0.0, 0.0, 0.0, 0.0, 0.0, 0.0]
---
header: 
  seq: 837
  stamp: 
    secs: 1744081254
    nsecs:  92891932
  frame_id: "world"
child_frame_id: "world"
pose: 
  pose: 
    position: 
      x: 0.46384583151332415
      y: -0.03464180075664984
      z: 0.4719241946204153
    orientation: 
      x: -0.0058086277888406285
      y: 1.183104632163413e-05
      z: 0.0018289510666237964
      w: 0.9999814571486978
  covariance: [0.0, 0.0, 0.0, 0.0, 0.0, 0.0, 0.0, 0.0, 0.0, 0.0, 0.0, 0.0, 0.0, 0.0, 0.0, 0.0, 0.0, 0.0, 0.0, 0.0, 0.0, 0.0, 0.0, 0.0, 0.0, 0.0, 0.0, 0.0, 0.0, 0.0, 0.0, 0.0, 0.0, 0.0, 0.0, 0.0]
twist: 
  twist: 
    linear: 
      x: -0.02741025112830043
      y: 0.014523706773574088
      z: 0.08614316959769021
    angular: 
      x: 0.0
      y: 0.0
      z: 0.0
  covariance: [0.0, 0.0, 0.0, 0.0, 0.0, 0.0, 0.0, 0.0, 0.0, 0.0, 0.0, 0.0, 0.0, 0.0, 0.0, 0.0, 0.0, 0.0, 0.0, 0.0, 0.0, 0.0, 0.0, 0.0, 0.0, 0.0, 0.0, 0.0, 0.0, 0.0, 0.0, 0.0, 0.0, 0.0, 0.0, 0.0]
---
header: 
  seq: 838
  stamp: 
    secs: 1744081254
    nsecs: 226236582
  frame_id: "world"
child_frame_id: "world"
pose: 
  pose: 
    position: 
      x: 0.45568974239962756
      y: -0.028159086607120645
      z: 0.48495251987376414
    orientation: 
      x: -0.0031587237645456655
      y: 0.010004116024562469
      z: 0.0011409532591567055
      w: 0.99994431762594
  covariance: [0.0, 0.0, 0.0, 0.0, 0.0, 0.0, 0.0, 0.0, 0.0, 0.0, 0.0, 0.0, 0.0, 0.0, 0.0, 0.0, 0.0, 0.0, 0.0, 0.0, 0.0, 0.0, 0.0, 0.0, 0.0, 0.0, 0.0, 0.0, 0.0, 0.0, 0.0, 0.0, 0.0, 0.0, 0.0, 0.0]
twist: 
  twist: 
    linear: 
      x: -0.051481009099755524
      y: 0.05383925812475611
      z: 0.0635614404050361
    angular: 
      x: 0.0
      y: 0.0
      z: 0.0
  covariance: [0.0, 0.0, 0.0, 0.0, 0.0, 0.0, 0.0, 0.0, 0.0, 0.0, 0.0, 0.0, 0.0, 0.0, 0.0, 0.0, 0.0, 0.0, 0.0, 0.0, 0.0, 0.0, 0.0, 0.0, 0.0, 0.0, 0.0, 0.0, 0.0, 0.0, 0.0, 0.0, 0.0, 0.0, 0.0, 0.0]
---
header: 
  seq: 839
  stamp: 
    secs: 1744081254
    nsecs: 359581232
  frame_id: "world"
child_frame_id: "world"
pose: 
  pose: 
    position: 
      x: 0.4482032232837912
      y: -0.021858187472934415
      z: 0.48922134773827236
    orientation: 
      x: 0.0030747342703645523
      y: 0.018892864824156416
      z: 0.0017043475598506812
      w: 0.9998153333827693
  covariance: [0.0, 0.0, 0.0, 0.0, 0.0, 0.0, 0.0, 0.0, 0.0, 0.0, 0.0, 0.0, 0.0, 0.0, 0.0, 0.0, 0.0, 0.0, 0.0, 0.0, 0.0, 0.0, 0.0, 0.0, 0.0, 0.0, 0.0, 0.0, 0.0, 0.0, 0.0, 0.0, 0.0, 0.0, 0.0, 0.0]
twist: 
  twist: 
    linear: 
      x: -0.04729925750325745
      y: 0.06435987393778778
      z: 0.022499404526086033
    angular: 
      x: 0.0
      y: 0.0
      z: 0.0
  covariance: [0.0, 0.0, 0.0, 0.0, 0.0, 0.0, 0.0, 0.0, 0.0, 0.0, 0.0, 0.0, 0.0, 0.0, 0.0, 0.0, 0.0, 0.0, 0.0, 0.0, 0.0, 0.0, 0.0, 0.0, 0.0, 0.0, 0.0, 0.0, 0.0, 0.0, 0.0, 0.0, 0.0, 0.0, 0.0, 0.0]
---
header: 
  seq: 840
  stamp: 
    secs: 1744081254
    nsecs: 492926121
  frame_id: "world"
child_frame_id: "world"
pose: 
  pose: 
    position: 
      x: 0.443116991515454
      y: -0.015575689757211072
      z: 0.4908671530649255
    orientation: 
      x: 0.008721776617183137
      y: 0.020983317855772097
      z: 0.0012163722186829544
      w: 0.9997410421819388
  covariance: [0.0, 0.0, 0.0, 0.0, 0.0, 0.0, 0.0, 0.0, 0.0, 0.0, 0.0, 0.0, 0.0, 0.0, 0.0, 0.0, 0.0, 0.0, 0.0, 0.0, 0.0, 0.0, 0.0, 0.0, 0.0, 0.0, 0.0, 0.0, 0.0, 0.0, 0.0, 0.0, 0.0, 0.0, 0.0, 0.0]
twist: 
  twist: 
    linear: 
      x: -0.023659379587795504
      y: 0.04595516611178799
      z: 0.0009308523039638632
    angular: 
      x: 0.0
      y: 0.0
      z: 0.0
  covariance: [0.0, 0.0, 0.0, 0.0, 0.0, 0.0, 0.0, 0.0, 0.0, 0.0, 0.0, 0.0, 0.0, 0.0, 0.0, 0.0, 0.0, 0.0, 0.0, 0.0, 0.0, 0.0, 0.0, 0.0, 0.0, 0.0, 0.0, 0.0, 0.0, 0.0, 0.0, 0.0, 0.0, 0.0, 0.0, 0.0]
---
header: 
  seq: 841
  stamp: 
    secs: 1744081254
    nsecs: 626270771
  frame_id: "world"
child_frame_id: "world"
pose: 
  pose: 
    position: 
      x: 0.4421844220423215
      y: -0.013044614472061039
      z: 0.4929051078917583
    orientation: 
      x: 0.011054992078126193
      y: 0.017823725128960157
      z: 0.0009961564151496707
      w: 0.9997795305191423
  covariance: [0.0, 0.0, 0.0, 0.0, 0.0, 0.0, 0.0, 0.0, 0.0, 0.0, 0.0, 0.0, 0.0, 0.0, 0.0, 0.0, 0.0, 0.0, 0.0, 0.0, 0.0, 0.0, 0.0, 0.0, 0.0, 0.0, 0.0, 0.0, 0.0, 0.0, 0.0, 0.0, 0.0, 0.0, 0.0, 0.0]
twist: 
  twist: 
    linear: 
      x: 0.008864554277530112
      y: 0.016058162238006265
      z: 0.026979363790161887
    angular: 
      x: 0.0
      y: 0.0
      z: 0.0
  covariance: [0.0, 0.0, 0.0, 0.0, 0.0, 0.0, 0.0, 0.0, 0.0, 0.0, 0.0, 0.0, 0.0, 0.0, 0.0, 0.0, 0.0, 0.0, 0.0, 0.0, 0.0, 0.0, 0.0, 0.0, 0.0, 0.0, 0.0, 0.0, 0.0, 0.0, 0.0, 0.0, 0.0, 0.0, 0.0, 0.0]
---
header: 
  seq: 842
  stamp: 
    secs: 1744081254
    nsecs: 759615421
  frame_id: "world"
child_frame_id: "world"
pose: 
  pose: 
    position: 
      x: 0.4447982965217146
      y: -0.014938251226643481
      z: 0.4958415358027716
    orientation: 
      x: 0.005758253165919459
      y: 0.012873331298619718
      z: 0.0012475923843263416
      w: 0.9998997766651394
  covariance: [0.0, 0.0, 0.0, 0.0, 0.0, 0.0, 0.0, 0.0, 0.0, 0.0, 0.0, 0.0, 0.0, 0.0, 0.0, 0.0, 0.0, 0.0, 0.0, 0.0, 0.0, 0.0, 0.0, 0.0, 0.0, 0.0, 0.0, 0.0, 0.0, 0.0, 0.0, 0.0, 0.0, 0.0, 0.0, 0.0]
twist: 
  twist: 
    linear: 
      x: 0.01476513920268105
      y: -0.012716900074380103
      z: 0.01840852944774329
    angular: 
      x: 0.0
      y: 0.0
      z: 0.0
  covariance: [0.0, 0.0, 0.0, 0.0, 0.0, 0.0, 0.0, 0.0, 0.0, 0.0, 0.0, 0.0, 0.0, 0.0, 0.0, 0.0, 0.0, 0.0, 0.0, 0.0, 0.0, 0.0, 0.0, 0.0, 0.0, 0.0, 0.0, 0.0, 0.0, 0.0, 0.0, 0.0, 0.0, 0.0, 0.0, 0.0]
---
header: 
  seq: 843
  stamp: 
    secs: 1744081254
    nsecs: 892960310
  frame_id: "world"
child_frame_id: "world"
pose: 
  pose: 
    position: 
      x: 0.44880166996201554
      y: -0.015138821348487114
      z: 0.4981806607456856
    orientation: 
      x: -0.0028034250332377676
      y: 0.00992226135852607
      z: 0.0003514534745231668
      w: 0.9999467815929363
  covariance: [0.0, 0.0, 0.0, 0.0, 0.0, 0.0, 0.0, 0.0, 0.0, 0.0, 0.0, 0.0, 0.0, 0.0, 0.0, 0.0, 0.0, 0.0, 0.0, 0.0, 0.0, 0.0, 0.0, 0.0, 0.0, 0.0, 0.0, 0.0, 0.0, 0.0, 0.0, 0.0, 0.0, 0.0, 0.0, 0.0]
twist: 
  twist: 
    linear: 
      x: 0.021272478754414605
      y: -0.005379387499565424
      z: 0.005290560723617686
    angular: 
      x: 0.0
      y: 0.0
      z: 0.0
  covariance: [0.0, 0.0, 0.0, 0.0, 0.0, 0.0, 0.0, 0.0, 0.0, 0.0, 0.0, 0.0, 0.0, 0.0, 0.0, 0.0, 0.0, 0.0, 0.0, 0.0, 0.0, 0.0, 0.0, 0.0, 0.0, 0.0, 0.0, 0.0, 0.0, 0.0, 0.0, 0.0, 0.0, 0.0, 0.0, 0.0]
---
header: 
  seq: 844
  stamp: 
    secs: 1744081255
    nsecs:  26299238
  frame_id: "world"
child_frame_id: "world"
pose: 
  pose: 
    position: 
      x: 0.45380355010249324
      y: -0.01626916461703983
      z: 0.49831033329899876
    orientation: 
      x: -0.004124560345436275
      y: 0.008863342840610706
      z: 0.00025092528092933404
      w: 0.9999521819527922
  covariance: [0.0, 0.0, 0.0, 0.0, 0.0, 0.0, 0.0, 0.0, 0.0, 0.0, 0.0, 0.0, 0.0, 0.0, 0.0, 0.0, 0.0, 0.0, 0.0, 0.0, 0.0, 0.0, 0.0, 0.0, 0.0, 0.0, 0.0, 0.0, 0.0, 0.0, 0.0, 0.0, 0.0, 0.0, 0.0, 0.0]
twist: 
  twist: 
    linear: 
      x: 0.0242510725702537
      y: 0.010812553771493023
      z: -0.000657802273554071
    angular: 
      x: 0.0
      y: 0.0
      z: 0.0
  covariance: [0.0, 0.0, 0.0, 0.0, 0.0, 0.0, 0.0, 0.0, 0.0, 0.0, 0.0, 0.0, 0.0, 0.0, 0.0, 0.0, 0.0, 0.0, 0.0, 0.0, 0.0, 0.0, 0.0, 0.0, 0.0, 0.0, 0.0, 0.0, 0.0, 0.0, 0.0, 0.0, 0.0, 0.0, 0.0, 0.0]
---
header: 
  seq: 845
  stamp: 
    secs: 1744081255
    nsecs: 159638405
  frame_id: "world"
child_frame_id: "world"
pose: 
  pose: 
    position: 
      x: 0.45855122971563167
      y: -0.018814874764659165
      z: 0.49770447445632443
    orientation: 
      x: -0.00032275606922957286
      y: 0.008282954918625757
      z: 0.0002762764136791034
      w: 0.9999656054873483
  covariance: [0.0, 0.0, 0.0, 0.0, 0.0, 0.0, 0.0, 0.0, 0.0, 0.0, 0.0, 0.0, 0.0, 0.0, 0.0, 0.0, 0.0, 0.0, 0.0, 0.0, 0.0, 0.0, 0.0, 0.0, 0.0, 0.0, 0.0, 0.0, 0.0, 0.0, 0.0, 0.0, 0.0, 0.0, 0.0, 0.0]
twist: 
  twist: 
    linear: 
      x: 0.027264264695706142
      y: -0.005774630879687432
      z: -0.023075309482322927
    angular: 
      x: 0.0
      y: 0.0
      z: 0.0
  covariance: [0.0, 0.0, 0.0, 0.0, 0.0, 0.0, 0.0, 0.0, 0.0, 0.0, 0.0, 0.0, 0.0, 0.0, 0.0, 0.0, 0.0, 0.0, 0.0, 0.0, 0.0, 0.0, 0.0, 0.0, 0.0, 0.0, 0.0, 0.0, 0.0, 0.0, 0.0, 0.0, 0.0, 0.0, 0.0, 0.0]
---
header: 
  seq: 846
  stamp: 
    secs: 1744081255
    nsecs: 292978525
  frame_id: "world"
child_frame_id: "world"
pose: 
  pose: 
    position: 
      x: 0.46246185744435053
      y: -0.018899220059896686
      z: 0.4958852052626205
    orientation: 
      x: 0.0012931598307608114
      y: 0.006964596370158724
      z: -0.00020315593792975074
      w: 0.9999748901161057
  covariance: [0.0, 0.0, 0.0, 0.0, 0.0, 0.0, 0.0, 0.0, 0.0, 0.0, 0.0, 0.0, 0.0, 0.0, 0.0, 0.0, 0.0, 0.0, 0.0, 0.0, 0.0, 0.0, 0.0, 0.0, 0.0, 0.0, 0.0, 0.0, 0.0, 0.0, 0.0, 0.0, 0.0, 0.0, 0.0, 0.0]
twist: 
  twist: 
    linear: 
      x: 0.03002437078928128
      y: 0.012127509563124928
      z: -0.023975245338870944
    angular: 
      x: 0.0
      y: 0.0
      z: 0.0
  covariance: [0.0, 0.0, 0.0, 0.0, 0.0, 0.0, 0.0, 0.0, 0.0, 0.0, 0.0, 0.0, 0.0, 0.0, 0.0, 0.0, 0.0, 0.0, 0.0, 0.0, 0.0, 0.0, 0.0, 0.0, 0.0, 0.0, 0.0, 0.0, 0.0, 0.0, 0.0, 0.0, 0.0, 0.0, 0.0, 0.0]
---
header: 
  seq: 847
  stamp: 
    secs: 1744081255
    nsecs: 426317453
  frame_id: "world"
child_frame_id: "world"
pose: 
  pose: 
    position: 
      x: 0.4651265335224141
      y: -0.020988067253389246
      z: 0.4942014910450454
    orientation: 
      x: 0.0021642013732937958
      y: 0.003726496939701555
      z: 0.00021285582325340901
      w: 0.9999906920293672
  covariance: [0.0, 0.0, 0.0, 0.0, 0.0, 0.0, 0.0, 0.0, 0.0, 0.0, 0.0, 0.0, 0.0, 0.0, 0.0, 0.0, 0.0, 0.0, 0.0, 0.0, 0.0, 0.0, 0.0, 0.0, 0.0, 0.0, 0.0, 0.0, 0.0, 0.0, 0.0, 0.0, 0.0, 0.0, 0.0, 0.0]
twist: 
  twist: 
    linear: 
      x: 0.016437985659455073
      y: 0.005784419097039387
      z: -0.05121691648215889
    angular: 
      x: 0.0
      y: 0.0
      z: 0.0
  covariance: [0.0, 0.0, 0.0, 0.0, 0.0, 0.0, 0.0, 0.0, 0.0, 0.0, 0.0, 0.0, 0.0, 0.0, 0.0, 0.0, 0.0, 0.0, 0.0, 0.0, 0.0, 0.0, 0.0, 0.0, 0.0, 0.0, 0.0, 0.0, 0.0, 0.0, 0.0, 0.0, 0.0, 0.0, 0.0, 0.0]
---
header: 
  seq: 848
  stamp: 
    secs: 1744081255
    nsecs: 559656620
  frame_id: "world"
child_frame_id: "world"
pose: 
  pose: 
    position: 
      x: 0.4662332807055334
      y: -0.022143707588488656
      z: 0.49459284534579856
    orientation: 
      x: 0.0052297420070453295
      y: 0.003801837445720848
      z: -0.00010666257715585375
      w: 0.9999790920082633
  covariance: [0.0, 0.0, 0.0, 0.0, 0.0, 0.0, 0.0, 0.0, 0.0, 0.0, 0.0, 0.0, 0.0, 0.0, 0.0, 0.0, 0.0, 0.0, 0.0, 0.0, 0.0, 0.0, 0.0, 0.0, 0.0, 0.0, 0.0, 0.0, 0.0, 0.0, 0.0, 0.0, 0.0, 0.0, 0.0, 0.0]
twist: 
  twist: 
    linear: 
      x: 0.007670629995786514
      y: -0.010924022059158834
      z: 0.005818093699931595
    angular: 
      x: 0.0
      y: 0.0
      z: 0.0
  covariance: [0.0, 0.0, 0.0, 0.0, 0.0, 0.0, 0.0, 0.0, 0.0, 0.0, 0.0, 0.0, 0.0, 0.0, 0.0, 0.0, 0.0, 0.0, 0.0, 0.0, 0.0, 0.0, 0.0, 0.0, 0.0, 0.0, 0.0, 0.0, 0.0, 0.0, 0.0, 0.0, 0.0, 0.0, 0.0, 0.0]
---
header: 
  seq: 849
  stamp: 
    secs: 1744081255
    nsecs: 692995787
  frame_id: "world"
child_frame_id: "world"
pose: 
  pose: 
    position: 
      x: 0.4663603933493776
      y: -0.025733932019569472
      z: 0.4997280002421507
    orientation: 
      x: -0.0019115135541901776
      y: 0.005320404090497559
      z: 0.00036194385430561463
      w: 0.9999839540777103
  covariance: [0.0, 0.0, 0.0, 0.0, 0.0, 0.0, 0.0, 0.0, 0.0, 0.0, 0.0, 0.0, 0.0, 0.0, 0.0, 0.0, 0.0, 0.0, 0.0, 0.0, 0.0, 0.0, 0.0, 0.0, 0.0, 0.0, 0.0, 0.0, 0.0, 0.0, 0.0, 0.0, 0.0, 0.0, 0.0, 0.0]
twist: 
  twist: 
    linear: 
      x: -0.007447812066100688
      y: -0.02503945054625832
      z: 0.03160759986881238
    angular: 
      x: 0.0
      y: 0.0
      z: 0.0
  covariance: [0.0, 0.0, 0.0, 0.0, 0.0, 0.0, 0.0, 0.0, 0.0, 0.0, 0.0, 0.0, 0.0, 0.0, 0.0, 0.0, 0.0, 0.0, 0.0, 0.0, 0.0, 0.0, 0.0, 0.0, 0.0, 0.0, 0.0, 0.0, 0.0, 0.0, 0.0, 0.0, 0.0, 0.0, 0.0, 0.0]
---
header: 
  seq: 850
  stamp: 
    secs: 1744081255
    nsecs: 826335192
  frame_id: "world"
child_frame_id: "world"
pose: 
  pose: 
    position: 
      x: 0.46431143491732435
      y: -0.027562114629524712
      z: 0.5044486948433644
    orientation: 
      x: -0.00920914464316172
      y: 0.008827823010362864
      z: -3.562356501651259e-05
      w: 0.9999186266525895
  covariance: [0.0, 0.0, 0.0, 0.0, 0.0, 0.0, 0.0, 0.0, 0.0, 0.0, 0.0, 0.0, 0.0, 0.0, 0.0, 0.0, 0.0, 0.0, 0.0, 0.0, 0.0, 0.0, 0.0, 0.0, 0.0, 0.0, 0.0, 0.0, 0.0, 0.0, 0.0, 0.0, 0.0, 0.0, 0.0, 0.0]
twist: 
  twist: 
    linear: 
      x: -0.015381442578671805
      y: -0.026168364455787903
      z: 0.016780240938183318
    angular: 
      x: 0.0
      y: 0.0
      z: 0.0
  covariance: [0.0, 0.0, 0.0, 0.0, 0.0, 0.0, 0.0, 0.0, 0.0, 0.0, 0.0, 0.0, 0.0, 0.0, 0.0, 0.0, 0.0, 0.0, 0.0, 0.0, 0.0, 0.0, 0.0, 0.0, 0.0, 0.0, 0.0, 0.0, 0.0, 0.0, 0.0, 0.0, 0.0, 0.0, 0.0, 0.0]
---
header: 
  seq: 851
  stamp: 
    secs: 1744081255
    nsecs: 959680557
  frame_id: "world"
child_frame_id: "world"
pose: 
  pose: 
    position: 
      x: 0.46238745906282797
      y: -0.024028543355752448
      z: 0.5019468364369759
    orientation: 
      x: -0.013029271393788573
      y: 0.012636378090752225
      z: -0.0007070302651524637
      w: 0.9998350164621654
  covariance: [0.0, 0.0, 0.0, 0.0, 0.0, 0.0, 0.0, 0.0, 0.0, 0.0, 0.0, 0.0, 0.0, 0.0, 0.0, 0.0, 0.0, 0.0, 0.0, 0.0, 0.0, 0.0, 0.0, 0.0, 0.0, 0.0, 0.0, 0.0, 0.0, 0.0, 0.0, 0.0, 0.0, 0.0, 0.0, 0.0]
twist: 
  twist: 
    linear: 
      x: -0.012170413996027798
      y: 0.015334706771181846
      z: -0.028325189374514434
    angular: 
      x: 0.0
      y: 0.0
      z: 0.0
  covariance: [0.0, 0.0, 0.0, 0.0, 0.0, 0.0, 0.0, 0.0, 0.0, 0.0, 0.0, 0.0, 0.0, 0.0, 0.0, 0.0, 0.0, 0.0, 0.0, 0.0, 0.0, 0.0, 0.0, 0.0, 0.0, 0.0, 0.0, 0.0, 0.0, 0.0, 0.0, 0.0, 0.0, 0.0, 0.0, 0.0]
---
header: 
  seq: 852
  stamp: 
    secs: 1744081256
    nsecs:  93033791
  frame_id: "world"
child_frame_id: "world"
pose: 
  pose: 
    position: 
      x: 0.4607164246122352
      y: -0.018241922479843693
      z: 0.4985412551709584
    orientation: 
      x: -0.004977589729788971
      y: 0.012416127614972653
      z: 1.5606038954781223e-05
      w: 0.9999105275633327
  covariance: [0.0, 0.0, 0.0, 0.0, 0.0, 0.0, 0.0, 0.0, 0.0, 0.0, 0.0, 0.0, 0.0, 0.0, 0.0, 0.0, 0.0, 0.0, 0.0, 0.0, 0.0, 0.0, 0.0, 0.0, 0.0, 0.0, 0.0, 0.0, 0.0, 0.0, 0.0, 0.0, 0.0, 0.0, 0.0, 0.0]
twist: 
  twist: 
    linear: 
      x: -0.004993549682919433
      y: 0.04174879150133108
      z: -0.003256894578300717
    angular: 
      x: 0.0
      y: 0.0
      z: 0.0
  covariance: [0.0, 0.0, 0.0, 0.0, 0.0, 0.0, 0.0, 0.0, 0.0, 0.0, 0.0, 0.0, 0.0, 0.0, 0.0, 0.0, 0.0, 0.0, 0.0, 0.0, 0.0, 0.0, 0.0, 0.0, 0.0, 0.0, 0.0, 0.0, 0.0, 0.0, 0.0, 0.0, 0.0, 0.0, 0.0, 0.0]
---
header: 
  seq: 853
  stamp: 
    secs: 1744081256
    nsecs: 226387024
  frame_id: "world"
child_frame_id: "world"
pose: 
  pose: 
    position: 
      x: 0.4598174062004682
      y: -0.011979860200112272
      z: 0.4937522165704736
    orientation: 
      x: 0.0039372405121372986
      y: 0.00916374156784459
      z: 0.0002597833851818254
      w: 0.9999502270064347
  covariance: [0.0, 0.0, 0.0, 0.0, 0.0, 0.0, 0.0, 0.0, 0.0, 0.0, 0.0, 0.0, 0.0, 0.0, 0.0, 0.0, 0.0, 0.0, 0.0, 0.0, 0.0, 0.0, 0.0, 0.0, 0.0, 0.0, 0.0, 0.0, 0.0, 0.0, 0.0, 0.0, 0.0, 0.0, 0.0, 0.0]
twist: 
  twist: 
    linear: 
      x: 0.0031806045946180363
      y: 0.034892489101423736
      z: -0.018606892781441394
    angular: 
      x: 0.0
      y: 0.0
      z: 0.0
  covariance: [0.0, 0.0, 0.0, 0.0, 0.0, 0.0, 0.0, 0.0, 0.0, 0.0, 0.0, 0.0, 0.0, 0.0, 0.0, 0.0, 0.0, 0.0, 0.0, 0.0, 0.0, 0.0, 0.0, 0.0, 0.0, 0.0, 0.0, 0.0, 0.0, 0.0, 0.0, 0.0, 0.0, 0.0, 0.0, 0.0]
---
header: 
  seq: 854
  stamp: 
    secs: 1744081256
    nsecs: 359740496
  frame_id: "world"
child_frame_id: "world"
pose: 
  pose: 
    position: 
      x: 0.4590181809032694
      y: -0.006621117196247053
      z: 0.4886099428831282
    orientation: 
      x: 0.005793582541442465
      y: 0.006638587376150841
      z: 0.0006400880491854655
      w: 0.999960976161707
  covariance: [0.0, 0.0, 0.0, 0.0, 0.0, 0.0, 0.0, 0.0, 0.0, 0.0, 0.0, 0.0, 0.0, 0.0, 0.0, 0.0, 0.0, 0.0, 0.0, 0.0, 0.0, 0.0, 0.0, 0.0, 0.0, 0.0, 0.0, 0.0, 0.0, 0.0, 0.0, 0.0, 0.0, 0.0, 0.0, 0.0]
twist: 
  twist: 
    linear: 
      x: 0.0016311181670800633
      y: 0.014256838934259516
      z: 0.0008639000135347266
    angular: 
      x: 0.0
      y: 0.0
      z: 0.0
  covariance: [0.0, 0.0, 0.0, 0.0, 0.0, 0.0, 0.0, 0.0, 0.0, 0.0, 0.0, 0.0, 0.0, 0.0, 0.0, 0.0, 0.0, 0.0, 0.0, 0.0, 0.0, 0.0, 0.0, 0.0, 0.0, 0.0, 0.0, 0.0, 0.0, 0.0, 0.0, 0.0, 0.0, 0.0, 0.0, 0.0]
---
header: 
  seq: 855
  stamp: 
    secs: 1744081256
    nsecs: 493094206
  frame_id: "world"
child_frame_id: "world"
pose: 
  pose: 
    position: 
      x: 0.45813028959118074
      y: -0.0021735663395320154
      z: 0.4842310632707972
    orientation: 
      x: 0.0034656836178702643
      y: 0.007713214099729051
      z: 0.0012484168511786476
      w: 0.9999634677430362
  covariance: [0.0, 0.0, 0.0, 0.0, 0.0, 0.0, 0.0, 0.0, 0.0, 0.0, 0.0, 0.0, 0.0, 0.0, 0.0, 0.0, 0.0, 0.0, 0.0, 0.0, 0.0, 0.0, 0.0, 0.0, 0.0, 0.0, 0.0, 0.0, 0.0, 0.0, 0.0, 0.0, 0.0, 0.0, 0.0, 0.0]
twist: 
  twist: 
    linear: 
      x: 0.002504662083849561
      y: 0.005575491439673289
      z: 0.0003715748650205781
    angular: 
      x: 0.0
      y: 0.0
      z: 0.0
  covariance: [0.0, 0.0, 0.0, 0.0, 0.0, 0.0, 0.0, 0.0, 0.0, 0.0, 0.0, 0.0, 0.0, 0.0, 0.0, 0.0, 0.0, 0.0, 0.0, 0.0, 0.0, 0.0, 0.0, 0.0, 0.0, 0.0, 0.0, 0.0, 0.0, 0.0, 0.0, 0.0, 0.0, 0.0, 0.0, 0.0]
---
header: 
  seq: 856
  stamp: 
    secs: 1744081256
    nsecs: 626448393
  frame_id: "world"
child_frame_id: "world"
pose: 
  pose: 
    position: 
      x: 0.45696329164402566
      y: 0.0002777694569131503
      z: 0.4801535890183227
    orientation: 
      x: 0.0023624144928633545
      y: 0.008714661615401435
      z: 0.0015735144415265356
      w: 0.9999579979794128
  covariance: [0.0, 0.0, 0.0, 0.0, 0.0, 0.0, 0.0, 0.0, 0.0, 0.0, 0.0, 0.0, 0.0, 0.0, 0.0, 0.0, 0.0, 0.0, 0.0, 0.0, 0.0, 0.0, 0.0, 0.0, 0.0, 0.0, 0.0, 0.0, 0.0, 0.0, 0.0, 0.0, 0.0, 0.0, 0.0, 0.0]
twist: 
  twist: 
    linear: 
      x: -0.004541230113335919
      y: -0.0037689434100609148
      z: 0.00020094360170897288
    angular: 
      x: 0.0
      y: 0.0
      z: 0.0
  covariance: [0.0, 0.0, 0.0, 0.0, 0.0, 0.0, 0.0, 0.0, 0.0, 0.0, 0.0, 0.0, 0.0, 0.0, 0.0, 0.0, 0.0, 0.0, 0.0, 0.0, 0.0, 0.0, 0.0, 0.0, 0.0, 0.0, 0.0, 0.0, 0.0, 0.0, 0.0, 0.0, 0.0, 0.0, 0.0, 0.0]
---
header: 
  seq: 857
  stamp: 
    secs: 1744081256
    nsecs: 759803057
  frame_id: "world"
child_frame_id: "world"
pose: 
  pose: 
    position: 
      x: 0.45655005863153775
      y: -0.00042086551539010503
      z: 0.4787715048125715
    orientation: 
      x: -0.0031765950790232523
      y: 0.008066681716739466
      z: 0.0024695863482605018
      w: 0.999959368691075
  covariance: [0.0, 0.0, 0.0, 0.0, 0.0, 0.0, 0.0, 0.0, 0.0, 0.0, 0.0, 0.0, 0.0, 0.0, 0.0, 0.0, 0.0, 0.0, 0.0, 0.0, 0.0, 0.0, 0.0, 0.0, 0.0, 0.0, 0.0, 0.0, 0.0, 0.0, 0.0, 0.0, 0.0, 0.0, 0.0, 0.0]
twist: 
  twist: 
    linear: 
      x: 0.008935964674150285
      y: -0.008796316217981074
      z: 0.030434496743466065
    angular: 
      x: 0.0
      y: 0.0
      z: 0.0
  covariance: [0.0, 0.0, 0.0, 0.0, 0.0, 0.0, 0.0, 0.0, 0.0, 0.0, 0.0, 0.0, 0.0, 0.0, 0.0, 0.0, 0.0, 0.0, 0.0, 0.0, 0.0, 0.0, 0.0, 0.0, 0.0, 0.0, 0.0, 0.0, 0.0, 0.0, 0.0, 0.0, 0.0, 0.0, 0.0, 0.0]
---
header: 
  seq: 858
  stamp: 
    secs: 1744081256
    nsecs: 893157482
  frame_id: "world"
child_frame_id: "world"
pose: 
  pose: 
    position: 
      x: 0.45542456526192776
      y: -0.0003495465071208237
      z: 0.4731408827408229
    orientation: 
      x: -0.002958704318725412
      y: 0.006624577788351915
      z: 0.0022460165585087666
      w: 0.9999711578078136
  covariance: [0.0, 0.0, 0.0, 0.0, 0.0, 0.0, 0.0, 0.0, 0.0, 0.0, 0.0, 0.0, 0.0, 0.0, 0.0, 0.0, 0.0, 0.0, 0.0, 0.0, 0.0, 0.0, 0.0, 0.0, 0.0, 0.0, 0.0, 0.0, 0.0, 0.0, 0.0, 0.0, 0.0, 0.0, 0.0, 0.0]
twist: 
  twist: 
    linear: 
      x: 0.007449741339419949
      y: -0.026139325886740148
      z: 0.022270184606200977
    angular: 
      x: 0.0
      y: 0.0
      z: 0.0
  covariance: [0.0, 0.0, 0.0, 0.0, 0.0, 0.0, 0.0, 0.0, 0.0, 0.0, 0.0, 0.0, 0.0, 0.0, 0.0, 0.0, 0.0, 0.0, 0.0, 0.0, 0.0, 0.0, 0.0, 0.0, 0.0, 0.0, 0.0, 0.0, 0.0, 0.0, 0.0, 0.0, 0.0, 0.0, 0.0, 0.0]
---
header: 
  seq: 859
  stamp: 
    secs: 1744081257
    nsecs:  26499271
  frame_id: "world"
child_frame_id: "world"
pose: 
  pose: 
    position: 
      x: 0.45346705244235586
      y: 0.0008498050698825255
      z: 0.4655820608023623
    orientation: 
      x: -0.006769436168523227
      y: 0.005560981336725418
      z: 0.002174517520669731
      w: 0.9999592600171695
  covariance: [0.0, 0.0, 0.0, 0.0, 0.0, 0.0, 0.0, 0.0, 0.0, 0.0, 0.0, 0.0, 0.0, 0.0, 0.0, 0.0, 0.0, 0.0, 0.0, 0.0, 0.0, 0.0, 0.0, 0.0, 0.0, 0.0, 0.0, 0.0, 0.0, 0.0, 0.0, 0.0, 0.0, 0.0, 0.0, 0.0]
twist: 
  twist: 
    linear: 
      x: 0.003452455752797267
      y: -0.03921825482190593
      z: 0.022499116102053778
    angular: 
      x: 0.0
      y: 0.0
      z: 0.0
  covariance: [0.0, 0.0, 0.0, 0.0, 0.0, 0.0, 0.0, 0.0, 0.0, 0.0, 0.0, 0.0, 0.0, 0.0, 0.0, 0.0, 0.0, 0.0, 0.0, 0.0, 0.0, 0.0, 0.0, 0.0, 0.0, 0.0, 0.0, 0.0, 0.0, 0.0, 0.0, 0.0, 0.0, 0.0, 0.0, 0.0]
---
header: 
  seq: 860
  stamp: 
    secs: 1744081257
    nsecs: 226511240
  frame_id: "world"
child_frame_id: "world"
pose: 
  pose: 
    position: 
      x: 0.44996127943551106
      y: 0.0034280761379818503
      z: 0.456239360942905
    orientation: 
      x: -0.00718047371134417
      y: 0.008051160099850041
      z: 0.0022993196906171734
      w: 0.9999391645231661
  covariance: [0.0, 0.0, 0.0, 0.0, 0.0, 0.0, 0.0, 0.0, 0.0, 0.0, 0.0, 0.0, 0.0, 0.0, 0.0, 0.0, 0.0, 0.0, 0.0, 0.0, 0.0, 0.0, 0.0, 0.0, 0.0, 0.0, 0.0, 0.0, 0.0, 0.0, 0.0, 0.0, 0.0, 0.0, 0.0, 0.0]
twist: 
  twist: 
    linear: 
      x: -0.01589861426185399
      y: -0.002059883441104982
      z: 0.007610252078955774
    angular: 
      x: 0.0
      y: 0.0
      z: 0.0
  covariance: [0.0, 0.0, 0.0, 0.0, 0.0, 0.0, 0.0, 0.0, 0.0, 0.0, 0.0, 0.0, 0.0, 0.0, 0.0, 0.0, 0.0, 0.0, 0.0, 0.0, 0.0, 0.0, 0.0, 0.0, 0.0, 0.0, 0.0, 0.0, 0.0, 0.0, 0.0, 0.0, 0.0, 0.0, 0.0, 0.0]
---
header: 
  seq: 861
  stamp: 
    secs: 1744081257
    nsecs: 359852076
  frame_id: "world"
child_frame_id: "world"
pose: 
  pose: 
    position: 
      x: 0.4454532191993513
      y: 0.008831461156763087
      z: 0.4441714600066012
    orientation: 
      x: -0.0025280470273360595
      y: 0.011951156481667481
      z: 0.0022688411670261375
      w: 0.9999228126194227
  covariance: [0.0, 0.0, 0.0, 0.0, 0.0, 0.0, 0.0, 0.0, 0.0, 0.0, 0.0, 0.0, 0.0, 0.0, 0.0, 0.0, 0.0, 0.0, 0.0, 0.0, 0.0, 0.0, 0.0, 0.0, 0.0, 0.0, 0.0, 0.0, 0.0, 0.0, 0.0, 0.0, 0.0, 0.0, 0.0, 0.0]
twist: 
  twist: 
    linear: 
      x: -0.011160982379454327
      y: 0.0045412710161112915
      z: 0.01203658394756887
    angular: 
      x: 0.0
      y: 0.0
      z: 0.0
  covariance: [0.0, 0.0, 0.0, 0.0, 0.0, 0.0, 0.0, 0.0, 0.0, 0.0, 0.0, 0.0, 0.0, 0.0, 0.0, 0.0, 0.0, 0.0, 0.0, 0.0, 0.0, 0.0, 0.0, 0.0, 0.0, 0.0, 0.0, 0.0, 0.0, 0.0, 0.0, 0.0, 0.0, 0.0, 0.0, 0.0]
---
header: 
  seq: 862
  stamp: 
    secs: 1744081257
    nsecs: 493192911
  frame_id: "world"
child_frame_id: "world"
pose: 
  pose: 
    position: 
      x: 0.44300977341357045
      y: 0.013629703888390621
      z: 0.43818694264503577
    orientation: 
      x: 0.001253198220481749
      y: 0.015168771587159674
      z: 0.002054280237862764
      w: 0.9998820519418583
  covariance: [0.0, 0.0, 0.0, 0.0, 0.0, 0.0, 0.0, 0.0, 0.0, 0.0, 0.0, 0.0, 0.0, 0.0, 0.0, 0.0, 0.0, 0.0, 0.0, 0.0, 0.0, 0.0, 0.0, 0.0, 0.0, 0.0, 0.0, 0.0, 0.0, 0.0, 0.0, 0.0, 0.0, 0.0, 0.0, 0.0]
twist: 
  twist: 
    linear: 
      x: 0.0023885259357924763
      y: -0.008666221276244222
      z: -4.650167056120119e-05
    angular: 
      x: 0.0
      y: 0.0
      z: 0.0
  covariance: [0.0, 0.0, 0.0, 0.0, 0.0, 0.0, 0.0, 0.0, 0.0, 0.0, 0.0, 0.0, 0.0, 0.0, 0.0, 0.0, 0.0, 0.0, 0.0, 0.0, 0.0, 0.0, 0.0, 0.0, 0.0, 0.0, 0.0, 0.0, 0.0, 0.0, 0.0, 0.0, 0.0, 0.0, 0.0, 0.0]
---
header: 
  seq: 863
  stamp: 
    secs: 1744081257
    nsecs: 626533508
  frame_id: "world"
child_frame_id: "world"
pose: 
  pose: 
    position: 
      x: 0.4448976236079111
      y: 0.009421212395744765
      z: 0.44222046752338023
    orientation: 
      x: -0.0043153461890477265
      y: 0.015023169911592627
      z: 0.0017262184169291634
      w: 0.9998763435160636
  covariance: [0.0, 0.0, 0.0, 0.0, 0.0, 0.0, 0.0, 0.0, 0.0, 0.0, 0.0, 0.0, 0.0, 0.0, 0.0, 0.0, 0.0, 0.0, 0.0, 0.0, 0.0, 0.0, 0.0, 0.0, 0.0, 0.0, 0.0, 0.0, 0.0, 0.0, 0.0, 0.0, 0.0, 0.0, 0.0, 0.0]
twist: 
  twist: 
    linear: 
      x: 0.029429069918507276
      y: -0.057580155173362325
      z: 0.03855270873874849
    angular: 
      x: 0.0
      y: 0.0
      z: 0.0
  covariance: [0.0, 0.0, 0.0, 0.0, 0.0, 0.0, 0.0, 0.0, 0.0, 0.0, 0.0, 0.0, 0.0, 0.0, 0.0, 0.0, 0.0, 0.0, 0.0, 0.0, 0.0, 0.0, 0.0, 0.0, 0.0, 0.0, 0.0, 0.0, 0.0, 0.0, 0.0, 0.0, 0.0, 0.0, 0.0, 0.0]
---
header: 
  seq: 864
  stamp: 
    secs: 1744081257
    nsecs: 759874105
  frame_id: "world"
child_frame_id: "world"
pose: 
  pose: 
    position: 
      x: 0.4435096715388026
      y: 0.014770079256120703
      z: 0.4270977688182782
    orientation: 
      x: -0.010672972866576315
      y: 0.009487240180424484
      z: 0.0016248803581598926
      w: 0.9998967145099388
  covariance: [0.0, 0.0, 0.0, 0.0, 0.0, 0.0, 0.0, 0.0, 0.0, 0.0, 0.0, 0.0, 0.0, 0.0, 0.0, 0.0, 0.0, 0.0, 0.0, 0.0, 0.0, 0.0, 0.0, 0.0, 0.0, 0.0, 0.0, 0.0, 0.0, 0.0, 0.0, 0.0, 0.0, 0.0, 0.0, 0.0]
twist: 
  twist: 
    linear: 
      x: 0.022526549001579955
      y: -0.027892343162293217
      z: -0.02229405303375691
    angular: 
      x: 0.0
      y: 0.0
      z: 0.0
  covariance: [0.0, 0.0, 0.0, 0.0, 0.0, 0.0, 0.0, 0.0, 0.0, 0.0, 0.0, 0.0, 0.0, 0.0, 0.0, 0.0, 0.0, 0.0, 0.0, 0.0, 0.0, 0.0, 0.0, 0.0, 0.0, 0.0, 0.0, 0.0, 0.0, 0.0, 0.0, 0.0, 0.0, 0.0, 0.0, 0.0]
---
header: 
  seq: 865
  stamp: 
    secs: 1744081257
    nsecs: 893214464
  frame_id: "world"
child_frame_id: "world"
pose: 
  pose: 
    position: 
      x: 0.4445477465713425
      y: 0.019148760390784367
      z: 0.4190104293159935
    orientation: 
      x: -0.01463325199170151
      y: 0.004262824071745918
      z: 0.002142650938678405
      w: 0.9998815456413003
  covariance: [0.0, 0.0, 0.0, 0.0, 0.0, 0.0, 0.0, 0.0, 0.0, 0.0, 0.0, 0.0, 0.0, 0.0, 0.0, 0.0, 0.0, 0.0, 0.0, 0.0, 0.0, 0.0, 0.0, 0.0, 0.0, 0.0, 0.0, 0.0, 0.0, 0.0, 0.0, 0.0, 0.0, 0.0, 0.0, 0.0]
twist: 
  twist: 
    linear: 
      x: 0.02695237523504165
      y: -0.019522036406459848
      z: -0.0016304276930901723
    angular: 
      x: 0.0
      y: 0.0
      z: 0.0
  covariance: [0.0, 0.0, 0.0, 0.0, 0.0, 0.0, 0.0, 0.0, 0.0, 0.0, 0.0, 0.0, 0.0, 0.0, 0.0, 0.0, 0.0, 0.0, 0.0, 0.0, 0.0, 0.0, 0.0, 0.0, 0.0, 0.0, 0.0, 0.0, 0.0, 0.0, 0.0, 0.0, 0.0, 0.0, 0.0, 0.0]
---
header: 
  seq: 866
  stamp: 
    secs: 1744081258
    nsecs:  26559353
  frame_id: "world"
child_frame_id: "world"
pose: 
  pose: 
    position: 
      x: 0.4427595947568673
      y: 0.02792252699171766
      z: 0.4092157899855543
    orientation: 
      x: -0.01023897717169275
      y: 0.003133527678802326
      z: 0.0011879667810521495
      w: 0.9999419648588066
  covariance: [0.0, 0.0, 0.0, 0.0, 0.0, 0.0, 0.0, 0.0, 0.0, 0.0, 0.0, 0.0, 0.0, 0.0, 0.0, 0.0, 0.0, 0.0, 0.0, 0.0, 0.0, 0.0, 0.0, 0.0, 0.0, 0.0, 0.0, 0.0, 0.0, 0.0, 0.0, 0.0, 0.0, 0.0, 0.0, 0.0]
twist: 
  twist: 
    linear: 
      x: -0.0011046784205069034
      y: 0.04749068805051063
      z: -0.01608692906190052
    angular: 
      x: 0.0
      y: 0.0
      z: 0.0
  covariance: [0.0, 0.0, 0.0, 0.0, 0.0, 0.0, 0.0, 0.0, 0.0, 0.0, 0.0, 0.0, 0.0, 0.0, 0.0, 0.0, 0.0, 0.0, 0.0, 0.0, 0.0, 0.0, 0.0, 0.0, 0.0, 0.0, 0.0, 0.0, 0.0, 0.0, 0.0, 0.0, 0.0, 0.0, 0.0, 0.0]
---
header: 
  seq: 867
  stamp: 
    secs: 1744081258
    nsecs: 159904480
  frame_id: "world"
child_frame_id: "world"
pose: 
  pose: 
    position: 
      x: 0.4370900175446766
      y: 0.04059426119390658
      z: 0.40515852867737684
    orientation: 
      x: 0.007573305835475683
      y: 0.008894555210005298
      z: 0.0006701683812066746
      w: 0.9999315390568894
  covariance: [0.0, 0.0, 0.0, 0.0, 0.0, 0.0, 0.0, 0.0, 0.0, 0.0, 0.0, 0.0, 0.0, 0.0, 0.0, 0.0, 0.0, 0.0, 0.0, 0.0, 0.0, 0.0, 0.0, 0.0, 0.0, 0.0, 0.0, 0.0, 0.0, 0.0, 0.0, 0.0, 0.0, 0.0, 0.0, 0.0]
twist: 
  twist: 
    linear: 
      x: -0.01465579116012377
      y: 0.047999576381012
      z: 0.029944946682786397
    angular: 
      x: 0.0
      y: 0.0
      z: 0.0
  covariance: [0.0, 0.0, 0.0, 0.0, 0.0, 0.0, 0.0, 0.0, 0.0, 0.0, 0.0, 0.0, 0.0, 0.0, 0.0, 0.0, 0.0, 0.0, 0.0, 0.0, 0.0, 0.0, 0.0, 0.0, 0.0, 0.0, 0.0, 0.0, 0.0, 0.0, 0.0, 0.0, 0.0, 0.0, 0.0, 0.0]
---
header: 
  seq: 868
  stamp: 
    secs: 1744081258
    nsecs: 293249846
  frame_id: "world"
child_frame_id: "world"
pose: 
  pose: 
    position: 
      x: 0.4321218283662053
      y: 0.04662378479089371
      z: 0.407867151991923
    orientation: 
      x: 0.01582102460331777
      y: 0.013107908450585579
      z: 0.0003182608340525957
      w: 0.9997888660245191
  covariance: [0.0, 0.0, 0.0, 0.0, 0.0, 0.0, 0.0, 0.0, 0.0, 0.0, 0.0, 0.0, 0.0, 0.0, 0.0, 0.0, 0.0, 0.0, 0.0, 0.0, 0.0, 0.0, 0.0, 0.0, 0.0, 0.0, 0.0, 0.0, 0.0, 0.0, 0.0, 0.0, 0.0, 0.0, 0.0, 0.0]
twist: 
  twist: 
    linear: 
      x: -0.026518250597160842
      y: 0.03034686706599453
      z: 0.05521424280367649
    angular: 
      x: 0.0
      y: 0.0
      z: 0.0
  covariance: [0.0, 0.0, 0.0, 0.0, 0.0, 0.0, 0.0, 0.0, 0.0, 0.0, 0.0, 0.0, 0.0, 0.0, 0.0, 0.0, 0.0, 0.0, 0.0, 0.0, 0.0, 0.0, 0.0, 0.0, 0.0, 0.0, 0.0, 0.0, 0.0, 0.0, 0.0, 0.0, 0.0, 0.0, 0.0, 0.0]
---
header: 
  seq: 869
  stamp: 
    secs: 1744081258
    nsecs: 426594973
  frame_id: "world"
child_frame_id: "world"
pose: 
  pose: 
    position: 
      x: 0.42836529440927246
      y: 0.04867781349487402
      z: 0.41460371815008223
    orientation: 
      x: 0.01210276949773327
      y: 0.017267186665673676
      z: 0.00039297764168455014
      w: 0.9997775816668979
  covariance: [0.0, 0.0, 0.0, 0.0, 0.0, 0.0, 0.0, 0.0, 0.0, 0.0, 0.0, 0.0, 0.0, 0.0, 0.0, 0.0, 0.0, 0.0, 0.0, 0.0, 0.0, 0.0, 0.0, 0.0, 0.0, 0.0, 0.0, 0.0, 0.0, 0.0, 0.0, 0.0, 0.0, 0.0, 0.0, 0.0]
twist: 
  twist: 
    linear: 
      x: -0.01261342286406446
      y: 0.008563754560856222
      z: 0.06159710546062742
    angular: 
      x: 0.0
      y: 0.0
      z: 0.0
  covariance: [0.0, 0.0, 0.0, 0.0, 0.0, 0.0, 0.0, 0.0, 0.0, 0.0, 0.0, 0.0, 0.0, 0.0, 0.0, 0.0, 0.0, 0.0, 0.0, 0.0, 0.0, 0.0, 0.0, 0.0, 0.0, 0.0, 0.0, 0.0, 0.0, 0.0, 0.0, 0.0, 0.0, 0.0, 0.0, 0.0]
---
header: 
  seq: 870
  stamp: 
    secs: 1744081258
    nsecs: 559940100
  frame_id: "world"
child_frame_id: "world"
pose: 
  pose: 
    position: 
      x: 0.4277108753324114
      y: 0.04420067290499749
      z: 0.42032325129901643
    orientation: 
      x: 0.009467217085088252
      y: 0.015967421315252323
      z: 0.001082118578273778
      w: 0.9998271061921593
  covariance: [0.0, 0.0, 0.0, 0.0, 0.0, 0.0, 0.0, 0.0, 0.0, 0.0, 0.0, 0.0, 0.0, 0.0, 0.0, 0.0, 0.0, 0.0, 0.0, 0.0, 0.0, 0.0, 0.0, 0.0, 0.0, 0.0, 0.0, 0.0, 0.0, 0.0, 0.0, 0.0, 0.0, 0.0, 0.0, 0.0]
twist: 
  twist: 
    linear: 
      x: -0.0006690893665554489
      y: -0.030745919470131763
      z: 0.05588035928874294
    angular: 
      x: 0.0
      y: 0.0
      z: 0.0
  covariance: [0.0, 0.0, 0.0, 0.0, 0.0, 0.0, 0.0, 0.0, 0.0, 0.0, 0.0, 0.0, 0.0, 0.0, 0.0, 0.0, 0.0, 0.0, 0.0, 0.0, 0.0, 0.0, 0.0, 0.0, 0.0, 0.0, 0.0, 0.0, 0.0, 0.0, 0.0, 0.0, 0.0, 0.0, 0.0, 0.0]
---
header: 
  seq: 871
  stamp: 
    secs: 1744081258
    nsecs: 693285227
  frame_id: "world"
child_frame_id: "world"
pose: 
  pose: 
    position: 
      x: 0.4280629179300075
      y: 0.03671479354066781
      z: 0.4264539681628246
    orientation: 
      x: 0.008989350741298063
      y: 0.01368792950856161
      z: 0.0010039836955070215
      w: 0.9998654030297066
  covariance: [0.0, 0.0, 0.0, 0.0, 0.0, 0.0, 0.0, 0.0, 0.0, 0.0, 0.0, 0.0, 0.0, 0.0, 0.0, 0.0, 0.0, 0.0, 0.0, 0.0, 0.0, 0.0, 0.0, 0.0, 0.0, 0.0, 0.0, 0.0, 0.0, 0.0, 0.0, 0.0, 0.0, 0.0, 0.0, 0.0]
twist: 
  twist: 
    linear: 
      x: 0.009016492431874884
      y: -0.06259636389949683
      z: 0.06859382038920393
    angular: 
      x: 0.0
      y: 0.0
      z: 0.0
  covariance: [0.0, 0.0, 0.0, 0.0, 0.0, 0.0, 0.0, 0.0, 0.0, 0.0, 0.0, 0.0, 0.0, 0.0, 0.0, 0.0, 0.0, 0.0, 0.0, 0.0, 0.0, 0.0, 0.0, 0.0, 0.0, 0.0, 0.0, 0.0, 0.0, 0.0, 0.0, 0.0, 0.0, 0.0, 0.0, 0.0]
---
header: 
  seq: 872
  stamp: 
    secs: 1744081258
    nsecs: 826630354
  frame_id: "world"
child_frame_id: "world"
pose: 
  pose: 
    position: 
      x: 0.43134044545686057
      y: 0.018964537260545634
      z: 0.4336097093494867
    orientation: 
      x: 0.0021488040795474995
      y: 0.012482645337997138
      z: 0.03256177931241927
      w: 0.9993894619888699
  covariance: [0.0, 0.0, 0.0, 0.0, 0.0, 0.0, 0.0, 0.0, 0.0, 0.0, 0.0, 0.0, 0.0, 0.0, 0.0, 0.0, 0.0, 0.0, 0.0, 0.0, 0.0, 0.0, 0.0, 0.0, 0.0, 0.0, 0.0, 0.0, 0.0, 0.0, 0.0, 0.0, 0.0, 0.0, 0.0, 0.0]
twist: 
  twist: 
    linear: 
      x: 0.012326493683270502
      y: -0.01651744588313015
      z: 0.06531580884839841
    angular: 
      x: 0.0
      y: 0.0
      z: 0.0
  covariance: [0.0, 0.0, 0.0, 0.0, 0.0, 0.0, 0.0, 0.0, 0.0, 0.0, 0.0, 0.0, 0.0, 0.0, 0.0, 0.0, 0.0, 0.0, 0.0, 0.0, 0.0, 0.0, 0.0, 0.0, 0.0, 0.0, 0.0, 0.0, 0.0, 0.0, 0.0, 0.0, 0.0, 0.0, 0.0, 0.0]
---
header: 
  seq: 873
  stamp: 
    secs: 1744081258
    nsecs: 959975004
  frame_id: "world"
child_frame_id: "world"
pose: 
  pose: 
    position: 
      x: 0.4311171940845803
      y: 0.01321415640688663
      z: 0.444564916393757
    orientation: 
      x: 0.0027643008283198545
      y: 0.006368906305435842
      z: 0.22765597234908064
      w: 0.9737168756508217
  covariance: [0.0, 0.0, 0.0, 0.0, 0.0, 0.0, 0.0, 0.0, 0.0, 0.0, 0.0, 0.0, 0.0, 0.0, 0.0, 0.0, 0.0, 0.0, 0.0, 0.0, 0.0, 0.0, 0.0, 0.0, 0.0, 0.0, 0.0, 0.0, 0.0, 0.0, 0.0, 0.0, 0.0, 0.0, 0.0, 0.0]
twist: 
  twist: 
    linear: 
      x: -0.045858498154288864
      y: 0.021615346891588165
      z: 0.04871729078937235
    angular: 
      x: 0.0
      y: 0.0
      z: 0.0
  covariance: [0.0, 0.0, 0.0, 0.0, 0.0, 0.0, 0.0, 0.0, 0.0, 0.0, 0.0, 0.0, 0.0, 0.0, 0.0, 0.0, 0.0, 0.0, 0.0, 0.0, 0.0, 0.0, 0.0, 0.0, 0.0, 0.0, 0.0, 0.0, 0.0, 0.0, 0.0, 0.0, 0.0, 0.0, 0.0, 0.0]
---
header: 
  seq: 874
  stamp: 
    secs: 1744081259
    nsecs:  93320131
  frame_id: "world"
child_frame_id: "world"
pose: 
  pose: 
    position: 
      x: 0.4249835447222565
      y: 0.013792207430388892
      z: 0.4441032676151746
    orientation: 
      x: 0.0019888746968353068
      y: 0.013802270588399284
      z: 0.39350477534851747
      w: 0.9192168043948923
  covariance: [0.0, 0.0, 0.0, 0.0, 0.0, 0.0, 0.0, 0.0, 0.0, 0.0, 0.0, 0.0, 0.0, 0.0, 0.0, 0.0, 0.0, 0.0, 0.0, 0.0, 0.0, 0.0, 0.0, 0.0, 0.0, 0.0, 0.0, 0.0, 0.0, 0.0, 0.0, 0.0, 0.0, 0.0, 0.0, 0.0]
twist: 
  twist: 
    linear: 
      x: -0.060739341319411146
      y: -0.014541718017383541
      z: -0.04760679965718563
    angular: 
      x: 0.0
      y: 0.0
      z: 0.0
  covariance: [0.0, 0.0, 0.0, 0.0, 0.0, 0.0, 0.0, 0.0, 0.0, 0.0, 0.0, 0.0, 0.0, 0.0, 0.0, 0.0, 0.0, 0.0, 0.0, 0.0, 0.0, 0.0, 0.0, 0.0, 0.0, 0.0, 0.0, 0.0, 0.0, 0.0, 0.0, 0.0, 0.0, 0.0, 0.0, 0.0]
---
header: 
  seq: 875
  stamp: 
    secs: 1744081259
    nsecs: 226665020
  frame_id: "world"
child_frame_id: "world"
pose: 
  pose: 
    position: 
      x: 0.4184440108935143
      y: 0.009662115822481297
      z: 0.43850447334576864
    orientation: 
      x: 0.00224195935535631
      y: 0.017126491528289555
      z: 0.5061800508819041
      w: 0.8622548422568431
  covariance: [0.0, 0.0, 0.0, 0.0, 0.0, 0.0, 0.0, 0.0, 0.0, 0.0, 0.0, 0.0, 0.0, 0.0, 0.0, 0.0, 0.0, 0.0, 0.0, 0.0, 0.0, 0.0, 0.0, 0.0, 0.0, 0.0, 0.0, 0.0, 0.0, 0.0, 0.0, 0.0, 0.0, 0.0, 0.0, 0.0]
twist: 
  twist: 
    linear: 
      x: -0.03192682633800306
      y: -0.05016702700265243
      z: -0.05545118759043845
    angular: 
      x: 0.0
      y: 0.0
      z: 0.0
  covariance: [0.0, 0.0, 0.0, 0.0, 0.0, 0.0, 0.0, 0.0, 0.0, 0.0, 0.0, 0.0, 0.0, 0.0, 0.0, 0.0, 0.0, 0.0, 0.0, 0.0, 0.0, 0.0, 0.0, 0.0, 0.0, 0.0, 0.0, 0.0, 0.0, 0.0, 0.0, 0.0, 0.0, 0.0, 0.0, 0.0]
---
header: 
  seq: 876
  stamp: 
    secs: 1744081259
    nsecs: 360011101
  frame_id: "world"
child_frame_id: "world"
pose: 
  pose: 
    position: 
      x: 0.41323272282725104
      y: 0.0066759569979693775
      z: 0.4312765470004525
    orientation: 
      x: -0.006537899151652428
      y: 0.015578588784513594
      z: 0.5773271763973544
      w: 0.816338100813152
  covariance: [0.0, 0.0, 0.0, 0.0, 0.0, 0.0, 0.0, 0.0, 0.0, 0.0, 0.0, 0.0, 0.0, 0.0, 0.0, 0.0, 0.0, 0.0, 0.0, 0.0, 0.0, 0.0, 0.0, 0.0, 0.0, 0.0, 0.0, 0.0, 0.0, 0.0, 0.0, 0.0, 0.0, 0.0, 0.0, 0.0]
twist: 
  twist: 
    linear: 
      x: -0.013170919061498117
      y: -0.040249086835770345
      z: -0.047244158089917596
    angular: 
      x: 0.0
      y: 0.0
      z: 0.0
  covariance: [0.0, 0.0, 0.0, 0.0, 0.0, 0.0, 0.0, 0.0, 0.0, 0.0, 0.0, 0.0, 0.0, 0.0, 0.0, 0.0, 0.0, 0.0, 0.0, 0.0, 0.0, 0.0, 0.0, 0.0, 0.0, 0.0, 0.0, 0.0, 0.0, 0.0, 0.0, 0.0, 0.0, 0.0, 0.0, 0.0]
---
header: 
  seq: 877
  stamp: 
    secs: 1744081259
    nsecs: 493355989
  frame_id: "world"
child_frame_id: "world"
pose: 
  pose: 
    position: 
      x: 0.4059295820280149
      y: 0.012578332116741996
      z: 0.4288926355108961
    orientation: 
      x: -0.012389591096599805
      y: 0.011332561306345725
      z: 0.6204940527540034
      w: 0.7840313779330577
  covariance: [0.0, 0.0, 0.0, 0.0, 0.0, 0.0, 0.0, 0.0, 0.0, 0.0, 0.0, 0.0, 0.0, 0.0, 0.0, 0.0, 0.0, 0.0, 0.0, 0.0, 0.0, 0.0, 0.0, 0.0, 0.0, 0.0, 0.0, 0.0, 0.0, 0.0, 0.0, 0.0, 0.0, 0.0, 0.0, 0.0]
twist: 
  twist: 
    linear: 
      x: -0.009337735362374405
      y: 0.001302977580077115
      z: -0.02705615052565125
    angular: 
      x: 0.0
      y: 0.0
      z: 0.0
  covariance: [0.0, 0.0, 0.0, 0.0, 0.0, 0.0, 0.0, 0.0, 0.0, 0.0, 0.0, 0.0, 0.0, 0.0, 0.0, 0.0, 0.0, 0.0, 0.0, 0.0, 0.0, 0.0, 0.0, 0.0, 0.0, 0.0, 0.0, 0.0, 0.0, 0.0, 0.0, 0.0, 0.0, 0.0, 0.0, 0.0]
---
header: 
  seq: 878
  stamp: 
    secs: 1744081259
    nsecs: 626701117
  frame_id: "world"
child_frame_id: "world"
pose: 
  pose: 
    position: 
      x: 0.3876543599913013
      y: 0.036675862430806956
      z: 0.43824589478319886
    orientation: 
      x: -0.01641630638720911
      y: 0.005869471348002269
      z: 0.6473460967970984
      w: 0.7619967750274657
  covariance: [0.0, 0.0, 0.0, 0.0, 0.0, 0.0, 0.0, 0.0, 0.0, 0.0, 0.0, 0.0, 0.0, 0.0, 0.0, 0.0, 0.0, 0.0, 0.0, 0.0, 0.0, 0.0, 0.0, 0.0, 0.0, 0.0, 0.0, 0.0, 0.0, 0.0, 0.0, 0.0, 0.0, 0.0, 0.0, 0.0]
twist: 
  twist: 
    linear: 
      x: -0.06847263961849429
      y: 0.0861323462427121
      z: -0.008028945584306266
    angular: 
      x: 0.0
      y: 0.0
      z: 0.0
  covariance: [0.0, 0.0, 0.0, 0.0, 0.0, 0.0, 0.0, 0.0, 0.0, 0.0, 0.0, 0.0, 0.0, 0.0, 0.0, 0.0, 0.0, 0.0, 0.0, 0.0, 0.0, 0.0, 0.0, 0.0, 0.0, 0.0, 0.0, 0.0, 0.0, 0.0, 0.0, 0.0, 0.0, 0.0, 0.0, 0.0]
---
header: 
  seq: 879
  stamp: 
    secs: 1744081259
    nsecs: 760046244
  frame_id: "world"
child_frame_id: "world"
pose: 
  pose: 
    position: 
      x: 0.37498302711202613
      y: 0.07589046852771822
      z: 0.4450619811895731
    orientation: 
      x: -0.008875251090859506
      y: 0.004531825105843339
      z: 0.6663258606651167
      w: 0.7455940852019788
  covariance: [0.0, 0.0, 0.0, 0.0, 0.0, 0.0, 0.0, 0.0, 0.0, 0.0, 0.0, 0.0, 0.0, 0.0, 0.0, 0.0, 0.0, 0.0, 0.0, 0.0, 0.0, 0.0, 0.0, 0.0, 0.0, 0.0, 0.0, 0.0, 0.0, 0.0, 0.0, 0.0, 0.0, 0.0, 0.0, 0.0]
twist: 
  twist: 
    linear: 
      x: -0.10254824394112237
      y: 0.17733114646866704
      z: 0.04484334898868428
    angular: 
      x: 0.0
      y: 0.0
      z: 0.0
  covariance: [0.0, 0.0, 0.0, 0.0, 0.0, 0.0, 0.0, 0.0, 0.0, 0.0, 0.0, 0.0, 0.0, 0.0, 0.0, 0.0, 0.0, 0.0, 0.0, 0.0, 0.0, 0.0, 0.0, 0.0, 0.0, 0.0, 0.0, 0.0, 0.0, 0.0, 0.0, 0.0, 0.0, 0.0, 0.0, 0.0]
---
header: 
  seq: 880
  stamp: 
    secs: 1744081259
    nsecs: 893391371
  frame_id: "world"
child_frame_id: "world"
pose: 
  pose: 
    position: 
      x: 0.36194770271626425
      y: 0.11110230976768547
      z: 0.4466744677239748
    orientation: 
      x: 0.01723905908683967
      y: 0.0061655700674962425
      z: 0.6815731165500625
      w: 0.7315209411792518
  covariance: [0.0, 0.0, 0.0, 0.0, 0.0, 0.0, 0.0, 0.0, 0.0, 0.0, 0.0, 0.0, 0.0, 0.0, 0.0, 0.0, 0.0, 0.0, 0.0, 0.0, 0.0, 0.0, 0.0, 0.0, 0.0, 0.0, 0.0, 0.0, 0.0, 0.0, 0.0, 0.0, 0.0, 0.0, 0.0, 0.0]
twist: 
  twist: 
    linear: 
      x: -0.09790352216056611
      y: 0.19797722868314208
      z: 0.0020241436811444455
    angular: 
      x: 0.0
      y: 0.0
      z: 0.0
  covariance: [0.0, 0.0, 0.0, 0.0, 0.0, 0.0, 0.0, 0.0, 0.0, 0.0, 0.0, 0.0, 0.0, 0.0, 0.0, 0.0, 0.0, 0.0, 0.0, 0.0, 0.0, 0.0, 0.0, 0.0, 0.0, 0.0, 0.0, 0.0, 0.0, 0.0, 0.0, 0.0, 0.0, 0.0, 0.0, 0.0]
---
header: 
  seq: 881
  stamp: 
    secs: 1744081260
    nsecs:  26735544
  frame_id: "world"
child_frame_id: "world"
pose: 
  pose: 
    position: 
      x: 0.3510287199477653
      y: 0.14444760104112542
      z: 0.4424817046487584
    orientation: 
      x: 0.03672634293418694
      y: -0.0011726508269558561
      z: 0.6937397513239938
      w: 0.7192878130885034
  covariance: [0.0, 0.0, 0.0, 0.0, 0.0, 0.0, 0.0, 0.0, 0.0, 0.0, 0.0, 0.0, 0.0, 0.0, 0.0, 0.0, 0.0, 0.0, 0.0, 0.0, 0.0, 0.0, 0.0, 0.0, 0.0, 0.0, 0.0, 0.0, 0.0, 0.0, 0.0, 0.0, 0.0, 0.0, 0.0, 0.0]
twist: 
  twist: 
    linear: 
      x: -0.06903050237137064
      y: 0.16906548590891837
      z: -0.04155245708912339
    angular: 
      x: 0.0
      y: 0.0
      z: 0.0
  covariance: [0.0, 0.0, 0.0, 0.0, 0.0, 0.0, 0.0, 0.0, 0.0, 0.0, 0.0, 0.0, 0.0, 0.0, 0.0, 0.0, 0.0, 0.0, 0.0, 0.0, 0.0, 0.0, 0.0, 0.0, 0.0, 0.0, 0.0, 0.0, 0.0, 0.0, 0.0, 0.0, 0.0, 0.0, 0.0, 0.0]
---
header: 
  seq: 882
  stamp: 
    secs: 1744081260
    nsecs: 161075830
  frame_id: "world"
child_frame_id: "world"
pose: 
  pose: 
    position: 
      x: 0.3437829252793326
      y: 0.17027496421148489
      z: 0.43350531996710995
    orientation: 
      x: 0.036533706489114345
      y: -0.005314523487419178
      z: 0.7043485718220437
      w: 0.7088935981531478
  covariance: [0.0, 0.0, 0.0, 0.0, 0.0, 0.0, 0.0, 0.0, 0.0, 0.0, 0.0, 0.0, 0.0, 0.0, 0.0, 0.0, 0.0, 0.0, 0.0, 0.0, 0.0, 0.0, 0.0, 0.0, 0.0, 0.0, 0.0, 0.0, 0.0, 0.0, 0.0, 0.0, 0.0, 0.0, 0.0, 0.0]
twist: 
  twist: 
    linear: 
      x: -0.023726738729389872
      y: 0.12779535826892421
      z: -0.07557817771818781
    angular: 
      x: 0.0
      y: 0.0
      z: 0.0
  covariance: [0.0, 0.0, 0.0, 0.0, 0.0, 0.0, 0.0, 0.0, 0.0, 0.0, 0.0, 0.0, 0.0, 0.0, 0.0, 0.0, 0.0, 0.0, 0.0, 0.0, 0.0, 0.0, 0.0, 0.0, 0.0, 0.0, 0.0, 0.0, 0.0, 0.0, 0.0, 0.0, 0.0, 0.0, 0.0, 0.0]
---
header: 
  seq: 883
  stamp: 
    secs: 1744081260
    nsecs: 295441866
  frame_id: "world"
child_frame_id: "world"
pose: 
  pose: 
    position: 
      x: 0.34272850546198097
      y: 0.1906839521461491
      z: 0.43145675129496736
    orientation: 
      x: 0.025631865879096116
      y: -0.0034123676292774872
      z: 0.7131668388838144
      w: 0.7005172539739375
  covariance: [0.0, 0.0, 0.0, 0.0, 0.0, 0.0, 0.0, 0.0, 0.0, 0.0, 0.0, 0.0, 0.0, 0.0, 0.0, 0.0, 0.0, 0.0, 0.0, 0.0, 0.0, 0.0, 0.0, 0.0, 0.0, 0.0, 0.0, 0.0, 0.0, 0.0, 0.0, 0.0, 0.0, 0.0, 0.0, 0.0]
twist: 
  twist: 
    linear: 
      x: 0.03386349413490837
      y: 0.08951616575291335
      z: -0.03239562929252864
    angular: 
      x: 0.0
      y: 0.0
      z: 0.0
  covariance: [0.0, 0.0, 0.0, 0.0, 0.0, 0.0, 0.0, 0.0, 0.0, 0.0, 0.0, 0.0, 0.0, 0.0, 0.0, 0.0, 0.0, 0.0, 0.0, 0.0, 0.0, 0.0, 0.0, 0.0, 0.0, 0.0, 0.0, 0.0, 0.0, 0.0, 0.0, 0.0, 0.0, 0.0, 0.0, 0.0]
---
header: 
  seq: 884
  stamp: 
    secs: 1744081260
    nsecs: 429832935
  frame_id: "world"
child_frame_id: "world"
pose: 
  pose: 
    position: 
      x: 0.34601825538707903
      y: 0.20859138023844054
      z: 0.4317559647835142
    orientation: 
      x: 0.009436782433323174
      y: -0.0049588828978660284
      z: 0.720759809135649
      w: 0.6931029174317868
  covariance: [0.0, 0.0, 0.0, 0.0, 0.0, 0.0, 0.0, 0.0, 0.0, 0.0, 0.0, 0.0, 0.0, 0.0, 0.0, 0.0, 0.0, 0.0, 0.0, 0.0, 0.0, 0.0, 0.0, 0.0, 0.0, 0.0, 0.0, 0.0, 0.0, 0.0, 0.0, 0.0, 0.0, 0.0, 0.0, 0.0]
twist: 
  twist: 
    linear: 
      x: 0.05524310539174895
      y: 0.08290579019864829
      z: -0.015927823138168856
    angular: 
      x: 0.0
      y: 0.0
      z: 0.0
  covariance: [0.0, 0.0, 0.0, 0.0, 0.0, 0.0, 0.0, 0.0, 0.0, 0.0, 0.0, 0.0, 0.0, 0.0, 0.0, 0.0, 0.0, 0.0, 0.0, 0.0, 0.0, 0.0, 0.0, 0.0, 0.0, 0.0, 0.0, 0.0, 0.0, 0.0, 0.0, 0.0, 0.0, 0.0, 0.0, 0.0]
---
header: 
  seq: 885
  stamp: 
    secs: 1744081260
    nsecs: 564249516
  frame_id: "world"
child_frame_id: "world"
pose: 
  pose: 
    position: 
      x: 0.3505903514577977
      y: 0.22621267283397054
      z: 0.4403089855160921
    orientation: 
      x: -0.000774484552433733
      y: -0.008430083998595685
      z: 0.7278572805266715
      w: 0.6856763909030068
  covariance: [0.0, 0.0, 0.0, 0.0, 0.0, 0.0, 0.0, 0.0, 0.0, 0.0, 0.0, 0.0, 0.0, 0.0, 0.0, 0.0, 0.0, 0.0, 0.0, 0.0, 0.0, 0.0, 0.0, 0.0, 0.0, 0.0, 0.0, 0.0, 0.0, 0.0, 0.0, 0.0, 0.0, 0.0, 0.0, 0.0]
twist: 
  twist: 
    linear: 
      x: 0.04778643066580272
      y: 0.09631301590088638
      z: 0.025523218521943444
    angular: 
      x: 0.0
      y: 0.0
      z: 0.0
  covariance: [0.0, 0.0, 0.0, 0.0, 0.0, 0.0, 0.0, 0.0, 0.0, 0.0, 0.0, 0.0, 0.0, 0.0, 0.0, 0.0, 0.0, 0.0, 0.0, 0.0, 0.0, 0.0, 0.0, 0.0, 0.0, 0.0, 0.0, 0.0, 0.0, 0.0, 0.0, 0.0, 0.0, 0.0, 0.0, 0.0]
---
header: 
  seq: 886
  stamp: 
    secs: 1744081260
    nsecs: 698691130
  frame_id: "world"
child_frame_id: "world"
pose: 
  pose: 
    position: 
      x: 0.35207649204290015
      y: 0.2419614346454889
      z: 0.44847985247024363
    orientation: 
      x: -0.002634187318224966
      y: -0.011016272521952891
      z: 0.7355510367194293
      w: 0.6773746195259073
  covariance: [0.0, 0.0, 0.0, 0.0, 0.0, 0.0, 0.0, 0.0, 0.0, 0.0, 0.0, 0.0, 0.0, 0.0, 0.0, 0.0, 0.0, 0.0, 0.0, 0.0, 0.0, 0.0, 0.0, 0.0, 0.0, 0.0, 0.0, 0.0, 0.0, 0.0, 0.0, 0.0, 0.0, 0.0, 0.0, 0.0]
twist: 
  twist: 
    linear: 
      x: 0.021140067118735697
      y: 0.10833646828103789
      z: 0.015729133225297152
    angular: 
      x: 0.0
      y: 0.0
      z: 0.0
  covariance: [0.0, 0.0, 0.0, 0.0, 0.0, 0.0, 0.0, 0.0, 0.0, 0.0, 0.0, 0.0, 0.0, 0.0, 0.0, 0.0, 0.0, 0.0, 0.0, 0.0, 0.0, 0.0, 0.0, 0.0, 0.0, 0.0, 0.0, 0.0, 0.0, 0.0, 0.0, 0.0, 0.0, 0.0, 0.0, 0.0]
---
header: 
  seq: 887
  stamp: 
    secs: 1744081260
    nsecs: 833158493
  frame_id: "world"
child_frame_id: "world"
pose: 
  pose: 
    position: 
      x: 0.35223160949276067
      y: 0.25567073997281586
      z: 0.45356341669343736
    orientation: 
      x: 0.0025072910421992446
      y: -0.008404778582350052
      z: 0.7441545727266545
      w: 0.6679498821607962
  covariance: [0.0, 0.0, 0.0, 0.0, 0.0, 0.0, 0.0, 0.0, 0.0, 0.0, 0.0, 0.0, 0.0, 0.0, 0.0, 0.0, 0.0, 0.0, 0.0, 0.0, 0.0, 0.0, 0.0, 0.0, 0.0, 0.0, 0.0, 0.0, 0.0, 0.0, 0.0, 0.0, 0.0, 0.0, 0.0, 0.0]
twist: 
  twist: 
    linear: 
      x: 0.010285098718195303
      y: 0.1107104648663179
      z: 0.028116953882532856
    angular: 
      x: 0.0
      y: 0.0
      z: 0.0
  covariance: [0.0, 0.0, 0.0, 0.0, 0.0, 0.0, 0.0, 0.0, 0.0, 0.0, 0.0, 0.0, 0.0, 0.0, 0.0, 0.0, 0.0, 0.0, 0.0, 0.0, 0.0, 0.0, 0.0, 0.0, 0.0, 0.0, 0.0, 0.0, 0.0, 0.0, 0.0, 0.0, 0.0, 0.0, 0.0, 0.0]
---
header: 
  seq: 888
  stamp: 
    secs: 1744081260
    nsecs: 967650652
  frame_id: "world"
child_frame_id: "world"
pose: 
  pose: 
    position: 
      x: 0.35165568599621266
      y: 0.2701862664412964
      z: 0.45756770683677356
    orientation: 
      x: -0.0009340695776373899
      y: -0.010174244830519793
      z: 0.7538951694408711
      w: 0.6569152804965593
  covariance: [0.0, 0.0, 0.0, 0.0, 0.0, 0.0, 0.0, 0.0, 0.0, 0.0, 0.0, 0.0, 0.0, 0.0, 0.0, 0.0, 0.0, 0.0, 0.0, 0.0, 0.0, 0.0, 0.0, 0.0, 0.0, 0.0, 0.0, 0.0, 0.0, 0.0, 0.0, 0.0, 0.0, 0.0, 0.0, 0.0]
twist: 
  twist: 
    linear: 
      x: 0.01316903241490621
      y: 0.11866612822337584
      z: 0.02138365456060663
    angular: 
      x: 0.0
      y: 0.0
      z: 0.0
  covariance: [0.0, 0.0, 0.0, 0.0, 0.0, 0.0, 0.0, 0.0, 0.0, 0.0, 0.0, 0.0, 0.0, 0.0, 0.0, 0.0, 0.0, 0.0, 0.0, 0.0, 0.0, 0.0, 0.0, 0.0, 0.0, 0.0, 0.0, 0.0, 0.0, 0.0, 0.0, 0.0, 0.0, 0.0, 0.0, 0.0]
---
header: 
  seq: 889
  stamp: 
    secs: 1744081261
    nsecs: 101320267
  frame_id: "world"
child_frame_id: "world"
pose: 
  pose: 
    position: 
      x: 0.3492873734389852
      y: 0.28397872536501334
      z: 0.458414584826065
    orientation: 
      x: -0.004084564227452876
      y: -0.008721514688384755
      z: 0.7648871201966093
      w: 0.6440923418842598
  covariance: [0.0, 0.0, 0.0, 0.0, 0.0, 0.0, 0.0, 0.0, 0.0, 0.0, 0.0, 0.0, 0.0, 0.0, 0.0, 0.0, 0.0, 0.0, 0.0, 0.0, 0.0, 0.0, 0.0, 0.0, 0.0, 0.0, 0.0, 0.0, 0.0, 0.0, 0.0, 0.0, 0.0, 0.0, 0.0, 0.0]
twist: 
  twist: 
    linear: 
      x: -0.0029692632993485587
      y: 0.10834728465338325
      z: 0.010915188146659462
    angular: 
      x: 0.0
      y: 0.0
      z: 0.0
  covariance: [0.0, 0.0, 0.0, 0.0, 0.0, 0.0, 0.0, 0.0, 0.0, 0.0, 0.0, 0.0, 0.0, 0.0, 0.0, 0.0, 0.0, 0.0, 0.0, 0.0, 0.0, 0.0, 0.0, 0.0, 0.0, 0.0, 0.0, 0.0, 0.0, 0.0, 0.0, 0.0, 0.0, 0.0, 0.0, 0.0]
---
header: 
  seq: 890
  stamp: 
    secs: 1744081261
    nsecs: 234591961
  frame_id: "world"
child_frame_id: "world"
pose: 
  pose: 
    position: 
      x: 0.34334408783354237
      y: 0.2977592888007191
      z: 0.4554989250857125
    orientation: 
      x: -0.009580402958511125
      y: -0.006633444521686318
      z: 0.7769323801545482
      w: 0.6294762028546586
  covariance: [0.0, 0.0, 0.0, 0.0, 0.0, 0.0, 0.0, 0.0, 0.0, 0.0, 0.0, 0.0, 0.0, 0.0, 0.0, 0.0, 0.0, 0.0, 0.0, 0.0, 0.0, 0.0, 0.0, 0.0, 0.0, 0.0, 0.0, 0.0, 0.0, 0.0, 0.0, 0.0, 0.0, 0.0, 0.0, 0.0]
twist: 
  twist: 
    linear: 
      x: -0.03157234200484221
      y: 0.1187819495610372
      z: -0.03510641730085736
    angular: 
      x: 0.0
      y: 0.0
      z: 0.0
  covariance: [0.0, 0.0, 0.0, 0.0, 0.0, 0.0, 0.0, 0.0, 0.0, 0.0, 0.0, 0.0, 0.0, 0.0, 0.0, 0.0, 0.0, 0.0, 0.0, 0.0, 0.0, 0.0, 0.0, 0.0, 0.0, 0.0, 0.0, 0.0, 0.0, 0.0, 0.0, 0.0, 0.0, 0.0, 0.0, 0.0]
---
header: 
  seq: 891
  stamp: 
    secs: 1744081261
    nsecs: 367861271
  frame_id: "world"
child_frame_id: "world"
pose: 
  pose: 
    position: 
      x: 0.3320032379446138
      y: 0.313130788664004
      z: 0.4445057877443879
    orientation: 
      x: -0.010596619442910281
      y: -0.0024349725308013873
      z: 0.7903462347862282
      w: 0.6125639654145425
  covariance: [0.0, 0.0, 0.0, 0.0, 0.0, 0.0, 0.0, 0.0, 0.0, 0.0, 0.0, 0.0, 0.0, 0.0, 0.0, 0.0, 0.0, 0.0, 0.0, 0.0, 0.0, 0.0, 0.0, 0.0, 0.0, 0.0, 0.0, 0.0, 0.0, 0.0, 0.0, 0.0, 0.0, 0.0, 0.0, 0.0]
twist: 
  twist: 
    linear: 
      x: -0.0855870126059513
      y: 0.13639328346039062
      z: -0.08254120582626004
    angular: 
      x: 0.0
      y: 0.0
      z: 0.0
  covariance: [0.0, 0.0, 0.0, 0.0, 0.0, 0.0, 0.0, 0.0, 0.0, 0.0, 0.0, 0.0, 0.0, 0.0, 0.0, 0.0, 0.0, 0.0, 0.0, 0.0, 0.0, 0.0, 0.0, 0.0, 0.0, 0.0, 0.0, 0.0, 0.0, 0.0, 0.0, 0.0, 0.0, 0.0, 0.0, 0.0]
---
header: 
  seq: 892
  stamp: 
    secs: 1744081261
    nsecs: 501128197
  frame_id: "world"
child_frame_id: "world"
pose: 
  pose: 
    position: 
      x: 0.3167193372964294
      y: 0.33497737312046016
      z: 0.4318544047414285
    orientation: 
      x: -0.00572661776989349
      y: 0.0018788973715027635
      z: 0.8052523010706313
      w: 0.5929016842732349
  covariance: [0.0, 0.0, 0.0, 0.0, 0.0, 0.0, 0.0, 0.0, 0.0, 0.0, 0.0, 0.0, 0.0, 0.0, 0.0, 0.0, 0.0, 0.0, 0.0, 0.0, 0.0, 0.0, 0.0, 0.0, 0.0, 0.0, 0.0, 0.0, 0.0, 0.0, 0.0, 0.0, 0.0, 0.0, 0.0, 0.0]
twist: 
  twist: 
    linear: 
      x: -0.10440189432004579
      y: 0.1680253654186775
      z: -0.05295133501057562
    angular: 
      x: 0.0
      y: 0.0
      z: 0.0
  covariance: [0.0, 0.0, 0.0, 0.0, 0.0, 0.0, 0.0, 0.0, 0.0, 0.0, 0.0, 0.0, 0.0, 0.0, 0.0, 0.0, 0.0, 0.0, 0.0, 0.0, 0.0, 0.0, 0.0, 0.0, 0.0, 0.0, 0.0, 0.0, 0.0, 0.0, 0.0, 0.0, 0.0, 0.0, 0.0, 0.0]
---
header: 
  seq: 893
  stamp: 
    secs: 1744081261
    nsecs: 634392023
  frame_id: "world"
child_frame_id: "world"
pose: 
  pose: 
    position: 
      x: 0.29770842157685395
      y: 0.36318925999361207
      z: 0.4229603252410681
    orientation: 
      x: -0.0035617882516717383
      y: 0.0004267883370778664
      z: 0.8213812035573692
      w: 0.5703683458597727
  covariance: [0.0, 0.0, 0.0, 0.0, 0.0, 0.0, 0.0, 0.0, 0.0, 0.0, 0.0, 0.0, 0.0, 0.0, 0.0, 0.0, 0.0, 0.0, 0.0, 0.0, 0.0, 0.0, 0.0, 0.0, 0.0, 0.0, 0.0, 0.0, 0.0, 0.0, 0.0, 0.0, 0.0, 0.0, 0.0, 0.0]
twist: 
  twist: 
    linear: 
      x: -0.12956441054419415
      y: 0.20698895388002359
      z: -0.04138040886758141
    angular: 
      x: 0.0
      y: 0.0
      z: 0.0
  covariance: [0.0, 0.0, 0.0, 0.0, 0.0, 0.0, 0.0, 0.0, 0.0, 0.0, 0.0, 0.0, 0.0, 0.0, 0.0, 0.0, 0.0, 0.0, 0.0, 0.0, 0.0, 0.0, 0.0, 0.0, 0.0, 0.0, 0.0, 0.0, 0.0, 0.0, 0.0, 0.0, 0.0, 0.0, 0.0, 0.0]
---
header: 
  seq: 894
  stamp: 
    secs: 1744081261
    nsecs: 767653465
  frame_id: "world"
child_frame_id: "world"
pose: 
  pose: 
    position: 
      x: 0.2780288928472782
      y: 0.3923875857184117
      z: 0.41625212663706174
    orientation: 
      x: 0.0019996242085592014
      y: -0.0017120533059328997
      z: 0.8381485420815509
      w: 0.5454356898691844
  covariance: [0.0, 0.0, 0.0, 0.0, 0.0, 0.0, 0.0, 0.0, 0.0, 0.0, 0.0, 0.0, 0.0, 0.0, 0.0, 0.0, 0.0, 0.0, 0.0, 0.0, 0.0, 0.0, 0.0, 0.0, 0.0, 0.0, 0.0, 0.0, 0.0, 0.0, 0.0, 0.0, 0.0, 0.0, 0.0, 0.0]
twist: 
  twist: 
    linear: 
      x: -0.15984152500581142
      y: 0.2081467557839442
      z: -0.01911881307305326
    angular: 
      x: 0.0
      y: 0.0
      z: 0.0
  covariance: [0.0, 0.0, 0.0, 0.0, 0.0, 0.0, 0.0, 0.0, 0.0, 0.0, 0.0, 0.0, 0.0, 0.0, 0.0, 0.0, 0.0, 0.0, 0.0, 0.0, 0.0, 0.0, 0.0, 0.0, 0.0, 0.0, 0.0, 0.0, 0.0, 0.0, 0.0, 0.0, 0.0, 0.0, 0.0, 0.0]
---
header: 
  seq: 895
  stamp: 
    secs: 1744081261
    nsecs: 900912285
  frame_id: "world"
child_frame_id: "world"
pose: 
  pose: 
    position: 
      x: 0.25773940116611593
      y: 0.4222243665997407
      z: 0.4156525418538027
    orientation: 
      x: 0.0035145853885898445
      y: -0.0067042000448503955
      z: 0.8548910152997674
      w: 0.5187524008147215
  covariance: [0.0, 0.0, 0.0, 0.0, 0.0, 0.0, 0.0, 0.0, 0.0, 0.0, 0.0, 0.0, 0.0, 0.0, 0.0, 0.0, 0.0, 0.0, 0.0, 0.0, 0.0, 0.0, 0.0, 0.0, 0.0, 0.0, 0.0, 0.0, 0.0, 0.0, 0.0, 0.0, 0.0, 0.0, 0.0, 0.0]
twist: 
  twist: 
    linear: 
      x: -0.14889753114179125
      y: 0.22200154519532495
      z: 0.019679351347899065
    angular: 
      x: 0.0
      y: 0.0
      z: 0.0
  covariance: [0.0, 0.0, 0.0, 0.0, 0.0, 0.0, 0.0, 0.0, 0.0, 0.0, 0.0, 0.0, 0.0, 0.0, 0.0, 0.0, 0.0, 0.0, 0.0, 0.0, 0.0, 0.0, 0.0, 0.0, 0.0, 0.0, 0.0, 0.0, 0.0, 0.0, 0.0, 0.0, 0.0, 0.0, 0.0, 0.0]
---
header: 
  seq: 896
  stamp: 
    secs: 1744081262
    nsecs:  34200668
  frame_id: "world"
child_frame_id: "world"
pose: 
  pose: 
    position: 
      x: 0.23337418387500444
      y: 0.45106049574988805
      z: 0.41559948597644814
    orientation: 
      x: 0.0011776854047676828
      y: -0.014795496310505321
      z: 0.871895770580816
      w: 0.48946651733218516
  covariance: [0.0, 0.0, 0.0, 0.0, 0.0, 0.0, 0.0, 0.0, 0.0, 0.0, 0.0, 0.0, 0.0, 0.0, 0.0, 0.0, 0.0, 0.0, 0.0, 0.0, 0.0, 0.0, 0.0, 0.0, 0.0, 0.0, 0.0, 0.0, 0.0, 0.0, 0.0, 0.0, 0.0, 0.0, 0.0, 0.0]
twist: 
  twist: 
    linear: 
      x: -0.1734691747363459
      y: 0.20101412214720768
      z: -0.019119702665391196
    angular: 
      x: 0.0
      y: 0.0
      z: 0.0
  covariance: [0.0, 0.0, 0.0, 0.0, 0.0, 0.0, 0.0, 0.0, 0.0, 0.0, 0.0, 0.0, 0.0, 0.0, 0.0, 0.0, 0.0, 0.0, 0.0, 0.0, 0.0, 0.0, 0.0, 0.0, 0.0, 0.0, 0.0, 0.0, 0.0, 0.0, 0.0, 0.0, 0.0, 0.0, 0.0, 0.0]
---
header: 
  seq: 897
  stamp: 
    secs: 1744081262
    nsecs: 167418957
  frame_id: "world"
child_frame_id: "world"
pose: 
  pose: 
    position: 
      x: 0.20259755003816002
      y: 0.47608200797515454
      z: 0.41493873410395976
    orientation: 
      x: -0.0002836416722132232
      y: -0.01397646890783743
      z: 0.8890700866378813
      w: 0.4575576017399122
  covariance: [0.0, 0.0, 0.0, 0.0, 0.0, 0.0, 0.0, 0.0, 0.0, 0.0, 0.0, 0.0, 0.0, 0.0, 0.0, 0.0, 0.0, 0.0, 0.0, 0.0, 0.0, 0.0, 0.0, 0.0, 0.0, 0.0, 0.0, 0.0, 0.0, 0.0, 0.0, 0.0, 0.0, 0.0, 0.0, 0.0]
twist: 
  twist: 
    linear: 
      x: -0.21561032557855556
      y: 0.16774100278208307
      z: 0.005669892162184401
    angular: 
      x: 0.0
      y: 0.0
      z: 0.0
  covariance: [0.0, 0.0, 0.0, 0.0, 0.0, 0.0, 0.0, 0.0, 0.0, 0.0, 0.0, 0.0, 0.0, 0.0, 0.0, 0.0, 0.0, 0.0, 0.0, 0.0, 0.0, 0.0, 0.0, 0.0, 0.0, 0.0, 0.0, 0.0, 0.0, 0.0, 0.0, 0.0, 0.0, 0.0, 0.0, 0.0]
---
header: 
  seq: 898
  stamp: 
    secs: 1744081262
    nsecs: 300664902
  frame_id: "world"
child_frame_id: "world"
pose: 
  pose: 
    position: 
      x: 0.1717565361354783
      y: 0.49939125024105274
      z: 0.41755643166967027
    orientation: 
      x: -0.0006354673695392665
      y: -0.009422043268240261
      z: 0.9058405354532431
      w: 0.42351357193324457
  covariance: [0.0, 0.0, 0.0, 0.0, 0.0, 0.0, 0.0, 0.0, 0.0, 0.0, 0.0, 0.0, 0.0, 0.0, 0.0, 0.0, 0.0, 0.0, 0.0, 0.0, 0.0, 0.0, 0.0, 0.0, 0.0, 0.0, 0.0, 0.0, 0.0, 0.0, 0.0, 0.0, 0.0, 0.0, 0.0, 0.0]
twist: 
  twist: 
    linear: 
      x: -0.233164943793663
      y: 0.1574742749968966
      z: 0.01874080945651018
    angular: 
      x: 0.0
      y: 0.0
      z: 0.0
  covariance: [0.0, 0.0, 0.0, 0.0, 0.0, 0.0, 0.0, 0.0, 0.0, 0.0, 0.0, 0.0, 0.0, 0.0, 0.0, 0.0, 0.0, 0.0, 0.0, 0.0, 0.0, 0.0, 0.0, 0.0, 0.0, 0.0, 0.0, 0.0, 0.0, 0.0, 0.0, 0.0, 0.0, 0.0, 0.0, 0.0]
---
header: 
  seq: 899
  stamp: 
    secs: 1744081262
    nsecs: 433907270
  frame_id: "world"
child_frame_id: "world"
pose: 
  pose: 
    position: 
      x: 0.1342520954546314
      y: 0.5219075079452513
      z: 0.4220337648034495
    orientation: 
      x: -0.0007319002950655113
      y: -0.009567549119206206
      z: 0.921984845914894
      w: 0.38710705267289947
  covariance: [0.0, 0.0, 0.0, 0.0, 0.0, 0.0, 0.0, 0.0, 0.0, 0.0, 0.0, 0.0, 0.0, 0.0, 0.0, 0.0, 0.0, 0.0, 0.0, 0.0, 0.0, 0.0, 0.0, 0.0, 0.0, 0.0, 0.0, 0.0, 0.0, 0.0, 0.0, 0.0, 0.0, 0.0, 0.0, 0.0]
twist: 
  twist: 
    linear: 
      x: -0.2593745012130819
      y: 0.1628965489486937
      z: 0.05295784904146724
    angular: 
      x: 0.0
      y: 0.0
      z: 0.0
  covariance: [0.0, 0.0, 0.0, 0.0, 0.0, 0.0, 0.0, 0.0, 0.0, 0.0, 0.0, 0.0, 0.0, 0.0, 0.0, 0.0, 0.0, 0.0, 0.0, 0.0, 0.0, 0.0, 0.0, 0.0, 0.0, 0.0, 0.0, 0.0, 0.0, 0.0, 0.0, 0.0, 0.0, 0.0, 0.0, 0.0]
---
header: 
  seq: 900
  stamp: 
    secs: 1744081262
    nsecs: 567146301
  frame_id: "world"
child_frame_id: "world"
pose: 
  pose: 
    position: 
      x: 0.09529249013511876
      y: 0.5441727677448771
      z: 0.42701250545269986
    orientation: 
      x: 0.0005170844557221385
      y: -0.01650867304186093
      z: 0.9372698545206531
      w: 0.3482131762942014
  covariance: [0.0, 0.0, 0.0, 0.0, 0.0, 0.0, 0.0, 0.0, 0.0, 0.0, 0.0, 0.0, 0.0, 0.0, 0.0, 0.0, 0.0, 0.0, 0.0, 0.0, 0.0, 0.0, 0.0, 0.0, 0.0, 0.0, 0.0, 0.0, 0.0, 0.0, 0.0, 0.0, 0.0, 0.0, 0.0, 0.0]
twist: 
  twist: 
    linear: 
      x: -0.2859135128153252
      y: 0.1467155840468578
      z: 0.02480657840068027
    angular: 
      x: 0.0
      y: 0.0
      z: 0.0
  covariance: [0.0, 0.0, 0.0, 0.0, 0.0, 0.0, 0.0, 0.0, 0.0, 0.0, 0.0, 0.0, 0.0, 0.0, 0.0, 0.0, 0.0, 0.0, 0.0, 0.0, 0.0, 0.0, 0.0, 0.0, 0.0, 0.0, 0.0, 0.0, 0.0, 0.0, 0.0, 0.0, 0.0, 0.0, 0.0, 0.0]
---
header: 
  seq: 901
  stamp: 
    secs: 1744081262
    nsecs: 700381756
  frame_id: "world"
child_frame_id: "world"
pose: 
  pose: 
    position: 
      x: 0.054538078263210055
      y: 0.5626829388859627
      z: 0.43109715138114363
    orientation: 
      x: 0.0037443982270871806
      y: -0.018554902028493747
      z: 0.95134929109056
      w: 0.30753247216207785
  covariance: [0.0, 0.0, 0.0, 0.0, 0.0, 0.0, 0.0, 0.0, 0.0, 0.0, 0.0, 0.0, 0.0, 0.0, 0.0, 0.0, 0.0, 0.0, 0.0, 0.0, 0.0, 0.0, 0.0, 0.0, 0.0, 0.0, 0.0, 0.0, 0.0, 0.0, 0.0, 0.0, 0.0, 0.0, 0.0, 0.0]
twist: 
  twist: 
    linear: 
      x: -0.29790641411272806
      y: 0.1084129958346626
      z: -0.011168655954761743
    angular: 
      x: 0.0
      y: 0.0
      z: 0.0
  covariance: [0.0, 0.0, 0.0, 0.0, 0.0, 0.0, 0.0, 0.0, 0.0, 0.0, 0.0, 0.0, 0.0, 0.0, 0.0, 0.0, 0.0, 0.0, 0.0, 0.0, 0.0, 0.0, 0.0, 0.0, 0.0, 0.0, 0.0, 0.0, 0.0, 0.0, 0.0, 0.0, 0.0, 0.0, 0.0, 0.0]
---
header: 
  seq: 902
  stamp: 
    secs: 1744081262
    nsecs: 833614111
  frame_id: "world"
child_frame_id: "world"
pose: 
  pose: 
    position: 
      x: 0.0106353066829733
      y: 0.5746491577611854
      z: 0.43228612994797844
    orientation: 
      x: 0.004377328561911989
      y: -0.02029621856754347
      z: 0.9638311667045701
      w: 0.2657035652666838
  covariance: [0.0, 0.0, 0.0, 0.0, 0.0, 0.0, 0.0, 0.0, 0.0, 0.0, 0.0, 0.0, 0.0, 0.0, 0.0, 0.0, 0.0, 0.0, 0.0, 0.0, 0.0, 0.0, 0.0, 0.0, 0.0, 0.0, 0.0, 0.0, 0.0, 0.0, 0.0, 0.0, 0.0, 0.0, 0.0, 0.0]
twist: 
  twist: 
    linear: 
      x: -0.3182126386802952
      y: 0.0677974546382078
      z: 0.0006689971661182151
    angular: 
      x: 0.0
      y: 0.0
      z: 0.0
  covariance: [0.0, 0.0, 0.0, 0.0, 0.0, 0.0, 0.0, 0.0, 0.0, 0.0, 0.0, 0.0, 0.0, 0.0, 0.0, 0.0, 0.0, 0.0, 0.0, 0.0, 0.0, 0.0, 0.0, 0.0, 0.0, 0.0, 0.0, 0.0, 0.0, 0.0, 0.0, 0.0, 0.0, 0.0, 0.0, 0.0]
---
header: 
  seq: 903
  stamp: 
    secs: 1744081262
    nsecs: 966843128
  frame_id: "world"
child_frame_id: "world"
pose: 
  pose: 
    position: 
      x: -0.031759639871593026
      y: 0.5826557511029848
      z: 0.4361009454651289
    orientation: 
      x: 0.007283060041171858
      y: -0.017682996703652667
      z: 0.9750168112268658
      w: 0.2213063182311112
  covariance: [0.0, 0.0, 0.0, 0.0, 0.0, 0.0, 0.0, 0.0, 0.0, 0.0, 0.0, 0.0, 0.0, 0.0, 0.0, 0.0, 0.0, 0.0, 0.0, 0.0, 0.0, 0.0, 0.0, 0.0, 0.0, 0.0, 0.0, 0.0, 0.0, 0.0, 0.0, 0.0, 0.0, 0.0, 0.0, 0.0]
twist: 
  twist: 
    linear: 
      x: -0.3167787473531395
      y: 0.046155093763767474
      z: 0.011633139574808953
    angular: 
      x: 0.0
      y: 0.0
      z: 0.0
  covariance: [0.0, 0.0, 0.0, 0.0, 0.0, 0.0, 0.0, 0.0, 0.0, 0.0, 0.0, 0.0, 0.0, 0.0, 0.0, 0.0, 0.0, 0.0, 0.0, 0.0, 0.0, 0.0, 0.0, 0.0, 0.0, 0.0, 0.0, 0.0, 0.0, 0.0, 0.0, 0.0, 0.0, 0.0, 0.0, 0.0]
---
header: 
  seq: 904
  stamp: 
    secs: 1744081263
    nsecs: 100125074
  frame_id: "world"
child_frame_id: "world"
pose: 
  pose: 
    position: 
      x: -0.07561431017164194
      y: 0.5874476225834547
      z: 0.4447018278126362
    orientation: 
      x: 0.007561333156696708
      y: -0.018181189794387466
      z: 0.9840463478567301
      w: 0.1768192745386811
  covariance: [0.0, 0.0, 0.0, 0.0, 0.0, 0.0, 0.0, 0.0, 0.0, 0.0, 0.0, 0.0, 0.0, 0.0, 0.0, 0.0, 0.0, 0.0, 0.0, 0.0, 0.0, 0.0, 0.0, 0.0, 0.0, 0.0, 0.0, 0.0, 0.0, 0.0, 0.0, 0.0, 0.0, 0.0, 0.0, 0.0]
twist: 
  twist: 
    linear: 
      x: -0.31181952933798035
      y: 0.011079224641217316
      z: 0.03119901082445469
    angular: 
      x: 0.0
      y: 0.0
      z: 0.0
  covariance: [0.0, 0.0, 0.0, 0.0, 0.0, 0.0, 0.0, 0.0, 0.0, 0.0, 0.0, 0.0, 0.0, 0.0, 0.0, 0.0, 0.0, 0.0, 0.0, 0.0, 0.0, 0.0, 0.0, 0.0, 0.0, 0.0, 0.0, 0.0, 0.0, 0.0, 0.0, 0.0, 0.0, 0.0, 0.0, 0.0]
---
header: 
  seq: 905
  stamp: 
    secs: 1744081263
    nsecs: 233366966
  frame_id: "world"
child_frame_id: "world"
pose: 
  pose: 
    position: 
      x: -0.11824106104700416
      y: 0.5854895746063429
      z: 0.45321095308381476
    orientation: 
      x: 0.004507060928311398
      y: -0.019450420561751003
      z: 0.9911392805415191
      w: 0.13131753161478255
  covariance: [0.0, 0.0, 0.0, 0.0, 0.0, 0.0, 0.0, 0.0, 0.0, 0.0, 0.0, 0.0, 0.0, 0.0, 0.0, 0.0, 0.0, 0.0, 0.0, 0.0, 0.0, 0.0, 0.0, 0.0, 0.0, 0.0, 0.0, 0.0, 0.0, 0.0, 0.0, 0.0, 0.0, 0.0, 0.0, 0.0]
twist: 
  twist: 
    linear: 
      x: -0.3146944882122692
      y: -0.022570271083316683
      z: 0.023668138496841257
    angular: 
      x: 0.0
      y: 0.0
      z: 0.0
  covariance: [0.0, 0.0, 0.0, 0.0, 0.0, 0.0, 0.0, 0.0, 0.0, 0.0, 0.0, 0.0, 0.0, 0.0, 0.0, 0.0, 0.0, 0.0, 0.0, 0.0, 0.0, 0.0, 0.0, 0.0, 0.0, 0.0, 0.0, 0.0, 0.0, 0.0, 0.0, 0.0, 0.0, 0.0, 0.0, 0.0]
---
header: 
  seq: 906
  stamp: 
    secs: 1744081263
    nsecs: 366605282
  frame_id: "world"
child_frame_id: "world"
pose: 
  pose: 
    position: 
      x: -0.16181622290111042
      y: 0.5765786155543347
      z: 0.45864339913273255
    orientation: 
      x: 0.0030144277449339
      y: -0.020059805499859782
      z: 0.9961774867062734
      w: 0.08496430078716008
  covariance: [0.0, 0.0, 0.0, 0.0, 0.0, 0.0, 0.0, 0.0, 0.0, 0.0, 0.0, 0.0, 0.0, 0.0, 0.0, 0.0, 0.0, 0.0, 0.0, 0.0, 0.0, 0.0, 0.0, 0.0, 0.0, 0.0, 0.0, 0.0, 0.0, 0.0, 0.0, 0.0, 0.0, 0.0, 0.0, 0.0]
twist: 
  twist: 
    linear: 
      x: -0.32828316993723955
      y: -0.0827432014851033
      z: -0.0026508343731231274
    angular: 
      x: 0.0
      y: 0.0
      z: 0.0
  covariance: [0.0, 0.0, 0.0, 0.0, 0.0, 0.0, 0.0, 0.0, 0.0, 0.0, 0.0, 0.0, 0.0, 0.0, 0.0, 0.0, 0.0, 0.0, 0.0, 0.0, 0.0, 0.0, 0.0, 0.0, 0.0, 0.0, 0.0, 0.0, 0.0, 0.0, 0.0, 0.0, 0.0, 0.0, 0.0, 0.0]
---
header: 
  seq: 907
  stamp: 
    secs: 1744081263
    nsecs: 499839783
  frame_id: "world"
child_frame_id: "world"
pose: 
  pose: 
    position: 
      x: -0.21074725322737095
      y: 0.5622633368592398
      z: 0.4620534431662288
    orientation: 
      x: 0.004733526156283021
      y: -0.01166648231822402
      z: 0.999185401360067
      w: 0.038340848052281475
  covariance: [0.0, 0.0, 0.0, 0.0, 0.0, 0.0, 0.0, 0.0, 0.0, 0.0, 0.0, 0.0, 0.0, 0.0, 0.0, 0.0, 0.0, 0.0, 0.0, 0.0, 0.0, 0.0, 0.0, 0.0, 0.0, 0.0, 0.0, 0.0, 0.0, 0.0, 0.0, 0.0, 0.0, 0.0, 0.0, 0.0]
twist: 
  twist: 
    linear: 
      x: -0.33002057032405097
      y: -0.1181420622407239
      z: -0.01956759700947874
    angular: 
      x: 0.0
      y: 0.0
      z: 0.0
  covariance: [0.0, 0.0, 0.0, 0.0, 0.0, 0.0, 0.0, 0.0, 0.0, 0.0, 0.0, 0.0, 0.0, 0.0, 0.0, 0.0, 0.0, 0.0, 0.0, 0.0, 0.0, 0.0, 0.0, 0.0, 0.0, 0.0, 0.0, 0.0, 0.0, 0.0, 0.0, 0.0, 0.0, 0.0, 0.0, 0.0]
---
header: 
  seq: 908
  stamp: 
    secs: 1744081263
    nsecs: 633071184
  frame_id: "world"
child_frame_id: "world"
pose: 
  pose: 
    position: 
      x: -0.2568134664938212
      y: 0.5446709878657257
      z: 0.46578410282612265
    orientation: 
      x: 0.007983855487560344
      y: -0.009489155176755849
      z: 0.9998865677731976
      w: -0.008547840213759771
  covariance: [0.0, 0.0, 0.0, 0.0, 0.0, 0.0, 0.0, 0.0, 0.0, 0.0, 0.0, 0.0, 0.0, 0.0, 0.0, 0.0, 0.0, 0.0, 0.0, 0.0, 0.0, 0.0, 0.0, 0.0, 0.0, 0.0, 0.0, 0.0, 0.0, 0.0, 0.0, 0.0, 0.0, 0.0, 0.0, 0.0]
twist: 
  twist: 
    linear: 
      x: -0.33052869242917843
      y: -0.12266896861146752
      z: 0.0004087350575938181
    angular: 
      x: 0.0
      y: 0.0
      z: 0.0
  covariance: [0.0, 0.0, 0.0, 0.0, 0.0, 0.0, 0.0, 0.0, 0.0, 0.0, 0.0, 0.0, 0.0, 0.0, 0.0, 0.0, 0.0, 0.0, 0.0, 0.0, 0.0, 0.0, 0.0, 0.0, 0.0, 0.0, 0.0, 0.0, 0.0, 0.0, 0.0, 0.0, 0.0, 0.0, 0.0, 0.0]
---
header: 
  seq: 909
  stamp: 
    secs: 1744081263
    nsecs: 766298771
  frame_id: "world"
child_frame_id: "world"
pose: 
  pose: 
    position: 
      x: -0.3048078916782979
      y: 0.5238282218689625
      z: 0.46788318542375307
    orientation: 
      x: 0.011572110098194966
      y: -0.00974374265392546
      z: 0.9983284630835755
      w: -0.055780153676333405
  covariance: [0.0, 0.0, 0.0, 0.0, 0.0, 0.0, 0.0, 0.0, 0.0, 0.0, 0.0, 0.0, 0.0, 0.0, 0.0, 0.0, 0.0, 0.0, 0.0, 0.0, 0.0, 0.0, 0.0, 0.0, 0.0, 0.0, 0.0, 0.0, 0.0, 0.0, 0.0, 0.0, 0.0, 0.0, 0.0, 0.0]
twist: 
  twist: 
    linear: 
      x: -0.328831283589521
      y: -0.14302107134741707
      z: -0.020135510044279183
    angular: 
      x: 0.0
      y: 0.0
      z: 0.0
  covariance: [0.0, 0.0, 0.0, 0.0, 0.0, 0.0, 0.0, 0.0, 0.0, 0.0, 0.0, 0.0, 0.0, 0.0, 0.0, 0.0, 0.0, 0.0, 0.0, 0.0, 0.0, 0.0, 0.0, 0.0, 0.0, 0.0, 0.0, 0.0, 0.0, 0.0, 0.0, 0.0, 0.0, 0.0, 0.0, 0.0]
---
header: 
  seq: 910
  stamp: 
    secs: 1744081263
    nsecs: 899523258
  frame_id: "world"
child_frame_id: "world"
pose: 
  pose: 
    position: 
      x: -0.3514152250481096
      y: 0.5013651755258379
      z: 0.46951708940742487
    orientation: 
      x: 0.012870236993164525
      y: -0.011905292979691617
      z: 0.994565165116361
      w: -0.10262920313377275
  covariance: [0.0, 0.0, 0.0, 0.0, 0.0, 0.0, 0.0, 0.0, 0.0, 0.0, 0.0, 0.0, 0.0, 0.0, 0.0, 0.0, 0.0, 0.0, 0.0, 0.0, 0.0, 0.0, 0.0, 0.0, 0.0, 0.0, 0.0, 0.0, 0.0, 0.0, 0.0, 0.0, 0.0, 0.0, 0.0, 0.0]
twist: 
  twist: 
    linear: 
      x: -0.3113596850624242
      y: -0.17122326288751605
      z: -0.01196710330364435
    angular: 
      x: 0.0
      y: 0.0
      z: 0.0
  covariance: [0.0, 0.0, 0.0, 0.0, 0.0, 0.0, 0.0, 0.0, 0.0, 0.0, 0.0, 0.0, 0.0, 0.0, 0.0, 0.0, 0.0, 0.0, 0.0, 0.0, 0.0, 0.0, 0.0, 0.0, 0.0, 0.0, 0.0, 0.0, 0.0, 0.0, 0.0, 0.0, 0.0, 0.0, 0.0, 0.0]
---
header: 
  seq: 911
  stamp: 
    secs: 1744081264
    nsecs:  32743931
  frame_id: "world"
child_frame_id: "world"
pose: 
  pose: 
    position: 
      x: -0.38956311055462195
      y: 0.47685951200195276
      z: 0.47210208940277826
    orientation: 
      x: 0.013018824420015167
      y: -0.012789700302904867
      z: 0.9884676836328778
      w: -0.150328214884418
  covariance: [0.0, 0.0, 0.0, 0.0, 0.0, 0.0, 0.0, 0.0, 0.0, 0.0, 0.0, 0.0, 0.0, 0.0, 0.0, 0.0, 0.0, 0.0, 0.0, 0.0, 0.0, 0.0, 0.0, 0.0, 0.0, 0.0, 0.0, 0.0, 0.0, 0.0, 0.0, 0.0, 0.0, 0.0, 0.0, 0.0]
twist: 
  twist: 
    linear: 
      x: -0.2846085838976195
      y: -0.19448861344103455
      z: -0.015070880980851995
    angular: 
      x: 0.0
      y: 0.0
      z: 0.0
  covariance: [0.0, 0.0, 0.0, 0.0, 0.0, 0.0, 0.0, 0.0, 0.0, 0.0, 0.0, 0.0, 0.0, 0.0, 0.0, 0.0, 0.0, 0.0, 0.0, 0.0, 0.0, 0.0, 0.0, 0.0, 0.0, 0.0, 0.0, 0.0, 0.0, 0.0, 0.0, 0.0, 0.0, 0.0, 0.0, 0.0]
---
header: 
  seq: 912
  stamp: 
    secs: 1744081264
    nsecs: 166033506
  frame_id: "world"
child_frame_id: "world"
pose: 
  pose: 
    position: 
      x: -0.4311914885350881
      y: 0.45165141149328164
      z: 0.475039307590732
    orientation: 
      x: 0.013338673685637846
      y: -0.01296647839809038
      z: 0.9801037308318963
      w: -0.1976123149797543
  covariance: [0.0, 0.0, 0.0, 0.0, 0.0, 0.0, 0.0, 0.0, 0.0, 0.0, 0.0, 0.0, 0.0, 0.0, 0.0, 0.0, 0.0, 0.0, 0.0, 0.0, 0.0, 0.0, 0.0, 0.0, 0.0, 0.0, 0.0, 0.0, 0.0, 0.0, 0.0, 0.0, 0.0, 0.0, 0.0, 0.0]
twist: 
  twist: 
    linear: 
      x: -0.2729209465127891
      y: -0.21339469275822043
      z: -0.012414437305726946
    angular: 
      x: 0.0
      y: 0.0
      z: 0.0
  covariance: [0.0, 0.0, 0.0, 0.0, 0.0, 0.0, 0.0, 0.0, 0.0, 0.0, 0.0, 0.0, 0.0, 0.0, 0.0, 0.0, 0.0, 0.0, 0.0, 0.0, 0.0, 0.0, 0.0, 0.0, 0.0, 0.0, 0.0, 0.0, 0.0, 0.0, 0.0, 0.0, 0.0, 0.0, 0.0, 0.0]
---
header: 
  seq: 913
  stamp: 
    secs: 1744081264
    nsecs: 299325943
  frame_id: "world"
child_frame_id: "world"
pose: 
  pose: 
    position: 
      x: -0.47443239972301765
      y: 0.4237421611992038
      z: 0.47772476861100227
    orientation: 
      x: 0.012431179237294022
      y: -0.014789775858309357
      z: 0.9694437718972103
      w: -0.24455163348982345
  covariance: [0.0, 0.0, 0.0, 0.0, 0.0, 0.0, 0.0, 0.0, 0.0, 0.0, 0.0, 0.0, 0.0, 0.0, 0.0, 0.0, 0.0, 0.0, 0.0, 0.0, 0.0, 0.0, 0.0, 0.0, 0.0, 0.0, 0.0, 0.0, 0.0, 0.0, 0.0, 0.0, 0.0, 0.0, 0.0, 0.0]
twist: 
  twist: 
    linear: 
      x: -0.2656672659518372
      y: -0.2272741195536357
      z: -0.01966609677602315
    angular: 
      x: 0.0
      y: 0.0
      z: 0.0
  covariance: [0.0, 0.0, 0.0, 0.0, 0.0, 0.0, 0.0, 0.0, 0.0, 0.0, 0.0, 0.0, 0.0, 0.0, 0.0, 0.0, 0.0, 0.0, 0.0, 0.0, 0.0, 0.0, 0.0, 0.0, 0.0, 0.0, 0.0, 0.0, 0.0, 0.0, 0.0, 0.0, 0.0, 0.0, 0.0, 0.0]
---
header: 
  seq: 914
  stamp: 
    secs: 1744081264
    nsecs: 432616472
  frame_id: "world"
child_frame_id: "world"
pose: 
  pose: 
    position: 
      x: -0.5164204838100971
      y: 0.3909715044446942
      z: 0.4754069812557951
    orientation: 
      x: 0.01417041464475311
      y: -0.018118971170339785
      z: 0.956608256492963
      w: -0.29046780517299636
  covariance: [0.0, 0.0, 0.0, 0.0, 0.0, 0.0, 0.0, 0.0, 0.0, 0.0, 0.0, 0.0, 0.0, 0.0, 0.0, 0.0, 0.0, 0.0, 0.0, 0.0, 0.0, 0.0, 0.0, 0.0, 0.0, 0.0, 0.0, 0.0, 0.0, 0.0, 0.0, 0.0, 0.0, 0.0, 0.0, 0.0]
twist: 
  twist: 
    linear: 
      x: -0.24406989138311472
      y: -0.26555129048481835
      z: -0.04169486223608722
    angular: 
      x: 0.0
      y: 0.0
      z: 0.0
  covariance: [0.0, 0.0, 0.0, 0.0, 0.0, 0.0, 0.0, 0.0, 0.0, 0.0, 0.0, 0.0, 0.0, 0.0, 0.0, 0.0, 0.0, 0.0, 0.0, 0.0, 0.0, 0.0, 0.0, 0.0, 0.0, 0.0, 0.0, 0.0, 0.0, 0.0, 0.0, 0.0, 0.0, 0.0, 0.0, 0.0]
---
header: 
  seq: 915
  stamp: 
    secs: 1744081264
    nsecs: 565904856
  frame_id: "world"
child_frame_id: "world"
pose: 
  pose: 
    position: 
      x: -0.5519504303960329
      y: 0.35122771090505256
      z: 0.47365570794175327
    orientation: 
      x: 0.01664749683106981
      y: -0.018259778430770313
      z: 0.9420430772795774
      w: -0.33458075540972615
  covariance: [0.0, 0.0, 0.0, 0.0, 0.0, 0.0, 0.0, 0.0, 0.0, 0.0, 0.0, 0.0, 0.0, 0.0, 0.0, 0.0, 0.0, 0.0, 0.0, 0.0, 0.0, 0.0, 0.0, 0.0, 0.0, 0.0, 0.0, 0.0, 0.0, 0.0, 0.0, 0.0, 0.0, 0.0, 0.0, 0.0]
twist: 
  twist: 
    linear: 
      x: -0.22921982351770864
      y: -0.29138249857130766
      z: -0.024297000338679365
    angular: 
      x: 0.0
      y: 0.0
      z: 0.0
  covariance: [0.0, 0.0, 0.0, 0.0, 0.0, 0.0, 0.0, 0.0, 0.0, 0.0, 0.0, 0.0, 0.0, 0.0, 0.0, 0.0, 0.0, 0.0, 0.0, 0.0, 0.0, 0.0, 0.0, 0.0, 0.0, 0.0, 0.0, 0.0, 0.0, 0.0, 0.0, 0.0, 0.0, 0.0, 0.0, 0.0]
---
header: 
  seq: 916
  stamp: 
    secs: 1744081264
    nsecs: 699191570
  frame_id: "world"
child_frame_id: "world"
pose: 
  pose: 
    position: 
      x: -0.5855794827097772
      y: 0.303764342160521
      z: 0.47312106334223053
    orientation: 
      x: 0.02146866015715881
      y: -0.02088932049859476
      z: 0.9254149761669878
      w: -0.37776957898435504
  covariance: [0.0, 0.0, 0.0, 0.0, 0.0, 0.0, 0.0, 0.0, 0.0, 0.0, 0.0, 0.0, 0.0, 0.0, 0.0, 0.0, 0.0, 0.0, 0.0, 0.0, 0.0, 0.0, 0.0, 0.0, 0.0, 0.0, 0.0, 0.0, 0.0, 0.0, 0.0, 0.0, 0.0, 0.0, 0.0, 0.0]
twist: 
  twist: 
    linear: 
      x: -0.21128511886897278
      y: -0.3270940379037942
      z: -0.00039067386305332956
    angular: 
      x: 0.0
      y: 0.0
      z: 0.0
  covariance: [0.0, 0.0, 0.0, 0.0, 0.0, 0.0, 0.0, 0.0, 0.0, 0.0, 0.0, 0.0, 0.0, 0.0, 0.0, 0.0, 0.0, 0.0, 0.0, 0.0, 0.0, 0.0, 0.0, 0.0, 0.0, 0.0, 0.0, 0.0, 0.0, 0.0, 0.0, 0.0, 0.0, 0.0, 0.0, 0.0]
---
header: 
  seq: 917
  stamp: 
    secs: 1744081264
    nsecs: 832475662
  frame_id: "world"
child_frame_id: "world"
pose: 
  pose: 
    position: 
      x: -0.6106023591589009
      y: 0.2549991145596744
      z: 0.4688014182627566
    orientation: 
      x: 0.025840812821321765
      y: -0.02112367584952858
      z: 0.906503201846567
      w: -0.4208776398827334
  covariance: [0.0, 0.0, 0.0, 0.0, 0.0, 0.0, 0.0, 0.0, 0.0, 0.0, 0.0, 0.0, 0.0, 0.0, 0.0, 0.0, 0.0, 0.0, 0.0, 0.0, 0.0, 0.0, 0.0, 0.0, 0.0, 0.0, 0.0, 0.0, 0.0, 0.0, 0.0, 0.0, 0.0, 0.0, 0.0, 0.0]
twist: 
  twist: 
    linear: 
      x: -0.1572890883185938
      y: -0.3558851911344684
      z: -0.024857563663069952
    angular: 
      x: 0.0
      y: 0.0
      z: 0.0
  covariance: [0.0, 0.0, 0.0, 0.0, 0.0, 0.0, 0.0, 0.0, 0.0, 0.0, 0.0, 0.0, 0.0, 0.0, 0.0, 0.0, 0.0, 0.0, 0.0, 0.0, 0.0, 0.0, 0.0, 0.0, 0.0, 0.0, 0.0, 0.0, 0.0, 0.0, 0.0, 0.0, 0.0, 0.0, 0.0, 0.0]
---
header: 
  seq: 918
  stamp: 
    secs: 1744081264
    nsecs: 965757370
  frame_id: "world"
child_frame_id: "world"
pose: 
  pose: 
    position: 
      x: -0.6273131130936951
      y: 0.20202648028757542
      z: 0.4621230159977521
    orientation: 
      x: 0.027985189858754988
      y: -0.015068463759228469
      z: 0.8858582961704805
      w: -0.4628659089352333
  covariance: [0.0, 0.0, 0.0, 0.0, 0.0, 0.0, 0.0, 0.0, 0.0, 0.0, 0.0, 0.0, 0.0, 0.0, 0.0, 0.0, 0.0, 0.0, 0.0, 0.0, 0.0, 0.0, 0.0, 0.0, 0.0, 0.0, 0.0, 0.0, 0.0, 0.0, 0.0, 0.0, 0.0, 0.0, 0.0, 0.0]
twist: 
  twist: 
    linear: 
      x: -0.08703076680333374
      y: -0.38516558704352943
      z: -0.043935966837879516
    angular: 
      x: 0.0
      y: 0.0
      z: 0.0
  covariance: [0.0, 0.0, 0.0, 0.0, 0.0, 0.0, 0.0, 0.0, 0.0, 0.0, 0.0, 0.0, 0.0, 0.0, 0.0, 0.0, 0.0, 0.0, 0.0, 0.0, 0.0, 0.0, 0.0, 0.0, 0.0, 0.0, 0.0, 0.0, 0.0, 0.0, 0.0, 0.0, 0.0, 0.0, 0.0, 0.0]
---
header: 
  seq: 919
  stamp: 
    secs: 1744081265
    nsecs:  99028826
  frame_id: "world"
child_frame_id: "world"
pose: 
  pose: 
    position: 
      x: -0.6361598696007871
      y: 0.14853129367560813
      z: 0.45375421906416213
    orientation: 
      x: -0.024750515554563646
      y: 0.006835059979137966
      z: -0.8631998978613786
      w: 0.5042089152989772
  covariance: [0.0, 0.0, 0.0, 0.0, 0.0, 0.0, 0.0, 0.0, 0.0, 0.0, 0.0, 0.0, 0.0, 0.0, 0.0, 0.0, 0.0, 0.0, 0.0, 0.0, 0.0, 0.0, 0.0, 0.0, 0.0, 0.0, 0.0, 0.0, 0.0, 0.0, 0.0, 0.0, 0.0, 0.0, 0.0, 0.0]
twist: 
  twist: 
    linear: 
      x: -0.0389343027983525
      y: -0.3908351558052643
      z: -0.03190750087554229
    angular: 
      x: 0.0
      y: 0.0
      z: 0.0
  covariance: [0.0, 0.0, 0.0, 0.0, 0.0, 0.0, 0.0, 0.0, 0.0, 0.0, 0.0, 0.0, 0.0, 0.0, 0.0, 0.0, 0.0, 0.0, 0.0, 0.0, 0.0, 0.0, 0.0, 0.0, 0.0, 0.0, 0.0, 0.0, 0.0, 0.0, 0.0, 0.0, 0.0, 0.0, 0.0, 0.0]
---
header: 
  seq: 920
  stamp: 
    secs: 1744081265
    nsecs: 232284069
  frame_id: "world"
child_frame_id: "world"
pose: 
  pose: 
    position: 
      x: -0.6440757829271447
      y: 0.0902643436801181
      z: 0.4437359747061085
    orientation: 
      x: -0.021642006484286273
      y: 0.0023090435678210343
      z: -0.8389752756637642
      w: 0.5437341066165033
  covariance: [0.0, 0.0, 0.0, 0.0, 0.0, 0.0, 0.0, 0.0, 0.0, 0.0, 0.0, 0.0, 0.0, 0.0, 0.0, 0.0, 0.0, 0.0, 0.0, 0.0, 0.0, 0.0, 0.0, 0.0, 0.0, 0.0, 0.0, 0.0, 0.0, 0.0, 0.0, 0.0, 0.0, 0.0, 0.0, 0.0]
twist: 
  twist: 
    linear: 
      x: -0.01482910338215413
      y: -0.37958460595360954
      z: -0.03449437363707215
    angular: 
      x: 0.0
      y: 0.0
      z: 0.0
  covariance: [0.0, 0.0, 0.0, 0.0, 0.0, 0.0, 0.0, 0.0, 0.0, 0.0, 0.0, 0.0, 0.0, 0.0, 0.0, 0.0, 0.0, 0.0, 0.0, 0.0, 0.0, 0.0, 0.0, 0.0, 0.0, 0.0, 0.0, 0.0, 0.0, 0.0, 0.0, 0.0, 0.0, 0.0, 0.0, 0.0]
---
header: 
  seq: 921
  stamp: 
    secs: 1744081265
    nsecs: 365536451
  frame_id: "world"
child_frame_id: "world"
pose: 
  pose: 
    position: 
      x: -0.6454417854970663
      y: 0.031897761586073436
      z: 0.4320883761779474
    orientation: 
      x: -0.018385901878365175
      y: 0.0023272125605660124
      z: -0.813342733820506
      w: 0.581489587211329
  covariance: [0.0, 0.0, 0.0, 0.0, 0.0, 0.0, 0.0, 0.0, 0.0, 0.0, 0.0, 0.0, 0.0, 0.0, 0.0, 0.0, 0.0, 0.0, 0.0, 0.0, 0.0, 0.0, 0.0, 0.0, 0.0, 0.0, 0.0, 0.0, 0.0, 0.0, 0.0, 0.0, 0.0, 0.0, 0.0, 0.0]
twist: 
  twist: 
    linear: 
      x: 0.023261658897659365
      y: -0.38030211331086117
      z: -0.04825146054203314
    angular: 
      x: 0.0
      y: 0.0
      z: 0.0
  covariance: [0.0, 0.0, 0.0, 0.0, 0.0, 0.0, 0.0, 0.0, 0.0, 0.0, 0.0, 0.0, 0.0, 0.0, 0.0, 0.0, 0.0, 0.0, 0.0, 0.0, 0.0, 0.0, 0.0, 0.0, 0.0, 0.0, 0.0, 0.0, 0.0, 0.0, 0.0, 0.0, 0.0, 0.0, 0.0, 0.0]
---
header: 
  seq: 922
  stamp: 
    secs: 1744081265
    nsecs: 498785496
  frame_id: "world"
child_frame_id: "world"
pose: 
  pose: 
    position: 
      x: -0.6445514248319948
      y: -0.022626977693128048
      z: 0.42205326663218906
    orientation: 
      x: -0.020780748715114723
      y: 0.0046145275543704204
      z: -0.7857199050003422
      w: 0.6182160605359123
  covariance: [0.0, 0.0, 0.0, 0.0, 0.0, 0.0, 0.0, 0.0, 0.0, 0.0, 0.0, 0.0, 0.0, 0.0, 0.0, 0.0, 0.0, 0.0, 0.0, 0.0, 0.0, 0.0, 0.0, 0.0, 0.0, 0.0, 0.0, 0.0, 0.0, 0.0, 0.0, 0.0, 0.0, 0.0, 0.0, 0.0]
twist: 
  twist: 
    linear: 
      x: 0.0299503613782325
      y: -0.3644159373411627
      z: -0.04402036930276062
    angular: 
      x: 0.0
      y: 0.0
      z: 0.0
  covariance: [0.0, 0.0, 0.0, 0.0, 0.0, 0.0, 0.0, 0.0, 0.0, 0.0, 0.0, 0.0, 0.0, 0.0, 0.0, 0.0, 0.0, 0.0, 0.0, 0.0, 0.0, 0.0, 0.0, 0.0, 0.0, 0.0, 0.0, 0.0, 0.0, 0.0, 0.0, 0.0, 0.0, 0.0, 0.0, 0.0]
---
header: 
  seq: 923
  stamp: 
    secs: 1744081265
    nsecs: 632031202
  frame_id: "world"
child_frame_id: "world"
pose: 
  pose: 
    position: 
      x: -0.6382689695265721
      y: -0.07429246346181417
      z: 0.4169338657834296
    orientation: 
      x: -0.023574668126005588
      y: 0.007299038053256976
      z: -0.7568239763189357
      w: 0.6531526834784044
  covariance: [0.0, 0.0, 0.0, 0.0, 0.0, 0.0, 0.0, 0.0, 0.0, 0.0, 0.0, 0.0, 0.0, 0.0, 0.0, 0.0, 0.0, 0.0, 0.0, 0.0, 0.0, 0.0, 0.0, 0.0, 0.0, 0.0, 0.0, 0.0, 0.0, 0.0, 0.0, 0.0, 0.0, 0.0, 0.0, 0.0]
twist: 
  twist: 
    linear: 
      x: 0.048385147903187875
      y: -0.3519960358705557
      z: -0.010178365639610212
    angular: 
      x: 0.0
      y: 0.0
      z: 0.0
  covariance: [0.0, 0.0, 0.0, 0.0, 0.0, 0.0, 0.0, 0.0, 0.0, 0.0, 0.0, 0.0, 0.0, 0.0, 0.0, 0.0, 0.0, 0.0, 0.0, 0.0, 0.0, 0.0, 0.0, 0.0, 0.0, 0.0, 0.0, 0.0, 0.0, 0.0, 0.0, 0.0, 0.0, 0.0, 0.0, 0.0]
---
header: 
  seq: 924
  stamp: 
    secs: 1744081265
    nsecs: 765274286
  frame_id: "world"
child_frame_id: "world"
pose: 
  pose: 
    position: 
      x: -0.6260880067876329
      y: -0.12266473353949076
      z: 0.41567363682948233
    orientation: 
      x: -0.02356458052629459
      y: 0.008365128227544823
      z: -0.7262668585565271
      w: 0.6869579210816265
  covariance: [0.0, 0.0, 0.0, 0.0, 0.0, 0.0, 0.0, 0.0, 0.0, 0.0, 0.0, 0.0, 0.0, 0.0, 0.0, 0.0, 0.0, 0.0, 0.0, 0.0, 0.0, 0.0, 0.0, 0.0, 0.0, 0.0, 0.0, 0.0, 0.0, 0.0, 0.0, 0.0, 0.0, 0.0, 0.0, 0.0]
twist: 
  twist: 
    linear: 
      x: 0.11536232548569653
      y: -0.32527028612074677
      z: 0.01884650325909298
    angular: 
      x: 0.0
      y: 0.0
      z: 0.0
  covariance: [0.0, 0.0, 0.0, 0.0, 0.0, 0.0, 0.0, 0.0, 0.0, 0.0, 0.0, 0.0, 0.0, 0.0, 0.0, 0.0, 0.0, 0.0, 0.0, 0.0, 0.0, 0.0, 0.0, 0.0, 0.0, 0.0, 0.0, 0.0, 0.0, 0.0, 0.0, 0.0, 0.0, 0.0, 0.0, 0.0]
---
header: 
  seq: 925
  stamp: 
    secs: 1744081265
    nsecs: 898513556
  frame_id: "world"
child_frame_id: "world"
pose: 
  pose: 
    position: 
      x: -0.6088138969408057
      y: -0.1660913035179355
      z: 0.41394083534059783
    orientation: 
      x: -0.019078031193682163
      y: 0.005927196925426134
      z: -0.6937518323864433
      w: 0.7199370056628792
  covariance: [0.0, 0.0, 0.0, 0.0, 0.0, 0.0, 0.0, 0.0, 0.0, 0.0, 0.0, 0.0, 0.0, 0.0, 0.0, 0.0, 0.0, 0.0, 0.0, 0.0, 0.0, 0.0, 0.0, 0.0, 0.0, 0.0, 0.0, 0.0, 0.0, 0.0, 0.0, 0.0, 0.0, 0.0, 0.0, 0.0]
twist: 
  twist: 
    linear: 
      x: 0.14674090704163767
      y: -0.3043396809867083
      z: -0.0019424847677038761
    angular: 
      x: 0.0
      y: 0.0
      z: 0.0
  covariance: [0.0, 0.0, 0.0, 0.0, 0.0, 0.0, 0.0, 0.0, 0.0, 0.0, 0.0, 0.0, 0.0, 0.0, 0.0, 0.0, 0.0, 0.0, 0.0, 0.0, 0.0, 0.0, 0.0, 0.0, 0.0, 0.0, 0.0, 0.0, 0.0, 0.0, 0.0, 0.0, 0.0, 0.0, 0.0, 0.0]
---
header: 
  seq: 926
  stamp: 
    secs: 1744081266
    nsecs:  31750202
  frame_id: "world"
child_frame_id: "world"
pose: 
  pose: 
    position: 
      x: -0.5888840697386093
      y: -0.2091469138349285
      z: 0.4104778143602259
    orientation: 
      x: -0.014018684969674964
      y: 0.0041645620848436
      z: -0.6603009924614357
      w: 0.7508586632974316
  covariance: [0.0, 0.0, 0.0, 0.0, 0.0, 0.0, 0.0, 0.0, 0.0, 0.0, 0.0, 0.0, 0.0, 0.0, 0.0, 0.0, 0.0, 0.0, 0.0, 0.0, 0.0, 0.0, 0.0, 0.0, 0.0, 0.0, 0.0, 0.0, 0.0, 0.0, 0.0, 0.0, 0.0, 0.0, 0.0, 0.0]
twist: 
  twist: 
    linear: 
      x: 0.16737208001008066
      y: -0.2908522876086714
      z: 0.016267896331577072
    angular: 
      x: 0.0
      y: 0.0
      z: 0.0
  covariance: [0.0, 0.0, 0.0, 0.0, 0.0, 0.0, 0.0, 0.0, 0.0, 0.0, 0.0, 0.0, 0.0, 0.0, 0.0, 0.0, 0.0, 0.0, 0.0, 0.0, 0.0, 0.0, 0.0, 0.0, 0.0, 0.0, 0.0, 0.0, 0.0, 0.0, 0.0, 0.0, 0.0, 0.0, 0.0, 0.0]
---
header: 
  seq: 927
  stamp: 
    secs: 1744081266
    nsecs: 164988041
  frame_id: "world"
child_frame_id: "world"
pose: 
  pose: 
    position: 
      x: -0.5667349829866727
      y: -0.2516680402211962
      z: 0.4050158206383639
    orientation: 
      x: -0.013345196226605143
      y: 0.0050802345300873875
      z: -0.6251150636187366
      w: 0.7804019824370872
  covariance: [0.0, 0.0, 0.0, 0.0, 0.0, 0.0, 0.0, 0.0, 0.0, 0.0, 0.0, 0.0, 0.0, 0.0, 0.0, 0.0, 0.0, 0.0, 0.0, 0.0, 0.0, 0.0, 0.0, 0.0, 0.0, 0.0, 0.0, 0.0, 0.0, 0.0, 0.0, 0.0, 0.0, 0.0, 0.0, 0.0]
twist: 
  twist: 
    linear: 
      x: 0.1886269222011393
      y: -0.28898837084711143
      z: -0.024871440477197512
    angular: 
      x: 0.0
      y: 0.0
      z: 0.0
  covariance: [0.0, 0.0, 0.0, 0.0, 0.0, 0.0, 0.0, 0.0, 0.0, 0.0, 0.0, 0.0, 0.0, 0.0, 0.0, 0.0, 0.0, 0.0, 0.0, 0.0, 0.0, 0.0, 0.0, 0.0, 0.0, 0.0, 0.0, 0.0, 0.0, 0.0, 0.0, 0.0, 0.0, 0.0, 0.0, 0.0]
---
header: 
  seq: 928
  stamp: 
    secs: 1744081266
    nsecs: 298221827
  frame_id: "world"
child_frame_id: "world"
pose: 
  pose: 
    position: 
      x: -0.5402612968807511
      y: -0.2897275298589073
      z: 0.39916911455560034
    orientation: 
      x: -0.01586835045753774
      y: 0.005240906632464599
      z: -0.5890577056786539
      w: 0.8079181565802486
  covariance: [0.0, 0.0, 0.0, 0.0, 0.0, 0.0, 0.0, 0.0, 0.0, 0.0, 0.0, 0.0, 0.0, 0.0, 0.0, 0.0, 0.0, 0.0, 0.0, 0.0, 0.0, 0.0, 0.0, 0.0, 0.0, 0.0, 0.0, 0.0, 0.0, 0.0, 0.0, 0.0, 0.0, 0.0, 0.0, 0.0]
twist: 
  twist: 
    linear: 
      x: 0.21786914293907225
      y: -0.26728292488672983
      z: -0.027418837054383915
    angular: 
      x: 0.0
      y: 0.0
      z: 0.0
  covariance: [0.0, 0.0, 0.0, 0.0, 0.0, 0.0, 0.0, 0.0, 0.0, 0.0, 0.0, 0.0, 0.0, 0.0, 0.0, 0.0, 0.0, 0.0, 0.0, 0.0, 0.0, 0.0, 0.0, 0.0, 0.0, 0.0, 0.0, 0.0, 0.0, 0.0, 0.0, 0.0, 0.0, 0.0, 0.0, 0.0]
---
header: 
  seq: 929
  stamp: 
    secs: 1744081266
    nsecs: 431451797
  frame_id: "world"
child_frame_id: "world"
pose: 
  pose: 
    position: 
      x: -0.5092263178815485
      y: -0.32537821000496403
      z: 0.394939483516785
    orientation: 
      x: -0.015405426738691623
      y: 0.004145772906409925
      z: -0.5516842485967303
      w: 0.8339004588344273
  covariance: [0.0, 0.0, 0.0, 0.0, 0.0, 0.0, 0.0, 0.0, 0.0, 0.0, 0.0, 0.0, 0.0, 0.0, 0.0, 0.0, 0.0, 0.0, 0.0, 0.0, 0.0, 0.0, 0.0, 0.0, 0.0, 0.0, 0.0, 0.0, 0.0, 0.0, 0.0, 0.0, 0.0, 0.0, 0.0, 0.0]
twist: 
  twist: 
    linear: 
      x: 0.25008385678897305
      y: -0.2536742082629755
      z: -0.011665549744950795
    angular: 
      x: 0.0
      y: 0.0
      z: 0.0
  covariance: [0.0, 0.0, 0.0, 0.0, 0.0, 0.0, 0.0, 0.0, 0.0, 0.0, 0.0, 0.0, 0.0, 0.0, 0.0, 0.0, 0.0, 0.0, 0.0, 0.0, 0.0, 0.0, 0.0, 0.0, 0.0, 0.0, 0.0, 0.0, 0.0, 0.0, 0.0, 0.0, 0.0, 0.0, 0.0, 0.0]
---
header: 
  seq: 930
  stamp: 
    secs: 1744081266
    nsecs: 564678192
  frame_id: "world"
child_frame_id: "world"
pose: 
  pose: 
    position: 
      x: -0.4757856303281227
      y: -0.3587204070600098
      z: 0.3947679518060316
    orientation: 
      x: -0.01595118783089003
      y: 0.0015462053387274835
      z: -0.5126361740844579
      w: 0.858456359913469
  covariance: [0.0, 0.0, 0.0, 0.0, 0.0, 0.0, 0.0, 0.0, 0.0, 0.0, 0.0, 0.0, 0.0, 0.0, 0.0, 0.0, 0.0, 0.0, 0.0, 0.0, 0.0, 0.0, 0.0, 0.0, 0.0, 0.0, 0.0, 0.0, 0.0, 0.0, 0.0, 0.0, 0.0, 0.0, 0.0, 0.0]
twist: 
  twist: 
    linear: 
      x: 0.247914395991318
      y: -0.25558454719157003
      z: 0.013199865938337375
    angular: 
      x: 0.0
      y: 0.0
      z: 0.0
  covariance: [0.0, 0.0, 0.0, 0.0, 0.0, 0.0, 0.0, 0.0, 0.0, 0.0, 0.0, 0.0, 0.0, 0.0, 0.0, 0.0, 0.0, 0.0, 0.0, 0.0, 0.0, 0.0, 0.0, 0.0, 0.0, 0.0, 0.0, 0.0, 0.0, 0.0, 0.0, 0.0, 0.0, 0.0, 0.0, 0.0]
---
header: 
  seq: 931
  stamp: 
    secs: 1744081266
    nsecs: 697900534
  frame_id: "world"
child_frame_id: "world"
pose: 
  pose: 
    position: 
      x: -0.4389909417668113
      y: -0.39123358566715083
      z: 0.3965645912491965
    orientation: 
      x: -0.020918607110855192
      y: 0.001813884674808834
      z: -0.4726672991276856
      w: 0.8809907752265442
  covariance: [0.0, 0.0, 0.0, 0.0, 0.0, 0.0, 0.0, 0.0, 0.0, 0.0, 0.0, 0.0, 0.0, 0.0, 0.0, 0.0, 0.0, 0.0, 0.0, 0.0, 0.0, 0.0, 0.0, 0.0, 0.0, 0.0, 0.0, 0.0, 0.0, 0.0, 0.0, 0.0, 0.0, 0.0, 0.0, 0.0]
twist: 
  twist: 
    linear: 
      x: 0.28554495269357477
      y: -0.2262063152808414
      z: 0.0058309036561586544
    angular: 
      x: 0.0
      y: 0.0
      z: 0.0
  covariance: [0.0, 0.0, 0.0, 0.0, 0.0, 0.0, 0.0, 0.0, 0.0, 0.0, 0.0, 0.0, 0.0, 0.0, 0.0, 0.0, 0.0, 0.0, 0.0, 0.0, 0.0, 0.0, 0.0, 0.0, 0.0, 0.0, 0.0, 0.0, 0.0, 0.0, 0.0, 0.0, 0.0, 0.0, 0.0, 0.0]
---
header: 
  seq: 932
  stamp: 
    secs: 1744081266
    nsecs: 831119537
  frame_id: "world"
child_frame_id: "world"
pose: 
  pose: 
    position: 
      x: -0.3961840546133163
      y: -0.41964146647960054
      z: 0.3987211288926102
    orientation: 
      x: -0.02247836172399757
      y: 0.0016322597939676887
      z: -0.43086171074227825
      w: 0.9021364892289899
  covariance: [0.0, 0.0, 0.0, 0.0, 0.0, 0.0, 0.0, 0.0, 0.0, 0.0, 0.0, 0.0, 0.0, 0.0, 0.0, 0.0, 0.0, 0.0, 0.0, 0.0, 0.0, 0.0, 0.0, 0.0, 0.0, 0.0, 0.0, 0.0, 0.0, 0.0, 0.0, 0.0, 0.0, 0.0, 0.0, 0.0]
twist: 
  twist: 
    linear: 
      x: 0.3231317133424319
      y: -0.18423156866359336
      z: 0.012070319703857076
    angular: 
      x: 0.0
      y: 0.0
      z: 0.0
  covariance: [0.0, 0.0, 0.0, 0.0, 0.0, 0.0, 0.0, 0.0, 0.0, 0.0, 0.0, 0.0, 0.0, 0.0, 0.0, 0.0, 0.0, 0.0, 0.0, 0.0, 0.0, 0.0, 0.0, 0.0, 0.0, 0.0, 0.0, 0.0, 0.0, 0.0, 0.0, 0.0, 0.0, 0.0, 0.0, 0.0]
---
header: 
  seq: 933
  stamp: 
    secs: 1744081266
    nsecs: 964334726
  frame_id: "world"
child_frame_id: "world"
pose: 
  pose: 
    position: 
      x: -0.3531068851817069
      y: -0.4397126640601405
      z: 0.4040177005600829
    orientation: 
      x: -0.019040303183042954
      y: -0.0014760415730170613
      z: -0.3882310508370034
      w: 0.9213641730184481
  covariance: [0.0, 0.0, 0.0, 0.0, 0.0, 0.0, 0.0, 0.0, 0.0, 0.0, 0.0, 0.0, 0.0, 0.0, 0.0, 0.0, 0.0, 0.0, 0.0, 0.0, 0.0, 0.0, 0.0, 0.0, 0.0, 0.0, 0.0, 0.0, 0.0, 0.0, 0.0, 0.0, 0.0, 0.0, 0.0, 0.0]
twist: 
  twist: 
    linear: 
      x: 0.3338909039812936
      y: -0.1573208969802264
      z: 0.0447633497220073
    angular: 
      x: 0.0
      y: 0.0
      z: 0.0
  covariance: [0.0, 0.0, 0.0, 0.0, 0.0, 0.0, 0.0, 0.0, 0.0, 0.0, 0.0, 0.0, 0.0, 0.0, 0.0, 0.0, 0.0, 0.0, 0.0, 0.0, 0.0, 0.0, 0.0, 0.0, 0.0, 0.0, 0.0, 0.0, 0.0, 0.0, 0.0, 0.0, 0.0, 0.0, 0.0, 0.0]
---
header: 
  seq: 934
  stamp: 
    secs: 1744081267
    nsecs:  97576380
  frame_id: "world"
child_frame_id: "world"
pose: 
  pose: 
    position: 
      x: -0.3083261027714966
      y: -0.45634231243621015
      z: 0.4087051379491776
    orientation: 
      x: -0.019094005234749235
      y: -0.00410836060940638
      z: -0.34523147784471603
      w: 0.9383143220916709
  covariance: [0.0, 0.0, 0.0, 0.0, 0.0, 0.0, 0.0, 0.0, 0.0, 0.0, 0.0, 0.0, 0.0, 0.0, 0.0, 0.0, 0.0, 0.0, 0.0, 0.0, 0.0, 0.0, 0.0, 0.0, 0.0, 0.0, 0.0, 0.0, 0.0, 0.0, 0.0, 0.0, 0.0, 0.0, 0.0, 0.0]
twist: 
  twist: 
    linear: 
      x: 0.35404723495441137
      y: -0.11438673227717594
      z: 0.013086679452442719
    angular: 
      x: 0.0
      y: 0.0
      z: 0.0
  covariance: [0.0, 0.0, 0.0, 0.0, 0.0, 0.0, 0.0, 0.0, 0.0, 0.0, 0.0, 0.0, 0.0, 0.0, 0.0, 0.0, 0.0, 0.0, 0.0, 0.0, 0.0, 0.0, 0.0, 0.0, 0.0, 0.0, 0.0, 0.0, 0.0, 0.0, 0.0, 0.0, 0.0, 0.0, 0.0, 0.0]
---
header: 
  seq: 935
  stamp: 
    secs: 1744081267
    nsecs: 230858326
  frame_id: "world"
child_frame_id: "world"
pose: 
  pose: 
    position: 
      x: -0.2611960294801287
      y: -0.4714566998475688
      z: 0.41016810988731445
    orientation: 
      x: -0.013319216615107462
      y: -0.006934621666403849
      z: -0.30100063234530766
      w: 0.9535057046598245
  covariance: [0.0, 0.0, 0.0, 0.0, 0.0, 0.0, 0.0, 0.0, 0.0, 0.0, 0.0, 0.0, 0.0, 0.0, 0.0, 0.0, 0.0, 0.0, 0.0, 0.0, 0.0, 0.0, 0.0, 0.0, 0.0, 0.0, 0.0, 0.0, 0.0, 0.0, 0.0, 0.0, 0.0, 0.0, 0.0, 0.0]
twist: 
  twist: 
    linear: 
      x: 0.3567627919838368
      y: -0.08783811014694681
      z: 0.011284417200532125
    angular: 
      x: 0.0
      y: 0.0
      z: 0.0
  covariance: [0.0, 0.0, 0.0, 0.0, 0.0, 0.0, 0.0, 0.0, 0.0, 0.0, 0.0, 0.0, 0.0, 0.0, 0.0, 0.0, 0.0, 0.0, 0.0, 0.0, 0.0, 0.0, 0.0, 0.0, 0.0, 0.0, 0.0, 0.0, 0.0, 0.0, 0.0, 0.0, 0.0, 0.0, 0.0, 0.0]
---
header: 
  seq: 936
  stamp: 
    secs: 1744081267
    nsecs: 364138603
  frame_id: "world"
child_frame_id: "world"
pose: 
  pose: 
    position: 
      x: -0.21587339932883448
      y: -0.4842376648521675
      z: 0.41491355254134216
    orientation: 
      x: -0.007938896006416687
      y: -0.006277578636121216
      z: -0.25583218485427256
      w: 0.9666682259851908
  covariance: [0.0, 0.0, 0.0, 0.0, 0.0, 0.0, 0.0, 0.0, 0.0, 0.0, 0.0, 0.0, 0.0, 0.0, 0.0, 0.0, 0.0, 0.0, 0.0, 0.0, 0.0, 0.0, 0.0, 0.0, 0.0, 0.0, 0.0, 0.0, 0.0, 0.0, 0.0, 0.0, 0.0, 0.0, 0.0, 0.0]
twist: 
  twist: 
    linear: 
      x: 0.34843974970632147
      y: -0.066859057037705
      z: 0.021905699622382983
    angular: 
      x: 0.0
      y: 0.0
      z: 0.0
  covariance: [0.0, 0.0, 0.0, 0.0, 0.0, 0.0, 0.0, 0.0, 0.0, 0.0, 0.0, 0.0, 0.0, 0.0, 0.0, 0.0, 0.0, 0.0, 0.0, 0.0, 0.0, 0.0, 0.0, 0.0, 0.0, 0.0, 0.0, 0.0, 0.0, 0.0, 0.0, 0.0, 0.0, 0.0, 0.0, 0.0]
---
header: 
  seq: 937
  stamp: 
    secs: 1744081267
    nsecs: 497415543
  frame_id: "world"
child_frame_id: "world"
pose: 
  pose: 
    position: 
      x: -0.17158037328695314
      y: -0.4936635427111141
      z: 0.42152338342449974
    orientation: 
      x: -0.005024286686981485
      y: -0.004663348189590702
      z: -0.2105229459041941
      w: 0.9775648822327699
  covariance: [0.0, 0.0, 0.0, 0.0, 0.0, 0.0, 0.0, 0.0, 0.0, 0.0, 0.0, 0.0, 0.0, 0.0, 0.0, 0.0, 0.0, 0.0, 0.0, 0.0, 0.0, 0.0, 0.0, 0.0, 0.0, 0.0, 0.0, 0.0, 0.0, 0.0, 0.0, 0.0, 0.0, 0.0, 0.0, 0.0]
twist: 
  twist: 
    linear: 
      x: 0.3363950619072822
      y: -0.03828600652606051
      z: 0.014669639847155481
    angular: 
      x: 0.0
      y: 0.0
      z: 0.0
  covariance: [0.0, 0.0, 0.0, 0.0, 0.0, 0.0, 0.0, 0.0, 0.0, 0.0, 0.0, 0.0, 0.0, 0.0, 0.0, 0.0, 0.0, 0.0, 0.0, 0.0, 0.0, 0.0, 0.0, 0.0, 0.0, 0.0, 0.0, 0.0, 0.0, 0.0, 0.0, 0.0, 0.0, 0.0, 0.0, 0.0]
---
header: 
  seq: 938
  stamp: 
    secs: 1744081267
    nsecs: 630689859
  frame_id: "world"
child_frame_id: "world"
pose: 
  pose: 
    position: 
      x: -0.13511535504851496
      y: -0.49896249276841675
      z: 0.43013226290733714
    orientation: 
      x: -0.010704411456570294
      y: -0.0006452129896524862
      z: -0.16523517043392125
      w: 0.9861958921670884
  covariance: [0.0, 0.0, 0.0, 0.0, 0.0, 0.0, 0.0, 0.0, 0.0, 0.0, 0.0, 0.0, 0.0, 0.0, 0.0, 0.0, 0.0, 0.0, 0.0, 0.0, 0.0, 0.0, 0.0, 0.0, 0.0, 0.0, 0.0, 0.0, 0.0, 0.0, 0.0, 0.0, 0.0, 0.0, 0.0, 0.0]
twist: 
  twist: 
    linear: 
      x: 0.31644562941231114
      y: -0.02324813655584722
      z: 0.01090050599649426
    angular: 
      x: 0.0
      y: 0.0
      z: 0.0
  covariance: [0.0, 0.0, 0.0, 0.0, 0.0, 0.0, 0.0, 0.0, 0.0, 0.0, 0.0, 0.0, 0.0, 0.0, 0.0, 0.0, 0.0, 0.0, 0.0, 0.0, 0.0, 0.0, 0.0, 0.0, 0.0, 0.0, 0.0, 0.0, 0.0, 0.0, 0.0, 0.0, 0.0, 0.0, 0.0, 0.0]
---
header: 
  seq: 939
  stamp: 
    secs: 1744081267
    nsecs: 763961554
  frame_id: "world"
child_frame_id: "world"
pose: 
  pose: 
    position: 
      x: -0.0971680927212879
      y: -0.5013557926394103
      z: 0.43350728964437385
    orientation: 
      x: -0.013588042424268585
      y: 0.004104430987695446
      z: -0.12077355990818905
      w: 0.9925785943573671
  covariance: [0.0, 0.0, 0.0, 0.0, 0.0, 0.0, 0.0, 0.0, 0.0, 0.0, 0.0, 0.0, 0.0, 0.0, 0.0, 0.0, 0.0, 0.0, 0.0, 0.0, 0.0, 0.0, 0.0, 0.0, 0.0, 0.0, 0.0, 0.0, 0.0, 0.0, 0.0, 0.0, 0.0, 0.0, 0.0, 0.0]
twist: 
  twist: 
    linear: 
      x: 0.3096407288799663
      y: 0.02017771963464685
      z: -0.007655036461010157
    angular: 
      x: 0.0
      y: 0.0
      z: 0.0
  covariance: [0.0, 0.0, 0.0, 0.0, 0.0, 0.0, 0.0, 0.0, 0.0, 0.0, 0.0, 0.0, 0.0, 0.0, 0.0, 0.0, 0.0, 0.0, 0.0, 0.0, 0.0, 0.0, 0.0, 0.0, 0.0, 0.0, 0.0, 0.0, 0.0, 0.0, 0.0, 0.0, 0.0, 0.0, 0.0, 0.0]
---
header: 
  seq: 940
  stamp: 
    secs: 1744081267
    nsecs: 897230864
  frame_id: "world"
child_frame_id: "world"
pose: 
  pose: 
    position: 
      x: -0.05820765990873372
      y: -0.49676682466884425
      z: 0.44002117446980277
    orientation: 
      x: -0.007874593071462663
      y: 0.00882194166980245
      z: -0.07685491950414003
      w: 0.9969721588274899
  covariance: [0.0, 0.0, 0.0, 0.0, 0.0, 0.0, 0.0, 0.0, 0.0, 0.0, 0.0, 0.0, 0.0, 0.0, 0.0, 0.0, 0.0, 0.0, 0.0, 0.0, 0.0, 0.0, 0.0, 0.0, 0.0, 0.0, 0.0, 0.0, 0.0, 0.0, 0.0, 0.0, 0.0, 0.0, 0.0, 0.0]
twist: 
  twist: 
    linear: 
      x: 0.3265061575520449
      y: 0.07442402303882843
      z: 0.0005689250318498122
    angular: 
      x: 0.0
      y: 0.0
      z: 0.0
  covariance: [0.0, 0.0, 0.0, 0.0, 0.0, 0.0, 0.0, 0.0, 0.0, 0.0, 0.0, 0.0, 0.0, 0.0, 0.0, 0.0, 0.0, 0.0, 0.0, 0.0, 0.0, 0.0, 0.0, 0.0, 0.0, 0.0, 0.0, 0.0, 0.0, 0.0, 0.0, 0.0, 0.0, 0.0, 0.0, 0.0]
---
header: 
  seq: 941
  stamp: 
    secs: 1744081268
    nsecs:  30497789
  frame_id: "world"
child_frame_id: "world"
pose: 
  pose: 
    position: 
      x: -0.01787947068904322
      y: -0.489666185863322
      z: 0.4485207633265289
    orientation: 
      x: -0.0011963225375852444
      y: 0.009059298034698389
      z: -0.032015113209117506
      w: 0.9994456115555823
  covariance: [0.0, 0.0, 0.0, 0.0, 0.0, 0.0, 0.0, 0.0, 0.0, 0.0, 0.0, 0.0, 0.0, 0.0, 0.0, 0.0, 0.0, 0.0, 0.0, 0.0, 0.0, 0.0, 0.0, 0.0, 0.0, 0.0, 0.0, 0.0, 0.0, 0.0, 0.0, 0.0, 0.0, 0.0, 0.0, 0.0]
twist: 
  twist: 
    linear: 
      x: 0.33443267265445803
      y: 0.09115782646085169
      z: 0.011071374960068756
    angular: 
      x: 0.0
      y: 0.0
      z: 0.0
  covariance: [0.0, 0.0, 0.0, 0.0, 0.0, 0.0, 0.0, 0.0, 0.0, 0.0, 0.0, 0.0, 0.0, 0.0, 0.0, 0.0, 0.0, 0.0, 0.0, 0.0, 0.0, 0.0, 0.0, 0.0, 0.0, 0.0, 0.0, 0.0, 0.0, 0.0, 0.0, 0.0, 0.0, 0.0, 0.0, 0.0]
---
header: 
  seq: 942
  stamp: 
    secs: 1744081268
    nsecs: 163743019
  frame_id: "world"
child_frame_id: "world"
pose: 
  pose: 
    position: 
      x: 0.025824498085969927
      y: -0.48016146887417477
      z: 0.45619543772644905
    orientation: 
      x: -0.0038566380112577546
      y: 0.007688803195978887
      z: 0.013286327586010976
      w: 0.9998747332280883
  covariance: [0.0, 0.0, 0.0, 0.0, 0.0, 0.0, 0.0, 0.0, 0.0, 0.0, 0.0, 0.0, 0.0, 0.0, 0.0, 0.0, 0.0, 0.0, 0.0, 0.0, 0.0, 0.0, 0.0, 0.0, 0.0, 0.0, 0.0, 0.0, 0.0, 0.0, 0.0, 0.0, 0.0, 0.0, 0.0, 0.0]
twist: 
  twist: 
    linear: 
      x: 0.3420830432604345
      y: 0.0952182921062122
      z: 0.009274561962057663
    angular: 
      x: 0.0
      y: 0.0
      z: 0.0
  covariance: [0.0, 0.0, 0.0, 0.0, 0.0, 0.0, 0.0, 0.0, 0.0, 0.0, 0.0, 0.0, 0.0, 0.0, 0.0, 0.0, 0.0, 0.0, 0.0, 0.0, 0.0, 0.0, 0.0, 0.0, 0.0, 0.0, 0.0, 0.0, 0.0, 0.0, 0.0, 0.0, 0.0, 0.0, 0.0, 0.0]
---
header: 
  seq: 943
  stamp: 
    secs: 1744081268
    nsecs: 296981573
  frame_id: "world"
child_frame_id: "world"
pose: 
  pose: 
    position: 
      x: 0.07006161728647647
      y: -0.46420361346000283
      z: 0.46096546429640645
    orientation: 
      x: -0.0112089837285836
      y: 0.005397223805062172
      z: 0.05826496585610846
      w: 0.9982236334673493
  covariance: [0.0, 0.0, 0.0, 0.0, 0.0, 0.0, 0.0, 0.0, 0.0, 0.0, 0.0, 0.0, 0.0, 0.0, 0.0, 0.0, 0.0, 0.0, 0.0, 0.0, 0.0, 0.0, 0.0, 0.0, 0.0, 0.0, 0.0, 0.0, 0.0, 0.0, 0.0, 0.0, 0.0, 0.0, 0.0, 0.0]
twist: 
  twist: 
    linear: 
      x: 0.3427723986767072
      y: 0.12921619819374533
      z: 0.01485939832116774
    angular: 
      x: 0.0
      y: 0.0
      z: 0.0
  covariance: [0.0, 0.0, 0.0, 0.0, 0.0, 0.0, 0.0, 0.0, 0.0, 0.0, 0.0, 0.0, 0.0, 0.0, 0.0, 0.0, 0.0, 0.0, 0.0, 0.0, 0.0, 0.0, 0.0, 0.0, 0.0, 0.0, 0.0, 0.0, 0.0, 0.0, 0.0, 0.0, 0.0, 0.0, 0.0, 0.0]
---
header: 
  seq: 944
  stamp: 
    secs: 1744081268
    nsecs: 430217028
  frame_id: "world"
child_frame_id: "world"
pose: 
  pose: 
    position: 
      x: 0.1115176430834694
      y: -0.44054144189299665
      z: 0.46301809709245345
    orientation: 
      x: -0.016110248391777823
      y: 0.002492070997686673
      z: 0.10258964655317987
      w: 0.9945901738399547
  covariance: [0.0, 0.0, 0.0, 0.0, 0.0, 0.0, 0.0, 0.0, 0.0, 0.0, 0.0, 0.0, 0.0, 0.0, 0.0, 0.0, 0.0, 0.0, 0.0, 0.0, 0.0, 0.0, 0.0, 0.0, 0.0, 0.0, 0.0, 0.0, 0.0, 0.0, 0.0, 0.0, 0.0, 0.0, 0.0, 0.0]
twist: 
  twist: 
    linear: 
      x: 0.3360514458790084
      y: 0.17881198832944742
      z: -0.0014570734500142127
    angular: 
      x: 0.0
      y: 0.0
      z: 0.0
  covariance: [0.0, 0.0, 0.0, 0.0, 0.0, 0.0, 0.0, 0.0, 0.0, 0.0, 0.0, 0.0, 0.0, 0.0, 0.0, 0.0, 0.0, 0.0, 0.0, 0.0, 0.0, 0.0, 0.0, 0.0, 0.0, 0.0, 0.0, 0.0, 0.0, 0.0, 0.0, 0.0, 0.0, 0.0, 0.0, 0.0]
---
header: 
  seq: 945
  stamp: 
    secs: 1744081268
    nsecs: 563448668
  frame_id: "world"
child_frame_id: "world"
pose: 
  pose: 
    position: 
      x: 0.1531806958153808
      y: -0.4101991767991783
      z: 0.4624662850364473
    orientation: 
      x: -0.01520202035349109
      y: -0.002944971685204035
      z: 0.14614916575256057
      w: 0.9891413685964084
  covariance: [0.0, 0.0, 0.0, 0.0, 0.0, 0.0, 0.0, 0.0, 0.0, 0.0, 0.0, 0.0, 0.0, 0.0, 0.0, 0.0, 0.0, 0.0, 0.0, 0.0, 0.0, 0.0, 0.0, 0.0, 0.0, 0.0, 0.0, 0.0, 0.0, 0.0, 0.0, 0.0, 0.0, 0.0, 0.0, 0.0]
twist: 
  twist: 
    linear: 
      x: 0.31405622323835275
      y: 0.24604243236075937
      z: -0.039443762520375264
    angular: 
      x: 0.0
      y: 0.0
      z: 0.0
  covariance: [0.0, 0.0, 0.0, 0.0, 0.0, 0.0, 0.0, 0.0, 0.0, 0.0, 0.0, 0.0, 0.0, 0.0, 0.0, 0.0, 0.0, 0.0, 0.0, 0.0, 0.0, 0.0, 0.0, 0.0, 0.0, 0.0, 0.0, 0.0, 0.0, 0.0, 0.0, 0.0, 0.0, 0.0, 0.0, 0.0]
---
header: 
  seq: 946
  stamp: 
    secs: 1744081268
    nsecs: 696676970
  frame_id: "world"
child_frame_id: "world"
pose: 
  pose: 
    position: 
      x: 0.18699958253472881
      y: -0.3700234019848461
      z: 0.45724153618999025
    orientation: 
      x: -0.01121229221396134
      y: -0.006842153545451984
      z: 0.18932816838291658
      w: 0.9818260100928978
  covariance: [0.0, 0.0, 0.0, 0.0, 0.0, 0.0, 0.0, 0.0, 0.0, 0.0, 0.0, 0.0, 0.0, 0.0, 0.0, 0.0, 0.0, 0.0, 0.0, 0.0, 0.0, 0.0, 0.0, 0.0, 0.0, 0.0, 0.0, 0.0, 0.0, 0.0, 0.0, 0.0, 0.0, 0.0, 0.0, 0.0]
twist: 
  twist: 
    linear: 
      x: 0.29046153848717565
      y: 0.3006637828197761
      z: -0.04292769399898792
    angular: 
      x: 0.0
      y: 0.0
      z: 0.0
  covariance: [0.0, 0.0, 0.0, 0.0, 0.0, 0.0, 0.0, 0.0, 0.0, 0.0, 0.0, 0.0, 0.0, 0.0, 0.0, 0.0, 0.0, 0.0, 0.0, 0.0, 0.0, 0.0, 0.0, 0.0, 0.0, 0.0, 0.0, 0.0, 0.0, 0.0, 0.0, 0.0, 0.0, 0.0, 0.0, 0.0]
---
header: 
  seq: 947
  stamp: 
    secs: 1744081268
    nsecs: 829901695
  frame_id: "world"
child_frame_id: "world"
pose: 
  pose: 
    position: 
      x: 0.21937671482524487
      y: -0.3245306564436973
      z: 0.45297379655275855
    orientation: 
      x: -0.002334270969046142
      y: -0.009397089349313218
      z: 0.23249091941293482
      w: 0.9725503679919782
  covariance: [0.0, 0.0, 0.0, 0.0, 0.0, 0.0, 0.0, 0.0, 0.0, 0.0, 0.0, 0.0, 0.0, 0.0, 0.0, 0.0, 0.0, 0.0, 0.0, 0.0, 0.0, 0.0, 0.0, 0.0, 0.0, 0.0, 0.0, 0.0, 0.0, 0.0, 0.0, 0.0, 0.0, 0.0, 0.0, 0.0]
twist: 
  twist: 
    linear: 
      x: 0.26547670443566007
      y: 0.3295152270639661
      z: -0.026836825383643646
    angular: 
      x: 0.0
      y: 0.0
      z: 0.0
  covariance: [0.0, 0.0, 0.0, 0.0, 0.0, 0.0, 0.0, 0.0, 0.0, 0.0, 0.0, 0.0, 0.0, 0.0, 0.0, 0.0, 0.0, 0.0, 0.0, 0.0, 0.0, 0.0, 0.0, 0.0, 0.0, 0.0, 0.0, 0.0, 0.0, 0.0, 0.0, 0.0, 0.0, 0.0, 0.0, 0.0]
---
header: 
  seq: 948
  stamp: 
    secs: 1744081268
    nsecs: 963122845
  frame_id: "world"
child_frame_id: "world"
pose: 
  pose: 
    position: 
      x: 0.24568071810683978
      y: -0.27704990399071106
      z: 0.4515344704977573
    orientation: 
      x: 0.0027155746732312708
      y: -0.008208250168537691
      z: 0.2771717562898027
      w: 0.9607814880598975
  covariance: [0.0, 0.0, 0.0, 0.0, 0.0, 0.0, 0.0, 0.0, 0.0, 0.0, 0.0, 0.0, 0.0, 0.0, 0.0, 0.0, 0.0, 0.0, 0.0, 0.0, 0.0, 0.0, 0.0, 0.0, 0.0, 0.0, 0.0, 0.0, 0.0, 0.0, 0.0, 0.0, 0.0, 0.0, 0.0, 0.0]
twist: 
  twist: 
    linear: 
      x: 0.22782745513944938
      y: 0.34425288880591826
      z: -0.012564574879594772
    angular: 
      x: 0.0
      y: 0.0
      z: 0.0
  covariance: [0.0, 0.0, 0.0, 0.0, 0.0, 0.0, 0.0, 0.0, 0.0, 0.0, 0.0, 0.0, 0.0, 0.0, 0.0, 0.0, 0.0, 0.0, 0.0, 0.0, 0.0, 0.0, 0.0, 0.0, 0.0, 0.0, 0.0, 0.0, 0.0, 0.0, 0.0, 0.0, 0.0, 0.0, 0.0, 0.0]
---
header: 
  seq: 949
  stamp: 
    secs: 1744081269
    nsecs:  96349716
  frame_id: "world"
child_frame_id: "world"
pose: 
  pose: 
    position: 
      x: 0.2730254707650164
      y: -0.22823683958132102
      z: 0.45210628999133035
    orientation: 
      x: 0.00562834416517909
      y: -0.006373157411958876
      z: 0.3229032183698733
      w: 0.9463937955063625
  covariance: [0.0, 0.0, 0.0, 0.0, 0.0, 0.0, 0.0, 0.0, 0.0, 0.0, 0.0, 0.0, 0.0, 0.0, 0.0, 0.0, 0.0, 0.0, 0.0, 0.0, 0.0, 0.0, 0.0, 0.0, 0.0, 0.0, 0.0, 0.0, 0.0, 0.0, 0.0, 0.0, 0.0, 0.0, 0.0, 0.0]
twist: 
  twist: 
    linear: 
      x: 0.18774727526524654
      y: 0.35876932098559183
      z: -0.03248439450543772
    angular: 
      x: 0.0
      y: 0.0
      z: 0.0
  covariance: [0.0, 0.0, 0.0, 0.0, 0.0, 0.0, 0.0, 0.0, 0.0, 0.0, 0.0, 0.0, 0.0, 0.0, 0.0, 0.0, 0.0, 0.0, 0.0, 0.0, 0.0, 0.0, 0.0, 0.0, 0.0, 0.0, 0.0, 0.0, 0.0, 0.0, 0.0, 0.0, 0.0, 0.0, 0.0, 0.0]
---
header: 
  seq: 950
  stamp: 
    secs: 1744081269
    nsecs: 229584455
  frame_id: "world"
child_frame_id: "world"
pose: 
  pose: 
    position: 
      x: 0.30004428533064154
      y: -0.18061866674682064
      z: 0.4517267060373213
    orientation: 
      x: 0.008045176009825133
      y: -0.003923969520071506
      z: 0.3682995082488983
      w: 0.9296641059166457
  covariance: [0.0, 0.0, 0.0, 0.0, 0.0, 0.0, 0.0, 0.0, 0.0, 0.0, 0.0, 0.0, 0.0, 0.0, 0.0, 0.0, 0.0, 0.0, 0.0, 0.0, 0.0, 0.0, 0.0, 0.0, 0.0, 0.0, 0.0, 0.0, 0.0, 0.0, 0.0, 0.0, 0.0, 0.0, 0.0, 0.0]
twist: 
  twist: 
    linear: 
      x: 0.18674916522487517
      y: 0.35246957403217644
      z: -0.026090223423069228
    angular: 
      x: 0.0
      y: 0.0
      z: 0.0
  covariance: [0.0, 0.0, 0.0, 0.0, 0.0, 0.0, 0.0, 0.0, 0.0, 0.0, 0.0, 0.0, 0.0, 0.0, 0.0, 0.0, 0.0, 0.0, 0.0, 0.0, 0.0, 0.0, 0.0, 0.0, 0.0, 0.0, 0.0, 0.0, 0.0, 0.0, 0.0, 0.0, 0.0, 0.0, 0.0, 0.0]
---
header: 
  seq: 951
  stamp: 
    secs: 1744081269
    nsecs: 362815380
  frame_id: "world"
child_frame_id: "world"
pose: 
  pose: 
    position: 
      x: 0.3253793526348819
      y: -0.13051528519027356
      z: 0.4546573800892948
    orientation: 
      x: 0.009944797984489903
      y: -0.003473776588928043
      z: 0.4121711748861972
      w: 0.9110455293025644
  covariance: [0.0, 0.0, 0.0, 0.0, 0.0, 0.0, 0.0, 0.0, 0.0, 0.0, 0.0, 0.0, 0.0, 0.0, 0.0, 0.0, 0.0, 0.0, 0.0, 0.0, 0.0, 0.0, 0.0, 0.0, 0.0, 0.0, 0.0, 0.0, 0.0, 0.0, 0.0, 0.0, 0.0, 0.0, 0.0, 0.0]
twist: 
  twist: 
    linear: 
      x: 0.17048084425514892
      y: 0.3535258052213474
      z: -0.03588145141347907
    angular: 
      x: 0.0
      y: 0.0
      z: 0.0
  covariance: [0.0, 0.0, 0.0, 0.0, 0.0, 0.0, 0.0, 0.0, 0.0, 0.0, 0.0, 0.0, 0.0, 0.0, 0.0, 0.0, 0.0, 0.0, 0.0, 0.0, 0.0, 0.0, 0.0, 0.0, 0.0, 0.0, 0.0, 0.0, 0.0, 0.0, 0.0, 0.0, 0.0, 0.0, 0.0, 0.0]
---
header: 
  seq: 952
  stamp: 
    secs: 1744081269
    nsecs: 496042728
  frame_id: "world"
child_frame_id: "world"
pose: 
  pose: 
    position: 
      x: 0.35086032148693913
      y: -0.08217278430894803
      z: 0.4599500459666921
    orientation: 
      x: 0.005793774836430671
      y: -0.007527304499057507
      z: 0.45502775546780155
      w: 0.8904265908058102
  covariance: [0.0, 0.0, 0.0, 0.0, 0.0, 0.0, 0.0, 0.0, 0.0, 0.0, 0.0, 0.0, 0.0, 0.0, 0.0, 0.0, 0.0, 0.0, 0.0, 0.0, 0.0, 0.0, 0.0, 0.0, 0.0, 0.0, 0.0, 0.0, 0.0, 0.0, 0.0, 0.0, 0.0, 0.0, 0.0, 0.0]
twist: 
  twist: 
    linear: 
      x: 0.1962655037640517
      y: 0.33135317481603954
      z: 0.035624372221392586
    angular: 
      x: 0.0
      y: 0.0
      z: 0.0
  covariance: [0.0, 0.0, 0.0, 0.0, 0.0, 0.0, 0.0, 0.0, 0.0, 0.0, 0.0, 0.0, 0.0, 0.0, 0.0, 0.0, 0.0, 0.0, 0.0, 0.0, 0.0, 0.0, 0.0, 0.0, 0.0, 0.0, 0.0, 0.0, 0.0, 0.0, 0.0, 0.0, 0.0, 0.0, 0.0, 0.0]
---
header: 
  seq: 953
  stamp: 
    secs: 1744081269
    nsecs: 629266024
  frame_id: "world"
child_frame_id: "world"
pose: 
  pose: 
    position: 
      x: 0.372783755806966
      y: -0.037887089760505865
      z: 0.46907835186995095
    orientation: 
      x: -0.003464075776056287
      y: -0.014988047864852225
      z: 0.4965644692590066
      w: 0.8678635183424521
  covariance: [0.0, 0.0, 0.0, 0.0, 0.0, 0.0, 0.0, 0.0, 0.0, 0.0, 0.0, 0.0, 0.0, 0.0, 0.0, 0.0, 0.0, 0.0, 0.0, 0.0, 0.0, 0.0, 0.0, 0.0, 0.0, 0.0, 0.0, 0.0, 0.0, 0.0, 0.0, 0.0, 0.0, 0.0, 0.0, 0.0]
twist: 
  twist: 
    linear: 
      x: 0.17051126644260298
      y: 0.31770599554829243
      z: 0.013817839705133027
    angular: 
      x: 0.0
      y: 0.0
      z: 0.0
  covariance: [0.0, 0.0, 0.0, 0.0, 0.0, 0.0, 0.0, 0.0, 0.0, 0.0, 0.0, 0.0, 0.0, 0.0, 0.0, 0.0, 0.0, 0.0, 0.0, 0.0, 0.0, 0.0, 0.0, 0.0, 0.0, 0.0, 0.0, 0.0, 0.0, 0.0, 0.0, 0.0, 0.0, 0.0, 0.0, 0.0]
---
header: 
  seq: 954
  stamp: 
    secs: 1744081269
    nsecs: 762485743
  frame_id: "world"
child_frame_id: "world"
pose: 
  pose: 
    position: 
      x: 0.3913294638723517
      y: 0.006715509209630266
      z: 0.4735671659849468
    orientation: 
      x: -0.011864828750730947
      y: -0.020009122868853955
      z: 0.5374183090610942
      w: 0.8429949121594087
  covariance: [0.0, 0.0, 0.0, 0.0, 0.0, 0.0, 0.0, 0.0, 0.0, 0.0, 0.0, 0.0, 0.0, 0.0, 0.0, 0.0, 0.0, 0.0, 0.0, 0.0, 0.0, 0.0, 0.0, 0.0, 0.0, 0.0, 0.0, 0.0, 0.0, 0.0, 0.0, 0.0, 0.0, 0.0, 0.0, 0.0]
twist: 
  twist: 
    linear: 
      x: 0.1360811301821902
      y: 0.31549655822618944
      z: 0.021075656855903752
    angular: 
      x: 0.0
      y: 0.0
      z: 0.0
  covariance: [0.0, 0.0, 0.0, 0.0, 0.0, 0.0, 0.0, 0.0, 0.0, 0.0, 0.0, 0.0, 0.0, 0.0, 0.0, 0.0, 0.0, 0.0, 0.0, 0.0, 0.0, 0.0, 0.0, 0.0, 0.0, 0.0, 0.0, 0.0, 0.0, 0.0, 0.0, 0.0, 0.0, 0.0, 0.0, 0.0]
---
header: 
  seq: 955
  stamp: 
    secs: 1744081269
    nsecs: 895701647
  frame_id: "world"
child_frame_id: "world"
pose: 
  pose: 
    position: 
      x: 0.4029446909012205
      y: 0.047892310139119154
      z: 0.4752996819759739
    orientation: 
      x: -0.013502769089252202
      y: -0.018205665547058696
      z: 0.5773771354994088
      w: 0.8161628957330812
  covariance: [0.0, 0.0, 0.0, 0.0, 0.0, 0.0, 0.0, 0.0, 0.0, 0.0, 0.0, 0.0, 0.0, 0.0, 0.0, 0.0, 0.0, 0.0, 0.0, 0.0, 0.0, 0.0, 0.0, 0.0, 0.0, 0.0, 0.0, 0.0, 0.0, 0.0, 0.0, 0.0, 0.0, 0.0, 0.0, 0.0]
twist: 
  twist: 
    linear: 
      x: 0.061958416504784425
      y: 0.32447866327836977
      z: -0.019745332856684616
    angular: 
      x: 0.0
      y: 0.0
      z: 0.0
  covariance: [0.0, 0.0, 0.0, 0.0, 0.0, 0.0, 0.0, 0.0, 0.0, 0.0, 0.0, 0.0, 0.0, 0.0, 0.0, 0.0, 0.0, 0.0, 0.0, 0.0, 0.0, 0.0, 0.0, 0.0, 0.0, 0.0, 0.0, 0.0, 0.0, 0.0, 0.0, 0.0, 0.0, 0.0, 0.0, 0.0]
---
header: 
  seq: 956
  stamp: 
    secs: 1744081270
    nsecs:  28914452
  frame_id: "world"
child_frame_id: "world"
pose: 
  pose: 
    position: 
      x: 0.4088156214499077
      y: 0.09280623513172725
      z: 0.47361134397440724
    orientation: 
      x: -0.011537980251786508
      y: -0.017496651522092756
      z: 0.6158809118970346
      w: 0.7875604386700116
  covariance: [0.0, 0.0, 0.0, 0.0, 0.0, 0.0, 0.0, 0.0, 0.0, 0.0, 0.0, 0.0, 0.0, 0.0, 0.0, 0.0, 0.0, 0.0, 0.0, 0.0, 0.0, 0.0, 0.0, 0.0, 0.0, 0.0, 0.0, 0.0, 0.0, 0.0, 0.0, 0.0, 0.0, 0.0, 0.0, 0.0]
twist: 
  twist: 
    linear: 
      x: 0.04078125667952681
      y: 0.3351254880651402
      z: -0.012737521463131549
    angular: 
      x: 0.0
      y: 0.0
      z: 0.0
  covariance: [0.0, 0.0, 0.0, 0.0, 0.0, 0.0, 0.0, 0.0, 0.0, 0.0, 0.0, 0.0, 0.0, 0.0, 0.0, 0.0, 0.0, 0.0, 0.0, 0.0, 0.0, 0.0, 0.0, 0.0, 0.0, 0.0, 0.0, 0.0, 0.0, 0.0, 0.0, 0.0, 0.0, 0.0, 0.0, 0.0]
---
header: 
  seq: 957
  stamp: 
    secs: 1744081270
    nsecs: 162168026
  frame_id: "world"
child_frame_id: "world"
pose: 
  pose: 
    position: 
      x: 0.4088955247500012
      y: 0.13825606908978905
      z: 0.470230864103421
    orientation: 
      x: -0.0114185556038336
      y: -0.019380945647658517
      z: 0.6529890111193507
      w: 0.7570332534909526
  covariance: [0.0, 0.0, 0.0, 0.0, 0.0, 0.0, 0.0, 0.0, 0.0, 0.0, 0.0, 0.0, 0.0, 0.0, 0.0, 0.0, 0.0, 0.0, 0.0, 0.0, 0.0, 0.0, 0.0, 0.0, 0.0, 0.0, 0.0, 0.0, 0.0, 0.0, 0.0, 0.0, 0.0, 0.0, 0.0, 0.0]
twist: 
  twist: 
    linear: 
      x: -0.016168976941096296
      y: 0.3392904684784508
      z: -0.018733576600975726
    angular: 
      x: 0.0
      y: 0.0
      z: 0.0
  covariance: [0.0, 0.0, 0.0, 0.0, 0.0, 0.0, 0.0, 0.0, 0.0, 0.0, 0.0, 0.0, 0.0, 0.0, 0.0, 0.0, 0.0, 0.0, 0.0, 0.0, 0.0, 0.0, 0.0, 0.0, 0.0, 0.0, 0.0, 0.0, 0.0, 0.0, 0.0, 0.0, 0.0, 0.0, 0.0, 0.0]
---
header: 
  seq: 958
  stamp: 
    secs: 1744081270
    nsecs: 295422792
  frame_id: "world"
child_frame_id: "world"
pose: 
  pose: 
    position: 
      x: 0.40278342251139043
      y: 0.18368469602014453
      z: 0.465902904861058
    orientation: 
      x: -0.010410245794035176
      y: -0.01994956310912405
      z: 0.6886051995786315
      w: 0.7247872245200905
  covariance: [0.0, 0.0, 0.0, 0.0, 0.0, 0.0, 0.0, 0.0, 0.0, 0.0, 0.0, 0.0, 0.0, 0.0, 0.0, 0.0, 0.0, 0.0, 0.0, 0.0, 0.0, 0.0, 0.0, 0.0, 0.0, 0.0, 0.0, 0.0, 0.0, 0.0, 0.0, 0.0, 0.0, 0.0, 0.0, 0.0]
twist: 
  twist: 
    linear: 
      x: -0.0745226301814068
      y: 0.3340523085034775
      z: -0.06420806988521623
    angular: 
      x: 0.0
      y: 0.0
      z: 0.0
  covariance: [0.0, 0.0, 0.0, 0.0, 0.0, 0.0, 0.0, 0.0, 0.0, 0.0, 0.0, 0.0, 0.0, 0.0, 0.0, 0.0, 0.0, 0.0, 0.0, 0.0, 0.0, 0.0, 0.0, 0.0, 0.0, 0.0, 0.0, 0.0, 0.0, 0.0, 0.0, 0.0, 0.0, 0.0, 0.0, 0.0]
---
header: 
  seq: 959
  stamp: 
    secs: 1744081270
    nsecs: 428674459
  frame_id: "world"
child_frame_id: "world"
pose: 
  pose: 
    position: 
      x: 0.3902895508259415
      y: 0.2300159232098677
      z: 0.459065062869663
    orientation: 
      x: -0.004344940851972927
      y: -0.013443098571946999
      z: 0.7229184180146623
      w: 0.690788944240537
  covariance: [0.0, 0.0, 0.0, 0.0, 0.0, 0.0, 0.0, 0.0, 0.0, 0.0, 0.0, 0.0, 0.0, 0.0, 0.0, 0.0, 0.0, 0.0, 0.0, 0.0, 0.0, 0.0, 0.0, 0.0, 0.0, 0.0, 0.0, 0.0, 0.0, 0.0, 0.0, 0.0, 0.0, 0.0, 0.0, 0.0]
twist: 
  twist: 
    linear: 
      x: -0.1268820220850244
      y: 0.3177420785642518
      z: -0.07806789678521746
    angular: 
      x: 0.0
      y: 0.0
      z: 0.0
  covariance: [0.0, 0.0, 0.0, 0.0, 0.0, 0.0, 0.0, 0.0, 0.0, 0.0, 0.0, 0.0, 0.0, 0.0, 0.0, 0.0, 0.0, 0.0, 0.0, 0.0, 0.0, 0.0, 0.0, 0.0, 0.0, 0.0, 0.0, 0.0, 0.0, 0.0, 0.0, 0.0, 0.0, 0.0, 0.0, 0.0]
---
header: 
  seq: 960
  stamp: 
    secs: 1744081270
    nsecs: 561923265
  frame_id: "world"
child_frame_id: "world"
pose: 
  pose: 
    position: 
      x: 0.37437567233652347
      y: 0.2764775991511552
      z: 0.4580430252748829
    orientation: 
      x: -0.0019184152760484687
      y: -0.011371189031660777
      z: 0.7554653127091843
      w: 0.655087152244684
  covariance: [0.0, 0.0, 0.0, 0.0, 0.0, 0.0, 0.0, 0.0, 0.0, 0.0, 0.0, 0.0, 0.0, 0.0, 0.0, 0.0, 0.0, 0.0, 0.0, 0.0, 0.0, 0.0, 0.0, 0.0, 0.0, 0.0, 0.0, 0.0, 0.0, 0.0, 0.0, 0.0, 0.0, 0.0, 0.0, 0.0]
twist: 
  twist: 
    linear: 
      x: -0.1337075807463261
      y: 0.33152249344741
      z: -0.015182406573639876
    angular: 
      x: 0.0
      y: 0.0
      z: 0.0
  covariance: [0.0, 0.0, 0.0, 0.0, 0.0, 0.0, 0.0, 0.0, 0.0, 0.0, 0.0, 0.0, 0.0, 0.0, 0.0, 0.0, 0.0, 0.0, 0.0, 0.0, 0.0, 0.0, 0.0, 0.0, 0.0, 0.0, 0.0, 0.0, 0.0, 0.0, 0.0, 0.0, 0.0, 0.0, 0.0, 0.0]
---
header: 
  seq: 961
  stamp: 
    secs: 1744081270
    nsecs: 695168734
  frame_id: "world"
child_frame_id: "world"
pose: 
  pose: 
    position: 
      x: 0.35485134412521324
      y: 0.32590859683747153
      z: 0.45914913909752
    orientation: 
      x: -0.00031026171826025335
      y: -0.016398702026207163
      z: 0.7857572305659613
      w: 0.6183175243536551
  covariance: [0.0, 0.0, 0.0, 0.0, 0.0, 0.0, 0.0, 0.0, 0.0, 0.0, 0.0, 0.0, 0.0, 0.0, 0.0, 0.0, 0.0, 0.0, 0.0, 0.0, 0.0, 0.0, 0.0, 0.0, 0.0, 0.0, 0.0, 0.0, 0.0, 0.0, 0.0, 0.0, 0.0, 0.0, 0.0, 0.0]
twist: 
  twist: 
    linear: 
      x: -0.16756291230630255
      y: 0.32463184110060234
      z: -0.002380221336248634
    angular: 
      x: 0.0
      y: 0.0
      z: 0.0
  covariance: [0.0, 0.0, 0.0, 0.0, 0.0, 0.0, 0.0, 0.0, 0.0, 0.0, 0.0, 0.0, 0.0, 0.0, 0.0, 0.0, 0.0, 0.0, 0.0, 0.0, 0.0, 0.0, 0.0, 0.0, 0.0, 0.0, 0.0, 0.0, 0.0, 0.0, 0.0, 0.0, 0.0, 0.0, 0.0, 0.0]
---
header: 
  seq: 962
  stamp: 
    secs: 1744081270
    nsecs: 828410864
  frame_id: "world"
child_frame_id: "world"
pose: 
  pose: 
    position: 
      x: 0.3300821626611329
      y: 0.3705980369122295
      z: 0.4612647419940541
    orientation: 
      x: 0.0013220562884241527
      y: -0.02066387920526632
      z: 0.8136493155508592
      w: 0.580987132014969
  covariance: [0.0, 0.0, 0.0, 0.0, 0.0, 0.0, 0.0, 0.0, 0.0, 0.0, 0.0, 0.0, 0.0, 0.0, 0.0, 0.0, 0.0, 0.0, 0.0, 0.0, 0.0, 0.0, 0.0, 0.0, 0.0, 0.0, 0.0, 0.0, 0.0, 0.0, 0.0, 0.0, 0.0, 0.0, 0.0, 0.0]
twist: 
  twist: 
    linear: 
      x: -0.1814788301822952
      y: 0.30794160541013665
      z: -0.0018671465181408445
    angular: 
      x: 0.0
      y: 0.0
      z: 0.0
  covariance: [0.0, 0.0, 0.0, 0.0, 0.0, 0.0, 0.0, 0.0, 0.0, 0.0, 0.0, 0.0, 0.0, 0.0, 0.0, 0.0, 0.0, 0.0, 0.0, 0.0, 0.0, 0.0, 0.0, 0.0, 0.0, 0.0, 0.0, 0.0, 0.0, 0.0, 0.0, 0.0, 0.0, 0.0, 0.0, 0.0]
---
header: 
  seq: 963
  stamp: 
    secs: 1744081270
    nsecs: 961649895
  frame_id: "world"
child_frame_id: "world"
pose: 
  pose: 
    position: 
      x: 0.30224492090997734
      y: 0.4100683686680454
      z: 0.46287035610517363
    orientation: 
      x: 0.0003103858930030012
      y: -0.025341939760249784
      z: 0.8397367942307828
      w: 0.5424018862105788
  covariance: [0.0, 0.0, 0.0, 0.0, 0.0, 0.0, 0.0, 0.0, 0.0, 0.0, 0.0, 0.0, 0.0, 0.0, 0.0, 0.0, 0.0, 0.0, 0.0, 0.0, 0.0, 0.0, 0.0, 0.0, 0.0, 0.0, 0.0, 0.0, 0.0, 0.0, 0.0, 0.0, 0.0, 0.0, 0.0, 0.0]
twist: 
  twist: 
    linear: 
      x: -0.21399832249665943
      y: 0.2669549232668328
      z: -0.016026157037742617
    angular: 
      x: 0.0
      y: 0.0
      z: 0.0
  covariance: [0.0, 0.0, 0.0, 0.0, 0.0, 0.0, 0.0, 0.0, 0.0, 0.0, 0.0, 0.0, 0.0, 0.0, 0.0, 0.0, 0.0, 0.0, 0.0, 0.0, 0.0, 0.0, 0.0, 0.0, 0.0, 0.0, 0.0, 0.0, 0.0, 0.0, 0.0, 0.0, 0.0, 0.0, 0.0, 0.0]
---
header: 
  seq: 964
  stamp: 
    secs: 1744081271
    nsecs:  94887733
  frame_id: "world"
child_frame_id: "world"
pose: 
  pose: 
    position: 
      x: 0.2711648225759618
      y: 0.4408808865326916
      z: 0.4655019223447506
    orientation: 
      x: 0.00046474587841453916
      y: -0.023446265248936407
      z: 0.8638141554890827
      w: 0.5032645044445598
  covariance: [0.0, 0.0, 0.0, 0.0, 0.0, 0.0, 0.0, 0.0, 0.0, 0.0, 0.0, 0.0, 0.0, 0.0, 0.0, 0.0, 0.0, 0.0, 0.0, 0.0, 0.0, 0.0, 0.0, 0.0, 0.0, 0.0, 0.0, 0.0, 0.0, 0.0, 0.0, 0.0, 0.0, 0.0, 0.0, 0.0]
twist: 
  twist: 
    linear: 
      x: -0.22853242026926016
      y: 0.22959339920072236
      z: 0.019889605193861657
    angular: 
      x: 0.0
      y: 0.0
      z: 0.0
  covariance: [0.0, 0.0, 0.0, 0.0, 0.0, 0.0, 0.0, 0.0, 0.0, 0.0, 0.0, 0.0, 0.0, 0.0, 0.0, 0.0, 0.0, 0.0, 0.0, 0.0, 0.0, 0.0, 0.0, 0.0, 0.0, 0.0, 0.0, 0.0, 0.0, 0.0, 0.0, 0.0, 0.0, 0.0, 0.0, 0.0]
---
header: 
  seq: 965
  stamp: 
    secs: 1744081271
    nsecs: 228123426
  frame_id: "world"
child_frame_id: "world"
pose: 
  pose: 
    position: 
      x: 0.2359319784545825
      y: 0.4677669215494741
      z: 0.4710374200524537
    orientation: 
      x: -0.002229786213667
      y: -0.02088759006405744
      z: 0.8861704668654327
      w: 0.4628829660835
  covariance: [0.0, 0.0, 0.0, 0.0, 0.0, 0.0, 0.0, 0.0, 0.0, 0.0, 0.0, 0.0, 0.0, 0.0, 0.0, 0.0, 0.0, 0.0, 0.0, 0.0, 0.0, 0.0, 0.0, 0.0, 0.0, 0.0, 0.0, 0.0, 0.0, 0.0, 0.0, 0.0, 0.0, 0.0, 0.0, 0.0]
twist: 
  twist: 
    linear: 
      x: -0.27272308865719413
      y: 0.18465551651780485
      z: 0.004837208273323277
    angular: 
      x: 0.0
      y: 0.0
      z: 0.0
  covariance: [0.0, 0.0, 0.0, 0.0, 0.0, 0.0, 0.0, 0.0, 0.0, 0.0, 0.0, 0.0, 0.0, 0.0, 0.0, 0.0, 0.0, 0.0, 0.0, 0.0, 0.0, 0.0, 0.0, 0.0, 0.0, 0.0, 0.0, 0.0, 0.0, 0.0, 0.0, 0.0, 0.0, 0.0, 0.0, 0.0]
---
header: 
  seq: 966
  stamp: 
    secs: 1744081271
    nsecs: 361355782
  frame_id: "world"
child_frame_id: "world"
pose: 
  pose: 
    position: 
      x: 0.1946933414079236
      y: 0.4887585747226155
      z: 0.46997773488824496
    orientation: 
      x: -0.0018911842920273177
      y: -0.018648654872202703
      z: 0.9068663518984231
      w: 0.42100127183641206
  covariance: [0.0, 0.0, 0.0, 0.0, 0.0, 0.0, 0.0, 0.0, 0.0, 0.0, 0.0, 0.0, 0.0, 0.0, 0.0, 0.0, 0.0, 0.0, 0.0, 0.0, 0.0, 0.0, 0.0, 0.0, 0.0, 0.0, 0.0, 0.0, 0.0, 0.0, 0.0, 0.0, 0.0, 0.0, 0.0, 0.0]
twist: 
  twist: 
    linear: 
      x: -0.31160363741492025
      y: 0.14311103298340286
      z: -0.029281761630109898
    angular: 
      x: 0.0
      y: 0.0
      z: 0.0
  covariance: [0.0, 0.0, 0.0, 0.0, 0.0, 0.0, 0.0, 0.0, 0.0, 0.0, 0.0, 0.0, 0.0, 0.0, 0.0, 0.0, 0.0, 0.0, 0.0, 0.0, 0.0, 0.0, 0.0, 0.0, 0.0, 0.0, 0.0, 0.0, 0.0, 0.0, 0.0, 0.0, 0.0, 0.0, 0.0, 0.0]
---
header: 
  seq: 967
  stamp: 
    secs: 1744081271
    nsecs: 494584084
  frame_id: "world"
child_frame_id: "world"
pose: 
  pose: 
    position: 
      x: 0.1489597139989497
      y: 0.5058941905099487
      z: 0.4684928913611386
    orientation: 
      x: 0.0020649343998318647
      y: -0.010771593753636927
      z: 0.92559251618033
      w: 0.37836252827796857
  covariance: [0.0, 0.0, 0.0, 0.0, 0.0, 0.0, 0.0, 0.0, 0.0, 0.0, 0.0, 0.0, 0.0, 0.0, 0.0, 0.0, 0.0, 0.0, 0.0, 0.0, 0.0, 0.0, 0.0, 0.0, 0.0, 0.0, 0.0, 0.0, 0.0, 0.0, 0.0, 0.0, 0.0, 0.0, 0.0, 0.0]
twist: 
  twist: 
    linear: 
      x: -0.34207387609084344
      y: 0.11634463259818875
      z: -0.02655628543995138
    angular: 
      x: 0.0
      y: 0.0
      z: 0.0
  covariance: [0.0, 0.0, 0.0, 0.0, 0.0, 0.0, 0.0, 0.0, 0.0, 0.0, 0.0, 0.0, 0.0, 0.0, 0.0, 0.0, 0.0, 0.0, 0.0, 0.0, 0.0, 0.0, 0.0, 0.0, 0.0, 0.0, 0.0, 0.0, 0.0, 0.0, 0.0, 0.0, 0.0, 0.0, 0.0, 0.0]
---
header: 
  seq: 968
  stamp: 
    secs: 1744081271
    nsecs: 627808332
  frame_id: "world"
child_frame_id: "world"
pose: 
  pose: 
    position: 
      x: 0.102374334090308
      y: 0.5228501134605521
      z: 0.4685464158793062
    orientation: 
      x: 0.005074027850302872
      y: -0.0039391397377124635
      z: 0.9423656303881426
      w: 0.33452317719802294
  covariance: [0.0, 0.0, 0.0, 0.0, 0.0, 0.0, 0.0, 0.0, 0.0, 0.0, 0.0, 0.0, 0.0, 0.0, 0.0, 0.0, 0.0, 0.0, 0.0, 0.0, 0.0, 0.0, 0.0, 0.0, 0.0, 0.0, 0.0, 0.0, 0.0, 0.0, 0.0, 0.0, 0.0, 0.0, 0.0, 0.0]
twist: 
  twist: 
    linear: 
      x: -0.33687794259538617
      y: 0.1049441498834229
      z: -0.018833781327023687
    angular: 
      x: 0.0
      y: 0.0
      z: 0.0
  covariance: [0.0, 0.0, 0.0, 0.0, 0.0, 0.0, 0.0, 0.0, 0.0, 0.0, 0.0, 0.0, 0.0, 0.0, 0.0, 0.0, 0.0, 0.0, 0.0, 0.0, 0.0, 0.0, 0.0, 0.0, 0.0, 0.0, 0.0, 0.0, 0.0, 0.0, 0.0, 0.0, 0.0, 0.0, 0.0, 0.0]
---
header: 
  seq: 969
  stamp: 
    secs: 1744081271
    nsecs: 761028767
  frame_id: "world"
child_frame_id: "world"
pose: 
  pose: 
    position: 
      x: 0.05565212846486656
      y: 0.538214918201014
      z: 0.46849652382918844
    orientation: 
      x: 0.004768475626948882
      y: -0.004280653658754633
      z: 0.9569825195281659
      w: 0.2900748092509458
  covariance: [0.0, 0.0, 0.0, 0.0, 0.0, 0.0, 0.0, 0.0, 0.0, 0.0, 0.0, 0.0, 0.0, 0.0, 0.0, 0.0, 0.0, 0.0, 0.0, 0.0, 0.0, 0.0, 0.0, 0.0, 0.0, 0.0, 0.0, 0.0, 0.0, 0.0, 0.0, 0.0, 0.0, 0.0, 0.0, 0.0]
twist: 
  twist: 
    linear: 
      x: -0.32832894670685764
      y: 0.10206529270251238
      z: -0.015357516035154685
    angular: 
      x: 0.0
      y: 0.0
      z: 0.0
  covariance: [0.0, 0.0, 0.0, 0.0, 0.0, 0.0, 0.0, 0.0, 0.0, 0.0, 0.0, 0.0, 0.0, 0.0, 0.0, 0.0, 0.0, 0.0, 0.0, 0.0, 0.0, 0.0, 0.0, 0.0, 0.0, 0.0, 0.0, 0.0, 0.0, 0.0, 0.0, 0.0, 0.0, 0.0, 0.0, 0.0]
---
header: 
  seq: 970
  stamp: 
    secs: 1744081271
    nsecs: 894245625
  frame_id: "world"
child_frame_id: "world"
pose: 
  pose: 
    position: 
      x: 0.011442273369664802
      y: 0.5501173308835274
      z: 0.47068138843380647
    orientation: 
      x: 0.004653286415453805
      y: -0.012816004794531988
      z: 0.9694065260599452
      w: 0.24508179079448378
  covariance: [0.0, 0.0, 0.0, 0.0, 0.0, 0.0, 0.0, 0.0, 0.0, 0.0, 0.0, 0.0, 0.0, 0.0, 0.0, 0.0, 0.0, 0.0, 0.0, 0.0, 0.0, 0.0, 0.0, 0.0, 0.0, 0.0, 0.0, 0.0, 0.0, 0.0, 0.0, 0.0, 0.0, 0.0, 0.0, 0.0]
twist: 
  twist: 
    linear: 
      x: -0.33391267394324575
      y: 0.09838615386835854
      z: -0.0079749676212404
    angular: 
      x: 0.0
      y: 0.0
      z: 0.0
  covariance: [0.0, 0.0, 0.0, 0.0, 0.0, 0.0, 0.0, 0.0, 0.0, 0.0, 0.0, 0.0, 0.0, 0.0, 0.0, 0.0, 0.0, 0.0, 0.0, 0.0, 0.0, 0.0, 0.0, 0.0, 0.0, 0.0, 0.0, 0.0, 0.0, 0.0, 0.0, 0.0, 0.0, 0.0, 0.0, 0.0]
---
header: 
  seq: 971
  stamp: 
    secs: 1744081272
    nsecs:  27458429
  frame_id: "world"
child_frame_id: "world"
pose: 
  pose: 
    position: 
      x: -0.0367568668608132
      y: 0.562721934356135
      z: 0.47422787514038345
    orientation: 
      x: 0.0056568679784822495
      y: -0.02313879512789652
      z: 0.9796909812055126
      w: 0.1990933885122341
  covariance: [0.0, 0.0, 0.0, 0.0, 0.0, 0.0, 0.0, 0.0, 0.0, 0.0, 0.0, 0.0, 0.0, 0.0, 0.0, 0.0, 0.0, 0.0, 0.0, 0.0, 0.0, 0.0, 0.0, 0.0, 0.0, 0.0, 0.0, 0.0, 0.0, 0.0, 0.0, 0.0, 0.0, 0.0, 0.0, 0.0]
twist: 
  twist: 
    linear: 
      x: -0.3340716464313762
      y: 0.06904950016527388
      z: -0.008063625619441944
    angular: 
      x: 0.0
      y: 0.0
      z: 0.0
  covariance: [0.0, 0.0, 0.0, 0.0, 0.0, 0.0, 0.0, 0.0, 0.0, 0.0, 0.0, 0.0, 0.0, 0.0, 0.0, 0.0, 0.0, 0.0, 0.0, 0.0, 0.0, 0.0, 0.0, 0.0, 0.0, 0.0, 0.0, 0.0, 0.0, 0.0, 0.0, 0.0, 0.0, 0.0, 0.0, 0.0]
---
header: 
  seq: 972
  stamp: 
    secs: 1744081272
    nsecs: 160691977
  frame_id: "world"
child_frame_id: "world"
pose: 
  pose: 
    position: 
      x: -0.08691142258099516
      y: 0.5666278913336511
      z: 0.47417983852110884
    orientation: 
      x: 0.004292515179469523
      y: -0.023410538563045005
      z: 0.9879752933686496
      w: 0.15276891271051493
  covariance: [0.0, 0.0, 0.0, 0.0, 0.0, 0.0, 0.0, 0.0, 0.0, 0.0, 0.0, 0.0, 0.0, 0.0, 0.0, 0.0, 0.0, 0.0, 0.0, 0.0, 0.0, 0.0, 0.0, 0.0, 0.0, 0.0, 0.0, 0.0, 0.0, 0.0, 0.0, 0.0, 0.0, 0.0, 0.0, 0.0]
twist: 
  twist: 
    linear: 
      x: -0.343865058379052
      y: 0.007483062402827474
      z: -0.010796354480352668
    angular: 
      x: 0.0
      y: 0.0
      z: 0.0
  covariance: [0.0, 0.0, 0.0, 0.0, 0.0, 0.0, 0.0, 0.0, 0.0, 0.0, 0.0, 0.0, 0.0, 0.0, 0.0, 0.0, 0.0, 0.0, 0.0, 0.0, 0.0, 0.0, 0.0, 0.0, 0.0, 0.0, 0.0, 0.0, 0.0, 0.0, 0.0, 0.0, 0.0, 0.0, 0.0, 0.0]
---
header: 
  seq: 973
  stamp: 
    secs: 1744081272
    nsecs: 293924332
  frame_id: "world"
child_frame_id: "world"
pose: 
  pose: 
    position: 
      x: -0.13607569455911267
      y: 0.5627189601463277
      z: 0.47239392757966187
    orientation: 
      x: 0.004986148651113871
      y: -0.020892250684348957
      z: 0.994112118784799
      w: 0.10620615550978696
  covariance: [0.0, 0.0, 0.0, 0.0, 0.0, 0.0, 0.0, 0.0, 0.0, 0.0, 0.0, 0.0, 0.0, 0.0, 0.0, 0.0, 0.0, 0.0, 0.0, 0.0, 0.0, 0.0, 0.0, 0.0, 0.0, 0.0, 0.0, 0.0, 0.0, 0.0, 0.0, 0.0, 0.0, 0.0, 0.0, 0.0]
twist: 
  twist: 
    linear: 
      x: -0.35004636534096717
      y: -0.047484160539778435
      z: -0.025774586587490392
    angular: 
      x: 0.0
      y: 0.0
      z: 0.0
  covariance: [0.0, 0.0, 0.0, 0.0, 0.0, 0.0, 0.0, 0.0, 0.0, 0.0, 0.0, 0.0, 0.0, 0.0, 0.0, 0.0, 0.0, 0.0, 0.0, 0.0, 0.0, 0.0, 0.0, 0.0, 0.0, 0.0, 0.0, 0.0, 0.0, 0.0, 0.0, 0.0, 0.0, 0.0, 0.0, 0.0]
---
header: 
  seq: 974
  stamp: 
    secs: 1744081272
    nsecs: 427153111
  frame_id: "world"
child_frame_id: "world"
pose: 
  pose: 
    position: 
      x: -0.18569463890161853
      y: 0.5552853682251595
      z: 0.4663188288388685
    orientation: 
      x: 0.009053116785905316
      y: -0.016834336626378548
      z: 0.9980783556646347
      w: 0.05894270218262683
  covariance: [0.0, 0.0, 0.0, 0.0, 0.0, 0.0, 0.0, 0.0, 0.0, 0.0, 0.0, 0.0, 0.0, 0.0, 0.0, 0.0, 0.0, 0.0, 0.0, 0.0, 0.0, 0.0, 0.0, 0.0, 0.0, 0.0, 0.0, 0.0, 0.0, 0.0, 0.0, 0.0, 0.0, 0.0, 0.0, 0.0]
twist: 
  twist: 
    linear: 
      x: -0.35445590665063037
      y: -0.07146147958115125
      z: -0.01711347293519583
    angular: 
      x: 0.0
      y: 0.0
      z: 0.0
  covariance: [0.0, 0.0, 0.0, 0.0, 0.0, 0.0, 0.0, 0.0, 0.0, 0.0, 0.0, 0.0, 0.0, 0.0, 0.0, 0.0, 0.0, 0.0, 0.0, 0.0, 0.0, 0.0, 0.0, 0.0, 0.0, 0.0, 0.0, 0.0, 0.0, 0.0, 0.0, 0.0, 0.0, 0.0, 0.0, 0.0]
---
header: 
  seq: 975
  stamp: 
    secs: 1744081272
    nsecs: 560378075
  frame_id: "world"
child_frame_id: "world"
pose: 
  pose: 
    position: 
      x: -0.233281689782576
      y: 0.5439491953678165
      z: 0.4618268958671705
    orientation: 
      x: 0.01213364604652835
      y: -0.01011038779125163
      z: 0.999802917848995
      w: 0.012028306321502967
  covariance: [0.0, 0.0, 0.0, 0.0, 0.0, 0.0, 0.0, 0.0, 0.0, 0.0, 0.0, 0.0, 0.0, 0.0, 0.0, 0.0, 0.0, 0.0, 0.0, 0.0, 0.0, 0.0, 0.0, 0.0, 0.0, 0.0, 0.0, 0.0, 0.0, 0.0, 0.0, 0.0, 0.0, 0.0, 0.0, 0.0]
twist: 
  twist: 
    linear: 
      x: -0.332280129935481
      y: -0.12493866395701338
      z: -0.04719273316339256
    angular: 
      x: 0.0
      y: 0.0
      z: 0.0
  covariance: [0.0, 0.0, 0.0, 0.0, 0.0, 0.0, 0.0, 0.0, 0.0, 0.0, 0.0, 0.0, 0.0, 0.0, 0.0, 0.0, 0.0, 0.0, 0.0, 0.0, 0.0, 0.0, 0.0, 0.0, 0.0, 0.0, 0.0, 0.0, 0.0, 0.0, 0.0, 0.0, 0.0, 0.0, 0.0, 0.0]
---
header: 
  seq: 976
  stamp: 
    secs: 1744081272
    nsecs: 693600416
  frame_id: "world"
child_frame_id: "world"
pose: 
  pose: 
    position: 
      x: -0.2780978153191471
      y: 0.5303151005407396
      z: 0.46042040394254613
    orientation: 
      x: 0.010958335061373831
      y: -0.0063784915526700564
      z: 0.9993246261283599
      w: -0.034489438261718124
  covariance: [0.0, 0.0, 0.0, 0.0, 0.0, 0.0, 0.0, 0.0, 0.0, 0.0, 0.0, 0.0, 0.0, 0.0, 0.0, 0.0, 0.0, 0.0, 0.0, 0.0, 0.0, 0.0, 0.0, 0.0, 0.0, 0.0, 0.0, 0.0, 0.0, 0.0, 0.0, 0.0, 0.0, 0.0, 0.0, 0.0]
twist: 
  twist: 
    linear: 
      x: -0.31553176155153556
      y: -0.12883873230648982
      z: -0.01620952664740583
    angular: 
      x: 0.0
      y: 0.0
      z: 0.0
  covariance: [0.0, 0.0, 0.0, 0.0, 0.0, 0.0, 0.0, 0.0, 0.0, 0.0, 0.0, 0.0, 0.0, 0.0, 0.0, 0.0, 0.0, 0.0, 0.0, 0.0, 0.0, 0.0, 0.0, 0.0, 0.0, 0.0, 0.0, 0.0, 0.0, 0.0, 0.0, 0.0, 0.0, 0.0, 0.0, 0.0]
---
header: 
  seq: 977
  stamp: 
    secs: 1744081272
    nsecs: 826818228
  frame_id: "world"
child_frame_id: "world"
pose: 
  pose: 
    position: 
      x: -0.3234551660628343
      y: 0.5143787523559564
      z: 0.4574030957927184
    orientation: 
      x: 0.00886580491255242
      y: -0.00982920425628727
      z: 0.9966262217922804
      w: -0.08099974248715548
  covariance: [0.0, 0.0, 0.0, 0.0, 0.0, 0.0, 0.0, 0.0, 0.0, 0.0, 0.0, 0.0, 0.0, 0.0, 0.0, 0.0, 0.0, 0.0, 0.0, 0.0, 0.0, 0.0, 0.0, 0.0, 0.0, 0.0, 0.0, 0.0, 0.0, 0.0, 0.0, 0.0, 0.0, 0.0, 0.0, 0.0]
twist: 
  twist: 
    linear: 
      x: -0.3090539498829428
      y: -0.14529771078275322
      z: -0.041135257942021164
    angular: 
      x: 0.0
      y: 0.0
      z: 0.0
  covariance: [0.0, 0.0, 0.0, 0.0, 0.0, 0.0, 0.0, 0.0, 0.0, 0.0, 0.0, 0.0, 0.0, 0.0, 0.0, 0.0, 0.0, 0.0, 0.0, 0.0, 0.0, 0.0, 0.0, 0.0, 0.0, 0.0, 0.0, 0.0, 0.0, 0.0, 0.0, 0.0, 0.0, 0.0, 0.0, 0.0]
---
header: 
  seq: 978
  stamp: 
    secs: 1744081272
    nsecs: 960031986
  frame_id: "world"
child_frame_id: "world"
pose: 
  pose: 
    position: 
      x: -0.3649256856431801
      y: 0.4954152540110166
      z: 0.45405412813464835
    orientation: 
      x: 0.008765166002563132
      y: -0.012763287007986342
      z: 0.9917383311626917
      w: -0.12733951810941702
  covariance: [0.0, 0.0, 0.0, 0.0, 0.0, 0.0, 0.0, 0.0, 0.0, 0.0, 0.0, 0.0, 0.0, 0.0, 0.0, 0.0, 0.0, 0.0, 0.0, 0.0, 0.0, 0.0, 0.0, 0.0, 0.0, 0.0, 0.0, 0.0, 0.0, 0.0, 0.0, 0.0, 0.0, 0.0, 0.0, 0.0]
twist: 
  twist: 
    linear: 
      x: -0.2972288653265526
      y: -0.17768995240727053
      z: -0.0348206350270364
    angular: 
      x: 0.0
      y: 0.0
      z: 0.0
  covariance: [0.0, 0.0, 0.0, 0.0, 0.0, 0.0, 0.0, 0.0, 0.0, 0.0, 0.0, 0.0, 0.0, 0.0, 0.0, 0.0, 0.0, 0.0, 0.0, 0.0, 0.0, 0.0, 0.0, 0.0, 0.0, 0.0, 0.0, 0.0, 0.0, 0.0, 0.0, 0.0, 0.0, 0.0, 0.0, 0.0]
---
header: 
  seq: 979
  stamp: 
    secs: 1744081273
    nsecs:  93251944
  frame_id: "world"
child_frame_id: "world"
pose: 
  pose: 
    position: 
      x: -0.4088643900935147
      y: 0.47355103754777317
      z: 0.4561570139511297
    orientation: 
      x: 0.011550364992809103
      y: -0.014000796576418726
      z: 0.9846308199570561
      w: -0.17370295090888335
  covariance: [0.0, 0.0, 0.0, 0.0, 0.0, 0.0, 0.0, 0.0, 0.0, 0.0, 0.0, 0.0, 0.0, 0.0, 0.0, 0.0, 0.0, 0.0, 0.0, 0.0, 0.0, 0.0, 0.0, 0.0, 0.0, 0.0, 0.0, 0.0, 0.0, 0.0, 0.0, 0.0, 0.0, 0.0, 0.0, 0.0]
twist: 
  twist: 
    linear: 
      x: -0.2990229589228264
      y: -0.1874407692928745
      z: 0.014886870590166981
    angular: 
      x: 0.0
      y: 0.0
      z: 0.0
  covariance: [0.0, 0.0, 0.0, 0.0, 0.0, 0.0, 0.0, 0.0, 0.0, 0.0, 0.0, 0.0, 0.0, 0.0, 0.0, 0.0, 0.0, 0.0, 0.0, 0.0, 0.0, 0.0, 0.0, 0.0, 0.0, 0.0, 0.0, 0.0, 0.0, 0.0, 0.0, 0.0, 0.0, 0.0, 0.0, 0.0]
---
header: 
  seq: 980
  stamp: 
    secs: 1744081273
    nsecs: 226483345
  frame_id: "world"
child_frame_id: "world"
pose: 
  pose: 
    position: 
      x: -0.45312447881288587
      y: 0.4488127579599172
      z: 0.462034691190345
    orientation: 
      x: 0.014052137144009687
      y: -0.016776052245650302
      z: 0.9753627794187927
      w: -0.2195189058764297
  covariance: [0.0, 0.0, 0.0, 0.0, 0.0, 0.0, 0.0, 0.0, 0.0, 0.0, 0.0, 0.0, 0.0, 0.0, 0.0, 0.0, 0.0, 0.0, 0.0, 0.0, 0.0, 0.0, 0.0, 0.0, 0.0, 0.0, 0.0, 0.0, 0.0, 0.0, 0.0, 0.0, 0.0, 0.0, 0.0, 0.0]
twist: 
  twist: 
    linear: 
      x: -0.2817182702678115
      y: -0.21019784939585065
      z: 0.01999635064068259
    angular: 
      x: 0.0
      y: 0.0
      z: 0.0
  covariance: [0.0, 0.0, 0.0, 0.0, 0.0, 0.0, 0.0, 0.0, 0.0, 0.0, 0.0, 0.0, 0.0, 0.0, 0.0, 0.0, 0.0, 0.0, 0.0, 0.0, 0.0, 0.0, 0.0, 0.0, 0.0, 0.0, 0.0, 0.0, 0.0, 0.0, 0.0, 0.0, 0.0, 0.0, 0.0, 0.0]
---
header: 
  seq: 981
  stamp: 
    secs: 1744081273
    nsecs: 359711170
  frame_id: "world"
child_frame_id: "world"
pose: 
  pose: 
    position: 
      x: -0.4911393274628378
      y: 0.4198264994807656
      z: 0.467808026683726
    orientation: 
      x: 0.01313459157740273
      y: -0.018427434278502727
      z: 0.9641835567052095
      w: -0.2642687668819347
  covariance: [0.0, 0.0, 0.0, 0.0, 0.0, 0.0, 0.0, 0.0, 0.0, 0.0, 0.0, 0.0, 0.0, 0.0, 0.0, 0.0, 0.0, 0.0, 0.0, 0.0, 0.0, 0.0, 0.0, 0.0, 0.0, 0.0, 0.0, 0.0, 0.0, 0.0, 0.0, 0.0, 0.0, 0.0, 0.0, 0.0]
twist: 
  twist: 
    linear: 
      x: -0.26013363341280227
      y: -0.24335857408006367
      z: 0.0018313634324643646
    angular: 
      x: 0.0
      y: 0.0
      z: 0.0
  covariance: [0.0, 0.0, 0.0, 0.0, 0.0, 0.0, 0.0, 0.0, 0.0, 0.0, 0.0, 0.0, 0.0, 0.0, 0.0, 0.0, 0.0, 0.0, 0.0, 0.0, 0.0, 0.0, 0.0, 0.0, 0.0, 0.0, 0.0, 0.0, 0.0, 0.0, 0.0, 0.0, 0.0, 0.0, 0.0, 0.0]
---
header: 
  seq: 982
  stamp: 
    secs: 1744081273
    nsecs: 492934704
  frame_id: "world"
child_frame_id: "world"
pose: 
  pose: 
    position: 
      x: -0.5298841055429582
      y: 0.38603498623815774
      z: 0.46930227598519936
    orientation: 
      x: 0.015616084361627817
      y: -0.018623755083216037
      z: 0.9510823837944089
      w: -0.3079798579319041
  covariance: [0.0, 0.0, 0.0, 0.0, 0.0, 0.0, 0.0, 0.0, 0.0, 0.0, 0.0, 0.0, 0.0, 0.0, 0.0, 0.0, 0.0, 0.0, 0.0, 0.0, 0.0, 0.0, 0.0, 0.0, 0.0, 0.0, 0.0, 0.0, 0.0, 0.0, 0.0, 0.0, 0.0, 0.0, 0.0, 0.0]
twist: 
  twist: 
    linear: 
      x: -0.24845468760963996
      y: -0.26296238267653665
      z: -0.0013872736509812932
    angular: 
      x: 0.0
      y: 0.0
      z: 0.0
  covariance: [0.0, 0.0, 0.0, 0.0, 0.0, 0.0, 0.0, 0.0, 0.0, 0.0, 0.0, 0.0, 0.0, 0.0, 0.0, 0.0, 0.0, 0.0, 0.0, 0.0, 0.0, 0.0, 0.0, 0.0, 0.0, 0.0, 0.0, 0.0, 0.0, 0.0, 0.0, 0.0, 0.0, 0.0, 0.0, 0.0]
---
header: 
  seq: 983
  stamp: 
    secs: 1744081273
    nsecs: 626154423
  frame_id: "world"
child_frame_id: "world"
pose: 
  pose: 
    position: 
      x: -0.5599385075116503
      y: 0.3483487929455171
      z: 0.4659538959607853
    orientation: 
      x: 0.020475759459519356
      y: -0.022053434320409966
      z: 0.9357637764832614
      w: -0.3513410649653928
  covariance: [0.0, 0.0, 0.0, 0.0, 0.0, 0.0, 0.0, 0.0, 0.0, 0.0, 0.0, 0.0, 0.0, 0.0, 0.0, 0.0, 0.0, 0.0, 0.0, 0.0, 0.0, 0.0, 0.0, 0.0, 0.0, 0.0, 0.0, 0.0, 0.0, 0.0, 0.0, 0.0, 0.0, 0.0, 0.0, 0.0]
twist: 
  twist: 
    linear: 
      x: -0.2120085467512858
      y: -0.29660511333161044
      z: -0.026645809426359746
    angular: 
      x: 0.0
      y: 0.0
      z: 0.0
  covariance: [0.0, 0.0, 0.0, 0.0, 0.0, 0.0, 0.0, 0.0, 0.0, 0.0, 0.0, 0.0, 0.0, 0.0, 0.0, 0.0, 0.0, 0.0, 0.0, 0.0, 0.0, 0.0, 0.0, 0.0, 0.0, 0.0, 0.0, 0.0, 0.0, 0.0, 0.0, 0.0, 0.0, 0.0, 0.0, 0.0]
---
header: 
  seq: 984
  stamp: 
    secs: 1744081273
    nsecs: 759370565
  frame_id: "world"
child_frame_id: "world"
pose: 
  pose: 
    position: 
      x: -0.5839375844362765
      y: 0.30347929780517924
      z: 0.45925504199604344
    orientation: 
      x: 0.021310518029470055
      y: -0.01927917770515726
      z: 0.9186679022329696
      w: -0.3939840866522452
  covariance: [0.0, 0.0, 0.0, 0.0, 0.0, 0.0, 0.0, 0.0, 0.0, 0.0, 0.0, 0.0, 0.0, 0.0, 0.0, 0.0, 0.0, 0.0, 0.0, 0.0, 0.0, 0.0, 0.0, 0.0, 0.0, 0.0, 0.0, 0.0, 0.0, 0.0, 0.0, 0.0, 0.0, 0.0, 0.0, 0.0]
twist: 
  twist: 
    linear: 
      x: -0.15520159927929608
      y: -0.33670708277131034
      z: -0.03534693848597242
    angular: 
      x: 0.0
      y: 0.0
      z: 0.0
  covariance: [0.0, 0.0, 0.0, 0.0, 0.0, 0.0, 0.0, 0.0, 0.0, 0.0, 0.0, 0.0, 0.0, 0.0, 0.0, 0.0, 0.0, 0.0, 0.0, 0.0, 0.0, 0.0, 0.0, 0.0, 0.0, 0.0, 0.0, 0.0, 0.0, 0.0, 0.0, 0.0, 0.0, 0.0, 0.0, 0.0]
---
header: 
  seq: 985
  stamp: 
    secs: 1744081273
    nsecs: 892582417
  frame_id: "world"
child_frame_id: "world"
pose: 
  pose: 
    position: 
      x: -0.6037333558623198
      y: 0.25523695434816085
      z: 0.45673944771886316
    orientation: 
      x: 0.020226608480256855
      y: -0.015290825054680247
      z: 0.8995728511887846
      w: -0.43603412754349247
  covariance: [0.0, 0.0, 0.0, 0.0, 0.0, 0.0, 0.0, 0.0, 0.0, 0.0, 0.0, 0.0, 0.0, 0.0, 0.0, 0.0, 0.0, 0.0, 0.0, 0.0, 0.0, 0.0, 0.0, 0.0, 0.0, 0.0, 0.0, 0.0, 0.0, 0.0, 0.0, 0.0, 0.0, 0.0, 0.0, 0.0]
twist: 
  twist: 
    linear: 
      x: -0.1202798249317255
      y: -0.35230094665162576
      z: -0.015486274291025583
    angular: 
      x: 0.0
      y: 0.0
      z: 0.0
  covariance: [0.0, 0.0, 0.0, 0.0, 0.0, 0.0, 0.0, 0.0, 0.0, 0.0, 0.0, 0.0, 0.0, 0.0, 0.0, 0.0, 0.0, 0.0, 0.0, 0.0, 0.0, 0.0, 0.0, 0.0, 0.0, 0.0, 0.0, 0.0, 0.0, 0.0, 0.0, 0.0, 0.0, 0.0, 0.0, 0.0]
---
header: 
  seq: 986
  stamp: 
    secs: 1744081274
    nsecs:  25790453
  frame_id: "world"
child_frame_id: "world"
pose: 
  pose: 
    position: 
      x: -0.6172772293501592
      y: 0.205716269690016
      z: 0.4554885818920946
    orientation: 
      x: 0.01852218468267422
      y: -0.01153857843080386
      z: 0.8786776378306789
      w: -0.47691655313972436
  covariance: [0.0, 0.0, 0.0, 0.0, 0.0, 0.0, 0.0, 0.0, 0.0, 0.0, 0.0, 0.0, 0.0, 0.0, 0.0, 0.0, 0.0, 0.0, 0.0, 0.0, 0.0, 0.0, 0.0, 0.0, 0.0, 0.0, 0.0, 0.0, 0.0, 0.0, 0.0, 0.0, 0.0, 0.0, 0.0, 0.0]
twist: 
  twist: 
    linear: 
      x: -0.09117572726429263
      y: -0.36349056503562194
      z: -0.011578660571653658
    angular: 
      x: 0.0
      y: 0.0
      z: 0.0
  covariance: [0.0, 0.0, 0.0, 0.0, 0.0, 0.0, 0.0, 0.0, 0.0, 0.0, 0.0, 0.0, 0.0, 0.0, 0.0, 0.0, 0.0, 0.0, 0.0, 0.0, 0.0, 0.0, 0.0, 0.0, 0.0, 0.0, 0.0, 0.0, 0.0, 0.0, 0.0, 0.0, 0.0, 0.0, 0.0, 0.0]
---
header: 
  seq: 987
  stamp: 
    secs: 1744081274
    nsecs: 159020901
  frame_id: "world"
child_frame_id: "world"
pose: 
  pose: 
    position: 
      x: -0.6262565846882066
      y: 0.15109195912612605
      z: 0.4538960560715895
    orientation: 
      x: -0.017671500906484956
      y: 0.010001699828064748
      z: -0.8557093380023025
      w: 0.5170582297110483
  covariance: [0.0, 0.0, 0.0, 0.0, 0.0, 0.0, 0.0, 0.0, 0.0, 0.0, 0.0, 0.0, 0.0, 0.0, 0.0, 0.0, 0.0, 0.0, 0.0, 0.0, 0.0, 0.0, 0.0, 0.0, 0.0, 0.0, 0.0, 0.0, 0.0, 0.0, 0.0, 0.0, 0.0, 0.0, 0.0, 0.0]
twist: 
  twist: 
    linear: 
      x: -0.05751645471659852
      y: -0.37231533974088
      z: -0.008892859658619611
    angular: 
      x: 0.0
      y: 0.0
      z: 0.0
  covariance: [0.0, 0.0, 0.0, 0.0, 0.0, 0.0, 0.0, 0.0, 0.0, 0.0, 0.0, 0.0, 0.0, 0.0, 0.0, 0.0, 0.0, 0.0, 0.0, 0.0, 0.0, 0.0, 0.0, 0.0, 0.0, 0.0, 0.0, 0.0, 0.0, 0.0, 0.0, 0.0, 0.0, 0.0, 0.0, 0.0]
---
header: 
  seq: 988
  stamp: 
    secs: 1744081274
    nsecs: 292250872
  frame_id: "world"
child_frame_id: "world"
pose: 
  pose: 
    position: 
      x: -0.6342331921358544
      y: 0.09184426430373677
      z: 0.45103956309946547
    orientation: 
      x: -0.017759688702482193
      y: 0.011129080715095958
      z: -0.8304055320558255
      w: 0.556765111470456
  covariance: [0.0, 0.0, 0.0, 0.0, 0.0, 0.0, 0.0, 0.0, 0.0, 0.0, 0.0, 0.0, 0.0, 0.0, 0.0, 0.0, 0.0, 0.0, 0.0, 0.0, 0.0, 0.0, 0.0, 0.0, 0.0, 0.0, 0.0, 0.0, 0.0, 0.0, 0.0, 0.0, 0.0, 0.0, 0.0, 0.0]
twist: 
  twist: 
    linear: 
      x: -0.032042813580172906
      y: -0.38900206365142714
      z: -0.03903184254629924
    angular: 
      x: 0.0
      y: 0.0
      z: 0.0
  covariance: [0.0, 0.0, 0.0, 0.0, 0.0, 0.0, 0.0, 0.0, 0.0, 0.0, 0.0, 0.0, 0.0, 0.0, 0.0, 0.0, 0.0, 0.0, 0.0, 0.0, 0.0, 0.0, 0.0, 0.0, 0.0, 0.0, 0.0, 0.0, 0.0, 0.0, 0.0, 0.0, 0.0, 0.0, 0.0, 0.0]
---
header: 
  seq: 989
  stamp: 
    secs: 1744081274
    nsecs: 425477266
  frame_id: "world"
child_frame_id: "world"
pose: 
  pose: 
    position: 
      x: -0.6370153331600412
      y: 0.03451360056604302
      z: 0.44705066176563807
    orientation: 
      x: -0.021300319181355075
      y: 0.01083119627307355
      z: -0.8029462032294745
      w: 0.5955723098914507
  covariance: [0.0, 0.0, 0.0, 0.0, 0.0, 0.0, 0.0, 0.0, 0.0, 0.0, 0.0, 0.0, 0.0, 0.0, 0.0, 0.0, 0.0, 0.0, 0.0, 0.0, 0.0, 0.0, 0.0, 0.0, 0.0, 0.0, 0.0, 0.0, 0.0, 0.0, 0.0, 0.0, 0.0, 0.0, 0.0, 0.0]
twist: 
  twist: 
    linear: 
      x: -0.005456971221972698
      y: -0.3938599806178025
      z: -0.014883534077267224
    angular: 
      x: 0.0
      y: 0.0
      z: 0.0
  covariance: [0.0, 0.0, 0.0, 0.0, 0.0, 0.0, 0.0, 0.0, 0.0, 0.0, 0.0, 0.0, 0.0, 0.0, 0.0, 0.0, 0.0, 0.0, 0.0, 0.0, 0.0, 0.0, 0.0, 0.0, 0.0, 0.0, 0.0, 0.0, 0.0, 0.0, 0.0, 0.0, 0.0, 0.0, 0.0, 0.0]
---
header: 
  seq: 990
  stamp: 
    secs: 1744081274
    nsecs: 558699608
  frame_id: "world"
child_frame_id: "world"
pose: 
  pose: 
    position: 
      x: -0.6343902962005661
      y: -0.024931616581286176
      z: 0.4452568522906462
    orientation: 
      x: -0.025986570995688147
      y: 0.009343758772100917
      z: -0.7738784557426519
      w: 0.6327317978711545
  covariance: [0.0, 0.0, 0.0, 0.0, 0.0, 0.0, 0.0, 0.0, 0.0, 0.0, 0.0, 0.0, 0.0, 0.0, 0.0, 0.0, 0.0, 0.0, 0.0, 0.0, 0.0, 0.0, 0.0, 0.0, 0.0, 0.0, 0.0, 0.0, 0.0, 0.0, 0.0, 0.0, 0.0, 0.0, 0.0, 0.0]
twist: 
  twist: 
    linear: 
      x: 0.037539356482687636
      y: -0.3992466972245849
      z: 0.01641570459184983
    angular: 
      x: 0.0
      y: 0.0
      z: 0.0
  covariance: [0.0, 0.0, 0.0, 0.0, 0.0, 0.0, 0.0, 0.0, 0.0, 0.0, 0.0, 0.0, 0.0, 0.0, 0.0, 0.0, 0.0, 0.0, 0.0, 0.0, 0.0, 0.0, 0.0, 0.0, 0.0, 0.0, 0.0, 0.0, 0.0, 0.0, 0.0, 0.0, 0.0, 0.0, 0.0, 0.0]
---
header: 
  seq: 991
  stamp: 
    secs: 1744081274
    nsecs: 691918135
  frame_id: "world"
child_frame_id: "world"
pose: 
  pose: 
    position: 
      x: -0.6254918287642035
      y: -0.08137371269074894
      z: 0.44464949781334534
    orientation: 
      x: -0.0259972615211059
      y: 0.00427755088924606
      z: -0.743539480319579
      w: 0.6681727966311438
  covariance: [0.0, 0.0, 0.0, 0.0, 0.0, 0.0, 0.0, 0.0, 0.0, 0.0, 0.0, 0.0, 0.0, 0.0, 0.0, 0.0, 0.0, 0.0, 0.0, 0.0, 0.0, 0.0, 0.0, 0.0, 0.0, 0.0, 0.0, 0.0, 0.0, 0.0, 0.0, 0.0, 0.0, 0.0, 0.0, 0.0]
twist: 
  twist: 
    linear: 
      x: 0.10469335168006919
      y: -0.3821518485435764
      z: -0.021203879210933346
    angular: 
      x: 0.0
      y: 0.0
      z: 0.0
  covariance: [0.0, 0.0, 0.0, 0.0, 0.0, 0.0, 0.0, 0.0, 0.0, 0.0, 0.0, 0.0, 0.0, 0.0, 0.0, 0.0, 0.0, 0.0, 0.0, 0.0, 0.0, 0.0, 0.0, 0.0, 0.0, 0.0, 0.0, 0.0, 0.0, 0.0, 0.0, 0.0, 0.0, 0.0, 0.0, 0.0]
---
header: 
  seq: 992
  stamp: 
    secs: 1744081274
    nsecs: 825132847
  frame_id: "world"
child_frame_id: "world"
pose: 
  pose: 
    position: 
      x: -0.6083841841472324
      y: -0.13271052041820391
      z: 0.441406101870443
    orientation: 
      x: -0.025279372724956235
      y: 0.0008326089018162093
      z: -0.7120646533872713
      w: 0.7016581713865482
  covariance: [0.0, 0.0, 0.0, 0.0, 0.0, 0.0, 0.0, 0.0, 0.0, 0.0, 0.0, 0.0, 0.0, 0.0, 0.0, 0.0, 0.0, 0.0, 0.0, 0.0, 0.0, 0.0, 0.0, 0.0, 0.0, 0.0, 0.0, 0.0, 0.0, 0.0, 0.0, 0.0, 0.0, 0.0, 0.0, 0.0]
twist: 
  twist: 
    linear: 
      x: 0.13331686340204585
      y: -0.3656958700355245
      z: -0.027126422037349687
    angular: 
      x: 0.0
      y: 0.0
      z: 0.0
  covariance: [0.0, 0.0, 0.0, 0.0, 0.0, 0.0, 0.0, 0.0, 0.0, 0.0, 0.0, 0.0, 0.0, 0.0, 0.0, 0.0, 0.0, 0.0, 0.0, 0.0, 0.0, 0.0, 0.0, 0.0, 0.0, 0.0, 0.0, 0.0, 0.0, 0.0, 0.0, 0.0, 0.0, 0.0, 0.0, 0.0]
---
header: 
  seq: 993
  stamp: 
    secs: 1744081274
    nsecs: 958343744
  frame_id: "world"
child_frame_id: "world"
pose: 
  pose: 
    position: 
      x: -0.5879598193124068
      y: -0.179070203546551
      z: 0.4355331956953337
    orientation: 
      x: -0.02242769098007894
      y: -0.0008867084094712908
      z: -0.680098381333439
      w: 0.7327771858710769
  covariance: [0.0, 0.0, 0.0, 0.0, 0.0, 0.0, 0.0, 0.0, 0.0, 0.0, 0.0, 0.0, 0.0, 0.0, 0.0, 0.0, 0.0, 0.0, 0.0, 0.0, 0.0, 0.0, 0.0, 0.0, 0.0, 0.0, 0.0, 0.0, 0.0, 0.0, 0.0, 0.0, 0.0, 0.0, 0.0, 0.0]
twist: 
  twist: 
    linear: 
      x: 0.16215874047604178
      y: -0.33736361104594564
      z: -0.03722957674049168
    angular: 
      x: 0.0
      y: 0.0
      z: 0.0
  covariance: [0.0, 0.0, 0.0, 0.0, 0.0, 0.0, 0.0, 0.0, 0.0, 0.0, 0.0, 0.0, 0.0, 0.0, 0.0, 0.0, 0.0, 0.0, 0.0, 0.0, 0.0, 0.0, 0.0, 0.0, 0.0, 0.0, 0.0, 0.0, 0.0, 0.0, 0.0, 0.0, 0.0, 0.0, 0.0, 0.0]
---
header: 
  seq: 994
  stamp: 
    secs: 1744081275
    nsecs:  91560841
  frame_id: "world"
child_frame_id: "world"
pose: 
  pose: 
    position: 
      x: -0.5652229304508577
      y: -0.2229446035980397
      z: 0.4320948907876936
    orientation: 
      x: -0.017228752605979995
      y: -0.002729038841242599
      z: -0.6467854203354343
      w: 0.7624725191586649
  covariance: [0.0, 0.0, 0.0, 0.0, 0.0, 0.0, 0.0, 0.0, 0.0, 0.0, 0.0, 0.0, 0.0, 0.0, 0.0, 0.0, 0.0, 0.0, 0.0, 0.0, 0.0, 0.0, 0.0, 0.0, 0.0, 0.0, 0.0, 0.0, 0.0, 0.0, 0.0, 0.0, 0.0, 0.0, 0.0, 0.0]
twist: 
  twist: 
    linear: 
      x: 0.1823227473794173
      y: -0.30862465098391745
      z: -0.033475747592975134
    angular: 
      x: 0.0
      y: 0.0
      z: 0.0
  covariance: [0.0, 0.0, 0.0, 0.0, 0.0, 0.0, 0.0, 0.0, 0.0, 0.0, 0.0, 0.0, 0.0, 0.0, 0.0, 0.0, 0.0, 0.0, 0.0, 0.0, 0.0, 0.0, 0.0, 0.0, 0.0, 0.0, 0.0, 0.0, 0.0, 0.0, 0.0, 0.0, 0.0, 0.0, 0.0, 0.0]
---
header: 
  seq: 995
  stamp: 
    secs: 1744081275
    nsecs: 224790573
  frame_id: "world"
child_frame_id: "world"
pose: 
  pose: 
    position: 
      x: -0.539935317708386
      y: -0.26276582251400105
      z: 0.4296266283380484
    orientation: 
      x: -0.013676758704802337
      y: -0.0025601785724269745
      z: -0.6118858881689027
      w: 0.7908236539309893
  covariance: [0.0, 0.0, 0.0, 0.0, 0.0, 0.0, 0.0, 0.0, 0.0, 0.0, 0.0, 0.0, 0.0, 0.0, 0.0, 0.0, 0.0, 0.0, 0.0, 0.0, 0.0, 0.0, 0.0, 0.0, 0.0, 0.0, 0.0, 0.0, 0.0, 0.0, 0.0, 0.0, 0.0, 0.0, 0.0, 0.0]
twist: 
  twist: 
    linear: 
      x: 0.20266274182306296
      y: -0.28231718991449656
      z: -0.021972269833078806
    angular: 
      x: 0.0
      y: 0.0
      z: 0.0
  covariance: [0.0, 0.0, 0.0, 0.0, 0.0, 0.0, 0.0, 0.0, 0.0, 0.0, 0.0, 0.0, 0.0, 0.0, 0.0, 0.0, 0.0, 0.0, 0.0, 0.0, 0.0, 0.0, 0.0, 0.0, 0.0, 0.0, 0.0, 0.0, 0.0, 0.0, 0.0, 0.0, 0.0, 0.0, 0.0, 0.0]
---
header: 
  seq: 996
  stamp: 
    secs: 1744081275
    nsecs: 358017445
  frame_id: "world"
child_frame_id: "world"
pose: 
  pose: 
    position: 
      x: -0.5126220453470864
      y: -0.29931327667666185
      z: 0.4299904994674822
    orientation: 
      x: -0.013395759495544644
      y: 0.0007796074578083442
      z: -0.5746899602787963
      w: 0.8182612024253043
  covariance: [0.0, 0.0, 0.0, 0.0, 0.0, 0.0, 0.0, 0.0, 0.0, 0.0, 0.0, 0.0, 0.0, 0.0, 0.0, 0.0, 0.0, 0.0, 0.0, 0.0, 0.0, 0.0, 0.0, 0.0, 0.0, 0.0, 0.0, 0.0, 0.0, 0.0, 0.0, 0.0, 0.0, 0.0, 0.0, 0.0]
twist: 
  twist: 
    linear: 
      x: 0.21995228742639386
      y: -0.2634693816347841
      z: -0.013061222472415946
    angular: 
      x: 0.0
      y: 0.0
      z: 0.0
  covariance: [0.0, 0.0, 0.0, 0.0, 0.0, 0.0, 0.0, 0.0, 0.0, 0.0, 0.0, 0.0, 0.0, 0.0, 0.0, 0.0, 0.0, 0.0, 0.0, 0.0, 0.0, 0.0, 0.0, 0.0, 0.0, 0.0, 0.0, 0.0, 0.0, 0.0, 0.0, 0.0, 0.0, 0.0, 0.0, 0.0]
---
header: 
  seq: 997
  stamp: 
    secs: 1744081275
    nsecs: 491239309
  frame_id: "world"
child_frame_id: "world"
pose: 
  pose: 
    position: 
      x: -0.48260368401345544
      y: -0.33444314970702116
      z: 0.430793354157622
    orientation: 
      x: -0.016114998964526547
      y: 0.0030577501438075957
      z: -0.535600132590951
      w: 0.844312415484332
  covariance: [0.0, 0.0, 0.0, 0.0, 0.0, 0.0, 0.0, 0.0, 0.0, 0.0, 0.0, 0.0, 0.0, 0.0, 0.0, 0.0, 0.0, 0.0, 0.0, 0.0, 0.0, 0.0, 0.0, 0.0, 0.0, 0.0, 0.0, 0.0, 0.0, 0.0, 0.0, 0.0, 0.0, 0.0, 0.0, 0.0]
twist: 
  twist: 
    linear: 
      x: 0.2290251945608355
      y: -0.2555273283180486
      z: 0.006359710868295814
    angular: 
      x: 0.0
      y: 0.0
      z: 0.0
  covariance: [0.0, 0.0, 0.0, 0.0, 0.0, 0.0, 0.0, 0.0, 0.0, 0.0, 0.0, 0.0, 0.0, 0.0, 0.0, 0.0, 0.0, 0.0, 0.0, 0.0, 0.0, 0.0, 0.0, 0.0, 0.0, 0.0, 0.0, 0.0, 0.0, 0.0, 0.0, 0.0, 0.0, 0.0, 0.0, 0.0]
---
header: 
  seq: 998
  stamp: 
    secs: 1744081275
    nsecs: 624457359
  frame_id: "world"
child_frame_id: "world"
pose: 
  pose: 
    position: 
      x: -0.4477476891770519
      y: -0.3669142680867803
      z: 0.434240431033685
    orientation: 
      x: -0.016633578878176326
      y: 0.0015472073746036989
      z: -0.4963668166369548
      w: 0.8679521378190961
  covariance: [0.0, 0.0, 0.0, 0.0, 0.0, 0.0, 0.0, 0.0, 0.0, 0.0, 0.0, 0.0, 0.0, 0.0, 0.0, 0.0, 0.0, 0.0, 0.0, 0.0, 0.0, 0.0, 0.0, 0.0, 0.0, 0.0, 0.0, 0.0, 0.0, 0.0, 0.0, 0.0, 0.0, 0.0, 0.0, 0.0]
twist: 
  twist: 
    linear: 
      x: 0.25670818589376915
      y: -0.2323723636525336
      z: 0.01963684675416674
    angular: 
      x: 0.0
      y: 0.0
      z: 0.0
  covariance: [0.0, 0.0, 0.0, 0.0, 0.0, 0.0, 0.0, 0.0, 0.0, 0.0, 0.0, 0.0, 0.0, 0.0, 0.0, 0.0, 0.0, 0.0, 0.0, 0.0, 0.0, 0.0, 0.0, 0.0, 0.0, 0.0, 0.0, 0.0, 0.0, 0.0, 0.0, 0.0, 0.0, 0.0, 0.0, 0.0]
---
header: 
  seq: 999
  stamp: 
    secs: 1744081275
    nsecs: 757671356
  frame_id: "world"
child_frame_id: "world"
pose: 
  pose: 
    position: 
      x: -0.41124982193379866
      y: -0.3962066522209632
      z: 0.44081557983377717
    orientation: 
      x: -0.02086223042007246
      y: 0.0014248028235722891
      z: -0.45589614117203586
      w: 0.8897873036536659
  covariance: [0.0, 0.0, 0.0, 0.0, 0.0, 0.0, 0.0, 0.0, 0.0, 0.0, 0.0, 0.0, 0.0, 0.0, 0.0, 0.0, 0.0, 0.0, 0.0, 0.0, 0.0, 0.0, 0.0, 0.0, 0.0, 0.0, 0.0, 0.0, 0.0, 0.0, 0.0, 0.0, 0.0, 0.0, 0.0, 0.0]
twist: 
  twist: 
    linear: 
      x: 0.27469666856752567
      y: -0.20573156955971614
      z: 0.043436854381084675
    angular: 
      x: 0.0
      y: 0.0
      z: 0.0
  covariance: [0.0, 0.0, 0.0, 0.0, 0.0, 0.0, 0.0, 0.0, 0.0, 0.0, 0.0, 0.0, 0.0, 0.0, 0.0, 0.0, 0.0, 0.0, 0.0, 0.0, 0.0, 0.0, 0.0, 0.0, 0.0, 0.0, 0.0, 0.0, 0.0, 0.0, 0.0, 0.0, 0.0, 0.0, 0.0, 0.0]
---
header: 
  seq: 1000
  stamp: 
    secs: 1744081275
    nsecs: 890881300
  frame_id: "world"
child_frame_id: "world"
pose: 
  pose: 
    position: 
      x: -0.37126104842487695
      y: -0.4187943191946422
      z: 0.4443060727391938
    orientation: 
      x: -0.02068961663630406
      y: 0.0023530508179321627
      z: -0.41500573085114245
      w: 0.9095804781744165
  covariance: [0.0, 0.0, 0.0, 0.0, 0.0, 0.0, 0.0, 0.0, 0.0, 0.0, 0.0, 0.0, 0.0, 0.0, 0.0, 0.0, 0.0, 0.0, 0.0, 0.0, 0.0, 0.0, 0.0, 0.0, 0.0, 0.0, 0.0, 0.0, 0.0, 0.0, 0.0, 0.0, 0.0, 0.0, 0.0, 0.0]
twist: 
  twist: 
    linear: 
      x: 0.3083100983765575
      y: -0.16206310998623824
      z: -0.0027572194277651505
    angular: 
      x: 0.0
      y: 0.0
      z: 0.0
  covariance: [0.0, 0.0, 0.0, 0.0, 0.0, 0.0, 0.0, 0.0, 0.0, 0.0, 0.0, 0.0, 0.0, 0.0, 0.0, 0.0, 0.0, 0.0, 0.0, 0.0, 0.0, 0.0, 0.0, 0.0, 0.0, 0.0, 0.0, 0.0, 0.0, 0.0, 0.0, 0.0, 0.0, 0.0, 0.0, 0.0]
---
header: 
  seq: 1001
  stamp: 
    secs: 1744081276
    nsecs:  24087667
  frame_id: "world"
child_frame_id: "world"
pose: 
  pose: 
    position: 
      x: -0.3271230993701426
      y: -0.437056380615119
      z: 0.44505514501264154
    orientation: 
      x: -0.015151567742322656
      y: 0.0008703558809767605
      z: -0.37296654930201084
      w: 0.9277206613940109
  covariance: [0.0, 0.0, 0.0, 0.0, 0.0, 0.0, 0.0, 0.0, 0.0, 0.0, 0.0, 0.0, 0.0, 0.0, 0.0, 0.0, 0.0, 0.0, 0.0, 0.0, 0.0, 0.0, 0.0, 0.0, 0.0, 0.0, 0.0, 0.0, 0.0, 0.0, 0.0, 0.0, 0.0, 0.0, 0.0, 0.0]
twist: 
  twist: 
    linear: 
      x: 0.3326010958736336
      y: -0.12116856936482916
      z: -0.0035064153589206004
    angular: 
      x: 0.0
      y: 0.0
      z: 0.0
  covariance: [0.0, 0.0, 0.0, 0.0, 0.0, 0.0, 0.0, 0.0, 0.0, 0.0, 0.0, 0.0, 0.0, 0.0, 0.0, 0.0, 0.0, 0.0, 0.0, 0.0, 0.0, 0.0, 0.0, 0.0, 0.0, 0.0, 0.0, 0.0, 0.0, 0.0, 0.0, 0.0, 0.0, 0.0, 0.0, 0.0]
---
header: 
  seq: 1002
  stamp: 
    secs: 1744081276
    nsecs: 157784700
  frame_id: "world"
child_frame_id: "world"
pose: 
  pose: 
    position: 
      x: -0.2785221523231164
      y: -0.4534120987983371
      z: 0.4463453008460982
    orientation: 
      x: -0.010742426481708896
      y: -0.0009391665578124106
      z: -0.32992561986514457
      w: 0.943945339305228
  covariance: [0.0, 0.0, 0.0, 0.0, 0.0, 0.0, 0.0, 0.0, 0.0, 0.0, 0.0, 0.0, 0.0, 0.0, 0.0, 0.0, 0.0, 0.0, 0.0, 0.0, 0.0, 0.0, 0.0, 0.0, 0.0, 0.0, 0.0, 0.0, 0.0, 0.0, 0.0, 0.0, 0.0, 0.0, 0.0, 0.0]
twist: 
  twist: 
    linear: 
      x: 0.3593394781265927
      y: -0.09847146697569106
      z: -0.014928935241431634
    angular: 
      x: 0.0
      y: 0.0
      z: 0.0
  covariance: [0.0, 0.0, 0.0, 0.0, 0.0, 0.0, 0.0, 0.0, 0.0, 0.0, 0.0, 0.0, 0.0, 0.0, 0.0, 0.0, 0.0, 0.0, 0.0, 0.0, 0.0, 0.0, 0.0, 0.0, 0.0, 0.0, 0.0, 0.0, 0.0, 0.0, 0.0, 0.0, 0.0, 0.0, 0.0, 0.0]
---
header: 
  seq: 1003
  stamp: 
    secs: 1744081276
    nsecs: 291586161
  frame_id: "world"
child_frame_id: "world"
pose: 
  pose: 
    position: 
      x: -0.23024238876613246
      y: -0.46458642129528743
      z: 0.4475142428277593
    orientation: 
      x: -0.010523002977099174
      y: -0.005860207365355732
      z: -0.2873751512072181
      w: 0.9577423697668427
  covariance: [0.0, 0.0, 0.0, 0.0, 0.0, 0.0, 0.0, 0.0, 0.0, 0.0, 0.0, 0.0, 0.0, 0.0, 0.0, 0.0, 0.0, 0.0, 0.0, 0.0, 0.0, 0.0, 0.0, 0.0, 0.0, 0.0, 0.0, 0.0, 0.0, 0.0, 0.0, 0.0, 0.0, 0.0, 0.0, 0.0]
twist: 
  twist: 
    linear: 
      x: 0.3536335692782939
      y: -0.10591577022795161
      z: 0.03884213157445429
    angular: 
      x: 0.0
      y: 0.0
      z: 0.0
  covariance: [0.0, 0.0, 0.0, 0.0, 0.0, 0.0, 0.0, 0.0, 0.0, 0.0, 0.0, 0.0, 0.0, 0.0, 0.0, 0.0, 0.0, 0.0, 0.0, 0.0, 0.0, 0.0, 0.0, 0.0, 0.0, 0.0, 0.0, 0.0, 0.0, 0.0, 0.0, 0.0, 0.0, 0.0, 0.0, 0.0]
---
header: 
  seq: 1004
  stamp: 
    secs: 1744081276
    nsecs: 425412416
  frame_id: "world"
child_frame_id: "world"
pose: 
  pose: 
    position: 
      x: -0.18271173492283505
      y: -0.47307594069481634
      z: 0.4478535814011248
    orientation: 
      x: -0.013060163449869723
      y: -0.011170913122185875
      z: -0.2445328374298545
      w: 0.969488697329259
  covariance: [0.0, 0.0, 0.0, 0.0, 0.0, 0.0, 0.0, 0.0, 0.0, 0.0, 0.0, 0.0, 0.0, 0.0, 0.0, 0.0, 0.0, 0.0, 0.0, 0.0, 0.0, 0.0, 0.0, 0.0, 0.0, 0.0, 0.0, 0.0, 0.0, 0.0, 0.0, 0.0, 0.0, 0.0, 0.0, 0.0]
twist: 
  twist: 
    linear: 
      x: 0.3432564184589853
      y: -0.06801715677477699
      z: -0.008774153408665736
    angular: 
      x: 0.0
      y: 0.0
      z: 0.0
  covariance: [0.0, 0.0, 0.0, 0.0, 0.0, 0.0, 0.0, 0.0, 0.0, 0.0, 0.0, 0.0, 0.0, 0.0, 0.0, 0.0, 0.0, 0.0, 0.0, 0.0, 0.0, 0.0, 0.0, 0.0, 0.0, 0.0, 0.0, 0.0, 0.0, 0.0, 0.0, 0.0, 0.0, 0.0, 0.0, 0.0]
---
header: 
  seq: 1005
  stamp: 
    secs: 1744081276
    nsecs: 559263229
  frame_id: "world"
child_frame_id: "world"
pose: 
  pose: 
    position: 
      x: -0.13731675953307187
      y: -0.4776983019179527
      z: 0.44679950351471504
    orientation: 
      x: -0.013956607910742328
      y: -0.011489140512669672
      z: -0.2025883163682996
      w: 0.9790971283876608
  covariance: [0.0, 0.0, 0.0, 0.0, 0.0, 0.0, 0.0, 0.0, 0.0, 0.0, 0.0, 0.0, 0.0, 0.0, 0.0, 0.0, 0.0, 0.0, 0.0, 0.0, 0.0, 0.0, 0.0, 0.0, 0.0, 0.0, 0.0, 0.0, 0.0, 0.0, 0.0, 0.0, 0.0, 0.0, 0.0, 0.0]
twist: 
  twist: 
    linear: 
      x: 0.31707981342012725
      y: -0.045330055626767875
      z: 0.005156137691885479
    angular: 
      x: 0.0
      y: 0.0
      z: 0.0
  covariance: [0.0, 0.0, 0.0, 0.0, 0.0, 0.0, 0.0, 0.0, 0.0, 0.0, 0.0, 0.0, 0.0, 0.0, 0.0, 0.0, 0.0, 0.0, 0.0, 0.0, 0.0, 0.0, 0.0, 0.0, 0.0, 0.0, 0.0, 0.0, 0.0, 0.0, 0.0, 0.0, 0.0, 0.0, 0.0, 0.0]
---
header: 
  seq: 1006
  stamp: 
    secs: 1744081276
    nsecs: 693138599
  frame_id: "world"
child_frame_id: "world"
pose: 
  pose: 
    position: 
      x: -0.09718749977245922
      y: -0.4778745272688968
      z: 0.4445975077875515
    orientation: 
      x: -0.011834428058371012
      y: -0.00834457340079349
      z: -0.16186900121777928
      w: 0.9867060052781926
  covariance: [0.0, 0.0, 0.0, 0.0, 0.0, 0.0, 0.0, 0.0, 0.0, 0.0, 0.0, 0.0, 0.0, 0.0, 0.0, 0.0, 0.0, 0.0, 0.0, 0.0, 0.0, 0.0, 0.0, 0.0, 0.0, 0.0, 0.0, 0.0, 0.0, 0.0, 0.0, 0.0, 0.0, 0.0, 0.0, 0.0]
twist: 
  twist: 
    linear: 
      x: 0.2997963249824893
      y: 0.018961925232080918
      z: -0.03180975005194661
    angular: 
      x: 0.0
      y: 0.0
      z: 0.0
  covariance: [0.0, 0.0, 0.0, 0.0, 0.0, 0.0, 0.0, 0.0, 0.0, 0.0, 0.0, 0.0, 0.0, 0.0, 0.0, 0.0, 0.0, 0.0, 0.0, 0.0, 0.0, 0.0, 0.0, 0.0, 0.0, 0.0, 0.0, 0.0, 0.0, 0.0, 0.0, 0.0, 0.0, 0.0, 0.0, 0.0]
---
header: 
  seq: 1007
  stamp: 
    secs: 1744081276
    nsecs: 827038765
  frame_id: "world"
child_frame_id: "world"
pose: 
  pose: 
    position: 
      x: -0.06121414011317877
      y: -0.47102664713782827
      z: 0.4336157654233184
    orientation: 
      x: -0.005689453276591076
      y: -0.006217056881706327
      z: -0.12197675349367282
      w: 0.9924971788031878
  covariance: [0.0, 0.0, 0.0, 0.0, 0.0, 0.0, 0.0, 0.0, 0.0, 0.0, 0.0, 0.0, 0.0, 0.0, 0.0, 0.0, 0.0, 0.0, 0.0, 0.0, 0.0, 0.0, 0.0, 0.0, 0.0, 0.0, 0.0, 0.0, 0.0, 0.0, 0.0, 0.0, 0.0, 0.0, 0.0, 0.0]
twist: 
  twist: 
    linear: 
      x: 0.28625792038190834
      y: 0.035424789159225166
      z: -0.05273113842935179
    angular: 
      x: 0.0
      y: 0.0
      z: 0.0
  covariance: [0.0, 0.0, 0.0, 0.0, 0.0, 0.0, 0.0, 0.0, 0.0, 0.0, 0.0, 0.0, 0.0, 0.0, 0.0, 0.0, 0.0, 0.0, 0.0, 0.0, 0.0, 0.0, 0.0, 0.0, 0.0, 0.0, 0.0, 0.0, 0.0, 0.0, 0.0, 0.0, 0.0, 0.0, 0.0, 0.0]
---
header: 
  seq: 1008
  stamp: 
    secs: 1744081276
    nsecs: 960963964
  frame_id: "world"
child_frame_id: "world"
pose: 
  pose: 
    position: 
      x: -0.02165603494048679
      y: -0.46413260584589716
      z: 0.42230100174485424
    orientation: 
      x: -0.0025369883824140718
      y: -0.007534752265070913
      z: -0.0835615167783359
      w: 0.9964709047995106
  covariance: [0.0, 0.0, 0.0, 0.0, 0.0, 0.0, 0.0, 0.0, 0.0, 0.0, 0.0, 0.0, 0.0, 0.0, 0.0, 0.0, 0.0, 0.0, 0.0, 0.0, 0.0, 0.0, 0.0, 0.0, 0.0, 0.0, 0.0, 0.0, 0.0, 0.0, 0.0, 0.0, 0.0, 0.0, 0.0, 0.0]
twist: 
  twist: 
    linear: 
      x: 0.2775590989722973
      y: 0.04207323754478649
      z: -0.052821163147122575
    angular: 
      x: 0.0
      y: 0.0
      z: 0.0
  covariance: [0.0, 0.0, 0.0, 0.0, 0.0, 0.0, 0.0, 0.0, 0.0, 0.0, 0.0, 0.0, 0.0, 0.0, 0.0, 0.0, 0.0, 0.0, 0.0, 0.0, 0.0, 0.0, 0.0, 0.0, 0.0, 0.0, 0.0, 0.0, 0.0, 0.0, 0.0, 0.0, 0.0, 0.0, 0.0, 0.0]
---
header: 
  seq: 1009
  stamp: 
    secs: 1744081277
    nsecs:  94687462
  frame_id: "world"
child_frame_id: "world"
pose: 
  pose: 
    position: 
      x: 0.017096789628594844
      y: -0.4571436307670928
      z: 0.4173454719481972
    orientation: 
      x: 0.0013014551127964995
      y: -0.007969294022011679
      z: -0.04720376140311174
      w: 0.9988526425238
  covariance: [0.0, 0.0, 0.0, 0.0, 0.0, 0.0, 0.0, 0.0, 0.0, 0.0, 0.0, 0.0, 0.0, 0.0, 0.0, 0.0, 0.0, 0.0, 0.0, 0.0, 0.0, 0.0, 0.0, 0.0, 0.0, 0.0, 0.0, 0.0, 0.0, 0.0, 0.0, 0.0, 0.0, 0.0, 0.0, 0.0]
twist: 
  twist: 
    linear: 
      x: 0.26586092639580955
      y: 0.0549731967766263
      z: -0.03798963482912949
    angular: 
      x: 0.0
      y: 0.0
      z: 0.0
  covariance: [0.0, 0.0, 0.0, 0.0, 0.0, 0.0, 0.0, 0.0, 0.0, 0.0, 0.0, 0.0, 0.0, 0.0, 0.0, 0.0, 0.0, 0.0, 0.0, 0.0, 0.0, 0.0, 0.0, 0.0, 0.0, 0.0, 0.0, 0.0, 0.0, 0.0, 0.0, 0.0, 0.0, 0.0, 0.0, 0.0]
---
header: 
  seq: 1010
  stamp: 
    secs: 1744081277
    nsecs: 228016376
  frame_id: "world"
child_frame_id: "world"
pose: 
  pose: 
    position: 
      x: 0.05424601808258539
      y: -0.45086983819744536
      z: 0.41549894896773626
    orientation: 
      x: 0.005312354623130756
      y: -0.01016036925950563
      z: -0.014254269324348867
      w: 0.9998326667952481
  covariance: [0.0, 0.0, 0.0, 0.0, 0.0, 0.0, 0.0, 0.0, 0.0, 0.0, 0.0, 0.0, 0.0, 0.0, 0.0, 0.0, 0.0, 0.0, 0.0, 0.0, 0.0, 0.0, 0.0, 0.0, 0.0, 0.0, 0.0, 0.0, 0.0, 0.0, 0.0, 0.0, 0.0, 0.0, 0.0, 0.0]
twist: 
  twist: 
    linear: 
      x: 0.24599334983167337
      y: 0.05092719807861499
      z: -0.0013379163756591943
    angular: 
      x: 0.0
      y: 0.0
      z: 0.0
  covariance: [0.0, 0.0, 0.0, 0.0, 0.0, 0.0, 0.0, 0.0, 0.0, 0.0, 0.0, 0.0, 0.0, 0.0, 0.0, 0.0, 0.0, 0.0, 0.0, 0.0, 0.0, 0.0, 0.0, 0.0, 0.0, 0.0, 0.0, 0.0, 0.0, 0.0, 0.0, 0.0, 0.0, 0.0, 0.0, 0.0]
---
header: 
  seq: 1011
  stamp: 
    secs: 1744081277
    nsecs: 361344576
  frame_id: "world"
child_frame_id: "world"
pose: 
  pose: 
    position: 
      x: 0.08772256707488885
      y: -0.4442144440167138
      z: 0.41455894485020406
    orientation: 
      x: 0.006465843622401436
      y: -0.01174981504230813
      z: 0.015388198649999192
      w: 0.9997916473220959
  covariance: [0.0, 0.0, 0.0, 0.0, 0.0, 0.0, 0.0, 0.0, 0.0, 0.0, 0.0, 0.0, 0.0, 0.0, 0.0, 0.0, 0.0, 0.0, 0.0, 0.0, 0.0, 0.0, 0.0, 0.0, 0.0, 0.0, 0.0, 0.0, 0.0, 0.0, 0.0, 0.0, 0.0, 0.0, 0.0, 0.0]
twist: 
  twist: 
    linear: 
      x: 0.22433734936853802
      y: 0.058250950219309795
      z: -0.004724458879096077
    angular: 
      x: 0.0
      y: 0.0
      z: 0.0
  covariance: [0.0, 0.0, 0.0, 0.0, 0.0, 0.0, 0.0, 0.0, 0.0, 0.0, 0.0, 0.0, 0.0, 0.0, 0.0, 0.0, 0.0, 0.0, 0.0, 0.0, 0.0, 0.0, 0.0, 0.0, 0.0, 0.0, 0.0, 0.0, 0.0, 0.0, 0.0, 0.0, 0.0, 0.0, 0.0, 0.0]
---
header: 
  seq: 1012
  stamp: 
    secs: 1744081277
    nsecs: 494672298
  frame_id: "world"
child_frame_id: "world"
pose: 
  pose: 
    position: 
      x: 0.11776715070742177
      y: -0.43798130813124697
      z: 0.4148739027422494
    orientation: 
      x: 0.0035059221797034946
      y: -0.012389269940888924
      z: 0.04273414633643489
      w: 0.9990035071194183
  covariance: [0.0, 0.0, 0.0, 0.0, 0.0, 0.0, 0.0, 0.0, 0.0, 0.0, 0.0, 0.0, 0.0, 0.0, 0.0, 0.0, 0.0, 0.0, 0.0, 0.0, 0.0, 0.0, 0.0, 0.0, 0.0, 0.0, 0.0, 0.0, 0.0, 0.0, 0.0, 0.0, 0.0, 0.0, 0.0, 0.0]
twist: 
  twist: 
    linear: 
      x: 0.199753765784216
      y: 0.04462412688973291
      z: -0.011517067064887353
    angular: 
      x: 0.0
      y: 0.0
      z: 0.0
  covariance: [0.0, 0.0, 0.0, 0.0, 0.0, 0.0, 0.0, 0.0, 0.0, 0.0, 0.0, 0.0, 0.0, 0.0, 0.0, 0.0, 0.0, 0.0, 0.0, 0.0, 0.0, 0.0, 0.0, 0.0, 0.0, 0.0, 0.0, 0.0, 0.0, 0.0, 0.0, 0.0, 0.0, 0.0, 0.0, 0.0]
---
header: 
  seq: 1013
  stamp: 
    secs: 1744081277
    nsecs: 627999783
  frame_id: "world"
child_frame_id: "world"
pose: 
  pose: 
    position: 
      x: 0.14173444029944407
      y: -0.43140638304159606
      z: 0.410962532528315
    orientation: 
      x: 0.00015777857623294286
      y: -0.013069529770726597
      z: 0.06717570168686297
      w: 0.9976555455668908
  covariance: [0.0, 0.0, 0.0, 0.0, 0.0, 0.0, 0.0, 0.0, 0.0, 0.0, 0.0, 0.0, 0.0, 0.0, 0.0, 0.0, 0.0, 0.0, 0.0, 0.0, 0.0, 0.0, 0.0, 0.0, 0.0, 0.0, 0.0, 0.0, 0.0, 0.0, 0.0, 0.0, 0.0, 0.0, 0.0, 0.0]
twist: 
  twist: 
    linear: 
      x: 0.17246031723724797
      y: 0.04496543653115186
      z: -0.020210131997463052
    angular: 
      x: 0.0
      y: 0.0
      z: 0.0
  covariance: [0.0, 0.0, 0.0, 0.0, 0.0, 0.0, 0.0, 0.0, 0.0, 0.0, 0.0, 0.0, 0.0, 0.0, 0.0, 0.0, 0.0, 0.0, 0.0, 0.0, 0.0, 0.0, 0.0, 0.0, 0.0, 0.0, 0.0, 0.0, 0.0, 0.0, 0.0, 0.0, 0.0, 0.0, 0.0, 0.0]
---
header: 
  seq: 1014
  stamp: 
    secs: 1744081277
    nsecs: 761326313
  frame_id: "world"
child_frame_id: "world"
pose: 
  pose: 
    position: 
      x: 0.16176742011879466
      y: -0.4231117607673897
      z: 0.4089371518852332
    orientation: 
      x: -0.0002551092308717035
      y: -0.015257739055143651
      z: 0.08990320260516026
      w: 0.9958335957776987
  covariance: [0.0, 0.0, 0.0, 0.0, 0.0, 0.0, 0.0, 0.0, 0.0, 0.0, 0.0, 0.0, 0.0, 0.0, 0.0, 0.0, 0.0, 0.0, 0.0, 0.0, 0.0, 0.0, 0.0, 0.0, 0.0, 0.0, 0.0, 0.0, 0.0, 0.0, 0.0, 0.0, 0.0, 0.0, 0.0, 0.0]
twist: 
  twist: 
    linear: 
      x: 0.136347585727063
      y: 0.06805478516620155
      z: -0.017308626251325548
    angular: 
      x: 0.0
      y: 0.0
      z: 0.0
  covariance: [0.0, 0.0, 0.0, 0.0, 0.0, 0.0, 0.0, 0.0, 0.0, 0.0, 0.0, 0.0, 0.0, 0.0, 0.0, 0.0, 0.0, 0.0, 0.0, 0.0, 0.0, 0.0, 0.0, 0.0, 0.0, 0.0, 0.0, 0.0, 0.0, 0.0, 0.0, 0.0, 0.0, 0.0, 0.0, 0.0]
---
header: 
  seq: 1015
  stamp: 
    secs: 1744081277
    nsecs: 894652843
  frame_id: "world"
child_frame_id: "world"
pose: 
  pose: 
    position: 
      x: 0.1765597399215805
      y: -0.41232542750356344
      z: 0.4059475908664735
    orientation: 
      x: 0.004876894559874413
      y: -0.014692955587570332
      z: 0.110751289092801
      w: 0.9937275707757315
  covariance: [0.0, 0.0, 0.0, 0.0, 0.0, 0.0, 0.0, 0.0, 0.0, 0.0, 0.0, 0.0, 0.0, 0.0, 0.0, 0.0, 0.0, 0.0, 0.0, 0.0, 0.0, 0.0, 0.0, 0.0, 0.0, 0.0, 0.0, 0.0, 0.0, 0.0, 0.0, 0.0, 0.0, 0.0, 0.0, 0.0]
twist: 
  twist: 
    linear: 
      x: 0.10223817636758606
      y: 0.07933154655536483
      z: -0.007749417806546101
    angular: 
      x: 0.0
      y: 0.0
      z: 0.0
  covariance: [0.0, 0.0, 0.0, 0.0, 0.0, 0.0, 0.0, 0.0, 0.0, 0.0, 0.0, 0.0, 0.0, 0.0, 0.0, 0.0, 0.0, 0.0, 0.0, 0.0, 0.0, 0.0, 0.0, 0.0, 0.0, 0.0, 0.0, 0.0, 0.0, 0.0, 0.0, 0.0, 0.0, 0.0, 0.0, 0.0]
---
header: 
  seq: 1016
  stamp: 
    secs: 1744081278
    nsecs:  27979851
  frame_id: "world"
child_frame_id: "world"
pose: 
  pose: 
    position: 
      x: 0.18843399888857554
      y: -0.399587380587227
      z: 0.40624009644638676
    orientation: 
      x: 0.006481440768888161
      y: -0.011595443083285062
      z: 0.12909884972407237
      w: 0.9915427492676163
  covariance: [0.0, 0.0, 0.0, 0.0, 0.0, 0.0, 0.0, 0.0, 0.0, 0.0, 0.0, 0.0, 0.0, 0.0, 0.0, 0.0, 0.0, 0.0, 0.0, 0.0, 0.0, 0.0, 0.0, 0.0, 0.0, 0.0, 0.0, 0.0, 0.0, 0.0, 0.0, 0.0, 0.0, 0.0, 0.0, 0.0]
twist: 
  twist: 
    linear: 
      x: 0.08087199881983573
      y: 0.08555622224957923
      z: 0.004375325154263305
    angular: 
      x: 0.0
      y: 0.0
      z: 0.0
  covariance: [0.0, 0.0, 0.0, 0.0, 0.0, 0.0, 0.0, 0.0, 0.0, 0.0, 0.0, 0.0, 0.0, 0.0, 0.0, 0.0, 0.0, 0.0, 0.0, 0.0, 0.0, 0.0, 0.0, 0.0, 0.0, 0.0, 0.0, 0.0, 0.0, 0.0, 0.0, 0.0, 0.0, 0.0, 0.0, 0.0]
---
header: 
  seq: 1017
  stamp: 
    secs: 1744081278
    nsecs: 161313295
  frame_id: "world"
child_frame_id: "world"
pose: 
  pose: 
    position: 
      x: 0.1980465220770642
      y: -0.3855281619816852
      z: 0.4062443417027546
    orientation: 
      x: 0.009388651458902955
      y: -0.009857220730665466
      z: 0.14636169344629876
      w: 0.989137474325375
  covariance: [0.0, 0.0, 0.0, 0.0, 0.0, 0.0, 0.0, 0.0, 0.0, 0.0, 0.0, 0.0, 0.0, 0.0, 0.0, 0.0, 0.0, 0.0, 0.0, 0.0, 0.0, 0.0, 0.0, 0.0, 0.0, 0.0, 0.0, 0.0, 0.0, 0.0, 0.0, 0.0, 0.0, 0.0, 0.0, 0.0]
twist: 
  twist: 
    linear: 
      x: 0.05503136806522958
      y: 0.09149924285216146
      z: -0.007633570985597185
    angular: 
      x: 0.0
      y: 0.0
      z: 0.0
  covariance: [0.0, 0.0, 0.0, 0.0, 0.0, 0.0, 0.0, 0.0, 0.0, 0.0, 0.0, 0.0, 0.0, 0.0, 0.0, 0.0, 0.0, 0.0, 0.0, 0.0, 0.0, 0.0, 0.0, 0.0, 0.0, 0.0, 0.0, 0.0, 0.0, 0.0, 0.0, 0.0, 0.0, 0.0, 0.0, 0.0]
---
header: 
  seq: 1018
  stamp: 
    secs: 1744081278
    nsecs: 294647694
  frame_id: "world"
child_frame_id: "world"
pose: 
  pose: 
    position: 
      x: 0.20492875831736784
      y: -0.375373707852463
      z: 0.40630476540415095
    orientation: 
      x: 0.013589564317616402
      y: -0.008765882246829844
      z: 0.16222437018228011
      w: 0.9866213745754014
  covariance: [0.0, 0.0, 0.0, 0.0, 0.0, 0.0, 0.0, 0.0, 0.0, 0.0, 0.0, 0.0, 0.0, 0.0, 0.0, 0.0, 0.0, 0.0, 0.0, 0.0, 0.0, 0.0, 0.0, 0.0, 0.0, 0.0, 0.0, 0.0, 0.0, 0.0, 0.0, 0.0, 0.0, 0.0, 0.0, 0.0]
twist: 
  twist: 
    linear: 
      x: 0.05410221890893005
      y: 0.052711812481089
      z: 0.01123096728101161
    angular: 
      x: 0.0
      y: 0.0
      z: 0.0
  covariance: [0.0, 0.0, 0.0, 0.0, 0.0, 0.0, 0.0, 0.0, 0.0, 0.0, 0.0, 0.0, 0.0, 0.0, 0.0, 0.0, 0.0, 0.0, 0.0, 0.0, 0.0, 0.0, 0.0, 0.0, 0.0, 0.0, 0.0, 0.0, 0.0, 0.0, 0.0, 0.0, 0.0, 0.0, 0.0, 0.0]
---
header: 
  seq: 1019
  stamp: 
    secs: 1744081278
    nsecs: 427982092
  frame_id: "world"
child_frame_id: "world"
pose: 
  pose: 
    position: 
      x: 0.2103816205752722
      y: -0.3686130374224723
      z: 0.40483897109516254
    orientation: 
      x: 0.013305960991091792
      y: -0.011497686874859856
      z: 0.17654965886563262
      w: 0.9841346313147709
  covariance: [0.0, 0.0, 0.0, 0.0, 0.0, 0.0, 0.0, 0.0, 0.0, 0.0, 0.0, 0.0, 0.0, 0.0, 0.0, 0.0, 0.0, 0.0, 0.0, 0.0, 0.0, 0.0, 0.0, 0.0, 0.0, 0.0, 0.0, 0.0, 0.0, 0.0, 0.0, 0.0, 0.0, 0.0, 0.0, 0.0]
twist: 
  twist: 
    linear: 
      x: 0.024209881626116488
      y: 0.04476426703268574
      z: -0.027054151440303577
    angular: 
      x: 0.0
      y: 0.0
      z: 0.0
  covariance: [0.0, 0.0, 0.0, 0.0, 0.0, 0.0, 0.0, 0.0, 0.0, 0.0, 0.0, 0.0, 0.0, 0.0, 0.0, 0.0, 0.0, 0.0, 0.0, 0.0, 0.0, 0.0, 0.0, 0.0, 0.0, 0.0, 0.0, 0.0, 0.0, 0.0, 0.0, 0.0, 0.0, 0.0, 0.0, 0.0]
---
header: 
  seq: 1020
  stamp: 
    secs: 1744081278
    nsecs: 561316252
  frame_id: "world"
child_frame_id: "world"
pose: 
  pose: 
    position: 
      x: 0.21343973449067985
      y: -0.36573431629152436
      z: 0.4063187208738406
    orientation: 
      x: 0.01442192007003051
      y: -0.00820421305749685
      z: 0.18816626294394972
      w: 0.9819970247405586
  covariance: [0.0, 0.0, 0.0, 0.0, 0.0, 0.0, 0.0, 0.0, 0.0, 0.0, 0.0, 0.0, 0.0, 0.0, 0.0, 0.0, 0.0, 0.0, 0.0, 0.0, 0.0, 0.0, 0.0, 0.0, 0.0, 0.0, 0.0, 0.0, 0.0, 0.0, 0.0, 0.0, 0.0, 0.0, 0.0, 0.0]
twist: 
  twist: 
    linear: 
      x: 0.010604309682903414
      y: 0.030603287830820062
      z: 0.01016465047232239
    angular: 
      x: 0.0
      y: 0.0
      z: 0.0
  covariance: [0.0, 0.0, 0.0, 0.0, 0.0, 0.0, 0.0, 0.0, 0.0, 0.0, 0.0, 0.0, 0.0, 0.0, 0.0, 0.0, 0.0, 0.0, 0.0, 0.0, 0.0, 0.0, 0.0, 0.0, 0.0, 0.0, 0.0, 0.0, 0.0, 0.0, 0.0, 0.0, 0.0, 0.0, 0.0, 0.0]
---
header: 
  seq: 1021
  stamp: 
    secs: 1744081278
    nsecs: 694649935
  frame_id: "world"
child_frame_id: "world"
pose: 
  pose: 
    position: 
      x: 0.2144129229574375
      y: -0.36326450982549063
      z: 0.4090732456796751
    orientation: 
      x: 0.013767454548562715
      y: -0.007613758257318793
      z: 0.19644420422064884
      w: 0.9803887813049312
  covariance: [0.0, 0.0, 0.0, 0.0, 0.0, 0.0, 0.0, 0.0, 0.0, 0.0, 0.0, 0.0, 0.0, 0.0, 0.0, 0.0, 0.0, 0.0, 0.0, 0.0, 0.0, 0.0, 0.0, 0.0, 0.0, 0.0, 0.0, 0.0, 0.0, 0.0, 0.0, 0.0, 0.0, 0.0, 0.0, 0.0]
twist: 
  twist: 
    linear: 
      x: 0.011447791710668766
      y: 0.008457136026049238
      z: 0.03426181356916127
    angular: 
      x: 0.0
      y: 0.0
      z: 0.0
  covariance: [0.0, 0.0, 0.0, 0.0, 0.0, 0.0, 0.0, 0.0, 0.0, 0.0, 0.0, 0.0, 0.0, 0.0, 0.0, 0.0, 0.0, 0.0, 0.0, 0.0, 0.0, 0.0, 0.0, 0.0, 0.0, 0.0, 0.0, 0.0, 0.0, 0.0, 0.0, 0.0, 0.0, 0.0, 0.0, 0.0]
---
header: 
  seq: 1022
  stamp: 
    secs: 1744081278
    nsecs: 827983618
  frame_id: "world"
child_frame_id: "world"
pose: 
  pose: 
    position: 
      x: 0.21680947153126398
      y: -0.36385806367904683
      z: 0.4127912022404594
    orientation: 
      x: 0.010928270003330503
      y: -0.006351091466886174
      z: 0.2028015659407271
      w: 0.9791382749151942
  covariance: [0.0, 0.0, 0.0, 0.0, 0.0, 0.0, 0.0, 0.0, 0.0, 0.0, 0.0, 0.0, 0.0, 0.0, 0.0, 0.0, 0.0, 0.0, 0.0, 0.0, 0.0, 0.0, 0.0, 0.0, 0.0, 0.0, 0.0, 0.0, 0.0, 0.0, 0.0, 0.0, 0.0, 0.0, 0.0, 0.0]
twist: 
  twist: 
    linear: 
      x: 0.010312482877080127
      y: -0.006577248515842822
      z: 0.03346362031539426
    angular: 
      x: 0.0
      y: 0.0
      z: 0.0
  covariance: [0.0, 0.0, 0.0, 0.0, 0.0, 0.0, 0.0, 0.0, 0.0, 0.0, 0.0, 0.0, 0.0, 0.0, 0.0, 0.0, 0.0, 0.0, 0.0, 0.0, 0.0, 0.0, 0.0, 0.0, 0.0, 0.0, 0.0, 0.0, 0.0, 0.0, 0.0, 0.0, 0.0, 0.0, 0.0, 0.0]
---
header: 
  seq: 1023
  stamp: 
    secs: 1744081278
    nsecs: 961316824
  frame_id: "world"
child_frame_id: "world"
pose: 
  pose: 
    position: 
      x: 0.2166376420513072
      y: -0.3650452040694262
      z: 0.41443300712080183
    orientation: 
      x: 0.0070528046779357225
      y: -0.005713798805896421
      z: 0.20777359686584246
      w: 0.9781348285869443
  covariance: [0.0, 0.0, 0.0, 0.0, 0.0, 0.0, 0.0, 0.0, 0.0, 0.0, 0.0, 0.0, 0.0, 0.0, 0.0, 0.0, 0.0, 0.0, 0.0, 0.0, 0.0, 0.0, 0.0, 0.0, 0.0, 0.0, 0.0, 0.0, 0.0, 0.0, 0.0, 0.0, 0.0, 0.0, 0.0, 0.0]
twist: 
  twist: 
    linear: 
      x: 0.0027955104143226384
      y: -0.010136398849811568
      z: 0.0031862940565797644
    angular: 
      x: 0.0
      y: 0.0
      z: 0.0
  covariance: [0.0, 0.0, 0.0, 0.0, 0.0, 0.0, 0.0, 0.0, 0.0, 0.0, 0.0, 0.0, 0.0, 0.0, 0.0, 0.0, 0.0, 0.0, 0.0, 0.0, 0.0, 0.0, 0.0, 0.0, 0.0, 0.0, 0.0, 0.0, 0.0, 0.0, 0.0, 0.0, 0.0, 0.0, 0.0, 0.0]
---
header: 
  seq: 1024
  stamp: 
    secs: 1744081279
    nsecs:  94648600
  frame_id: "world"
child_frame_id: "world"
pose: 
  pose: 
    position: 
      x: 0.21532271182974627
      y: -0.36600564100763106
      z: 0.41512760342893296
    orientation: 
      x: 0.0016549113373528599
      y: -0.008459341277423489
      z: 0.21200836924680577
      w: 0.9772298359050074
  covariance: [0.0, 0.0, 0.0, 0.0, 0.0, 0.0, 0.0, 0.0, 0.0, 0.0, 0.0, 0.0, 0.0, 0.0, 0.0, 0.0, 0.0, 0.0, 0.0, 0.0, 0.0, 0.0, 0.0, 0.0, 0.0, 0.0, 0.0, 0.0, 0.0, 0.0, 0.0, 0.0, 0.0, 0.0, 0.0, 0.0]
twist: 
  twist: 
    linear: 
      x: -0.005650804215813218
      y: -0.01260675504576888
      z: -0.008174181725404253
    angular: 
      x: 0.0
      y: 0.0
      z: 0.0
  covariance: [0.0, 0.0, 0.0, 0.0, 0.0, 0.0, 0.0, 0.0, 0.0, 0.0, 0.0, 0.0, 0.0, 0.0, 0.0, 0.0, 0.0, 0.0, 0.0, 0.0, 0.0, 0.0, 0.0, 0.0, 0.0, 0.0, 0.0, 0.0, 0.0, 0.0, 0.0, 0.0, 0.0, 0.0, 0.0, 0.0]
---
header: 
  seq: 1025
  stamp: 
    secs: 1744081279
    nsecs: 227977276
  frame_id: "world"
child_frame_id: "world"
pose: 
  pose: 
    position: 
      x: 0.21172524399910125
      y: -0.36359240216898997
      z: 0.4146561144616961
    orientation: 
      x: 0.0017813441509542294
      y: -0.009173607832376226
      z: 0.21529996707085614
      w: 0.9765032493093108
  covariance: [0.0, 0.0, 0.0, 0.0, 0.0, 0.0, 0.0, 0.0, 0.0, 0.0, 0.0, 0.0, 0.0, 0.0, 0.0, 0.0, 0.0, 0.0, 0.0, 0.0, 0.0, 0.0, 0.0, 0.0, 0.0, 0.0, 0.0, 0.0, 0.0, 0.0, 0.0, 0.0, 0.0, 0.0, 0.0, 0.0]
twist: 
  twist: 
    linear: 
      x: -0.030263119600154913
      y: 0.007292546063703054
      z: -0.005268279307799386
    angular: 
      x: 0.0
      y: 0.0
      z: 0.0
  covariance: [0.0, 0.0, 0.0, 0.0, 0.0, 0.0, 0.0, 0.0, 0.0, 0.0, 0.0, 0.0, 0.0, 0.0, 0.0, 0.0, 0.0, 0.0, 0.0, 0.0, 0.0, 0.0, 0.0, 0.0, 0.0, 0.0, 0.0, 0.0, 0.0, 0.0, 0.0, 0.0, 0.0, 0.0, 0.0, 0.0]
---
header: 
  seq: 1026
  stamp: 
    secs: 1744081279
    nsecs: 361305475
  frame_id: "world"
child_frame_id: "world"
pose: 
  pose: 
    position: 
      x: 0.2066549589548725
      y: -0.35902085245007953
      z: 0.418151353096515
    orientation: 
      x: 0.0013194824625289965
      y: -0.006822212212600306
      z: 0.2186938389999994
      w: 0.975768784687233
  covariance: [0.0, 0.0, 0.0, 0.0, 0.0, 0.0, 0.0, 0.0, 0.0, 0.0, 0.0, 0.0, 0.0, 0.0, 0.0, 0.0, 0.0, 0.0, 0.0, 0.0, 0.0, 0.0, 0.0, 0.0, 0.0, 0.0, 0.0, 0.0, 0.0, 0.0, 0.0, 0.0, 0.0, 0.0, 0.0, 0.0]
twist: 
  twist: 
    linear: 
      x: -0.03966755416931926
      y: 0.02102107834562558
      z: 0.016797852138504932
    angular: 
      x: 0.0
      y: 0.0
      z: 0.0
  covariance: [0.0, 0.0, 0.0, 0.0, 0.0, 0.0, 0.0, 0.0, 0.0, 0.0, 0.0, 0.0, 0.0, 0.0, 0.0, 0.0, 0.0, 0.0, 0.0, 0.0, 0.0, 0.0, 0.0, 0.0, 0.0, 0.0, 0.0, 0.0, 0.0, 0.0, 0.0, 0.0, 0.0, 0.0, 0.0, 0.0]
---
header: 
  seq: 1027
  stamp: 
    secs: 1744081279
    nsecs: 494632959
  frame_id: "world"
child_frame_id: "world"
pose: 
  pose: 
    position: 
      x: 0.19977386669516528
      y: -0.35052565592415885
      z: 0.41980799780323336
    orientation: 
      x: 0.004732703391121014
      y: -0.005203733084549259
      z: 0.2222874034051967
      w: 0.9749558107770689
  covariance: [0.0, 0.0, 0.0, 0.0, 0.0, 0.0, 0.0, 0.0, 0.0, 0.0, 0.0, 0.0, 0.0, 0.0, 0.0, 0.0, 0.0, 0.0, 0.0, 0.0, 0.0, 0.0, 0.0, 0.0, 0.0, 0.0, 0.0, 0.0, 0.0, 0.0, 0.0, 0.0, 0.0, 0.0, 0.0, 0.0]
twist: 
  twist: 
    linear: 
      x: -0.04197944187982051
      y: 0.03907325002676965
      z: 0.006487578806909238
    angular: 
      x: 0.0
      y: 0.0
      z: 0.0
  covariance: [0.0, 0.0, 0.0, 0.0, 0.0, 0.0, 0.0, 0.0, 0.0, 0.0, 0.0, 0.0, 0.0, 0.0, 0.0, 0.0, 0.0, 0.0, 0.0, 0.0, 0.0, 0.0, 0.0, 0.0, 0.0, 0.0, 0.0, 0.0, 0.0, 0.0, 0.0, 0.0, 0.0, 0.0, 0.0, 0.0]
---
header: 
  seq: 1028
  stamp: 
    secs: 1744081279
    nsecs: 627960443
  frame_id: "world"
child_frame_id: "world"
pose: 
  pose: 
    position: 
      x: 0.1938679545727338
      y: -0.34360611646719896
      z: 0.4190312135298619
    orientation: 
      x: 0.009273009178370853
      y: -0.00514922615745717
      z: 0.2268372884448377
      w: 0.9738749105207253
  covariance: [0.0, 0.0, 0.0, 0.0, 0.0, 0.0, 0.0, 0.0, 0.0, 0.0, 0.0, 0.0, 0.0, 0.0, 0.0, 0.0, 0.0, 0.0, 0.0, 0.0, 0.0, 0.0, 0.0, 0.0, 0.0, 0.0, 0.0, 0.0, 0.0, 0.0, 0.0, 0.0, 0.0, 0.0, 0.0, 0.0]
twist: 
  twist: 
    linear: 
      x: -0.041630695549012026
      y: 0.042320784303436616
      z: -0.02348813738536877
    angular: 
      x: 0.0
      y: 0.0
      z: 0.0
  covariance: [0.0, 0.0, 0.0, 0.0, 0.0, 0.0, 0.0, 0.0, 0.0, 0.0, 0.0, 0.0, 0.0, 0.0, 0.0, 0.0, 0.0, 0.0, 0.0, 0.0, 0.0, 0.0, 0.0, 0.0, 0.0, 0.0, 0.0, 0.0, 0.0, 0.0, 0.0, 0.0, 0.0, 0.0, 0.0, 0.0]
---
header: 
  seq: 1029
  stamp: 
    secs: 1744081279
    nsecs: 761287212
  frame_id: "world"
child_frame_id: "world"
pose: 
  pose: 
    position: 
      x: 0.18735856318054217
      y: -0.3390677436288582
      z: 0.41903274045869715
    orientation: 
      x: 0.010459578093627919
      y: -0.005270861211557038
      z: 0.19124021245326547
      w: 0.9814733803771867
  covariance: [0.0, 0.0, 0.0, 0.0, 0.0, 0.0, 0.0, 0.0, 0.0, 0.0, 0.0, 0.0, 0.0, 0.0, 0.0, 0.0, 0.0, 0.0, 0.0, 0.0, 0.0, 0.0, 0.0, 0.0, 0.0, 0.0, 0.0, 0.0, 0.0, 0.0, 0.0, 0.0, 0.0, 0.0, 0.0, 0.0]
twist: 
  twist: 
    linear: 
      x: -0.024410677751394095
      y: -0.01226106800085283
      z: -0.01132565449806539
    angular: 
      x: 0.0
      y: 0.0
      z: 0.0
  covariance: [0.0, 0.0, 0.0, 0.0, 0.0, 0.0, 0.0, 0.0, 0.0, 0.0, 0.0, 0.0, 0.0, 0.0, 0.0, 0.0, 0.0, 0.0, 0.0, 0.0, 0.0, 0.0, 0.0, 0.0, 0.0, 0.0, 0.0, 0.0, 0.0, 0.0, 0.0, 0.0, 0.0, 0.0, 0.0, 0.0]
---
header: 
  seq: 1030
  stamp: 
    secs: 1744081279
    nsecs: 894613266
  frame_id: "world"
child_frame_id: "world"
pose: 
  pose: 
    position: 
      x: 0.1840470890673447
      y: -0.34007173629532483
      z: 0.42206063466717075
    orientation: 
      x: 0.006123423894730591
      y: -0.0037107533860054388
      z: 0.13491956447943765
      w: 0.9908306843804306
  covariance: [0.0, 0.0, 0.0, 0.0, 0.0, 0.0, 0.0, 0.0, 0.0, 0.0, 0.0, 0.0, 0.0, 0.0, 0.0, 0.0, 0.0, 0.0, 0.0, 0.0, 0.0, 0.0, 0.0, 0.0, 0.0, 0.0, 0.0, 0.0, 0.0, 0.0, 0.0, 0.0, 0.0, 0.0, 0.0, 0.0]
twist: 
  twist: 
    linear: 
      x: 0.0006125249795630913
      y: -0.03770719769766709
      z: 0.02023386049517151
    angular: 
      x: 0.0
      y: 0.0
      z: 0.0
  covariance: [0.0, 0.0, 0.0, 0.0, 0.0, 0.0, 0.0, 0.0, 0.0, 0.0, 0.0, 0.0, 0.0, 0.0, 0.0, 0.0, 0.0, 0.0, 0.0, 0.0, 0.0, 0.0, 0.0, 0.0, 0.0, 0.0, 0.0, 0.0, 0.0, 0.0, 0.0, 0.0, 0.0, 0.0, 0.0, 0.0]
---
header: 
  seq: 1031
  stamp: 
    secs: 1744081280
    nsecs:  27939081
  frame_id: "world"
child_frame_id: "world"
pose: 
  pose: 
    position: 
      x: 0.18208314273152745
      y: -0.3413922071421433
      z: 0.4271129571910831
    orientation: 
      x: 0.005139928979651179
      y: -0.004960896664009376
      z: 0.09193448347586904
      w: 0.9957394344819323
  covariance: [0.0, 0.0, 0.0, 0.0, 0.0, 0.0, 0.0, 0.0, 0.0, 0.0, 0.0, 0.0, 0.0, 0.0, 0.0, 0.0, 0.0, 0.0, 0.0, 0.0, 0.0, 0.0, 0.0, 0.0, 0.0, 0.0, 0.0, 0.0, 0.0, 0.0, 0.0, 0.0, 0.0, 0.0, 0.0, 0.0]
twist: 
  twist: 
    linear: 
      x: -0.0070181569072620825
      y: -0.028561877794515925
      z: 0.045633549575227084
    angular: 
      x: 0.0
      y: 0.0
      z: 0.0
  covariance: [0.0, 0.0, 0.0, 0.0, 0.0, 0.0, 0.0, 0.0, 0.0, 0.0, 0.0, 0.0, 0.0, 0.0, 0.0, 0.0, 0.0, 0.0, 0.0, 0.0, 0.0, 0.0, 0.0, 0.0, 0.0, 0.0, 0.0, 0.0, 0.0, 0.0, 0.0, 0.0, 0.0, 0.0, 0.0, 0.0]
---
header: 
  seq: 1032
  stamp: 
    secs: 1744081280
    nsecs: 161292076
  frame_id: "world"
child_frame_id: "world"
pose: 
  pose: 
    position: 
      x: 0.17933698449226937
      y: -0.34392134944633657
      z: 0.43281835544459973
    orientation: 
      x: 0.0018576953658215117
      y: -0.0028922284154336373
      z: 0.06181726295088809
      w: 0.9980815647951732
  covariance: [0.0, 0.0, 0.0, 0.0, 0.0, 0.0, 0.0, 0.0, 0.0, 0.0, 0.0, 0.0, 0.0, 0.0, 0.0, 0.0, 0.0, 0.0, 0.0, 0.0, 0.0, 0.0, 0.0, 0.0, 0.0, 0.0, 0.0, 0.0, 0.0, 0.0, 0.0, 0.0, 0.0, 0.0, 0.0, 0.0]
twist: 
  twist: 
    linear: 
      x: -0.006667374424175924
      y: -0.037180085067783385
      z: 0.02667829270700428
    angular: 
      x: 0.0
      y: 0.0
      z: 0.0
  covariance: [0.0, 0.0, 0.0, 0.0, 0.0, 0.0, 0.0, 0.0, 0.0, 0.0, 0.0, 0.0, 0.0, 0.0, 0.0, 0.0, 0.0, 0.0, 0.0, 0.0, 0.0, 0.0, 0.0, 0.0, 0.0, 0.0, 0.0, 0.0, 0.0, 0.0, 0.0, 0.0, 0.0, 0.0, 0.0, 0.0]
---
header: 
  seq: 1033
  stamp: 
    secs: 1744081280
    nsecs: 294651031
  frame_id: "world"
child_frame_id: "world"
pose: 
  pose: 
    position: 
      x: 0.17722160023585648
      y: -0.34731680719580116
      z: 0.4342123800177453
    orientation: 
      x: -0.0009357981617497199
      y: -0.004655060646450439
      z: 0.042698762808292795
      w: 0.9990767089402192
  covariance: [0.0, 0.0, 0.0, 0.0, 0.0, 0.0, 0.0, 0.0, 0.0, 0.0, 0.0, 0.0, 0.0, 0.0, 0.0, 0.0, 0.0, 0.0, 0.0, 0.0, 0.0, 0.0, 0.0, 0.0, 0.0, 0.0, 0.0, 0.0, 0.0, 0.0, 0.0, 0.0, 0.0, 0.0, 0.0, 0.0]
twist: 
  twist: 
    linear: 
      x: 0.00016415936270596364
      y: -0.036867819100242144
      z: 0.010974407576606648
    angular: 
      x: 0.0
      y: 0.0
      z: 0.0
  covariance: [0.0, 0.0, 0.0, 0.0, 0.0, 0.0, 0.0, 0.0, 0.0, 0.0, 0.0, 0.0, 0.0, 0.0, 0.0, 0.0, 0.0, 0.0, 0.0, 0.0, 0.0, 0.0, 0.0, 0.0, 0.0, 0.0, 0.0, 0.0, 0.0, 0.0, 0.0, 0.0, 0.0, 0.0, 0.0, 0.0]
---
header: 
  seq: 1034
  stamp: 
    secs: 1744081280
    nsecs: 428011417
  frame_id: "world"
child_frame_id: "world"
pose: 
  pose: 
    position: 
      x: 0.1770597609999102
      y: -0.35062192367752737
      z: 0.4319173356394879
    orientation: 
      x: 0.00024252151067226486
      y: -0.007390681707013451
      z: 0.030358486162708365
      w: 0.9995117214545965
  covariance: [0.0, 0.0, 0.0, 0.0, 0.0, 0.0, 0.0, 0.0, 0.0, 0.0, 0.0, 0.0, 0.0, 0.0, 0.0, 0.0, 0.0, 0.0, 0.0, 0.0, 0.0, 0.0, 0.0, 0.0, 0.0, 0.0, 0.0, 0.0, 0.0, 0.0, 0.0, 0.0, 0.0, 0.0, 0.0, 0.0]
twist: 
  twist: 
    linear: 
      x: 0.007749858786845512
      y: -0.027587786840230256
      z: -0.01625708050103734
    angular: 
      x: 0.0
      y: 0.0
      z: 0.0
  covariance: [0.0, 0.0, 0.0, 0.0, 0.0, 0.0, 0.0, 0.0, 0.0, 0.0, 0.0, 0.0, 0.0, 0.0, 0.0, 0.0, 0.0, 0.0, 0.0, 0.0, 0.0, 0.0, 0.0, 0.0, 0.0, 0.0, 0.0, 0.0, 0.0, 0.0, 0.0, 0.0, 0.0, 0.0, 0.0, 0.0]
---
header: 
  seq: 1035
  stamp: 
    secs: 1744081280
    nsecs: 561372757
  frame_id: "world"
child_frame_id: "world"
pose: 
  pose: 
    position: 
      x: 0.1762665057425327
      y: -0.35274627061030744
      z: 0.43089212195910465
    orientation: 
      x: -6.0078484194595825e-05
      y: -0.008637264348032782
      z: 0.0222902555801686
      w: 0.9997142284479744
  covariance: [0.0, 0.0, 0.0, 0.0, 0.0, 0.0, 0.0, 0.0, 0.0, 0.0, 0.0, 0.0, 0.0, 0.0, 0.0, 0.0, 0.0, 0.0, 0.0, 0.0, 0.0, 0.0, 0.0, 0.0, 0.0, 0.0, 0.0, 0.0, 0.0, 0.0, 0.0, 0.0, 0.0, 0.0, 0.0, 0.0]
twist: 
  twist: 
    linear: 
      x: 0.003936952547532173
      y: -0.034471043219492334
      z: 0.0041459036778907455
    angular: 
      x: 0.0
      y: 0.0
      z: 0.0
  covariance: [0.0, 0.0, 0.0, 0.0, 0.0, 0.0, 0.0, 0.0, 0.0, 0.0, 0.0, 0.0, 0.0, 0.0, 0.0, 0.0, 0.0, 0.0, 0.0, 0.0, 0.0, 0.0, 0.0, 0.0, 0.0, 0.0, 0.0, 0.0, 0.0, 0.0, 0.0, 0.0, 0.0, 0.0, 0.0, 0.0]
---
header: 
  seq: 1036
  stamp: 
    secs: 1744081280
    nsecs: 694736004
  frame_id: "world"
child_frame_id: "world"
pose: 
  pose: 
    position: 
      x: 0.17525864335605904
      y: -0.3536469182780301
      z: 0.4336554505835936
    orientation: 
      x: -0.0027201004469585444
      y: -0.006711551810584012
      z: 0.01699063861075748
      w: 0.9998294226144032
  covariance: [0.0, 0.0, 0.0, 0.0, 0.0, 0.0, 0.0, 0.0, 0.0, 0.0, 0.0, 0.0, 0.0, 0.0, 0.0, 0.0, 0.0, 0.0, 0.0, 0.0, 0.0, 0.0, 0.0, 0.0, 0.0, 0.0, 0.0, 0.0, 0.0, 0.0, 0.0, 0.0, 0.0, 0.0, 0.0, 0.0]
twist: 
  twist: 
    linear: 
      x: 0.0008911028321232379
      y: -0.020378698436794608
      z: 0.012422088701304552
    angular: 
      x: 0.0
      y: 0.0
      z: 0.0
  covariance: [0.0, 0.0, 0.0, 0.0, 0.0, 0.0, 0.0, 0.0, 0.0, 0.0, 0.0, 0.0, 0.0, 0.0, 0.0, 0.0, 0.0, 0.0, 0.0, 0.0, 0.0, 0.0, 0.0, 0.0, 0.0, 0.0, 0.0, 0.0, 0.0, 0.0, 0.0, 0.0, 0.0, 0.0, 0.0, 0.0]
---
header: 
  seq: 1037
  stamp: 
    secs: 1744081280
    nsecs: 828099251
  frame_id: "world"
child_frame_id: "world"
pose: 
  pose: 
    position: 
      x: 0.1746474219560788
      y: -0.35518780746301526
      z: 0.4375789825203601
    orientation: 
      x: -0.002022539313222247
      y: -0.004933287031659232
      z: 0.014308175598193815
      w: 0.9998834172666536
  covariance: [0.0, 0.0, 0.0, 0.0, 0.0, 0.0, 0.0, 0.0, 0.0, 0.0, 0.0, 0.0, 0.0, 0.0, 0.0, 0.0, 0.0, 0.0, 0.0, 0.0, 0.0, 0.0, 0.0, 0.0, 0.0, 0.0, 0.0, 0.0, 0.0, 0.0, 0.0, 0.0, 0.0, 0.0, 0.0, 0.0]
twist: 
  twist: 
    linear: 
      x: 0.0021284275402195262
      y: -0.015177835161960753
      z: 0.025700603487137718
    angular: 
      x: 0.0
      y: 0.0
      z: 0.0
  covariance: [0.0, 0.0, 0.0, 0.0, 0.0, 0.0, 0.0, 0.0, 0.0, 0.0, 0.0, 0.0, 0.0, 0.0, 0.0, 0.0, 0.0, 0.0, 0.0, 0.0, 0.0, 0.0, 0.0, 0.0, 0.0, 0.0, 0.0, 0.0, 0.0, 0.0, 0.0, 0.0, 0.0, 0.0, 0.0, 0.0]
---
header: 
  seq: 1038
  stamp: 
    secs: 1744081280
    nsecs: 961463690
  frame_id: "world"
child_frame_id: "world"
pose: 
  pose: 
    position: 
      x: 0.17533255527629932
      y: -0.35415147416534165
      z: 0.4376230065305883
    orientation: 
      x: 0.0015957539641583516
      y: -0.004894893699005336
      z: 0.012374621464553544
      w: 0.9999101771302111
  covariance: [0.0, 0.0, 0.0, 0.0, 0.0, 0.0, 0.0, 0.0, 0.0, 0.0, 0.0, 0.0, 0.0, 0.0, 0.0, 0.0, 0.0, 0.0, 0.0, 0.0, 0.0, 0.0, 0.0, 0.0, 0.0, 0.0, 0.0, 0.0, 0.0, 0.0, 0.0, 0.0, 0.0, 0.0, 0.0, 0.0]
twist: 
  twist: 
    linear: 
      x: 0.0067358521510268625
      y: 0.0015691444016499743
      z: -0.008689659148297552
    angular: 
      x: 0.0
      y: 0.0
      z: 0.0
  covariance: [0.0, 0.0, 0.0, 0.0, 0.0, 0.0, 0.0, 0.0, 0.0, 0.0, 0.0, 0.0, 0.0, 0.0, 0.0, 0.0, 0.0, 0.0, 0.0, 0.0, 0.0, 0.0, 0.0, 0.0, 0.0, 0.0, 0.0, 0.0, 0.0, 0.0, 0.0, 0.0, 0.0, 0.0, 0.0, 0.0]
---
header: 
  seq: 1039
  stamp: 
    secs: 1744081281
    nsecs:  94821453
  frame_id: "world"
child_frame_id: "world"
pose: 
  pose: 
    position: 
      x: 0.17717541196584066
      y: -0.353608163586138
      z: 0.436328415291384
    orientation: 
      x: 0.0020743404090512053
      y: -0.005821582559858777
      z: 0.011649661574383512
      w: 0.9999130420559422
  covariance: [0.0, 0.0, 0.0, 0.0, 0.0, 0.0, 0.0, 0.0, 0.0, 0.0, 0.0, 0.0, 0.0, 0.0, 0.0, 0.0, 0.0, 0.0, 0.0, 0.0, 0.0, 0.0, 0.0, 0.0, 0.0, 0.0, 0.0, 0.0, 0.0, 0.0, 0.0, 0.0, 0.0, 0.0, 0.0, 0.0]
twist: 
  twist: 
    linear: 
      x: 0.017970260699817997
      y: -0.012782748782667924
      z: -0.01245806378435253
    angular: 
      x: 0.0
      y: 0.0
      z: 0.0
  covariance: [0.0, 0.0, 0.0, 0.0, 0.0, 0.0, 0.0, 0.0, 0.0, 0.0, 0.0, 0.0, 0.0, 0.0, 0.0, 0.0, 0.0, 0.0, 0.0, 0.0, 0.0, 0.0, 0.0, 0.0, 0.0, 0.0, 0.0, 0.0, 0.0, 0.0, 0.0, 0.0, 0.0, 0.0, 0.0, 0.0]
---
header: 
  seq: 1040
  stamp: 
    secs: 1744081281
    nsecs: 228165150
  frame_id: "world"
child_frame_id: "world"
pose: 
  pose: 
    position: 
      x: 0.17951379219223926
      y: -0.3541521829204108
      z: 0.4365501740489654
    orientation: 
      x: 0.0025627902754050314
      y: -0.006960641116108971
      z: 0.011446483238446966
      w: 0.9999069754745833
  covariance: [0.0, 0.0, 0.0, 0.0, 0.0, 0.0, 0.0, 0.0, 0.0, 0.0, 0.0, 0.0, 0.0, 0.0, 0.0, 0.0, 0.0, 0.0, 0.0, 0.0, 0.0, 0.0, 0.0, 0.0, 0.0, 0.0, 0.0, 0.0, 0.0, 0.0, 0.0, 0.0, 0.0, 0.0, 0.0, 0.0]
twist: 
  twist: 
    linear: 
      x: 0.014971919276655562
      y: -0.022345648241309597
      z: 1.2954186177850289e-05
    angular: 
      x: 0.0
      y: 0.0
      z: 0.0
  covariance: [0.0, 0.0, 0.0, 0.0, 0.0, 0.0, 0.0, 0.0, 0.0, 0.0, 0.0, 0.0, 0.0, 0.0, 0.0, 0.0, 0.0, 0.0, 0.0, 0.0, 0.0, 0.0, 0.0, 0.0, 0.0, 0.0, 0.0, 0.0, 0.0, 0.0, 0.0, 0.0, 0.0, 0.0, 0.0, 0.0]
---
header: 
  seq: 1041
  stamp: 
    secs: 1744081281
    nsecs: 361509085
  frame_id: "world"
child_frame_id: "world"
pose: 
  pose: 
    position: 
      x: 0.18091354058311365
      y: -0.35455977512421305
      z: 0.439221835391127
    orientation: 
      x: -0.00046520410810853876
      y: -0.007839787795651417
      z: 0.011043738439111394
      w: 0.9999081743608987
  covariance: [0.0, 0.0, 0.0, 0.0, 0.0, 0.0, 0.0, 0.0, 0.0, 0.0, 0.0, 0.0, 0.0, 0.0, 0.0, 0.0, 0.0, 0.0, 0.0, 0.0, 0.0, 0.0, 0.0, 0.0, 0.0, 0.0, 0.0, 0.0, 0.0, 0.0, 0.0, 0.0, 0.0, 0.0, 0.0, 0.0]
twist: 
  twist: 
    linear: 
      x: 0.012444669008761443
      y: -0.037778572809194305
      z: 0.01602761823871383
    angular: 
      x: 0.0
      y: 0.0
      z: 0.0
  covariance: [0.0, 0.0, 0.0, 0.0, 0.0, 0.0, 0.0, 0.0, 0.0, 0.0, 0.0, 0.0, 0.0, 0.0, 0.0, 0.0, 0.0, 0.0, 0.0, 0.0, 0.0, 0.0, 0.0, 0.0, 0.0, 0.0, 0.0, 0.0, 0.0, 0.0, 0.0, 0.0, 0.0, 0.0, 0.0, 0.0]
---
header: 
  seq: 1042
  stamp: 
    secs: 1744081281
    nsecs: 494853020
  frame_id: "world"
child_frame_id: "world"
pose: 
  pose: 
    position: 
      x: 0.18319327043447048
      y: -0.3541640627763668
      z: 0.44124775151910495
    orientation: 
      x: -0.004081486482465298
      y: -0.008506230882765859
      z: 0.010778158616401632
      w: 0.999897403137493
  covariance: [0.0, 0.0, 0.0, 0.0, 0.0, 0.0, 0.0, 0.0, 0.0, 0.0, 0.0, 0.0, 0.0, 0.0, 0.0, 0.0, 0.0, 0.0, 0.0, 0.0, 0.0, 0.0, 0.0, 0.0, 0.0, 0.0, 0.0, 0.0, 0.0, 0.0, 0.0, 0.0, 0.0, 0.0, 0.0, 0.0]
twist: 
  twist: 
    linear: 
      x: 0.018729711614489032
      y: -0.015350035995063833
      z: 0.007399136259846014
    angular: 
      x: 0.0
      y: 0.0
      z: 0.0
  covariance: [0.0, 0.0, 0.0, 0.0, 0.0, 0.0, 0.0, 0.0, 0.0, 0.0, 0.0, 0.0, 0.0, 0.0, 0.0, 0.0, 0.0, 0.0, 0.0, 0.0, 0.0, 0.0, 0.0, 0.0, 0.0, 0.0, 0.0, 0.0, 0.0, 0.0, 0.0, 0.0, 0.0, 0.0, 0.0, 0.0]
---
header: 
  seq: 1043
  stamp: 
    secs: 1744081281
    nsecs: 628196955
  frame_id: "world"
child_frame_id: "world"
pose: 
  pose: 
    position: 
      x: 0.1847897887176956
      y: -0.35306641229569524
      z: 0.4417509450408893
    orientation: 
      x: -0.0003229401659238639
      y: -0.009151497044590907
      z: 0.01050617815122523
      w: 0.9999028782997611
  covariance: [0.0, 0.0, 0.0, 0.0, 0.0, 0.0, 0.0, 0.0, 0.0, 0.0, 0.0, 0.0, 0.0, 0.0, 0.0, 0.0, 0.0, 0.0, 0.0, 0.0, 0.0, 0.0, 0.0, 0.0, 0.0, 0.0, 0.0, 0.0, 0.0, 0.0, 0.0, 0.0, 0.0, 0.0, 0.0, 0.0]
twist: 
  twist: 
    linear: 
      x: 0.022693242563262182
      y: -0.02025612168886303
      z: -0.028024161089506023
    angular: 
      x: 0.0
      y: 0.0
      z: 0.0
  covariance: [0.0, 0.0, 0.0, 0.0, 0.0, 0.0, 0.0, 0.0, 0.0, 0.0, 0.0, 0.0, 0.0, 0.0, 0.0, 0.0, 0.0, 0.0, 0.0, 0.0, 0.0, 0.0, 0.0, 0.0, 0.0, 0.0, 0.0, 0.0, 0.0, 0.0, 0.0, 0.0, 0.0, 0.0, 0.0, 0.0]
---
header: 
  seq: 1044
  stamp: 
    secs: 1744081281
    nsecs: 761541605
  frame_id: "world"
child_frame_id: "world"
pose: 
  pose: 
    position: 
      x: 0.18411689259721392
      y: -0.3523852715734382
      z: 0.44105407554480014
    orientation: 
      x: 0.0027571871000261513
      y: -0.01047304186688456
      z: 0.00873186782513819
      w: 0.9999032292165249
  covariance: [0.0, 0.0, 0.0, 0.0, 0.0, 0.0, 0.0, 0.0, 0.0, 0.0, 0.0, 0.0, 0.0, 0.0, 0.0, 0.0, 0.0, 0.0, 0.0, 0.0, 0.0, 0.0, 0.0, 0.0, 0.0, 0.0, 0.0, 0.0, 0.0, 0.0, 0.0, 0.0, 0.0, 0.0, 0.0, 0.0]
twist: 
  twist: 
    linear: 
      x: 0.00931492510091983
      y: -0.03651485896648661
      z: 0.00804099828074734
    angular: 
      x: 0.0
      y: 0.0
      z: 0.0
  covariance: [0.0, 0.0, 0.0, 0.0, 0.0, 0.0, 0.0, 0.0, 0.0, 0.0, 0.0, 0.0, 0.0, 0.0, 0.0, 0.0, 0.0, 0.0, 0.0, 0.0, 0.0, 0.0, 0.0, 0.0, 0.0, 0.0, 0.0, 0.0, 0.0, 0.0, 0.0, 0.0, 0.0, 0.0, 0.0, 0.0]
---
header: 
  seq: 1045
  stamp: 
    secs: 1744081281
    nsecs: 894885778
  frame_id: "world"
child_frame_id: "world"
pose: 
  pose: 
    position: 
      x: 0.18303122725133197
      y: -0.35326886041705396
      z: 0.4410311267876874
    orientation: 
      x: -0.001287944088290601
      y: -0.00858656400391068
      z: 0.007532890050080884
      w: 0.9999339316605501
  covariance: [0.0, 0.0, 0.0, 0.0, 0.0, 0.0, 0.0, 0.0, 0.0, 0.0, 0.0, 0.0, 0.0, 0.0, 0.0, 0.0, 0.0, 0.0, 0.0, 0.0, 0.0, 0.0, 0.0, 0.0, 0.0, 0.0, 0.0, 0.0, 0.0, 0.0, 0.0, 0.0, 0.0, 0.0, 0.0, 0.0]
twist: 
  twist: 
    linear: 
      x: -0.00510048123817147
      y: -0.014916279265928138
      z: -0.015394141938890191
    angular: 
      x: 0.0
      y: 0.0
      z: 0.0
  covariance: [0.0, 0.0, 0.0, 0.0, 0.0, 0.0, 0.0, 0.0, 0.0, 0.0, 0.0, 0.0, 0.0, 0.0, 0.0, 0.0, 0.0, 0.0, 0.0, 0.0, 0.0, 0.0, 0.0, 0.0, 0.0, 0.0, 0.0, 0.0, 0.0, 0.0, 0.0, 0.0, 0.0, 0.0, 0.0, 0.0]
---
header: 
  seq: 1046
  stamp: 
    secs: 1744081282
    nsecs:  28230429
  frame_id: "world"
child_frame_id: "world"
pose: 
  pose: 
    position: 
      x: 0.18211737319374482
      y: -0.3529977556683275
      z: 0.4391668740417508
    orientation: 
      x: 0.0010705124499181084
      y: -0.006824910185251508
      z: 0.005189729499110537
      w: 0.999962669959126
  covariance: [0.0, 0.0, 0.0, 0.0, 0.0, 0.0, 0.0, 0.0, 0.0, 0.0, 0.0, 0.0, 0.0, 0.0, 0.0, 0.0, 0.0, 0.0, 0.0, 0.0, 0.0, 0.0, 0.0, 0.0, 0.0, 0.0, 0.0, 0.0, 0.0, 0.0, 0.0, 0.0, 0.0, 0.0, 0.0, 0.0]
twist: 
  twist: 
    linear: 
      x: 0.005058139213977481
      y: -0.013071952337679852
      z: -0.005652187723597191
    angular: 
      x: 0.0
      y: 0.0
      z: 0.0
  covariance: [0.0, 0.0, 0.0, 0.0, 0.0, 0.0, 0.0, 0.0, 0.0, 0.0, 0.0, 0.0, 0.0, 0.0, 0.0, 0.0, 0.0, 0.0, 0.0, 0.0, 0.0, 0.0, 0.0, 0.0, 0.0, 0.0, 0.0, 0.0, 0.0, 0.0, 0.0, 0.0, 0.0, 0.0, 0.0, 0.0]
---
header: 
  seq: 1047
  stamp: 
    secs: 1744081282
    nsecs: 161573410
  frame_id: "world"
child_frame_id: "world"
pose: 
  pose: 
    position: 
      x: 0.1825330431156242
      y: -0.3552979054285377
      z: 0.4365803933057406
    orientation: 
      x: 0.002461615547674392
      y: -0.007472282860787907
      z: 0.003471028508816974
      w: 0.9999630280159536
  covariance: [0.0, 0.0, 0.0, 0.0, 0.0, 0.0, 0.0, 0.0, 0.0, 0.0, 0.0, 0.0, 0.0, 0.0, 0.0, 0.0, 0.0, 0.0, 0.0, 0.0, 0.0, 0.0, 0.0, 0.0, 0.0, 0.0, 0.0, 0.0, 0.0, 0.0, 0.0, 0.0, 0.0, 0.0, 0.0, 0.0]
twist: 
  twist: 
    linear: 
      x: -0.0037036640947412766
      y: 0.006200728361806148
      z: -0.04137461953196525
    angular: 
      x: 0.0
      y: 0.0
      z: 0.0
  covariance: [0.0, 0.0, 0.0, 0.0, 0.0, 0.0, 0.0, 0.0, 0.0, 0.0, 0.0, 0.0, 0.0, 0.0, 0.0, 0.0, 0.0, 0.0, 0.0, 0.0, 0.0, 0.0, 0.0, 0.0, 0.0, 0.0, 0.0, 0.0, 0.0, 0.0, 0.0, 0.0, 0.0, 0.0, 0.0, 0.0]
---
header: 
  seq: 1048
  stamp: 
    secs: 1744081282
    nsecs: 294916153
  frame_id: "world"
child_frame_id: "world"
pose: 
  pose: 
    position: 
      x: 0.18202917941900718
      y: -0.35724785099128337
      z: 0.435036771261781
    orientation: 
      x: 0.008045449020655416
      y: -0.006296808283436291
      z: 0.002432080368320864
      w: 0.9999448514496085
  covariance: [0.0, 0.0, 0.0, 0.0, 0.0, 0.0, 0.0, 0.0, 0.0, 0.0, 0.0, 0.0, 0.0, 0.0, 0.0, 0.0, 0.0, 0.0, 0.0, 0.0, 0.0, 0.0, 0.0, 0.0, 0.0, 0.0, 0.0, 0.0, 0.0, 0.0, 0.0, 0.0, 0.0, 0.0, 0.0, 0.0]
twist: 
  twist: 
    linear: 
      x: 0.007536754274266466
      y: -0.018236205315238847
      z: -0.0255086485617266
    angular: 
      x: 0.0
      y: 0.0
      z: 0.0
  covariance: [0.0, 0.0, 0.0, 0.0, 0.0, 0.0, 0.0, 0.0, 0.0, 0.0, 0.0, 0.0, 0.0, 0.0, 0.0, 0.0, 0.0, 0.0, 0.0, 0.0, 0.0, 0.0, 0.0, 0.0, 0.0, 0.0, 0.0, 0.0, 0.0, 0.0, 0.0, 0.0, 0.0, 0.0, 0.0, 0.0]
---
header: 
  seq: 1049
  stamp: 
    secs: 1744081282
    nsecs: 428258896
  frame_id: "world"
child_frame_id: "world"
pose: 
  pose: 
    position: 
      x: 0.18237837691983505
      y: -0.3606823875985721
      z: 0.43719268746760065
    orientation: 
      x: 0.009157273771219422
      y: -0.007334226157055814
      z: 0.0026224782399882074
      w: 0.999927735424734
  covariance: [0.0, 0.0, 0.0, 0.0, 0.0, 0.0, 0.0, 0.0, 0.0, 0.0, 0.0, 0.0, 0.0, 0.0, 0.0, 0.0, 0.0, 0.0, 0.0, 0.0, 0.0, 0.0, 0.0, 0.0, 0.0, 0.0, 0.0, 0.0, 0.0, 0.0, 0.0, 0.0, 0.0, 0.0, 0.0, 0.0]
twist: 
  twist: 
    linear: 
      x: 0.008186731390253074
      y: -0.011315017596016835
      z: -0.0014361007450019799
    angular: 
      x: 0.0
      y: 0.0
      z: 0.0
  covariance: [0.0, 0.0, 0.0, 0.0, 0.0, 0.0, 0.0, 0.0, 0.0, 0.0, 0.0, 0.0, 0.0, 0.0, 0.0, 0.0, 0.0, 0.0, 0.0, 0.0, 0.0, 0.0, 0.0, 0.0, 0.0, 0.0, 0.0, 0.0, 0.0, 0.0, 0.0, 0.0, 0.0, 0.0, 0.0, 0.0]
---
header: 
  seq: 1050
  stamp: 
    secs: 1744081282
    nsecs: 561601400
  frame_id: "world"
child_frame_id: "world"
pose: 
  pose: 
    position: 
      x: 0.18211666471139193
      y: -0.3651587087908928
      z: 0.44499815560434525
    orientation: 
      x: 0.007600111217228515
      y: -0.008627459288361698
      z: 0.003976451925558243
      w: 0.9999259938044401
  covariance: [0.0, 0.0, 0.0, 0.0, 0.0, 0.0, 0.0, 0.0, 0.0, 0.0, 0.0, 0.0, 0.0, 0.0, 0.0, 0.0, 0.0, 0.0, 0.0, 0.0, 0.0, 0.0, 0.0, 0.0, 0.0, 0.0, 0.0, 0.0, 0.0, 0.0, 0.0, 0.0, 0.0, 0.0, 0.0, 0.0]
twist: 
  twist: 
    linear: 
      x: 0.004319542887930386
      y: -0.04433891393247243
      z: 0.047917449843589394
    angular: 
      x: 0.0
      y: 0.0
      z: 0.0
  covariance: [0.0, 0.0, 0.0, 0.0, 0.0, 0.0, 0.0, 0.0, 0.0, 0.0, 0.0, 0.0, 0.0, 0.0, 0.0, 0.0, 0.0, 0.0, 0.0, 0.0, 0.0, 0.0, 0.0, 0.0, 0.0, 0.0, 0.0, 0.0, 0.0, 0.0, 0.0, 0.0, 0.0, 0.0, 0.0, 0.0]
---
header: 
  seq: 1051
  stamp: 
    secs: 1744081282
    nsecs: 694943666
  frame_id: "world"
child_frame_id: "world"
pose: 
  pose: 
    position: 
      x: 0.18251551755157802
      y: -0.3744276442229473
      z: 0.45374442487775
    orientation: 
      x: 0.002772911750369368
      y: -0.006759911669959064
      z: 0.005877064476835971
      w: 0.9999560363674865
  covariance: [0.0, 0.0, 0.0, 0.0, 0.0, 0.0, 0.0, 0.0, 0.0, 0.0, 0.0, 0.0, 0.0, 0.0, 0.0, 0.0, 0.0, 0.0, 0.0, 0.0, 0.0, 0.0, 0.0, 0.0, 0.0, 0.0, 0.0, 0.0, 0.0, 0.0, 0.0, 0.0, 0.0, 0.0, 0.0, 0.0]
twist: 
  twist: 
    linear: 
      x: 0.00895260949412959
      y: -0.054834462147315015
      z: 0.036365517419734164
    angular: 
      x: 0.0
      y: 0.0
      z: 0.0
  covariance: [0.0, 0.0, 0.0, 0.0, 0.0, 0.0, 0.0, 0.0, 0.0, 0.0, 0.0, 0.0, 0.0, 0.0, 0.0, 0.0, 0.0, 0.0, 0.0, 0.0, 0.0, 0.0, 0.0, 0.0, 0.0, 0.0, 0.0, 0.0, 0.0, 0.0, 0.0, 0.0, 0.0, 0.0, 0.0, 0.0]
---
header: 
  seq: 1052
  stamp: 
    secs: 1744081282
    nsecs: 828285933
  frame_id: "world"
child_frame_id: "world"
pose: 
  pose: 
    position: 
      x: 0.18290819331771407
      y: -0.3835108202236186
      z: 0.4614973598036645
    orientation: 
      x: -0.0026780141837454965
      y: -0.005006550382630182
      z: 0.006843276101846087
      w: 0.9999604653512517
  covariance: [0.0, 0.0, 0.0, 0.0, 0.0, 0.0, 0.0, 0.0, 0.0, 0.0, 0.0, 0.0, 0.0, 0.0, 0.0, 0.0, 0.0, 0.0, 0.0, 0.0, 0.0, 0.0, 0.0, 0.0, 0.0, 0.0, 0.0, 0.0, 0.0, 0.0, 0.0, 0.0, 0.0, 0.0, 0.0, 0.0]
twist: 
  twist: 
    linear: 
      x: 0.0038210585615606257
      y: -0.07030146783678891
      z: 0.029355517869058986
    angular: 
      x: 0.0
      y: 0.0
      z: 0.0
  covariance: [0.0, 0.0, 0.0, 0.0, 0.0, 0.0, 0.0, 0.0, 0.0, 0.0, 0.0, 0.0, 0.0, 0.0, 0.0, 0.0, 0.0, 0.0, 0.0, 0.0, 0.0, 0.0, 0.0, 0.0, 0.0, 0.0, 0.0, 0.0, 0.0, 0.0, 0.0, 0.0, 0.0, 0.0, 0.0, 0.0]
---
header: 
  seq: 1053
  stamp: 
    secs: 1744081282
    nsecs: 961628199
  frame_id: "world"
child_frame_id: "world"
pose: 
  pose: 
    position: 
      x: 0.18394298834064646
      y: -0.38851978943328885
      z: 0.45900993274446017
    orientation: 
      x: -0.008370302987181511
      y: -0.004256973308976016
      z: 0.007225595154173118
      w: 0.9999298010264608
  covariance: [0.0, 0.0, 0.0, 0.0, 0.0, 0.0, 0.0, 0.0, 0.0, 0.0, 0.0, 0.0, 0.0, 0.0, 0.0, 0.0, 0.0, 0.0, 0.0, 0.0, 0.0, 0.0, 0.0, 0.0, 0.0, 0.0, 0.0, 0.0, 0.0, 0.0, 0.0, 0.0, 0.0, 0.0, 0.0, 0.0]
twist: 
  twist: 
    linear: 
      x: 0.0029276200921969776
      y: -0.027316258751292444
      z: -0.02467329519081467
    angular: 
      x: 0.0
      y: 0.0
      z: 0.0
  covariance: [0.0, 0.0, 0.0, 0.0, 0.0, 0.0, 0.0, 0.0, 0.0, 0.0, 0.0, 0.0, 0.0, 0.0, 0.0, 0.0, 0.0, 0.0, 0.0, 0.0, 0.0, 0.0, 0.0, 0.0, 0.0, 0.0, 0.0, 0.0, 0.0, 0.0, 0.0, 0.0, 0.0, 0.0, 0.0, 0.0]
---
header: 
  seq: 1054
  stamp: 
    secs: 1744081283
    nsecs:  94975471
  frame_id: "world"
child_frame_id: "world"
pose: 
  pose: 
    position: 
      x: 0.18614745105082395
      y: -0.3878687578774029
      z: 0.4514380622350252
    orientation: 
      x: -0.007990227689814992
      y: -0.004732143448434364
      z: 0.007144069210359748
      w: 0.9999313603217802
  covariance: [0.0, 0.0, 0.0, 0.0, 0.0, 0.0, 0.0, 0.0, 0.0, 0.0, 0.0, 0.0, 0.0, 0.0, 0.0, 0.0, 0.0, 0.0, 0.0, 0.0, 0.0, 0.0, 0.0, 0.0, 0.0, 0.0, 0.0, 0.0, 0.0, 0.0, 0.0, 0.0, 0.0, 0.0, 0.0, 0.0]
twist: 
  twist: 
    linear: 
      x: 0.011372346971517379
      y: -0.004474575174959435
      z: -0.0394652954204082
    angular: 
      x: 0.0
      y: 0.0
      z: 0.0
  covariance: [0.0, 0.0, 0.0, 0.0, 0.0, 0.0, 0.0, 0.0, 0.0, 0.0, 0.0, 0.0, 0.0, 0.0, 0.0, 0.0, 0.0, 0.0, 0.0, 0.0, 0.0, 0.0, 0.0, 0.0, 0.0, 0.0, 0.0, 0.0, 0.0, 0.0, 0.0, 0.0, 0.0, 0.0, 0.0, 0.0]
---
header: 
  seq: 1055
  stamp: 
    secs: 1744081283
    nsecs: 228334665
  frame_id: "world"
child_frame_id: "world"
pose: 
  pose: 
    position: 
      x: 0.18702731449771023
      y: -0.3823849107788944
      z: 0.4442624232033449
    orientation: 
      x: -0.0026251514070689593
      y: -0.0070947349744305225
      z: 0.0059702197323175535
      w: 0.9999535638178807
  covariance: [0.0, 0.0, 0.0, 0.0, 0.0, 0.0, 0.0, 0.0, 0.0, 0.0, 0.0, 0.0, 0.0, 0.0, 0.0, 0.0, 0.0, 0.0, 0.0, 0.0, 0.0, 0.0, 0.0, 0.0, 0.0, 0.0, 0.0, 0.0, 0.0, 0.0, 0.0, 0.0, 0.0, 0.0, 0.0, 0.0]
twist: 
  twist: 
    linear: 
      x: 0.007496843212489272
      y: 0.007321518153708437
      z: -0.025065557775463175
    angular: 
      x: 0.0
      y: 0.0
      z: 0.0
  covariance: [0.0, 0.0, 0.0, 0.0, 0.0, 0.0, 0.0, 0.0, 0.0, 0.0, 0.0, 0.0, 0.0, 0.0, 0.0, 0.0, 0.0, 0.0, 0.0, 0.0, 0.0, 0.0, 0.0, 0.0, 0.0, 0.0, 0.0, 0.0, 0.0, 0.0, 0.0, 0.0, 0.0, 0.0, 0.0, 0.0]
---
header: 
  seq: 1056
  stamp: 
    secs: 1744081283
    nsecs: 361695766
  frame_id: "world"
child_frame_id: "world"
pose: 
  pose: 
    position: 
      x: 0.18997587891215317
      y: -0.37579289387299847
      z: 0.4377890840132602
    orientation: 
      x: 0.0023241765891247363
      y: -0.008959780438985172
      z: 0.0057715896252156515
      w: 0.999940502875479
  covariance: [0.0, 0.0, 0.0, 0.0, 0.0, 0.0, 0.0, 0.0, 0.0, 0.0, 0.0, 0.0, 0.0, 0.0, 0.0, 0.0, 0.0, 0.0, 0.0, 0.0, 0.0, 0.0, 0.0, 0.0, 0.0, 0.0, 0.0, 0.0, 0.0, 0.0, 0.0, 0.0, 0.0, 0.0, 0.0, 0.0]
twist: 
  twist: 
    linear: 
      x: 0.003625200107021496
      y: 0.027864343976478297
      z: -0.031948547746976266
    angular: 
      x: 0.0
      y: 0.0
      z: 0.0
  covariance: [0.0, 0.0, 0.0, 0.0, 0.0, 0.0, 0.0, 0.0, 0.0, 0.0, 0.0, 0.0, 0.0, 0.0, 0.0, 0.0, 0.0, 0.0, 0.0, 0.0, 0.0, 0.0, 0.0, 0.0, 0.0, 0.0, 0.0, 0.0, 0.0, 0.0, 0.0, 0.0, 0.0, 0.0, 0.0, 0.0]
---
header: 
  seq: 1057
  stamp: 
    secs: 1744081283
    nsecs: 495056629
  frame_id: "world"
child_frame_id: "world"
pose: 
  pose: 
    position: 
      x: 0.19167676625302926
      y: -0.36898449344168466
      z: 0.4326548911545763
    orientation: 
      x: 0.008786523746657487
      y: -0.005533063668666577
      z: 0.006233579140541726
      w: 0.9999266596595905
  covariance: [0.0, 0.0, 0.0, 0.0, 0.0, 0.0, 0.0, 0.0, 0.0, 0.0, 0.0, 0.0, 0.0, 0.0, 0.0, 0.0, 0.0, 0.0, 0.0, 0.0, 0.0, 0.0, 0.0, 0.0, 0.0, 0.0, 0.0, 0.0, 0.0, 0.0, 0.0, 0.0, 0.0, 0.0, 0.0, 0.0]
twist: 
  twist: 
    linear: 
      x: 0.011404153274713513
      y: 0.027130577862089354
      z: -0.0378269121946399
    angular: 
      x: 0.0
      y: 0.0
      z: 0.0
  covariance: [0.0, 0.0, 0.0, 0.0, 0.0, 0.0, 0.0, 0.0, 0.0, 0.0, 0.0, 0.0, 0.0, 0.0, 0.0, 0.0, 0.0, 0.0, 0.0, 0.0, 0.0, 0.0, 0.0, 0.0, 0.0, 0.0, 0.0, 0.0, 0.0, 0.0, 0.0, 0.0, 0.0, 0.0, 0.0, 0.0]
---
header: 
  seq: 1058
  stamp: 
    secs: 1744081283
    nsecs: 628418684
  frame_id: "world"
child_frame_id: "world"
pose: 
  pose: 
    position: 
      x: 0.19317250567358607
      y: -0.3639353168684849
      z: 0.4287718043721709
    orientation: 
      x: 0.010076282392512948
      y: -0.006035016110757222
      z: 0.006271222201760447
      w: 0.9999113555139703
  covariance: [0.0, 0.0, 0.0, 0.0, 0.0, 0.0, 0.0, 0.0, 0.0, 0.0, 0.0, 0.0, 0.0, 0.0, 0.0, 0.0, 0.0, 0.0, 0.0, 0.0, 0.0, 0.0, 0.0, 0.0, 0.0, 0.0, 0.0, 0.0, 0.0, 0.0, 0.0, 0.0, 0.0, 0.0, 0.0, 0.0]
twist: 
  twist: 
    linear: 
      x: 0.008170787414214635
      y: 0.014774974626311322
      z: -0.01691466476240767
    angular: 
      x: 0.0
      y: 0.0
      z: 0.0
  covariance: [0.0, 0.0, 0.0, 0.0, 0.0, 0.0, 0.0, 0.0, 0.0, 0.0, 0.0, 0.0, 0.0, 0.0, 0.0, 0.0, 0.0, 0.0, 0.0, 0.0, 0.0, 0.0, 0.0, 0.0, 0.0, 0.0, 0.0, 0.0, 0.0, 0.0, 0.0, 0.0, 0.0, 0.0, 0.0, 0.0]
---
header: 
  seq: 1059
  stamp: 
    secs: 1744081283
    nsecs: 761781454
  frame_id: "world"
child_frame_id: "world"
pose: 
  pose: 
    position: 
      x: 0.1956925643418374
      y: -0.36008732228159596
      z: 0.42405776974969067
    orientation: 
      x: 0.008735180753150534
      y: -0.008332771510073542
      z: 0.005908484861120855
      w: 0.9999096715917977
  covariance: [0.0, 0.0, 0.0, 0.0, 0.0, 0.0, 0.0, 0.0, 0.0, 0.0, 0.0, 0.0, 0.0, 0.0, 0.0, 0.0, 0.0, 0.0, 0.0, 0.0, 0.0, 0.0, 0.0, 0.0, 0.0, 0.0, 0.0, 0.0, 0.0, 0.0, 0.0, 0.0, 0.0, 0.0, 0.0, 0.0]
twist: 
  twist: 
    linear: 
      x: 0.004779798385194309
      y: 0.007859173654002558
      z: -0.024491224674420664
    angular: 
      x: 0.0
      y: 0.0
      z: 0.0
  covariance: [0.0, 0.0, 0.0, 0.0, 0.0, 0.0, 0.0, 0.0, 0.0, 0.0, 0.0, 0.0, 0.0, 0.0, 0.0, 0.0, 0.0, 0.0, 0.0, 0.0, 0.0, 0.0, 0.0, 0.0, 0.0, 0.0, 0.0, 0.0, 0.0, 0.0, 0.0, 0.0, 0.0, 0.0, 0.0, 0.0]
---
header: 
  seq: 1060
  stamp: 
    secs: 1744081283
    nsecs: 895145416
  frame_id: "world"
child_frame_id: "world"
pose: 
  pose: 
    position: 
      x: 0.19639075995587937
      y: -0.3600426871025307
      z: 0.42116476661731156
    orientation: 
      x: 0.008713344669856304
      y: -0.009266099971533466
      z: 0.0056244007300296625
      w: 0.999903286889492
  covariance: [0.0, 0.0, 0.0, 0.0, 0.0, 0.0, 0.0, 0.0, 0.0, 0.0, 0.0, 0.0, 0.0, 0.0, 0.0, 0.0, 0.0, 0.0, 0.0, 0.0, 0.0, 0.0, 0.0, 0.0, 0.0, 0.0, 0.0, 0.0, 0.0, 0.0, 0.0, 0.0, 0.0, 0.0, 0.0, 0.0]
twist: 
  twist: 
    linear: 
      x: 0.004521281004094688
      y: -0.008201248222589191
      z: -0.015600350906533524
    angular: 
      x: 0.0
      y: 0.0
      z: 0.0
  covariance: [0.0, 0.0, 0.0, 0.0, 0.0, 0.0, 0.0, 0.0, 0.0, 0.0, 0.0, 0.0, 0.0, 0.0, 0.0, 0.0, 0.0, 0.0, 0.0, 0.0, 0.0, 0.0, 0.0, 0.0, 0.0, 0.0, 0.0, 0.0, 0.0, 0.0, 0.0, 0.0, 0.0, 0.0, 0.0, 0.0]
---
header: 
  seq: 1061
  stamp: 
    secs: 1744081284
    nsecs:  28510332
  frame_id: "world"
child_frame_id: "world"
pose: 
  pose: 
    position: 
      x: 0.19993731099185785
      y: -0.3632412401737097
      z: 0.4194786427495344
    orientation: 
      x: 0.00648460928269089
      y: -0.006520143746060168
      z: 0.005032888202523169
      w: 0.9999450522925359
  covariance: [0.0, 0.0, 0.0, 0.0, 0.0, 0.0, 0.0, 0.0, 0.0, 0.0, 0.0, 0.0, 0.0, 0.0, 0.0, 0.0, 0.0, 0.0, 0.0, 0.0, 0.0, 0.0, 0.0, 0.0, 0.0, 0.0, 0.0, 0.0, 0.0, 0.0, 0.0, 0.0, 0.0, 0.0, 0.0, 0.0]
twist: 
  twist: 
    linear: 
      x: 0.004100351501273581
      y: -0.03278714968251918
      z: 0.010248961966948047
    angular: 
      x: 0.0
      y: 0.0
      z: 0.0
  covariance: [0.0, 0.0, 0.0, 0.0, 0.0, 0.0, 0.0, 0.0, 0.0, 0.0, 0.0, 0.0, 0.0, 0.0, 0.0, 0.0, 0.0, 0.0, 0.0, 0.0, 0.0, 0.0, 0.0, 0.0, 0.0, 0.0, 0.0, 0.0, 0.0, 0.0, 0.0, 0.0, 0.0, 0.0, 0.0, 0.0]
---
header: 
  seq: 1062
  stamp: 
    secs: 1744081284
    nsecs: 161866665
  frame_id: "world"
child_frame_id: "world"
pose: 
  pose: 
    position: 
      x: 0.20125434053295257
      y: -0.36959612104965395
      z: 0.4206129731052564
    orientation: 
      x: -0.0038861515182487647
      y: -0.005711164828412514
      z: 0.004260836325170307
      w: 0.9999670623057991
  covariance: [0.0, 0.0, 0.0, 0.0, 0.0, 0.0, 0.0, 0.0, 0.0, 0.0, 0.0, 0.0, 0.0, 0.0, 0.0, 0.0, 0.0, 0.0, 0.0, 0.0, 0.0, 0.0, 0.0, 0.0, 0.0, 0.0, 0.0, 0.0, 0.0, 0.0, 0.0, 0.0, 0.0, 0.0, 0.0, 0.0]
twist: 
  twist: 
    linear: 
      x: 0.016961279847229487
      y: -0.055716245677268024
      z: -0.0015802623431027706
    angular: 
      x: 0.0
      y: 0.0
      z: 0.0
  covariance: [0.0, 0.0, 0.0, 0.0, 0.0, 0.0, 0.0, 0.0, 0.0, 0.0, 0.0, 0.0, 0.0, 0.0, 0.0, 0.0, 0.0, 0.0, 0.0, 0.0, 0.0, 0.0, 0.0, 0.0, 0.0, 0.0, 0.0, 0.0, 0.0, 0.0, 0.0, 0.0, 0.0, 0.0, 0.0, 0.0]
---
header: 
  seq: 1063
  stamp: 
    secs: 1744081284
    nsecs: 295221567
  frame_id: "world"
child_frame_id: "world"
pose: 
  pose: 
    position: 
      x: 0.20361072071694386
      y: -0.3760686641922488
      z: 0.4203419344982493
    orientation: 
      x: -0.006758863623866467
      y: -0.009521769049659472
      z: 0.0028611418147730353
      w: 0.9999277311607048
  covariance: [0.0, 0.0, 0.0, 0.0, 0.0, 0.0, 0.0, 0.0, 0.0, 0.0, 0.0, 0.0, 0.0, 0.0, 0.0, 0.0, 0.0, 0.0, 0.0, 0.0, 0.0, 0.0, 0.0, 0.0, 0.0, 0.0, 0.0, 0.0, 0.0, 0.0, 0.0, 0.0, 0.0, 0.0, 0.0, 0.0]
twist: 
  twist: 
    linear: 
      x: 0.010829145691895333
      y: -0.02979571786737288
      z: 0.004816978012134461
    angular: 
      x: 0.0
      y: 0.0
      z: 0.0
  covariance: [0.0, 0.0, 0.0, 0.0, 0.0, 0.0, 0.0, 0.0, 0.0, 0.0, 0.0, 0.0, 0.0, 0.0, 0.0, 0.0, 0.0, 0.0, 0.0, 0.0, 0.0, 0.0, 0.0, 0.0, 0.0, 0.0, 0.0, 0.0, 0.0, 0.0, 0.0, 0.0, 0.0, 0.0, 0.0, 0.0]
---
header: 
  seq: 1064
  stamp: 
    secs: 1744081284
    nsecs: 428576946
  frame_id: "world"
child_frame_id: "world"
pose: 
  pose: 
    position: 
      x: 0.20512468407143483
      y: -0.37948630436760566
      z: 0.4225112586519895
    orientation: 
      x: -0.006743566093389624
      y: -0.013961791727676736
      z: 0.0025071073394073917
      w: 0.999876645942331
  covariance: [0.0, 0.0, 0.0, 0.0, 0.0, 0.0, 0.0, 0.0, 0.0, 0.0, 0.0, 0.0, 0.0, 0.0, 0.0, 0.0, 0.0, 0.0, 0.0, 0.0, 0.0, 0.0, 0.0, 0.0, 0.0, 0.0, 0.0, 0.0, 0.0, 0.0, 0.0, 0.0, 0.0, 0.0, 0.0, 0.0]
twist: 
  twist: 
    linear: 
      x: 0.008064655407301922
      y: -0.013151374356575835
      z: 0.03143291609438884
    angular: 
      x: 0.0
      y: 0.0
      z: 0.0
  covariance: [0.0, 0.0, 0.0, 0.0, 0.0, 0.0, 0.0, 0.0, 0.0, 0.0, 0.0, 0.0, 0.0, 0.0, 0.0, 0.0, 0.0, 0.0, 0.0, 0.0, 0.0, 0.0, 0.0, 0.0, 0.0, 0.0, 0.0, 0.0, 0.0, 0.0, 0.0, 0.0, 0.0, 0.0, 0.0, 0.0]
---
header: 
  seq: 1065
  stamp: 
    secs: 1744081284
    nsecs: 561932325
  frame_id: "world"
child_frame_id: "world"
pose: 
  pose: 
    position: 
      x: 0.20527901961947645
      y: -0.3812661611720759
      z: 0.4277712857204971
    orientation: 
      x: -0.0016385674081073175
      y: -0.012977829668070519
      z: 0.004182735219082266
      w: 0.999905693433157
  covariance: [0.0, 0.0, 0.0, 0.0, 0.0, 0.0, 0.0, 0.0, 0.0, 0.0, 0.0, 0.0, 0.0, 0.0, 0.0, 0.0, 0.0, 0.0, 0.0, 0.0, 0.0, 0.0, 0.0, 0.0, 0.0, 0.0, 0.0, 0.0, 0.0, 0.0, 0.0, 0.0, 0.0, 0.0, 0.0, 0.0]
twist: 
  twist: 
    linear: 
      x: -0.008368611661816848
      y: -0.0019356068326134564
      z: 0.04872330039658084
    angular: 
      x: 0.0
      y: 0.0
      z: 0.0
  covariance: [0.0, 0.0, 0.0, 0.0, 0.0, 0.0, 0.0, 0.0, 0.0, 0.0, 0.0, 0.0, 0.0, 0.0, 0.0, 0.0, 0.0, 0.0, 0.0, 0.0, 0.0, 0.0, 0.0, 0.0, 0.0, 0.0, 0.0, 0.0, 0.0, 0.0, 0.0, 0.0, 0.0, 0.0, 0.0, 0.0]
---
header: 
  seq: 1066
  stamp: 
    secs: 1744081284
    nsecs: 695288420
  frame_id: "world"
child_frame_id: "world"
pose: 
  pose: 
    position: 
      x: 0.2034926289045174
      y: -0.38303985793103634
      z: 0.4330861085586493
    orientation: 
      x: 0.0010107113301503752
      y: -0.00785285761891703
      z: 0.0052902358745401355
      w: 0.9999546612193054
  covariance: [0.0, 0.0, 0.0, 0.0, 0.0, 0.0, 0.0, 0.0, 0.0, 0.0, 0.0, 0.0, 0.0, 0.0, 0.0, 0.0, 0.0, 0.0, 0.0, 0.0, 0.0, 0.0, 0.0, 0.0, 0.0, 0.0, 0.0, 0.0, 0.0, 0.0, 0.0, 0.0, 0.0, 0.0, 0.0, 0.0]
twist: 
  twist: 
    linear: 
      x: -0.01804627895633383
      y: -0.015131917196372155
      z: 0.03974386783283343
    angular: 
      x: 0.0
      y: 0.0
      z: 0.0
  covariance: [0.0, 0.0, 0.0, 0.0, 0.0, 0.0, 0.0, 0.0, 0.0, 0.0, 0.0, 0.0, 0.0, 0.0, 0.0, 0.0, 0.0, 0.0, 0.0, 0.0, 0.0, 0.0, 0.0, 0.0, 0.0, 0.0, 0.0, 0.0, 0.0, 0.0, 0.0, 0.0, 0.0, 0.0, 0.0, 0.0]
---
header: 
  seq: 1067
  stamp: 
    secs: 1744081284
    nsecs: 828644276
  frame_id: "world"
child_frame_id: "world"
pose: 
  pose: 
    position: 
      x: 0.20087842798360062
      y: -0.38524888016647324
      z: 0.4354202650647626
    orientation: 
      x: -0.0007090044087745682
      y: -0.004567285740709845
      z: 0.005464124874482887
      w: 0.9999743899485962
  covariance: [0.0, 0.0, 0.0, 0.0, 0.0, 0.0, 0.0, 0.0, 0.0, 0.0, 0.0, 0.0, 0.0, 0.0, 0.0, 0.0, 0.0, 0.0, 0.0, 0.0, 0.0, 0.0, 0.0, 0.0, 0.0, 0.0, 0.0, 0.0, 0.0, 0.0, 0.0, 0.0, 0.0, 0.0, 0.0, 0.0]
twist: 
  twist: 
    linear: 
      x: -0.01601016146522091
      y: -0.026923806936833904
      z: 0.010458153765099234
    angular: 
      x: 0.0
      y: 0.0
      z: 0.0
  covariance: [0.0, 0.0, 0.0, 0.0, 0.0, 0.0, 0.0, 0.0, 0.0, 0.0, 0.0, 0.0, 0.0, 0.0, 0.0, 0.0, 0.0, 0.0, 0.0, 0.0, 0.0, 0.0, 0.0, 0.0, 0.0, 0.0, 0.0, 0.0, 0.0, 0.0, 0.0, 0.0, 0.0, 0.0, 0.0, 0.0]
---
header: 
  seq: 1068
  stamp: 
    secs: 1744081284
    nsecs: 962000847
  frame_id: "world"
child_frame_id: "world"
pose: 
  pose: 
    position: 
      x: 0.19893997105059855
      y: -0.38974772502786514
      z: 0.43762016704475315
    orientation: 
      x: -0.005152103439165789
      y: -0.00565121911008309
      z: 0.005523183197087204
      w: 0.9999555060101891
  covariance: [0.0, 0.0, 0.0, 0.0, 0.0, 0.0, 0.0, 0.0, 0.0, 0.0, 0.0, 0.0, 0.0, 0.0, 0.0, 0.0, 0.0, 0.0, 0.0, 0.0, 0.0, 0.0, 0.0, 0.0, 0.0, 0.0, 0.0, 0.0, 0.0, 0.0, 0.0, 0.0, 0.0, 0.0, 0.0, 0.0]
twist: 
  twist: 
    linear: 
      x: -0.00943457530459137
      y: -0.03772902966692896
      z: 0.03671842165519436
    angular: 
      x: 0.0
      y: 0.0
      z: 0.0
  covariance: [0.0, 0.0, 0.0, 0.0, 0.0, 0.0, 0.0, 0.0, 0.0, 0.0, 0.0, 0.0, 0.0, 0.0, 0.0, 0.0, 0.0, 0.0, 0.0, 0.0, 0.0, 0.0, 0.0, 0.0, 0.0, 0.0, 0.0, 0.0, 0.0, 0.0, 0.0, 0.0, 0.0, 0.0, 0.0, 0.0]
---
header: 
  seq: 1069
  stamp: 
    secs: 1744081285
    nsecs:  95355988
  frame_id: "world"
child_frame_id: "world"
pose: 
  pose: 
    position: 
      x: 0.19753225985935352
      y: -0.39319817441065136
      z: 0.4421989625545459
    orientation: 
      x: -0.0048458811496415325
      y: -0.006612582235165088
      z: 0.005871176168684208
      w: 0.9999491589488253
  covariance: [0.0, 0.0, 0.0, 0.0, 0.0, 0.0, 0.0, 0.0, 0.0, 0.0, 0.0, 0.0, 0.0, 0.0, 0.0, 0.0, 0.0, 0.0, 0.0, 0.0, 0.0, 0.0, 0.0, 0.0, 0.0, 0.0, 0.0, 0.0, 0.0, 0.0, 0.0, 0.0, 0.0, 0.0, 0.0, 0.0]
twist: 
  twist: 
    linear: 
      x: -0.009475808421788239
      y: -0.02795721284849407
      z: 0.04624591864167803
    angular: 
      x: 0.0
      y: 0.0
      z: 0.0
  covariance: [0.0, 0.0, 0.0, 0.0, 0.0, 0.0, 0.0, 0.0, 0.0, 0.0, 0.0, 0.0, 0.0, 0.0, 0.0, 0.0, 0.0, 0.0, 0.0, 0.0, 0.0, 0.0, 0.0, 0.0, 0.0, 0.0, 0.0, 0.0, 0.0, 0.0, 0.0, 0.0, 0.0, 0.0, 0.0, 0.0]
---
header: 
  seq: 1070
  stamp: 
    secs: 1744081285
    nsecs: 228708267
  frame_id: "world"
child_frame_id: "world"
pose: 
  pose: 
    position: 
      x: 0.19338647282890717
      y: -0.32037401918303954
      z: 0.4099667768009518
    orientation: 
      x: -0.005460999054972999
      y: -0.006713726871424909
      z: 0.006795190348913184
      w: 0.9999394625420778
  covariance: [0.0, 0.0, 0.0, 0.0, 0.0, 0.0, 0.0, 0.0, 0.0, 0.0, 0.0, 0.0, 0.0, 0.0, 0.0, 0.0, 0.0, 0.0, 0.0, 0.0, 0.0, 0.0, 0.0, 0.0, 0.0, 0.0, 0.0, 0.0, 0.0, 0.0, 0.0, 0.0, 0.0, 0.0, 0.0, 0.0]
twist: 
  twist: 
    linear: 
      x: -0.01142033146292236
      y: 0.07135386986415371
      z: -0.02469866428920591
    angular: 
      x: 0.0
      y: 0.0
      z: 0.0
  covariance: [0.0, 0.0, 0.0, 0.0, 0.0, 0.0, 0.0, 0.0, 0.0, 0.0, 0.0, 0.0, 0.0, 0.0, 0.0, 0.0, 0.0, 0.0, 0.0, 0.0, 0.0, 0.0, 0.0, 0.0, 0.0, 0.0, 0.0, 0.0, 0.0, 0.0, 0.0, 0.0, 0.0, 0.0, 0.0, 0.0]
---
header: 
  seq: 1071
  stamp: 
    secs: 1744081285
    nsecs: 362061024
  frame_id: "world"
child_frame_id: "world"
pose: 
  pose: 
    position: 
      x: 0.19249293605639073
      y: -0.3005393487514831
      z: 0.39835300147427105
    orientation: 
      x: -0.0007772533756860017
      y: -0.00429050828533317
      z: 0.00615118188833898
      w: 0.9999715747846136
  covariance: [0.0, 0.0, 0.0, 0.0, 0.0, 0.0, 0.0, 0.0, 0.0, 0.0, 0.0, 0.0, 0.0, 0.0, 0.0, 0.0, 0.0, 0.0, 0.0, 0.0, 0.0, 0.0, 0.0, 0.0, 0.0, 0.0, 0.0, 0.0, 0.0, 0.0, 0.0, 0.0, 0.0, 0.0, 0.0, 0.0]
twist: 
  twist: 
    linear: 
      x: -0.011820788696527558
      y: 0.09214199703054997
      z: -0.029583536000440683
    angular: 
      x: 0.0
      y: 0.0
      z: 0.0
  covariance: [0.0, 0.0, 0.0, 0.0, 0.0, 0.0, 0.0, 0.0, 0.0, 0.0, 0.0, 0.0, 0.0, 0.0, 0.0, 0.0, 0.0, 0.0, 0.0, 0.0, 0.0, 0.0, 0.0, 0.0, 0.0, 0.0, 0.0, 0.0, 0.0, 0.0, 0.0, 0.0, 0.0, 0.0, 0.0, 0.0]
---
header: 
  seq: 1072
  stamp: 
    secs: 1744081285
    nsecs: 495413780
  frame_id: "world"
child_frame_id: "world"
pose: 
  pose: 
    position: 
      x: 0.1920068616203912
      y: -0.282582059471975
      z: 0.389649451932475
    orientation: 
      x: 0.00017645724082573962
      y: -0.0016675840873574582
      z: 0.005279045498898433
      w: 0.9999846597347253
  covariance: [0.0, 0.0, 0.0, 0.0, 0.0, 0.0, 0.0, 0.0, 0.0, 0.0, 0.0, 0.0, 0.0, 0.0, 0.0, 0.0, 0.0, 0.0, 0.0, 0.0, 0.0, 0.0, 0.0, 0.0, 0.0, 0.0, 0.0, 0.0, 0.0, 0.0, 0.0, 0.0, 0.0, 0.0, 0.0, 0.0]
twist: 
  twist: 
    linear: 
      x: -0.002505215061999643
      y: 0.06020317172292548
      z: -0.017956515357099554
    angular: 
      x: 0.0
      y: 0.0
      z: 0.0
  covariance: [0.0, 0.0, 0.0, 0.0, 0.0, 0.0, 0.0, 0.0, 0.0, 0.0, 0.0, 0.0, 0.0, 0.0, 0.0, 0.0, 0.0, 0.0, 0.0, 0.0, 0.0, 0.0, 0.0, 0.0, 0.0, 0.0, 0.0, 0.0, 0.0, 0.0, 0.0, 0.0, 0.0, 0.0, 0.0, 0.0]
---
header: 
  seq: 1073
  stamp: 
    secs: 1744081285
    nsecs: 628766775
  frame_id: "world"
child_frame_id: "world"
pose: 
  pose: 
    position: 
      x: 0.19068268362362661
      y: -0.2729399162070322
      z: 0.3757238121175936
    orientation: 
      x: 0.017223012978637937
      y: -0.0038078368806475625
      z: 0.005507845010029886
      w: 0.9998292513452353
  covariance: [0.0, 0.0, 0.0, 0.0, 0.0, 0.0, 0.0, 0.0, 0.0, 0.0, 0.0, 0.0, 0.0, 0.0, 0.0, 0.0, 0.0, 0.0, 0.0, 0.0, 0.0, 0.0, 0.0, 0.0, 0.0, 0.0, 0.0, 0.0, 0.0, 0.0, 0.0, 0.0, 0.0, 0.0, 0.0, 0.0]
twist: 
  twist: 
    linear: 
      x: 0.003105295993765291
      y: 0.04379145308476879
      z: -0.03450746984088621
    angular: 
      x: 0.0
      y: 0.0
      z: 0.0
  covariance: [0.0, 0.0, 0.0, 0.0, 0.0, 0.0, 0.0, 0.0, 0.0, 0.0, 0.0, 0.0, 0.0, 0.0, 0.0, 0.0, 0.0, 0.0, 0.0, 0.0, 0.0, 0.0, 0.0, 0.0, 0.0, 0.0, 0.0, 0.0, 0.0, 0.0, 0.0, 0.0, 0.0, 0.0, 0.0, 0.0]
---
header: 
  seq: 1074
  stamp: 
    secs: 1744081285
    nsecs: 762120008
  frame_id: "world"
child_frame_id: "world"
pose: 
  pose: 
    position: 
      x: 0.19170790270702076
      y: -0.2687308608574045
      z: 0.37034103835344806
    orientation: 
      x: 0.022002561709718215
      y: -0.008440986550210089
      z: 0.005618827061999861
      w: 0.9997064898292481
  covariance: [0.0, 0.0, 0.0, 0.0, 0.0, 0.0, 0.0, 0.0, 0.0, 0.0, 0.0, 0.0, 0.0, 0.0, 0.0, 0.0, 0.0, 0.0, 0.0, 0.0, 0.0, 0.0, 0.0, 0.0, 0.0, 0.0, 0.0, 0.0, 0.0, 0.0, 0.0, 0.0, 0.0, 0.0, 0.0, 0.0]
twist: 
  twist: 
    linear: 
      x: 0.015442237986934459
      y: -0.029512452668775065
      z: 0.005986805920557008
    angular: 
      x: 0.0
      y: 0.0
      z: 0.0
  covariance: [0.0, 0.0, 0.0, 0.0, 0.0, 0.0, 0.0, 0.0, 0.0, 0.0, 0.0, 0.0, 0.0, 0.0, 0.0, 0.0, 0.0, 0.0, 0.0, 0.0, 0.0, 0.0, 0.0, 0.0, 0.0, 0.0, 0.0, 0.0, 0.0, 0.0, 0.0, 0.0, 0.0, 0.0, 0.0, 0.0]
---
header: 
  seq: 1075
  stamp: 
    secs: 1744081285
    nsecs: 895473719
  frame_id: "world"
child_frame_id: "world"
pose: 
  pose: 
    position: 
      x: 0.1908385649004278
      y: -0.2672666629892326
      z: 0.3685328265111866
    orientation: 
      x: 0.010406888664426569
      y: -0.011955630912026302
      z: 0.004725918833367295
      w: 0.9998632032678281
  covariance: [0.0, 0.0, 0.0, 0.0, 0.0, 0.0, 0.0, 0.0, 0.0, 0.0, 0.0, 0.0, 0.0, 0.0, 0.0, 0.0, 0.0, 0.0, 0.0, 0.0, 0.0, 0.0, 0.0, 0.0, 0.0, 0.0, 0.0, 0.0, 0.0, 0.0, 0.0, 0.0, 0.0, 0.0, 0.0, 0.0]
twist: 
  twist: 
    linear: 
      x: 0.00832533051301726
      y: -0.059400747347919516
      z: 0.014554678513419378
    angular: 
      x: 0.0
      y: 0.0
      z: 0.0
  covariance: [0.0, 0.0, 0.0, 0.0, 0.0, 0.0, 0.0, 0.0, 0.0, 0.0, 0.0, 0.0, 0.0, 0.0, 0.0, 0.0, 0.0, 0.0, 0.0, 0.0, 0.0, 0.0, 0.0, 0.0, 0.0, 0.0, 0.0, 0.0, 0.0, 0.0, 0.0, 0.0, 0.0, 0.0, 0.0, 0.0]
---
header: 
  seq: 1076
  stamp: 
    secs: 1744081286
    nsecs:  28828382
  frame_id: "world"
child_frame_id: "world"
pose: 
  pose: 
    position: 
      x: 0.18831888821750126
      y: -0.2729406222771542
      z: 0.3727428997497521
    orientation: 
      x: 0.0013049317544213594
      y: -0.01162473055077085
      z: 0.004950050768066333
      w: 0.9999193266409705
  covariance: [0.0, 0.0, 0.0, 0.0, 0.0, 0.0, 0.0, 0.0, 0.0, 0.0, 0.0, 0.0, 0.0, 0.0, 0.0, 0.0, 0.0, 0.0, 0.0, 0.0, 0.0, 0.0, 0.0, 0.0, 0.0, 0.0, 0.0, 0.0, 0.0, 0.0, 0.0, 0.0, 0.0, 0.0, 0.0, 0.0]
twist: 
  twist: 
    linear: 
      x: -0.002932744873762722
      y: -0.07406291370393678
      z: 0.05512819553550638
    angular: 
      x: 0.0
      y: 0.0
      z: 0.0
  covariance: [0.0, 0.0, 0.0, 0.0, 0.0, 0.0, 0.0, 0.0, 0.0, 0.0, 0.0, 0.0, 0.0, 0.0, 0.0, 0.0, 0.0, 0.0, 0.0, 0.0, 0.0, 0.0, 0.0, 0.0, 0.0, 0.0, 0.0, 0.0, 0.0, 0.0, 0.0, 0.0, 0.0, 0.0, 0.0, 0.0]
---
header: 
  seq: 1077
  stamp: 
    secs: 1744081286
    nsecs: 162182093
  frame_id: "world"
child_frame_id: "world"
pose: 
  pose: 
    position: 
      x: 0.18362707291429142
      y: -0.28109441410556885
      z: 0.38077160216487066
    orientation: 
      x: -0.0012725470007589137
      y: -0.00877764000218142
      z: 0.0043639491805142075
      w: 0.999951143610363
  covariance: [0.0, 0.0, 0.0, 0.0, 0.0, 0.0, 0.0, 0.0, 0.0, 0.0, 0.0, 0.0, 0.0, 0.0, 0.0, 0.0, 0.0, 0.0, 0.0, 0.0, 0.0, 0.0, 0.0, 0.0, 0.0, 0.0, 0.0, 0.0, 0.0, 0.0, 0.0, 0.0, 0.0, 0.0, 0.0, 0.0]
twist: 
  twist: 
    linear: 
      x: -0.00971528535059446
      y: -0.08456068368621765
      z: 0.06951589022877479
    angular: 
      x: 0.0
      y: 0.0
      z: 0.0
  covariance: [0.0, 0.0, 0.0, 0.0, 0.0, 0.0, 0.0, 0.0, 0.0, 0.0, 0.0, 0.0, 0.0, 0.0, 0.0, 0.0, 0.0, 0.0, 0.0, 0.0, 0.0, 0.0, 0.0, 0.0, 0.0, 0.0, 0.0, 0.0, 0.0, 0.0, 0.0, 0.0, 0.0, 0.0, 0.0, 0.0]
---
header: 
  seq: 1078
  stamp: 
    secs: 1744081286
    nsecs: 295536518
  frame_id: "world"
child_frame_id: "world"
pose: 
  pose: 
    position: 
      x: 0.18537509936880026
      y: -0.28256760372947354
      z: 0.39218105902668254
    orientation: 
      x: -0.055695924237045856
      y: 0.04557165331020462
      z: 0.005683980699141768
      w: 0.9973910370568645
  covariance: [0.0, 0.0, 0.0, 0.0, 0.0, 0.0, 0.0, 0.0, 0.0, 0.0, 0.0, 0.0, 0.0, 0.0, 0.0, 0.0, 0.0, 0.0, 0.0, 0.0, 0.0, 0.0, 0.0, 0.0, 0.0, 0.0, 0.0, 0.0, 0.0, 0.0, 0.0, 0.0, 0.0, 0.0, 0.0, 0.0]
twist: 
  twist: 
    linear: 
      x: 0.09111185572060901
      y: 0.019914971746021734
      z: 0.1059818044908713
    angular: 
      x: 0.0
      y: 0.0
      z: 0.0
  covariance: [0.0, 0.0, 0.0, 0.0, 0.0, 0.0, 0.0, 0.0, 0.0, 0.0, 0.0, 0.0, 0.0, 0.0, 0.0, 0.0, 0.0, 0.0, 0.0, 0.0, 0.0, 0.0, 0.0, 0.0, 0.0, 0.0, 0.0, 0.0, 0.0, 0.0, 0.0, 0.0, 0.0, 0.0, 0.0, 0.0]
---
header: 
  seq: 1079
  stamp: 
    secs: 1744081286
    nsecs: 428891659
  frame_id: "world"
child_frame_id: "world"
pose: 
  pose: 
    position: 
      x: 0.20771060124676405
      y: -0.2610800843439637
      z: 0.4100950458583649
    orientation: 
      x: -0.12273159177018891
      y: 0.11193428459312568
      z: 0.007950409903915394
      w: 0.9860752827733492
  covariance: [0.0, 0.0, 0.0, 0.0, 0.0, 0.0, 0.0, 0.0, 0.0, 0.0, 0.0, 0.0, 0.0, 0.0, 0.0, 0.0, 0.0, 0.0, 0.0, 0.0, 0.0, 0.0, 0.0, 0.0, 0.0, 0.0, 0.0, 0.0, 0.0, 0.0, 0.0, 0.0, 0.0, 0.0, 0.0, 0.0]
twist: 
  twist: 
    linear: 
      x: 0.3035127231811811
      y: 0.2767908586484342
      z: 0.1794639883062645
    angular: 
      x: 0.0
      y: 0.0
      z: 0.0
  covariance: [0.0, 0.0, 0.0, 0.0, 0.0, 0.0, 0.0, 0.0, 0.0, 0.0, 0.0, 0.0, 0.0, 0.0, 0.0, 0.0, 0.0, 0.0, 0.0, 0.0, 0.0, 0.0, 0.0, 0.0, 0.0, 0.0, 0.0, 0.0, 0.0, 0.0, 0.0, 0.0, 0.0, 0.0, 0.0, 0.0]
---
header: 
  seq: 1080
  stamp: 
    secs: 1744081286
    nsecs: 562247038
  frame_id: "world"
child_frame_id: "world"
pose: 
  pose: 
    position: 
      x: 0.2646615439713451
      y: -0.20485768616394856
      z: 0.4325967084832617
    orientation: 
      x: -0.11918017997796858
      y: 0.10983290546010427
      z: 0.008369330141335904
      w: 0.9867435187988803
  covariance: [0.0, 0.0, 0.0, 0.0, 0.0, 0.0, 0.0, 0.0, 0.0, 0.0, 0.0, 0.0, 0.0, 0.0, 0.0, 0.0, 0.0, 0.0, 0.0, 0.0, 0.0, 0.0, 0.0, 0.0, 0.0, 0.0, 0.0, 0.0, 0.0, 0.0, 0.0, 0.0, 0.0, 0.0, 0.0, 0.0]
twist: 
  twist: 
    linear: 
      x: 0.5809168962475368
      y: 0.5499786606131866
      z: 0.20493634817200296
    angular: 
      x: 0.0
      y: 0.0
      z: 0.0
  covariance: [0.0, 0.0, 0.0, 0.0, 0.0, 0.0, 0.0, 0.0, 0.0, 0.0, 0.0, 0.0, 0.0, 0.0, 0.0, 0.0, 0.0, 0.0, 0.0, 0.0, 0.0, 0.0, 0.0, 0.0, 0.0, 0.0, 0.0, 0.0, 0.0, 0.0, 0.0, 0.0, 0.0, 0.0, 0.0, 0.0]
---
header: 
  seq: 1081
  stamp: 
    secs: 1744081286
    nsecs: 695603132
  frame_id: "world"
child_frame_id: "world"
pose: 
  pose: 
    position: 
      x: 0.3525312513148993
      y: -0.12115234041896161
      z: 0.4504031866838049
    orientation: 
      x: -0.03830326924358331
      y: 0.027863264399640316
      z: 0.006530459713210401
      w: 0.9988562715216757
  covariance: [0.0, 0.0, 0.0, 0.0, 0.0, 0.0, 0.0, 0.0, 0.0, 0.0, 0.0, 0.0, 0.0, 0.0, 0.0, 0.0, 0.0, 0.0, 0.0, 0.0, 0.0, 0.0, 0.0, 0.0, 0.0, 0.0, 0.0, 0.0, 0.0, 0.0, 0.0, 0.0, 0.0, 0.0, 0.0, 0.0]
twist: 
  twist: 
    linear: 
      x: 0.7126924279660103
      y: 0.7026232066445715
      z: 0.1314038648942482
    angular: 
      x: 0.0
      y: 0.0
      z: 0.0
  covariance: [0.0, 0.0, 0.0, 0.0, 0.0, 0.0, 0.0, 0.0, 0.0, 0.0, 0.0, 0.0, 0.0, 0.0, 0.0, 0.0, 0.0, 0.0, 0.0, 0.0, 0.0, 0.0, 0.0, 0.0, 0.0, 0.0, 0.0, 0.0, 0.0, 0.0, 0.0, 0.0, 0.0, 0.0, 0.0, 0.0]
---
header: 
  seq: 1082
  stamp: 
    secs: 1744081286
    nsecs: 828959465
  frame_id: "world"
child_frame_id: "world"
pose: 
  pose: 
    position: 
      x: 0.44436684516946745
      y: -0.03385063371302299
      z: 0.4681038290181118
    orientation: 
      x: 0.06842001243702392
      y: -0.07847290367682744
      z: 0.008621774153315182
      w: 0.9945282149326353
  covariance: [0.0, 0.0, 0.0, 0.0, 0.0, 0.0, 0.0, 0.0, 0.0, 0.0, 0.0, 0.0, 0.0, 0.0, 0.0, 0.0, 0.0, 0.0, 0.0, 0.0, 0.0, 0.0, 0.0, 0.0, 0.0, 0.0, 0.0, 0.0, 0.0, 0.0, 0.0, 0.0, 0.0, 0.0, 0.0, 0.0]
twist: 
  twist: 
    linear: 
      x: 0.6399173302625334
      y: 0.5954787386676282
      z: 0.09364285749121529
    angular: 
      x: 0.0
      y: 0.0
      z: 0.0
  covariance: [0.0, 0.0, 0.0, 0.0, 0.0, 0.0, 0.0, 0.0, 0.0, 0.0, 0.0, 0.0, 0.0, 0.0, 0.0, 0.0, 0.0, 0.0, 0.0, 0.0, 0.0, 0.0, 0.0, 0.0, 0.0, 0.0, 0.0, 0.0, 0.0, 0.0, 0.0, 0.0, 0.0, 0.0, 0.0, 0.0]
---
header: 
  seq: 1083
  stamp: 
    secs: 1744081286
    nsecs: 962316513
  frame_id: "world"
child_frame_id: "world"
pose: 
  pose: 
    position: 
      x: 0.5132149809518579
      y: 0.028929835497835066
      z: 0.4723924796342729
    orientation: 
      x: 0.13906261905238185
      y: -0.14992510341793602
      z: 0.016130005692485544
      w: 0.9787358552049545
  covariance: [0.0, 0.0, 0.0, 0.0, 0.0, 0.0, 0.0, 0.0, 0.0, 0.0, 0.0, 0.0, 0.0, 0.0, 0.0, 0.0, 0.0, 0.0, 0.0, 0.0, 0.0, 0.0, 0.0, 0.0, 0.0, 0.0, 0.0, 0.0, 0.0, 0.0, 0.0, 0.0, 0.0, 0.0, 0.0, 0.0]
twist: 
  twist: 
    linear: 
      x: 0.3810633074294043
      y: 0.3182720389752268
      z: -0.04455872238462062
    angular: 
      x: 0.0
      y: 0.0
      z: 0.0
  covariance: [0.0, 0.0, 0.0, 0.0, 0.0, 0.0, 0.0, 0.0, 0.0, 0.0, 0.0, 0.0, 0.0, 0.0, 0.0, 0.0, 0.0, 0.0, 0.0, 0.0, 0.0, 0.0, 0.0, 0.0, 0.0, 0.0, 0.0, 0.0, 0.0, 0.0, 0.0, 0.0, 0.0, 0.0, 0.0, 0.0]
---
header: 
  seq: 1084
  stamp: 
    secs: 1744081287
    nsecs:  95668793
  frame_id: "world"
child_frame_id: "world"
pose: 
  pose: 
    position: 
      x: 0.5416654235490954
      y: 0.0527277879190472
      z: 0.4603496639649706
    orientation: 
      x: 0.12705117634574953
      y: -0.13997383453960763
      z: 0.017952698986772493
      w: 0.9818060016278828
  covariance: [0.0, 0.0, 0.0, 0.0, 0.0, 0.0, 0.0, 0.0, 0.0, 0.0, 0.0, 0.0, 0.0, 0.0, 0.0, 0.0, 0.0, 0.0, 0.0, 0.0, 0.0, 0.0, 0.0, 0.0, 0.0, 0.0, 0.0, 0.0, 0.0, 0.0, 0.0, 0.0, 0.0, 0.0, 0.0, 0.0]
twist: 
  twist: 
    linear: 
      x: 0.07843402033995853
      y: 0.007212235228249749
      z: -0.13670332834885685
    angular: 
      x: 0.0
      y: 0.0
      z: 0.0
  covariance: [0.0, 0.0, 0.0, 0.0, 0.0, 0.0, 0.0, 0.0, 0.0, 0.0, 0.0, 0.0, 0.0, 0.0, 0.0, 0.0, 0.0, 0.0, 0.0, 0.0, 0.0, 0.0, 0.0, 0.0, 0.0, 0.0, 0.0, 0.0, 0.0, 0.0, 0.0, 0.0, 0.0, 0.0, 0.0, 0.0]
---
header: 
  seq: 1085
  stamp: 
    secs: 1744081287
    nsecs: 229009390
  frame_id: "world"
child_frame_id: "world"
pose: 
  pose: 
    position: 
      x: 0.5332817188709977
      y: 0.04325421723250533
      z: 0.44912793881223795
    orientation: 
      x: 0.03250828604883436
      y: -0.045332466878241245
      z: 0.012529869269369007
      w: 0.9983642527459569
  covariance: [0.0, 0.0, 0.0, 0.0, 0.0, 0.0, 0.0, 0.0, 0.0, 0.0, 0.0, 0.0, 0.0, 0.0, 0.0, 0.0, 0.0, 0.0, 0.0, 0.0, 0.0, 0.0, 0.0, 0.0, 0.0, 0.0, 0.0, 0.0, 0.0, 0.0, 0.0, 0.0, 0.0, 0.0, 0.0, 0.0]
twist: 
  twist: 
    linear: 
      x: -0.13991479185135502
      y: -0.21739748710078483
      z: -0.05421063971915679
    angular: 
      x: 0.0
      y: 0.0
      z: 0.0
  covariance: [0.0, 0.0, 0.0, 0.0, 0.0, 0.0, 0.0, 0.0, 0.0, 0.0, 0.0, 0.0, 0.0, 0.0, 0.0, 0.0, 0.0, 0.0, 0.0, 0.0, 0.0, 0.0, 0.0, 0.0, 0.0, 0.0, 0.0, 0.0, 0.0, 0.0, 0.0, 0.0, 0.0, 0.0, 0.0, 0.0]
---
header: 
  seq: 1086
  stamp: 
    secs: 1744081287
    nsecs: 362349749
  frame_id: "world"
child_frame_id: "world"
pose: 
  pose: 
    position: 
      x: 0.508090281907434
      y: 0.012941755390792287
      z: 0.44557214644754545
    orientation: 
      x: -0.03241711003130468
      y: 0.021883370386467225
      z: 0.007684050748402447
      w: 0.9992052864360972
  covariance: [0.0, 0.0, 0.0, 0.0, 0.0, 0.0, 0.0, 0.0, 0.0, 0.0, 0.0, 0.0, 0.0, 0.0, 0.0, 0.0, 0.0, 0.0, 0.0, 0.0, 0.0, 0.0, 0.0, 0.0, 0.0, 0.0, 0.0, 0.0, 0.0, 0.0, 0.0, 0.0, 0.0, 0.0, 0.0, 0.0]
twist: 
  twist: 
    linear: 
      x: -0.1777869858043982
      y: -0.22455931130347903
      z: 0.047144118897544454
    angular: 
      x: 0.0
      y: 0.0
      z: 0.0
  covariance: [0.0, 0.0, 0.0, 0.0, 0.0, 0.0, 0.0, 0.0, 0.0, 0.0, 0.0, 0.0, 0.0, 0.0, 0.0, 0.0, 0.0, 0.0, 0.0, 0.0, 0.0, 0.0, 0.0, 0.0, 0.0, 0.0, 0.0, 0.0, 0.0, 0.0, 0.0, 0.0, 0.0, 0.0, 0.0, 0.0]
---
header: 
  seq: 1087
  stamp: 
    secs: 1744081287
    nsecs: 495690107
  frame_id: "world"
child_frame_id: "world"
pose: 
  pose: 
    position: 
      x: 0.4862952422772989
      y: -0.011371881351426305
      z: 0.44588407763071675
    orientation: 
      x: -0.051033554997950356
      y: 0.04020672417354842
      z: 0.0035991311909524338
      w: 0.9978807753685676
  covariance: [0.0, 0.0, 0.0, 0.0, 0.0, 0.0, 0.0, 0.0, 0.0, 0.0, 0.0, 0.0, 0.0, 0.0, 0.0, 0.0, 0.0, 0.0, 0.0, 0.0, 0.0, 0.0, 0.0, 0.0, 0.0, 0.0, 0.0, 0.0, 0.0, 0.0, 0.0, 0.0, 0.0, 0.0, 0.0, 0.0]
twist: 
  twist: 
    linear: 
      x: -0.0936206726946826
      y: -0.14395314012595858
      z: 0.041453474165929406
    angular: 
      x: 0.0
      y: 0.0
      z: 0.0
  covariance: [0.0, 0.0, 0.0, 0.0, 0.0, 0.0, 0.0, 0.0, 0.0, 0.0, 0.0, 0.0, 0.0, 0.0, 0.0, 0.0, 0.0, 0.0, 0.0, 0.0, 0.0, 0.0, 0.0, 0.0, 0.0, 0.0, 0.0, 0.0, 0.0, 0.0, 0.0, 0.0, 0.0, 0.0, 0.0, 0.0]
---
header: 
  seq: 1088
  stamp: 
    secs: 1744081287
    nsecs: 629030704
  frame_id: "world"
child_frame_id: "world"
pose: 
  pose: 
    position: 
      x: 0.4777227549641582
      y: -0.021993584156254686
      z: 0.44096025438516046
    orientation: 
      x: -0.039962470979732906
      y: 0.026153860942513468
      z: 0.000837309704079109
      w: 0.9988584861648087
  covariance: [0.0, 0.0, 0.0, 0.0, 0.0, 0.0, 0.0, 0.0, 0.0, 0.0, 0.0, 0.0, 0.0, 0.0, 0.0, 0.0, 0.0, 0.0, 0.0, 0.0, 0.0, 0.0, 0.0, 0.0, 0.0, 0.0, 0.0, 0.0, 0.0, 0.0, 0.0, 0.0, 0.0, 0.0, 0.0, 0.0]
twist: 
  twist: 
    linear: 
      x: -0.0028927948047211883
      y: -0.038448759225280134
      z: 0.021838815620269483
    angular: 
      x: 0.0
      y: 0.0
      z: 0.0
  covariance: [0.0, 0.0, 0.0, 0.0, 0.0, 0.0, 0.0, 0.0, 0.0, 0.0, 0.0, 0.0, 0.0, 0.0, 0.0, 0.0, 0.0, 0.0, 0.0, 0.0, 0.0, 0.0, 0.0, 0.0, 0.0, 0.0, 0.0, 0.0, 0.0, 0.0, 0.0, 0.0, 0.0, 0.0, 0.0, 0.0]
---
header: 
  seq: 1089
  stamp: 
    secs: 1744081287
    nsecs: 762371302
  frame_id: "world"
child_frame_id: "world"
pose: 
  pose: 
    position: 
      x: 0.4785254467784955
      y: -0.020486762296642563
      z: 0.43680575208931
    orientation: 
      x: -0.018825729814257935
      y: 0.005240680371905601
      z: -0.001315913680857382
      w: 0.9998081793711154
  covariance: [0.0, 0.0, 0.0, 0.0, 0.0, 0.0, 0.0, 0.0, 0.0, 0.0, 0.0, 0.0, 0.0, 0.0, 0.0, 0.0, 0.0, 0.0, 0.0, 0.0, 0.0, 0.0, 0.0, 0.0, 0.0, 0.0, 0.0, 0.0, 0.0, 0.0, 0.0, 0.0, 0.0, 0.0, 0.0, 0.0]
twist: 
  twist: 
    linear: 
      x: 0.05076368721179005
      y: 0.029971238664794227
      z: 0.010004584326054129
    angular: 
      x: 0.0
      y: 0.0
      z: 0.0
  covariance: [0.0, 0.0, 0.0, 0.0, 0.0, 0.0, 0.0, 0.0, 0.0, 0.0, 0.0, 0.0, 0.0, 0.0, 0.0, 0.0, 0.0, 0.0, 0.0, 0.0, 0.0, 0.0, 0.0, 0.0, 0.0, 0.0, 0.0, 0.0, 0.0, 0.0, 0.0, 0.0, 0.0, 0.0, 0.0, 0.0]
---
header: 
  seq: 1090
  stamp: 
    secs: 1744081287
    nsecs: 895711660
  frame_id: "world"
child_frame_id: "world"
pose: 
  pose: 
    position: 
      x: 0.4824846186952303
      y: -0.011865087391363854
      z: 0.43360008927359117
    orientation: 
      x: -0.0030646589141829837
      y: -0.01069455464528287
      z: -0.0014861815391776622
      w: 0.999937010831738
  covariance: [0.0, 0.0, 0.0, 0.0, 0.0, 0.0, 0.0, 0.0, 0.0, 0.0, 0.0, 0.0, 0.0, 0.0, 0.0, 0.0, 0.0, 0.0, 0.0, 0.0, 0.0, 0.0, 0.0, 0.0, 0.0, 0.0, 0.0, 0.0, 0.0, 0.0, 0.0, 0.0, 0.0, 0.0, 0.0, 0.0]
twist: 
  twist: 
    linear: 
      x: 0.054886316659810884
      y: 0.07404975863506888
      z: 0.004854745091691329
    angular: 
      x: 0.0
      y: 0.0
      z: 0.0
  covariance: [0.0, 0.0, 0.0, 0.0, 0.0, 0.0, 0.0, 0.0, 0.0, 0.0, 0.0, 0.0, 0.0, 0.0, 0.0, 0.0, 0.0, 0.0, 0.0, 0.0, 0.0, 0.0, 0.0, 0.0, 0.0, 0.0, 0.0, 0.0, 0.0, 0.0, 0.0, 0.0, 0.0, 0.0, 0.0, 0.0]
---
header: 
  seq: 1091
  stamp: 
    secs: 1744081288
    nsecs:  29052258
  frame_id: "world"
child_frame_id: "world"
pose: 
  pose: 
    position: 
      x: 0.48689716314515535
      y: -0.0014070424860871261
      z: 0.43021902281934843
    orientation: 
      x: 0.008581092203996095
      y: -0.01625556656105677
      z: -0.001295050796150901
      w: 0.9998302077131901
  covariance: [0.0, 0.0, 0.0, 0.0, 0.0, 0.0, 0.0, 0.0, 0.0, 0.0, 0.0, 0.0, 0.0, 0.0, 0.0, 0.0, 0.0, 0.0, 0.0, 0.0, 0.0, 0.0, 0.0, 0.0, 0.0, 0.0, 0.0, 0.0, 0.0, 0.0, 0.0, 0.0, 0.0, 0.0, 0.0, 0.0]
twist: 
  twist: 
    linear: 
      x: 0.04191015084266219
      y: 0.053189582840932066
      z: 0.011527585130498017
    angular: 
      x: 0.0
      y: 0.0
      z: 0.0
  covariance: [0.0, 0.0, 0.0, 0.0, 0.0, 0.0, 0.0, 0.0, 0.0, 0.0, 0.0, 0.0, 0.0, 0.0, 0.0, 0.0, 0.0, 0.0, 0.0, 0.0, 0.0, 0.0, 0.0, 0.0, 0.0, 0.0, 0.0, 0.0, 0.0, 0.0, 0.0, 0.0, 0.0, 0.0, 0.0, 0.0]
---
header: 
  seq: 1092
  stamp: 
    secs: 1744081288
    nsecs: 162396669
  frame_id: "world"
child_frame_id: "world"
pose: 
  pose: 
    position: 
      x: 0.48809932703863773
      y: 0.005686668968258757
      z: 0.4356490834167073
    orientation: 
      x: 0.0065844203970958715
      y: -0.014057777046928106
      z: -0.0005186228226456932
      w: 0.9998793703956999
  covariance: [0.0, 0.0, 0.0, 0.0, 0.0, 0.0, 0.0, 0.0, 0.0, 0.0, 0.0, 0.0, 0.0, 0.0, 0.0, 0.0, 0.0, 0.0, 0.0, 0.0, 0.0, 0.0, 0.0, 0.0, 0.0, 0.0, 0.0, 0.0, 0.0, 0.0, 0.0, 0.0, 0.0, 0.0, 0.0, 0.0]
twist: 
  twist: 
    linear: 
      x: 0.02121152564289926
      y: 0.016608946075339616
      z: 0.06325687791857028
    angular: 
      x: 0.0
      y: 0.0
      z: 0.0
  covariance: [0.0, 0.0, 0.0, 0.0, 0.0, 0.0, 0.0, 0.0, 0.0, 0.0, 0.0, 0.0, 0.0, 0.0, 0.0, 0.0, 0.0, 0.0, 0.0, 0.0, 0.0, 0.0, 0.0, 0.0, 0.0, 0.0, 0.0, 0.0, 0.0, 0.0, 0.0, 0.0, 0.0, 0.0, 0.0, 0.0]
---
header: 
  seq: 1093
  stamp: 
    secs: 1744081288
    nsecs: 295742750
  frame_id: "world"
child_frame_id: "world"
pose: 
  pose: 
    position: 
      x: 0.4886166273394988
      y: 0.009415180494883171
      z: 0.4437391274622656
    orientation: 
      x: 0.0002428323640444504
      y: -0.01030780514871876
      z: 0.00049352466696416
      w: 0.9999467218901525
  covariance: [0.0, 0.0, 0.0, 0.0, 0.0, 0.0, 0.0, 0.0, 0.0, 0.0, 0.0, 0.0, 0.0, 0.0, 0.0, 0.0, 0.0, 0.0, 0.0, 0.0, 0.0, 0.0, 0.0, 0.0, 0.0, 0.0, 0.0, 0.0, 0.0, 0.0, 0.0, 0.0, 0.0, 0.0, 0.0, 0.0]
twist: 
  twist: 
    linear: 
      x: 0.007551975961814633
      y: -0.003952742824184022
      z: 0.06416727030821967
    angular: 
      x: 0.0
      y: 0.0
      z: 0.0
  covariance: [0.0, 0.0, 0.0, 0.0, 0.0, 0.0, 0.0, 0.0, 0.0, 0.0, 0.0, 0.0, 0.0, 0.0, 0.0, 0.0, 0.0, 0.0, 0.0, 0.0, 0.0, 0.0, 0.0, 0.0, 0.0, 0.0, 0.0, 0.0, 0.0, 0.0, 0.0, 0.0, 0.0, 0.0, 0.0, 0.0]
---
header: 
  seq: 1094
  stamp: 
    secs: 1744081288
    nsecs: 429088354
  frame_id: "world"
child_frame_id: "world"
pose: 
  pose: 
    position: 
      x: 0.48866287659665125
      y: 0.012613505842592972
      z: 0.4490487985575028
    orientation: 
      x: 0.0006595204176287122
      y: -0.004667071528323676
      z: 0.0010753450248200183
      w: 0.9999883134863357
  covariance: [0.0, 0.0, 0.0, 0.0, 0.0, 0.0, 0.0, 0.0, 0.0, 0.0, 0.0, 0.0, 0.0, 0.0, 0.0, 0.0, 0.0, 0.0, 0.0, 0.0, 0.0, 0.0, 0.0, 0.0, 0.0, 0.0, 0.0, 0.0, 0.0, 0.0, 0.0, 0.0, 0.0, 0.0, 0.0, 0.0]
twist: 
  twist: 
    linear: 
      x: 0.001882444892881283
      y: -0.007008023867527918
      z: 0.062348556572522904
    angular: 
      x: 0.0
      y: 0.0
      z: 0.0
  covariance: [0.0, 0.0, 0.0, 0.0, 0.0, 0.0, 0.0, 0.0, 0.0, 0.0, 0.0, 0.0, 0.0, 0.0, 0.0, 0.0, 0.0, 0.0, 0.0, 0.0, 0.0, 0.0, 0.0, 0.0, 0.0, 0.0, 0.0, 0.0, 0.0, 0.0, 0.0, 0.0, 0.0, 0.0, 0.0, 0.0]
---
header: 
  seq: 1095
  stamp: 
    secs: 1744081288
    nsecs: 562434196
  frame_id: "world"
child_frame_id: "world"
pose: 
  pose: 
    position: 
      x: 0.4902137467200475
      y: 0.013417964656082894
      z: 0.45258655170618173
    orientation: 
      x: -0.0022881065601438946
      y: -0.0019746886015110745
      z: 0.0016534510568303538
      w: 0.9999940656188412
  covariance: [0.0, 0.0, 0.0, 0.0, 0.0, 0.0, 0.0, 0.0, 0.0, 0.0, 0.0, 0.0, 0.0, 0.0, 0.0, 0.0, 0.0, 0.0, 0.0, 0.0, 0.0, 0.0, 0.0, 0.0, 0.0, 0.0, 0.0, 0.0, 0.0, 0.0, 0.0, 0.0, 0.0, 0.0, 0.0, 0.0]
twist: 
  twist: 
    linear: 
      x: 0.013179902148781253
      y: -0.010540672002202317
      z: 0.05931576364648443
    angular: 
      x: 0.0
      y: 0.0
      z: 0.0
  covariance: [0.0, 0.0, 0.0, 0.0, 0.0, 0.0, 0.0, 0.0, 0.0, 0.0, 0.0, 0.0, 0.0, 0.0, 0.0, 0.0, 0.0, 0.0, 0.0, 0.0, 0.0, 0.0, 0.0, 0.0, 0.0, 0.0, 0.0, 0.0, 0.0, 0.0, 0.0, 0.0, 0.0, 0.0, 0.0, 0.0]
---
header: 
  seq: 1096
  stamp: 
    secs: 1744081288
    nsecs: 695780993
  frame_id: "world"
child_frame_id: "world"
pose: 
  pose: 
    position: 
      x: 0.49357462233673
      y: 0.013808655425737892
      z: 0.4564369593671085
    orientation: 
      x: -0.002876194400801849
      y: -0.002700184813528882
      z: 0.0017616693983856986
      w: 0.9999906664707788
  covariance: [0.0, 0.0, 0.0, 0.0, 0.0, 0.0, 0.0, 0.0, 0.0, 0.0, 0.0, 0.0, 0.0, 0.0, 0.0, 0.0, 0.0, 0.0, 0.0, 0.0, 0.0, 0.0, 0.0, 0.0, 0.0, 0.0, 0.0, 0.0, 0.0, 0.0, 0.0, 0.0, 0.0, 0.0, 0.0, 0.0]
twist: 
  twist: 
    linear: 
      x: 0.026836123850135733
      y: -0.0026989943100100854
      z: 0.0334837829688263
    angular: 
      x: 0.0
      y: 0.0
      z: 0.0
  covariance: [0.0, 0.0, 0.0, 0.0, 0.0, 0.0, 0.0, 0.0, 0.0, 0.0, 0.0, 0.0, 0.0, 0.0, 0.0, 0.0, 0.0, 0.0, 0.0, 0.0, 0.0, 0.0, 0.0, 0.0, 0.0, 0.0, 0.0, 0.0, 0.0, 0.0, 0.0, 0.0, 0.0, 0.0, 0.0, 0.0]
---
header: 
  seq: 1097
  stamp: 
    secs: 1744081288
    nsecs: 829126596
  frame_id: "world"
child_frame_id: "world"
pose: 
  pose: 
    position: 
      x: 0.4980152326638583
      y: 0.014987729739612092
      z: 0.4602022330108383
    orientation: 
      x: -0.0009106162798090147
      y: -0.0062321693361940675
      z: 0.0017973327597603239
      w: 0.9999785499891019
  covariance: [0.0, 0.0, 0.0, 0.0, 0.0, 0.0, 0.0, 0.0, 0.0, 0.0, 0.0, 0.0, 0.0, 0.0, 0.0, 0.0, 0.0, 0.0, 0.0, 0.0, 0.0, 0.0, 0.0, 0.0, 0.0, 0.0, 0.0, 0.0, 0.0, 0.0, 0.0, 0.0, 0.0, 0.0, 0.0, 0.0]
twist: 
  twist: 
    linear: 
      x: 0.03543449480744011
      y: -0.0014053936774003945
      z: 0.032800322931410594
    angular: 
      x: 0.0
      y: 0.0
      z: 0.0
  covariance: [0.0, 0.0, 0.0, 0.0, 0.0, 0.0, 0.0, 0.0, 0.0, 0.0, 0.0, 0.0, 0.0, 0.0, 0.0, 0.0, 0.0, 0.0, 0.0, 0.0, 0.0, 0.0, 0.0, 0.0, 0.0, 0.0, 0.0, 0.0, 0.0, 0.0, 0.0, 0.0, 0.0, 0.0, 0.0, 0.0]
---
header: 
  seq: 1098
  stamp: 
    secs: 1744081288
    nsecs: 962472677
  frame_id: "world"
child_frame_id: "world"
pose: 
  pose: 
    position: 
      x: 0.5035140623040791
      y: 0.014464242520981573
      z: 0.46430646654758934
    orientation: 
      x: 0.001006942619715349
      y: -0.008990475542302881
      z: 0.0018717163346023199
      w: 0.999957326136494
  covariance: [0.0, 0.0, 0.0, 0.0, 0.0, 0.0, 0.0, 0.0, 0.0, 0.0, 0.0, 0.0, 0.0, 0.0, 0.0, 0.0, 0.0, 0.0, 0.0, 0.0, 0.0, 0.0, 0.0, 0.0, 0.0, 0.0, 0.0, 0.0, 0.0, 0.0, 0.0, 0.0, 0.0, 0.0, 0.0, 0.0]
twist: 
  twist: 
    linear: 
      x: 0.03643065456979516
      y: -0.0011518191911951234
      z: 0.0253822637116579
    angular: 
      x: 0.0
      y: 0.0
      z: 0.0
  covariance: [0.0, 0.0, 0.0, 0.0, 0.0, 0.0, 0.0, 0.0, 0.0, 0.0, 0.0, 0.0, 0.0, 0.0, 0.0, 0.0, 0.0, 0.0, 0.0, 0.0, 0.0, 0.0, 0.0, 0.0, 0.0, 0.0, 0.0, 0.0, 0.0, 0.0, 0.0, 0.0, 0.0, 0.0, 0.0, 0.0]
---
header: 
  seq: 1099
  stamp: 
    secs: 1744081289
    nsecs:  95816374
  frame_id: "world"
child_frame_id: "world"
pose: 
  pose: 
    position: 
      x: 0.5086291836246857
      y: 0.01353770411030248
      z: 0.46832517861944584
    orientation: 
      x: 0.0018071812188293246
      y: -0.010103858352669507
      z: 0.002002115037130364
      w: 0.9999453173438083
  covariance: [0.0, 0.0, 0.0, 0.0, 0.0, 0.0, 0.0, 0.0, 0.0, 0.0, 0.0, 0.0, 0.0, 0.0, 0.0, 0.0, 0.0, 0.0, 0.0, 0.0, 0.0, 0.0, 0.0, 0.0, 0.0, 0.0, 0.0, 0.0, 0.0, 0.0, 0.0, 0.0, 0.0, 0.0, 0.0, 0.0]
twist: 
  twist: 
    linear: 
      x: 0.03409097465988052
      y: -0.011844612157951937
      z: 0.033009192419028936
    angular: 
      x: 0.0
      y: 0.0
      z: 0.0
  covariance: [0.0, 0.0, 0.0, 0.0, 0.0, 0.0, 0.0, 0.0, 0.0, 0.0, 0.0, 0.0, 0.0, 0.0, 0.0, 0.0, 0.0, 0.0, 0.0, 0.0, 0.0, 0.0, 0.0, 0.0, 0.0, 0.0, 0.0, 0.0, 0.0, 0.0, 0.0, 0.0, 0.0, 0.0, 0.0, 0.0]
---
header: 
  seq: 1100
  stamp: 
    secs: 1744081289
    nsecs: 229155540
  frame_id: "world"
child_frame_id: "world"
pose: 
  pose: 
    position: 
      x: 0.5133709018900385
      y: 0.011038081685738471
      z: 0.4735772904552071
    orientation: 
      x: -0.0009265215258343189
      y: -0.01019641584707709
      z: 0.0024738959560175085
      w: 0.9999445257115689
  covariance: [0.0, 0.0, 0.0, 0.0, 0.0, 0.0, 0.0, 0.0, 0.0, 0.0, 0.0, 0.0, 0.0, 0.0, 0.0, 0.0, 0.0, 0.0, 0.0, 0.0, 0.0, 0.0, 0.0, 0.0, 0.0, 0.0, 0.0, 0.0, 0.0, 0.0, 0.0, 0.0, 0.0, 0.0, 0.0, 0.0]
twist: 
  twist: 
    linear: 
      x: 0.02334815921079279
      y: -0.023035442616425667
      z: 0.044808827463651495
    angular: 
      x: 0.0
      y: 0.0
      z: 0.0
  covariance: [0.0, 0.0, 0.0, 0.0, 0.0, 0.0, 0.0, 0.0, 0.0, 0.0, 0.0, 0.0, 0.0, 0.0, 0.0, 0.0, 0.0, 0.0, 0.0, 0.0, 0.0, 0.0, 0.0, 0.0, 0.0, 0.0, 0.0, 0.0, 0.0, 0.0, 0.0, 0.0, 0.0, 0.0, 0.0, 0.0]
---
header: 
  seq: 1101
  stamp: 
    secs: 1744081289
    nsecs: 362494469
  frame_id: "world"
child_frame_id: "world"
pose: 
  pose: 
    position: 
      x: 0.5156984496865054
      y: 0.007275051955228443
      z: 0.4792172241649176
    orientation: 
      x: -0.0012350847949556608
      y: -0.009238592498442576
      z: 0.0021755958056164947
      w: 0.9999541938294412
  covariance: [0.0, 0.0, 0.0, 0.0, 0.0, 0.0, 0.0, 0.0, 0.0, 0.0, 0.0, 0.0, 0.0, 0.0, 0.0, 0.0, 0.0, 0.0, 0.0, 0.0, 0.0, 0.0, 0.0, 0.0, 0.0, 0.0, 0.0, 0.0, 0.0, 0.0, 0.0, 0.0, 0.0, 0.0, 0.0, 0.0]
twist: 
  twist: 
    linear: 
      x: 0.009033754320983828
      y: -0.01872927993343001
      z: 0.026550184795289245
    angular: 
      x: 0.0
      y: 0.0
      z: 0.0
  covariance: [0.0, 0.0, 0.0, 0.0, 0.0, 0.0, 0.0, 0.0, 0.0, 0.0, 0.0, 0.0, 0.0, 0.0, 0.0, 0.0, 0.0, 0.0, 0.0, 0.0, 0.0, 0.0, 0.0, 0.0, 0.0, 0.0, 0.0, 0.0, 0.0, 0.0, 0.0, 0.0, 0.0, 0.0, 0.0, 0.0]
---
header: 
  seq: 1102
  stamp: 
    secs: 1744081289
    nsecs: 495832920
  frame_id: "world"
child_frame_id: "world"
pose: 
  pose: 
    position: 
      x: 0.5161278587644784
      y: 0.0016116872005381422
      z: 0.48361992547421884
    orientation: 
      x: -0.0012244302782900842
      y: -0.006062807903921831
      z: 0.002121267272771699
      w: 0.9999786214494644
  covariance: [0.0, 0.0, 0.0, 0.0, 0.0, 0.0, 0.0, 0.0, 0.0, 0.0, 0.0, 0.0, 0.0, 0.0, 0.0, 0.0, 0.0, 0.0, 0.0, 0.0, 0.0, 0.0, 0.0, 0.0, 0.0, 0.0, 0.0, 0.0, 0.0, 0.0, 0.0, 0.0, 0.0, 0.0, 0.0, 0.0]
twist: 
  twist: 
    linear: 
      x: 0.0013664024005330471
      y: -0.03301754493957787
      z: 0.0031509400438277987
    angular: 
      x: 0.0
      y: 0.0
      z: 0.0
  covariance: [0.0, 0.0, 0.0, 0.0, 0.0, 0.0, 0.0, 0.0, 0.0, 0.0, 0.0, 0.0, 0.0, 0.0, 0.0, 0.0, 0.0, 0.0, 0.0, 0.0, 0.0, 0.0, 0.0, 0.0, 0.0, 0.0, 0.0, 0.0, 0.0, 0.0, 0.0, 0.0, 0.0, 0.0, 0.0, 0.0]
---
header: 
  seq: 1103
  stamp: 
    secs: 1744081289
    nsecs: 629171610
  frame_id: "world"
child_frame_id: "world"
pose: 
  pose: 
    position: 
      x: 0.5162622759246456
      y: -0.004019719750912067
      z: 0.4904381531143413
    orientation: 
      x: -0.0038931591337880087
      y: -0.004352726004711338
      z: 0.0016745918302956226
      w: 0.9999815462449738
  covariance: [0.0, 0.0, 0.0, 0.0, 0.0, 0.0, 0.0, 0.0, 0.0, 0.0, 0.0, 0.0, 0.0, 0.0, 0.0, 0.0, 0.0, 0.0, 0.0, 0.0, 0.0, 0.0, 0.0, 0.0, 0.0, 0.0, 0.0, 0.0, 0.0, 0.0, 0.0, 0.0, 0.0, 0.0, 0.0, 0.0]
twist: 
  twist: 
    linear: 
      x: -0.008998749228113839
      y: -0.0271869712494839
      z: 0.038825295807109854
    angular: 
      x: 0.0
      y: 0.0
      z: 0.0
  covariance: [0.0, 0.0, 0.0, 0.0, 0.0, 0.0, 0.0, 0.0, 0.0, 0.0, 0.0, 0.0, 0.0, 0.0, 0.0, 0.0, 0.0, 0.0, 0.0, 0.0, 0.0, 0.0, 0.0, 0.0, 0.0, 0.0, 0.0, 0.0, 0.0, 0.0, 0.0, 0.0, 0.0, 0.0, 0.0, 0.0]
---
header: 
  seq: 1104
  stamp: 
    secs: 1744081289
    nsecs: 762510061
  frame_id: "world"
child_frame_id: "world"
pose: 
  pose: 
    position: 
      x: 0.516792721138105
      y: -0.008874389654617232
      z: 0.497062851637463
    orientation: 
      x: -0.009808581468915485
      y: -0.002687450355466637
      z: 0.0014143299479152439
      w: 0.9999472831159415
  covariance: [0.0, 0.0, 0.0, 0.0, 0.0, 0.0, 0.0, 0.0, 0.0, 0.0, 0.0, 0.0, 0.0, 0.0, 0.0, 0.0, 0.0, 0.0, 0.0, 0.0, 0.0, 0.0, 0.0, 0.0, 0.0, 0.0, 0.0, 0.0, 0.0, 0.0, 0.0, 0.0, 0.0, 0.0, 0.0, 0.0]
twist: 
  twist: 
    linear: 
      x: 0.005018887855279204
      y: -0.04205755541338229
      z: 0.015669519346552044
    angular: 
      x: 0.0
      y: 0.0
      z: 0.0
  covariance: [0.0, 0.0, 0.0, 0.0, 0.0, 0.0, 0.0, 0.0, 0.0, 0.0, 0.0, 0.0, 0.0, 0.0, 0.0, 0.0, 0.0, 0.0, 0.0, 0.0, 0.0, 0.0, 0.0, 0.0, 0.0, 0.0, 0.0, 0.0, 0.0, 0.0, 0.0, 0.0, 0.0, 0.0, 0.0, 0.0]
---
header: 
  seq: 1105
  stamp: 
    secs: 1744081289
    nsecs: 895848274
  frame_id: "world"
child_frame_id: "world"
pose: 
  pose: 
    position: 
      x: 0.5172896605059297
      y: -0.013624513096368251
      z: 0.5000421632075336
    orientation: 
      x: -0.008840102084138714
      y: -0.0031651143420707477
      z: 0.0019332371775255932
      w: 0.9999540475643663
  covariance: [0.0, 0.0, 0.0, 0.0, 0.0, 0.0, 0.0, 0.0, 0.0, 0.0, 0.0, 0.0, 0.0, 0.0, 0.0, 0.0, 0.0, 0.0, 0.0, 0.0, 0.0, 0.0, 0.0, 0.0, 0.0, 0.0, 0.0, 0.0, 0.0, 0.0, 0.0, 0.0, 0.0, 0.0, 0.0, 0.0]
twist: 
  twist: 
    linear: 
      x: -0.0004351116256727411
      y: -0.01767659258148242
      z: 0.0022277864007316794
    angular: 
      x: 0.0
      y: 0.0
      z: 0.0
  covariance: [0.0, 0.0, 0.0, 0.0, 0.0, 0.0, 0.0, 0.0, 0.0, 0.0, 0.0, 0.0, 0.0, 0.0, 0.0, 0.0, 0.0, 0.0, 0.0, 0.0, 0.0, 0.0, 0.0, 0.0, 0.0, 0.0, 0.0, 0.0, 0.0, 0.0, 0.0, 0.0, 0.0, 0.0, 0.0, 0.0]
---
header: 
  seq: 1106
  stamp: 
    secs: 1744081290
    nsecs:  29186487
  frame_id: "world"
child_frame_id: "world"
pose: 
  pose: 
    position: 
      x: 0.5173788476055211
      y: -0.01713905915790813
      z: 0.5032950813258649
    orientation: 
      x: -0.006080770385180352
      y: -0.002887544083408412
      z: 0.002308049338493387
      w: 0.9999746792939009
  covariance: [0.0, 0.0, 0.0, 0.0, 0.0, 0.0, 0.0, 0.0, 0.0, 0.0, 0.0, 0.0, 0.0, 0.0, 0.0, 0.0, 0.0, 0.0, 0.0, 0.0, 0.0, 0.0, 0.0, 0.0, 0.0, 0.0, 0.0, 0.0, 0.0, 0.0, 0.0, 0.0, 0.0, 0.0, 0.0, 0.0]
twist: 
  twist: 
    linear: 
      x: -0.0014100127804928004
      y: -0.010620754417451453
      z: 0.007995174910079134
    angular: 
      x: 0.0
      y: 0.0
      z: 0.0
  covariance: [0.0, 0.0, 0.0, 0.0, 0.0, 0.0, 0.0, 0.0, 0.0, 0.0, 0.0, 0.0, 0.0, 0.0, 0.0, 0.0, 0.0, 0.0, 0.0, 0.0, 0.0, 0.0, 0.0, 0.0, 0.0, 0.0, 0.0, 0.0, 0.0, 0.0, 0.0, 0.0, 0.0, 0.0, 0.0, 0.0]
---
header: 
  seq: 1107
  stamp: 
    secs: 1744081290
    nsecs: 162528753
  frame_id: "world"
child_frame_id: "world"
pose: 
  pose: 
    position: 
      x: 0.5176392299778486
      y: -0.018002217637248963
      z: 0.5067602291946924
    orientation: 
      x: -0.006299525923660604
      y: -0.0031254271185999706
      z: 0.0021087998271680014
      w: 0.9999730499577238
  covariance: [0.0, 0.0, 0.0, 0.0, 0.0, 0.0, 0.0, 0.0, 0.0, 0.0, 0.0, 0.0, 0.0, 0.0, 0.0, 0.0, 0.0, 0.0, 0.0, 0.0, 0.0, 0.0, 0.0, 0.0, 0.0, 0.0, 0.0, 0.0, 0.0, 0.0, 0.0, 0.0, 0.0, 0.0, 0.0, 0.0]
twist: 
  twist: 
    linear: 
      x: 0.0011073232921246668
      y: -0.007919181047063979
      z: 0.018265009741252988
    angular: 
      x: 0.0
      y: 0.0
      z: 0.0
  covariance: [0.0, 0.0, 0.0, 0.0, 0.0, 0.0, 0.0, 0.0, 0.0, 0.0, 0.0, 0.0, 0.0, 0.0, 0.0, 0.0, 0.0, 0.0, 0.0, 0.0, 0.0, 0.0, 0.0, 0.0, 0.0, 0.0, 0.0, 0.0, 0.0, 0.0, 0.0, 0.0, 0.0, 0.0, 0.0, 0.0]
---
header: 
  seq: 1108
  stamp: 
    secs: 1744081290
    nsecs: 295871973
  frame_id: "world"
child_frame_id: "world"
pose: 
  pose: 
    position: 
      x: 0.5186148356077966
      y: -0.019024067928117366
      z: 0.5056203081326774
    orientation: 
      x: -0.006259866030438701
      y: -0.003430805018348626
      z: 0.0024777902756029395
      w: 0.9999714516972759
  covariance: [0.0, 0.0, 0.0, 0.0, 0.0, 0.0, 0.0, 0.0, 0.0, 0.0, 0.0, 0.0, 0.0, 0.0, 0.0, 0.0, 0.0, 0.0, 0.0, 0.0, 0.0, 0.0, 0.0, 0.0, 0.0, 0.0, 0.0, 0.0, 0.0, 0.0, 0.0, 0.0, 0.0, 0.0, 0.0, 0.0]
twist: 
  twist: 
    linear: 
      x: -0.0012692328424639924
      y: -0.00704817885627766
      z: 0.006142078061318783
    angular: 
      x: 0.0
      y: 0.0
      z: 0.0
  covariance: [0.0, 0.0, 0.0, 0.0, 0.0, 0.0, 0.0, 0.0, 0.0, 0.0, 0.0, 0.0, 0.0, 0.0, 0.0, 0.0, 0.0, 0.0, 0.0, 0.0, 0.0, 0.0, 0.0, 0.0, 0.0, 0.0, 0.0, 0.0, 0.0, 0.0, 0.0, 0.0, 0.0, 0.0, 0.0, 0.0]
---
header: 
  seq: 1109
  stamp: 
    secs: 1744081290
    nsecs: 429215431
  frame_id: "world"
child_frame_id: "world"
pose: 
  pose: 
    position: 
      x: 0.5191492780597644
      y: -0.01947883172082411
      z: 0.5036715876754514
    orientation: 
      x: -0.0034389693148077884
      y: -0.001110988793034046
      z: 0.002626355693335359
      w: 0.9999900206750694
  covariance: [0.0, 0.0, 0.0, 0.0, 0.0, 0.0, 0.0, 0.0, 0.0, 0.0, 0.0, 0.0, 0.0, 0.0, 0.0, 0.0, 0.0, 0.0, 0.0, 0.0, 0.0, 0.0, 0.0, 0.0, 0.0, 0.0, 0.0, 0.0, 0.0, 0.0, 0.0, 0.0, 0.0, 0.0, 0.0, 0.0]
twist: 
  twist: 
    linear: 
      x: -0.005402959897056292
      y: 0.0037037545689806747
      z: -0.018351627700076326
    angular: 
      x: 0.0
      y: 0.0
      z: 0.0
  covariance: [0.0, 0.0, 0.0, 0.0, 0.0, 0.0, 0.0, 0.0, 0.0, 0.0, 0.0, 0.0, 0.0, 0.0, 0.0, 0.0, 0.0, 0.0, 0.0, 0.0, 0.0, 0.0, 0.0, 0.0, 0.0, 0.0, 0.0, 0.0, 0.0, 0.0, 0.0, 0.0, 0.0, 0.0, 0.0, 0.0]
---
header: 
  seq: 1110
  stamp: 
    secs: 1744081290
    nsecs: 562558413
  frame_id: "world"
child_frame_id: "world"
pose: 
  pose: 
    position: 
      x: 0.5206045183743434
      y: -0.01988367174272343
      z: 0.4981180880353273
    orientation: 
      x: -0.0010801104166063274
      y: 0.00016570651463412994
      z: 0.0024187880362191755
      w: 0.999996477677434
  covariance: [0.0, 0.0, 0.0, 0.0, 0.0, 0.0, 0.0, 0.0, 0.0, 0.0, 0.0, 0.0, 0.0, 0.0, 0.0, 0.0, 0.0, 0.0, 0.0, 0.0, 0.0, 0.0, 0.0, 0.0, 0.0, 0.0, 0.0, 0.0, 0.0, 0.0, 0.0, 0.0, 0.0, 0.0, 0.0, 0.0]
twist: 
  twist: 
    linear: 
      x: -0.002872748667327285
      y: 0.01407500820066905
      z: -0.026132779946420753
    angular: 
      x: 0.0
      y: 0.0
      z: 0.0
  covariance: [0.0, 0.0, 0.0, 0.0, 0.0, 0.0, 0.0, 0.0, 0.0, 0.0, 0.0, 0.0, 0.0, 0.0, 0.0, 0.0, 0.0, 0.0, 0.0, 0.0, 0.0, 0.0, 0.0, 0.0, 0.0, 0.0, 0.0, 0.0, 0.0, 0.0, 0.0, 0.0, 0.0, 0.0, 0.0, 0.0]
---
header: 
  seq: 1111
  stamp: 
    secs: 1744081290
    nsecs: 695901394
  frame_id: "world"
child_frame_id: "world"
pose: 
  pose: 
    position: 
      x: 0.5232782093492576
      y: -0.020991064170642545
      z: 0.49098366042989794
    orientation: 
      x: 0.000339503045542496
      y: -0.0009393931513661774
      z: 0.0014323336035101802
      w: 0.9999984753481564
  covariance: [0.0, 0.0, 0.0, 0.0, 0.0, 0.0, 0.0, 0.0, 0.0, 0.0, 0.0, 0.0, 0.0, 0.0, 0.0, 0.0, 0.0, 0.0, 0.0, 0.0, 0.0, 0.0, 0.0, 0.0, 0.0, 0.0, 0.0, 0.0, 0.0, 0.0, 0.0, 0.0, 0.0, 0.0, 0.0, 0.0]
twist: 
  twist: 
    linear: 
      x: 0.010263947290963754
      y: 0.02417609743716892
      z: -0.034218706543433106
    angular: 
      x: 0.0
      y: 0.0
      z: 0.0
  covariance: [0.0, 0.0, 0.0, 0.0, 0.0, 0.0, 0.0, 0.0, 0.0, 0.0, 0.0, 0.0, 0.0, 0.0, 0.0, 0.0, 0.0, 0.0, 0.0, 0.0, 0.0, 0.0, 0.0, 0.0, 0.0, 0.0, 0.0, 0.0, 0.0, 0.0, 0.0, 0.0, 0.0, 0.0, 0.0, 0.0]
---
header: 
  seq: 1112
  stamp: 
    secs: 1744081290
    nsecs: 829244614
  frame_id: "world"
child_frame_id: "world"
pose: 
  pose: 
    position: 
      x: 0.526323017894231
      y: -0.023504536489083988
      z: 0.48429226788284185
    orientation: 
      x: 0.005334973184949313
      y: -0.004766283386549393
      z: 0.0007702548418016743
      w: 0.9999741133205767
  covariance: [0.0, 0.0, 0.0, 0.0, 0.0, 0.0, 0.0, 0.0, 0.0, 0.0, 0.0, 0.0, 0.0, 0.0, 0.0, 0.0, 0.0, 0.0, 0.0, 0.0, 0.0, 0.0, 0.0, 0.0, 0.0, 0.0, 0.0, 0.0, 0.0, 0.0, 0.0, 0.0, 0.0, 0.0, 0.0, 0.0]
twist: 
  twist: 
    linear: 
      x: 0.008021748914729654
      y: 0.022164057776896444
      z: -0.02094585574185165
    angular: 
      x: 0.0
      y: 0.0
      z: 0.0
  covariance: [0.0, 0.0, 0.0, 0.0, 0.0, 0.0, 0.0, 0.0, 0.0, 0.0, 0.0, 0.0, 0.0, 0.0, 0.0, 0.0, 0.0, 0.0, 0.0, 0.0, 0.0, 0.0, 0.0, 0.0, 0.0, 0.0, 0.0, 0.0, 0.0, 0.0, 0.0, 0.0, 0.0, 0.0, 0.0, 0.0]
---
header: 
  seq: 1113
  stamp: 
    secs: 1744081290
    nsecs: 962587357
  frame_id: "world"
child_frame_id: "world"
pose: 
  pose: 
    position: 
      x: 0.5288147384417394
      y: -0.029016829444125744
      z: 0.4827915489849592
    orientation: 
      x: 0.005459588133264483
      y: -0.006745635650217055
      z: 0.0003413974887711183
      w: 0.9999622856612365
  covariance: [0.0, 0.0, 0.0, 0.0, 0.0, 0.0, 0.0, 0.0, 0.0, 0.0, 0.0, 0.0, 0.0, 0.0, 0.0, 0.0, 0.0, 0.0, 0.0, 0.0, 0.0, 0.0, 0.0, 0.0, 0.0, 0.0, 0.0, 0.0, 0.0, 0.0, 0.0, 0.0, 0.0, 0.0, 0.0, 0.0]
twist: 
  twist: 
    linear: 
      x: 0.00041257691618130644
      y: -0.011186391441112485
      z: 0.0013624580893173055
    angular: 
      x: 0.0
      y: 0.0
      z: 0.0
  covariance: [0.0, 0.0, 0.0, 0.0, 0.0, 0.0, 0.0, 0.0, 0.0, 0.0, 0.0, 0.0, 0.0, 0.0, 0.0, 0.0, 0.0, 0.0, 0.0, 0.0, 0.0, 0.0, 0.0, 0.0, 0.0, 0.0, 0.0, 0.0, 0.0, 0.0, 0.0, 0.0, 0.0, 0.0, 0.0, 0.0]
---
header: 
  seq: 1114
  stamp: 
    secs: 1744081291
    nsecs:  95929861
  frame_id: "world"
child_frame_id: "world"
pose: 
  pose: 
    position: 
      x: 0.5313804968810857
      y: -0.0330945070800975
      z: 0.48059413536423023
    orientation: 
      x: -0.0019163172066566003
      y: -0.005280776054826117
      z: -0.0005660331816267288
      w: 0.9999840602424919
  covariance: [0.0, 0.0, 0.0, 0.0, 0.0, 0.0, 0.0, 0.0, 0.0, 0.0, 0.0, 0.0, 0.0, 0.0, 0.0, 0.0, 0.0, 0.0, 0.0, 0.0, 0.0, 0.0, 0.0, 0.0, 0.0, 0.0, 0.0, 0.0, 0.0, 0.0, 0.0, 0.0, 0.0, 0.0, 0.0, 0.0]
twist: 
  twist: 
    linear: 
      x: -0.008905812274258133
      y: -0.024209109486731887
      z: -0.018689502975133974
    angular: 
      x: 0.0
      y: 0.0
      z: 0.0
  covariance: [0.0, 0.0, 0.0, 0.0, 0.0, 0.0, 0.0, 0.0, 0.0, 0.0, 0.0, 0.0, 0.0, 0.0, 0.0, 0.0, 0.0, 0.0, 0.0, 0.0, 0.0, 0.0, 0.0, 0.0, 0.0, 0.0, 0.0, 0.0, 0.0, 0.0, 0.0, 0.0, 0.0, 0.0, 0.0, 0.0]
---
header: 
  seq: 1115
  stamp: 
    secs: 1744081291
    nsecs: 229270697
  frame_id: "world"
child_frame_id: "world"
pose: 
  pose: 
    position: 
      x: 0.5325027055900442
      y: -0.0412061340982332
      z: 0.4769758968560447
    orientation: 
      x: -0.007200668609301746
      y: -0.0034591357934478624
      z: -0.0002959629732279168
      w: 0.9999680480680669
  covariance: [0.0, 0.0, 0.0, 0.0, 0.0, 0.0, 0.0, 0.0, 0.0, 0.0, 0.0, 0.0, 0.0, 0.0, 0.0, 0.0, 0.0, 0.0, 0.0, 0.0, 0.0, 0.0, 0.0, 0.0, 0.0, 0.0, 0.0, 0.0, 0.0, 0.0, 0.0, 0.0, 0.0, 0.0, 0.0, 0.0]
twist: 
  twist: 
    linear: 
      x: -0.0019060180071049267
      y: -0.051987555078114284
      z: -0.011177770171934994
    angular: 
      x: 0.0
      y: 0.0
      z: 0.0
  covariance: [0.0, 0.0, 0.0, 0.0, 0.0, 0.0, 0.0, 0.0, 0.0, 0.0, 0.0, 0.0, 0.0, 0.0, 0.0, 0.0, 0.0, 0.0, 0.0, 0.0, 0.0, 0.0, 0.0, 0.0, 0.0, 0.0, 0.0, 0.0, 0.0, 0.0, 0.0, 0.0, 0.0, 0.0, 0.0, 0.0]
---
header: 
  seq: 1116
  stamp: 
    secs: 1744081291
    nsecs: 362612247
  frame_id: "world"
child_frame_id: "world"
pose: 
  pose: 
    position: 
      x: 0.5327802636313705
      y: -0.04643933228367766
      z: 0.4744769016824441
    orientation: 
      x: -0.012324726998503564
      y: -0.003113589239223605
      z: -0.00046874927539539623
      w: 0.9999190901970911
  covariance: [0.0, 0.0, 0.0, 0.0, 0.0, 0.0, 0.0, 0.0, 0.0, 0.0, 0.0, 0.0, 0.0, 0.0, 0.0, 0.0, 0.0, 0.0, 0.0, 0.0, 0.0, 0.0, 0.0, 0.0, 0.0, 0.0, 0.0, 0.0, 0.0, 0.0, 0.0, 0.0, 0.0, 0.0, 0.0, 0.0]
twist: 
  twist: 
    linear: 
      x: -0.010417597345330225
      y: -0.03981608396924689
      z: -0.0017810609869043682
    angular: 
      x: 0.0
      y: 0.0
      z: 0.0
  covariance: [0.0, 0.0, 0.0, 0.0, 0.0, 0.0, 0.0, 0.0, 0.0, 0.0, 0.0, 0.0, 0.0, 0.0, 0.0, 0.0, 0.0, 0.0, 0.0, 0.0, 0.0, 0.0, 0.0, 0.0, 0.0, 0.0, 0.0, 0.0, 0.0, 0.0, 0.0, 0.0, 0.0, 0.0, 0.0, 0.0]
---
header: 
  seq: 1117
  stamp: 
    secs: 1744081291
    nsecs: 495952845
  frame_id: "world"
child_frame_id: "world"
pose: 
  pose: 
    position: 
      x: 0.5320263715732046
      y: -0.049231146202737615
      z: 0.4723356674775615
    orientation: 
      x: -0.0147483385201846
      y: -0.002326014501058576
      z: -0.0007977850044553684
      w: 0.9998882136051618
  covariance: [0.0, 0.0, 0.0, 0.0, 0.0, 0.0, 0.0, 0.0, 0.0, 0.0, 0.0, 0.0, 0.0, 0.0, 0.0, 0.0, 0.0, 0.0, 0.0, 0.0, 0.0, 0.0, 0.0, 0.0, 0.0, 0.0, 0.0, 0.0, 0.0, 0.0, 0.0, 0.0, 0.0, 0.0, 0.0, 0.0]
twist: 
  twist: 
    linear: 
      x: -0.008548456493294254
      y: -0.016376410843308417
      z: -0.003842797555698931
    angular: 
      x: 0.0
      y: 0.0
      z: 0.0
  covariance: [0.0, 0.0, 0.0, 0.0, 0.0, 0.0, 0.0, 0.0, 0.0, 0.0, 0.0, 0.0, 0.0, 0.0, 0.0, 0.0, 0.0, 0.0, 0.0, 0.0, 0.0, 0.0, 0.0, 0.0, 0.0, 0.0, 0.0, 0.0, 0.0, 0.0, 0.0, 0.0, 0.0, 0.0, 0.0, 0.0]
---
header: 
  seq: 1118
  stamp: 
    secs: 1744081291
    nsecs: 629293442
  frame_id: "world"
child_frame_id: "world"
pose: 
  pose: 
    position: 
      x: 0.5299603392391443
      y: -0.048149318904432144
      z: 0.468785624856555
    orientation: 
      x: -0.011770578223469753
      y: -0.00308078884847763
      z: -0.0016002877328275035
      w: 0.999924697818555
  covariance: [0.0, 0.0, 0.0, 0.0, 0.0, 0.0, 0.0, 0.0, 0.0, 0.0, 0.0, 0.0, 0.0, 0.0, 0.0, 0.0, 0.0, 0.0, 0.0, 0.0, 0.0, 0.0, 0.0, 0.0, 0.0, 0.0, 0.0, 0.0, 0.0, 0.0, 0.0, 0.0, 0.0, 0.0, 0.0, 0.0]
twist: 
  twist: 
    linear: 
      x: -0.012511060493497424
      y: 0.011167985393006438
      z: -0.02303595782847874
    angular: 
      x: 0.0
      y: 0.0
      z: 0.0
  covariance: [0.0, 0.0, 0.0, 0.0, 0.0, 0.0, 0.0, 0.0, 0.0, 0.0, 0.0, 0.0, 0.0, 0.0, 0.0, 0.0, 0.0, 0.0, 0.0, 0.0, 0.0, 0.0, 0.0, 0.0, 0.0, 0.0, 0.0, 0.0, 0.0, 0.0, 0.0, 0.0, 0.0, 0.0, 0.0, 0.0]
---
header: 
  seq: 1119
  stamp: 
    secs: 1744081291
    nsecs: 762633801
  frame_id: "world"
child_frame_id: "world"
pose: 
  pose: 
    position: 
      x: 0.5282420014008814
      y: -0.04368121142529183
      z: 0.46435066321587515
    orientation: 
      x: -0.006079584922934863
      y: -0.0051678896250284875
      z: -0.002792782291226421
      w: 0.9999642653270477
  covariance: [0.0, 0.0, 0.0, 0.0, 0.0, 0.0, 0.0, 0.0, 0.0, 0.0, 0.0, 0.0, 0.0, 0.0, 0.0, 0.0, 0.0, 0.0, 0.0, 0.0, 0.0, 0.0, 0.0, 0.0, 0.0, 0.0, 0.0, 0.0, 0.0, 0.0, 0.0, 0.0, 0.0, 0.0, 0.0, 0.0]
twist: 
  twist: 
    linear: 
      x: -0.011753951164764832
      y: 0.04958162039361764
      z: -0.02491890485931037
    angular: 
      x: 0.0
      y: 0.0
      z: 0.0
  covariance: [0.0, 0.0, 0.0, 0.0, 0.0, 0.0, 0.0, 0.0, 0.0, 0.0, 0.0, 0.0, 0.0, 0.0, 0.0, 0.0, 0.0, 0.0, 0.0, 0.0, 0.0, 0.0, 0.0, 0.0, 0.0, 0.0, 0.0, 0.0, 0.0, 0.0, 0.0, 0.0, 0.0, 0.0, 0.0, 0.0]
---
header: 
  seq: 1120
  stamp: 
    secs: 1744081291
    nsecs: 895973921
  frame_id: "world"
child_frame_id: "world"
pose: 
  pose: 
    position: 
      x: 0.5260612839947185
      y: -0.039168494163948075
      z: 0.46620103728940404
    orientation: 
      x: 0.0007072400247809893
      y: -0.006698816856236693
      z: -0.0031497516657971406
      w: 0.9999723519821524
  covariance: [0.0, 0.0, 0.0, 0.0, 0.0, 0.0, 0.0, 0.0, 0.0, 0.0, 0.0, 0.0, 0.0, 0.0, 0.0, 0.0, 0.0, 0.0, 0.0, 0.0, 0.0, 0.0, 0.0, 0.0, 0.0, 0.0, 0.0, 0.0, 0.0, 0.0, 0.0, 0.0, 0.0, 0.0, 0.0, 0.0]
twist: 
  twist: 
    linear: 
      x: -0.01425569826118596
      y: 0.0454961523036157
      z: 0.006064315423539223
    angular: 
      x: 0.0
      y: 0.0
      z: 0.0
  covariance: [0.0, 0.0, 0.0, 0.0, 0.0, 0.0, 0.0, 0.0, 0.0, 0.0, 0.0, 0.0, 0.0, 0.0, 0.0, 0.0, 0.0, 0.0, 0.0, 0.0, 0.0, 0.0, 0.0, 0.0, 0.0, 0.0, 0.0, 0.0, 0.0, 0.0, 0.0, 0.0, 0.0, 0.0, 0.0, 0.0]
---
header: 
  seq: 1121
  stamp: 
    secs: 1744081292
    nsecs:  29314041
  frame_id: "world"
child_frame_id: "world"
pose: 
  pose: 
    position: 
      x: 0.5245557874457334
      y: -0.03325523470301136
      z: 0.4671397669059422
    orientation: 
      x: 0.0033705947758745267
      y: -0.0053866994475991565
      z: -0.0025906907394531997
      w: 0.9999764551635256
  covariance: [0.0, 0.0, 0.0, 0.0, 0.0, 0.0, 0.0, 0.0, 0.0, 0.0, 0.0, 0.0, 0.0, 0.0, 0.0, 0.0, 0.0, 0.0, 0.0, 0.0, 0.0, 0.0, 0.0, 0.0, 0.0, 0.0, 0.0, 0.0, 0.0, 0.0, 0.0, 0.0, 0.0, 0.0, 0.0, 0.0]
twist: 
  twist: 
    linear: 
      x: -0.010424174423065615
      y: 0.03644744227648563
      z: 0.029744531035065677
    angular: 
      x: 0.0
      y: 0.0
      z: 0.0
  covariance: [0.0, 0.0, 0.0, 0.0, 0.0, 0.0, 0.0, 0.0, 0.0, 0.0, 0.0, 0.0, 0.0, 0.0, 0.0, 0.0, 0.0, 0.0, 0.0, 0.0, 0.0, 0.0, 0.0, 0.0, 0.0, 0.0, 0.0, 0.0, 0.0, 0.0, 0.0, 0.0, 0.0, 0.0, 0.0, 0.0]
---
header: 
  seq: 1122
  stamp: 
    secs: 1744081292
    nsecs: 162683964
  frame_id: "world"
child_frame_id: "world"
pose: 
  pose: 
    position: 
      x: 0.5214893331711102
      y: -0.034066666505723854
      z: 0.47768327925305265
    orientation: 
      x: 0.003814465245962497
      y: -0.004962627181064438
      z: -0.0012142148944806852
      w: 0.9999796737276909
  covariance: [0.0, 0.0, 0.0, 0.0, 0.0, 0.0, 0.0, 0.0, 0.0, 0.0, 0.0, 0.0, 0.0, 0.0, 0.0, 0.0, 0.0, 0.0, 0.0, 0.0, 0.0, 0.0, 0.0, 0.0, 0.0, 0.0, 0.0, 0.0, 0.0, 0.0, 0.0, 0.0, 0.0, 0.0, 0.0, 0.0]
twist: 
  twist: 
    linear: 
      x: -0.012738359029336213
      y: 0.029330344027426927
      z: 0.024330023614081826
    angular: 
      x: 0.0
      y: 0.0
      z: 0.0
  covariance: [0.0, 0.0, 0.0, 0.0, 0.0, 0.0, 0.0, 0.0, 0.0, 0.0, 0.0, 0.0, 0.0, 0.0, 0.0, 0.0, 0.0, 0.0, 0.0, 0.0, 0.0, 0.0, 0.0, 0.0, 0.0, 0.0, 0.0, 0.0, 0.0, 0.0, 0.0, 0.0, 0.0, 0.0, 0.0, 0.0]
---
header: 
  seq: 1123
  stamp: 
    secs: 1744081292
    nsecs: 296082497
  frame_id: "world"
child_frame_id: "world"
pose: 
  pose: 
    position: 
      x: 0.5185739305952829
      y: -0.03480438568831971
      z: 0.4857694617075826
    orientation: 
      x: 0.0022426058544687236
      y: -0.004692300927927187
      z: -4.196193796978683e-05
      w: 0.9999864755436341
  covariance: [0.0, 0.0, 0.0, 0.0, 0.0, 0.0, 0.0, 0.0, 0.0, 0.0, 0.0, 0.0, 0.0, 0.0, 0.0, 0.0, 0.0, 0.0, 0.0, 0.0, 0.0, 0.0, 0.0, 0.0, 0.0, 0.0, 0.0, 0.0, 0.0, 0.0, 0.0, 0.0, 0.0, 0.0, 0.0, 0.0]
twist: 
  twist: 
    linear: 
      x: -0.009070272010765256
      y: 0.013853457668529528
      z: 0.03342256567874772
    angular: 
      x: 0.0
      y: 0.0
      z: 0.0
  covariance: [0.0, 0.0, 0.0, 0.0, 0.0, 0.0, 0.0, 0.0, 0.0, 0.0, 0.0, 0.0, 0.0, 0.0, 0.0, 0.0, 0.0, 0.0, 0.0, 0.0, 0.0, 0.0, 0.0, 0.0, 0.0, 0.0, 0.0, 0.0, 0.0, 0.0, 0.0, 0.0, 0.0, 0.0, 0.0, 0.0]
---
header: 
  seq: 1124
  stamp: 
    secs: 1744081292
    nsecs: 429482222
  frame_id: "world"
child_frame_id: "world"
pose: 
  pose: 
    position: 
      x: 0.5169581009576438
      y: -0.037185326077990924
      z: 0.49629138774283343
    orientation: 
      x: 0.000278819066876221
      y: -0.00445820150175705
      z: 0.0008144634727676527
      w: 0.9999896916211433
  covariance: [0.0, 0.0, 0.0, 0.0, 0.0, 0.0, 0.0, 0.0, 0.0, 0.0, 0.0, 0.0, 0.0, 0.0, 0.0, 0.0, 0.0, 0.0, 0.0, 0.0, 0.0, 0.0, 0.0, 0.0, 0.0, 0.0, 0.0, 0.0, 0.0, 0.0, 0.0, 0.0, 0.0, 0.0, 0.0, 0.0]
twist: 
  twist: 
    linear: 
      x: -0.010649224197828325
      y: 0.009485642987050045
      z: 0.041680455999128285
    angular: 
      x: 0.0
      y: 0.0
      z: 0.0
  covariance: [0.0, 0.0, 0.0, 0.0, 0.0, 0.0, 0.0, 0.0, 0.0, 0.0, 0.0, 0.0, 0.0, 0.0, 0.0, 0.0, 0.0, 0.0, 0.0, 0.0, 0.0, 0.0, 0.0, 0.0, 0.0, 0.0, 0.0, 0.0, 0.0, 0.0, 0.0, 0.0, 0.0, 0.0, 0.0, 0.0]
---
header: 
  seq: 1125
  stamp: 
    secs: 1744081292
    nsecs: 562883377
  frame_id: "world"
child_frame_id: "world"
pose: 
  pose: 
    position: 
      x: 0.5153906928265609
      y: -0.040176581646875285
      z: 0.5053901361161368
    orientation: 
      x: 0.0021196275422296455
      y: -0.0019705056779568512
      z: 0.0010089707290137798
      w: 0.9999953031212314
  covariance: [0.0, 0.0, 0.0, 0.0, 0.0, 0.0, 0.0, 0.0, 0.0, 0.0, 0.0, 0.0, 0.0, 0.0, 0.0, 0.0, 0.0, 0.0, 0.0, 0.0, 0.0, 0.0, 0.0, 0.0, 0.0, 0.0, 0.0, 0.0, 0.0, 0.0, 0.0, 0.0, 0.0, 0.0, 0.0, 0.0]
twist: 
  twist: 
    linear: 
      x: -0.007209039797041204
      y: -0.012745495961988672
      z: 0.04396106038048741
    angular: 
      x: 0.0
      y: 0.0
      z: 0.0
  covariance: [0.0, 0.0, 0.0, 0.0, 0.0, 0.0, 0.0, 0.0, 0.0, 0.0, 0.0, 0.0, 0.0, 0.0, 0.0, 0.0, 0.0, 0.0, 0.0, 0.0, 0.0, 0.0, 0.0, 0.0, 0.0, 0.0, 0.0, 0.0, 0.0, 0.0, 0.0, 0.0, 0.0, 0.0, 0.0, 0.0]
---
header: 
  seq: 1126
  stamp: 
    secs: 1744081292
    nsecs: 696285725
  frame_id: "world"
child_frame_id: "world"
pose: 
  pose: 
    position: 
      x: 0.5149218758458086
      y: -0.044287779354969393
      z: 0.5141438293517033
    orientation: 
      x: -0.003667963148748443
      y: -9.279822828305468e-05
      z: 0.000609475927703759
      w: 0.9999930829630381
  covariance: [0.0, 0.0, 0.0, 0.0, 0.0, 0.0, 0.0, 0.0, 0.0, 0.0, 0.0, 0.0, 0.0, 0.0, 0.0, 0.0, 0.0, 0.0, 0.0, 0.0, 0.0, 0.0, 0.0, 0.0, 0.0, 0.0, 0.0, 0.0, 0.0, 0.0, 0.0, 0.0, 0.0, 0.0, 0.0, 0.0]
twist: 
  twist: 
    linear: 
      x: -0.0027576782132283442
      y: -0.04158022693205296
      z: 0.05911263210960772
    angular: 
      x: 0.0
      y: 0.0
      z: 0.0
  covariance: [0.0, 0.0, 0.0, 0.0, 0.0, 0.0, 0.0, 0.0, 0.0, 0.0, 0.0, 0.0, 0.0, 0.0, 0.0, 0.0, 0.0, 0.0, 0.0, 0.0, 0.0, 0.0, 0.0, 0.0, 0.0, 0.0, 0.0, 0.0, 0.0, 0.0, 0.0, 0.0, 0.0, 0.0, 0.0, 0.0]
---
header: 
  seq: 1127
  stamp: 
    secs: 1744081292
    nsecs: 829689503
  frame_id: "world"
child_frame_id: "world"
pose: 
  pose: 
    position: 
      x: 0.5142687144995342
      y: -0.04914615888449244
      z: 0.517925413673761
    orientation: 
      x: -0.01387152162989664
      y: 0.00040655167497384895
      z: 0.0001977283744023449
      w: 0.9999036836150255
  covariance: [0.0, 0.0, 0.0, 0.0, 0.0, 0.0, 0.0, 0.0, 0.0, 0.0, 0.0, 0.0, 0.0, 0.0, 0.0, 0.0, 0.0, 0.0, 0.0, 0.0, 0.0, 0.0, 0.0, 0.0, 0.0, 0.0, 0.0, 0.0, 0.0, 0.0, 0.0, 0.0, 0.0, 0.0, 0.0, 0.0]
twist: 
  twist: 
    linear: 
      x: -0.003660368656697722
      y: -0.04001830019631352
      z: 0.0038822784698016753
    angular: 
      x: 0.0
      y: 0.0
      z: 0.0
  covariance: [0.0, 0.0, 0.0, 0.0, 0.0, 0.0, 0.0, 0.0, 0.0, 0.0, 0.0, 0.0, 0.0, 0.0, 0.0, 0.0, 0.0, 0.0, 0.0, 0.0, 0.0, 0.0, 0.0, 0.0, 0.0, 0.0, 0.0, 0.0, 0.0, 0.0, 0.0, 0.0, 0.0, 0.0, 0.0, 0.0]
---
header: 
  seq: 1128
  stamp: 
    secs: 1744081292
    nsecs: 963094711
  frame_id: "world"
child_frame_id: "world"
pose: 
  pose: 
    position: 
      x: 0.5142648702664293
      y: -0.051671972238709875
      z: 0.5127941735902399
    orientation: 
      x: -0.01609032196579269
      y: 0.000613968261837903
      z: -0.0008297227486625406
      w: 0.9998700096223363
  covariance: [0.0, 0.0, 0.0, 0.0, 0.0, 0.0, 0.0, 0.0, 0.0, 0.0, 0.0, 0.0, 0.0, 0.0, 0.0, 0.0, 0.0, 0.0, 0.0, 0.0, 0.0, 0.0, 0.0, 0.0, 0.0, 0.0, 0.0, 0.0, 0.0, 0.0, 0.0, 0.0, 0.0, 0.0, 0.0, 0.0]
twist: 
  twist: 
    linear: 
      x: 0.0028381514546893037
      y: -0.0035224387110954166
      z: -0.04906594166158863
    angular: 
      x: 0.0
      y: 0.0
      z: 0.0
  covariance: [0.0, 0.0, 0.0, 0.0, 0.0, 0.0, 0.0, 0.0, 0.0, 0.0, 0.0, 0.0, 0.0, 0.0, 0.0, 0.0, 0.0, 0.0, 0.0, 0.0, 0.0, 0.0, 0.0, 0.0, 0.0, 0.0, 0.0, 0.0, 0.0, 0.0, 0.0, 0.0, 0.0, 0.0, 0.0, 0.0]
---
header: 
  seq: 1129
  stamp: 
    secs: 1744081293
    nsecs:  96501112
  frame_id: "world"
child_frame_id: "world"
pose: 
  pose: 
    position: 
      x: 0.5199523115789955
      y: -0.04734040225412994
      z: 0.4991930085221862
    orientation: 
      x: -0.011456067118343325
      y: -0.0025780318740135357
      z: -0.0016275030926434183
      w: 0.9999297292867735
  covariance: [0.0, 0.0, 0.0, 0.0, 0.0, 0.0, 0.0, 0.0, 0.0, 0.0, 0.0, 0.0, 0.0, 0.0, 0.0, 0.0, 0.0, 0.0, 0.0, 0.0, 0.0, 0.0, 0.0, 0.0, 0.0, 0.0, 0.0, 0.0, 0.0, 0.0, 0.0, 0.0, 0.0, 0.0, 0.0, 0.0]
twist: 
  twist: 
    linear: 
      x: 0.012684185503772032
      y: 0.04219870808401203
      z: -0.03563386113725318
    angular: 
      x: 0.0
      y: 0.0
      z: 0.0
  covariance: [0.0, 0.0, 0.0, 0.0, 0.0, 0.0, 0.0, 0.0, 0.0, 0.0, 0.0, 0.0, 0.0, 0.0, 0.0, 0.0, 0.0, 0.0, 0.0, 0.0, 0.0, 0.0, 0.0, 0.0, 0.0, 0.0, 0.0, 0.0, 0.0, 0.0, 0.0, 0.0, 0.0, 0.0, 0.0, 0.0]
---
header: 
  seq: 1130
  stamp: 
    secs: 1744081293
    nsecs: 229847670
  frame_id: "world"
child_frame_id: "world"
pose: 
  pose: 
    position: 
      x: 0.5247456245807149
      y: -0.04282237654158262
      z: 0.4915204848440566
    orientation: 
      x: -0.0032388065747549727
      y: -0.005723723381182163
      z: -0.0027584216893979233
      w: 0.9999745697928576
  covariance: [0.0, 0.0, 0.0, 0.0, 0.0, 0.0, 0.0, 0.0, 0.0, 0.0, 0.0, 0.0, 0.0, 0.0, 0.0, 0.0, 0.0, 0.0, 0.0, 0.0, 0.0, 0.0, 0.0, 0.0, 0.0, 0.0, 0.0, 0.0, 0.0, 0.0, 0.0, 0.0, 0.0, 0.0, 0.0, 0.0]
twist: 
  twist: 
    linear: 
      x: 0.019848535061683697
      y: 0.04774007736159256
      z: -0.023035281424473107
    angular: 
      x: 0.0
      y: 0.0
      z: 0.0
  covariance: [0.0, 0.0, 0.0, 0.0, 0.0, 0.0, 0.0, 0.0, 0.0, 0.0, 0.0, 0.0, 0.0, 0.0, 0.0, 0.0, 0.0, 0.0, 0.0, 0.0, 0.0, 0.0, 0.0, 0.0, 0.0, 0.0, 0.0, 0.0, 0.0, 0.0, 0.0, 0.0, 0.0, 0.0, 0.0, 0.0]
---
header: 
  seq: 1131
  stamp: 
    secs: 1744081293
    nsecs: 363194227
  frame_id: "world"
child_frame_id: "world"
pose: 
  pose: 
    position: 
      x: 0.5284855443652268
      y: -0.038428428216497786
      z: 0.4869541963231539
    orientation: 
      x: 0.00574277148565535
      y: -0.008741956029523832
      z: -0.004321863712090128
      w: 0.9999359580865644
  covariance: [0.0, 0.0, 0.0, 0.0, 0.0, 0.0, 0.0, 0.0, 0.0, 0.0, 0.0, 0.0, 0.0, 0.0, 0.0, 0.0, 0.0, 0.0, 0.0, 0.0, 0.0, 0.0, 0.0, 0.0, 0.0, 0.0, 0.0, 0.0, 0.0, 0.0, 0.0, 0.0, 0.0, 0.0, 0.0, 0.0]
twist: 
  twist: 
    linear: 
      x: 0.014386174467775794
      y: 0.04098405312699918
      z: -0.0092910867674737
    angular: 
      x: 0.0
      y: 0.0
      z: 0.0
  covariance: [0.0, 0.0, 0.0, 0.0, 0.0, 0.0, 0.0, 0.0, 0.0, 0.0, 0.0, 0.0, 0.0, 0.0, 0.0, 0.0, 0.0, 0.0, 0.0, 0.0, 0.0, 0.0, 0.0, 0.0, 0.0, 0.0, 0.0, 0.0, 0.0, 0.0, 0.0, 0.0, 0.0, 0.0, 0.0, 0.0]
---
header: 
  seq: 1132
  stamp: 
    secs: 1744081293
    nsecs: 496540785
  frame_id: "world"
child_frame_id: "world"
pose: 
  pose: 
    position: 
      x: 0.5295839375158887
      y: -0.03394015299836821
      z: 0.48714833815493047
    orientation: 
      x: 0.008055287500599374
      y: -0.010367820458300953
      z: -0.00538703825281553
      w: 0.9998992951598125
  covariance: [0.0, 0.0, 0.0, 0.0, 0.0, 0.0, 0.0, 0.0, 0.0, 0.0, 0.0, 0.0, 0.0, 0.0, 0.0, 0.0, 0.0, 0.0, 0.0, 0.0, 0.0, 0.0, 0.0, 0.0, 0.0, 0.0, 0.0, 0.0, 0.0, 0.0, 0.0, 0.0, 0.0, 0.0, 0.0, 0.0]
twist: 
  twist: 
    linear: 
      x: -0.0041586977647491315
      y: 0.02375743683786067
      z: 0.008886664167769386
    angular: 
      x: 0.0
      y: 0.0
      z: 0.0
  covariance: [0.0, 0.0, 0.0, 0.0, 0.0, 0.0, 0.0, 0.0, 0.0, 0.0, 0.0, 0.0, 0.0, 0.0, 0.0, 0.0, 0.0, 0.0, 0.0, 0.0, 0.0, 0.0, 0.0, 0.0, 0.0, 0.0, 0.0, 0.0, 0.0, 0.0, 0.0, 0.0, 0.0, 0.0, 0.0, 0.0]
---
header: 
  seq: 1133
  stamp: 
    secs: 1744081293
    nsecs: 629887104
  frame_id: "world"
child_frame_id: "world"
pose: 
  pose: 
    position: 
      x: 0.5304224412706064
      y: -0.040376149762496545
      z: 0.48539154528942663
    orientation: 
      x: 0.0014611572449612542
      y: -0.007027657031245949
      z: -0.007066457920634712
      w: 0.9999492698275311
  covariance: [0.0, 0.0, 0.0, 0.0, 0.0, 0.0, 0.0, 0.0, 0.0, 0.0, 0.0, 0.0, 0.0, 0.0, 0.0, 0.0, 0.0, 0.0, 0.0, 0.0, 0.0, 0.0, 0.0, 0.0, 0.0, 0.0, 0.0, 0.0, 0.0, 0.0, 0.0, 0.0, 0.0, 0.0, 0.0, 0.0]
twist: 
  twist: 
    linear: 
      x: -0.012660696420034197
      y: -0.03942605601862738
      z: 0.037275004032005794
    angular: 
      x: 0.0
      y: 0.0
      z: 0.0
  covariance: [0.0, 0.0, 0.0, 0.0, 0.0, 0.0, 0.0, 0.0, 0.0, 0.0, 0.0, 0.0, 0.0, 0.0, 0.0, 0.0, 0.0, 0.0, 0.0, 0.0, 0.0, 0.0, 0.0, 0.0, 0.0, 0.0, 0.0, 0.0, 0.0, 0.0, 0.0, 0.0, 0.0, 0.0, 0.0, 0.0]
---
header: 
  seq: 1134
  stamp: 
    secs: 1744081293
    nsecs: 763233423
  frame_id: "world"
child_frame_id: "world"
pose: 
  pose: 
    position: 
      x: 0.5302602401205474
      y: -0.04390844914846333
      z: 0.4832594873601688
    orientation: 
      x: -0.0109357383667263
      y: -0.003130355587334916
      z: -0.007478838066870168
      w: 0.9999073344472681
  covariance: [0.0, 0.0, 0.0, 0.0, 0.0, 0.0, 0.0, 0.0, 0.0, 0.0, 0.0, 0.0, 0.0, 0.0, 0.0, 0.0, 0.0, 0.0, 0.0, 0.0, 0.0, 0.0, 0.0, 0.0, 0.0, 0.0, 0.0, 0.0, 0.0, 0.0, 0.0, 0.0, 0.0, 0.0, 0.0, 0.0]
twist: 
  twist: 
    linear: 
      x: -0.009413873905360588
      y: -0.031204056266741814
      z: -0.01648625454886582
    angular: 
      x: 0.0
      y: 0.0
      z: 0.0
  covariance: [0.0, 0.0, 0.0, 0.0, 0.0, 0.0, 0.0, 0.0, 0.0, 0.0, 0.0, 0.0, 0.0, 0.0, 0.0, 0.0, 0.0, 0.0, 0.0, 0.0, 0.0, 0.0, 0.0, 0.0, 0.0, 0.0, 0.0, 0.0, 0.0, 0.0, 0.0, 0.0, 0.0, 0.0, 0.0, 0.0]
---
header: 
  seq: 1135
  stamp: 
    secs: 1744081293
    nsecs: 896579742
  frame_id: "world"
child_frame_id: "world"
pose: 
  pose: 
    position: 
      x: 0.5303153245883802
      y: -0.04366258588564709
      z: 0.4760606180358653
    orientation: 
      x: -0.012087043662082748
      y: -0.0030440953199155772
      z: -0.00770345999064245
      w: 0.9998926410187079
  covariance: [0.0, 0.0, 0.0, 0.0, 0.0, 0.0, 0.0, 0.0, 0.0, 0.0, 0.0, 0.0, 0.0, 0.0, 0.0, 0.0, 0.0, 0.0, 0.0, 0.0, 0.0, 0.0, 0.0, 0.0, 0.0, 0.0, 0.0, 0.0, 0.0, 0.0, 0.0, 0.0, 0.0, 0.0, 0.0, 0.0]
twist: 
  twist: 
    linear: 
      x: -0.008668111337776547
      y: 0.0010200956241451075
      z: -0.027749611019305318
    angular: 
      x: 0.0
      y: 0.0
      z: 0.0
  covariance: [0.0, 0.0, 0.0, 0.0, 0.0, 0.0, 0.0, 0.0, 0.0, 0.0, 0.0, 0.0, 0.0, 0.0, 0.0, 0.0, 0.0, 0.0, 0.0, 0.0, 0.0, 0.0, 0.0, 0.0, 0.0, 0.0, 0.0, 0.0, 0.0, 0.0, 0.0, 0.0, 0.0, 0.0, 0.0, 0.0]
---
header: 
  seq: 1136
  stamp: 
    secs: 1744081294
    nsecs:  29927254
  frame_id: "world"
child_frame_id: "world"
pose: 
  pose: 
    position: 
      x: 0.5314382551537508
      y: -0.04309783800864524
      z: 0.46840685411934124
    orientation: 
      x: -0.010479418612547337
      y: -0.004003719324044064
      z: -0.006998979610282265
      w: 0.9999125793295792
  covariance: [0.0, 0.0, 0.0, 0.0, 0.0, 0.0, 0.0, 0.0, 0.0, 0.0, 0.0, 0.0, 0.0, 0.0, 0.0, 0.0, 0.0, 0.0, 0.0, 0.0, 0.0, 0.0, 0.0, 0.0, 0.0, 0.0, 0.0, 0.0, 0.0, 0.0, 0.0, 0.0, 0.0, 0.0, 0.0, 0.0]
twist: 
  twist: 
    linear: 
      x: 0.003142506895175679
      y: 0.017069147486033165
      z: -0.029428369768205325
    angular: 
      x: 0.0
      y: 0.0
      z: 0.0
  covariance: [0.0, 0.0, 0.0, 0.0, 0.0, 0.0, 0.0, 0.0, 0.0, 0.0, 0.0, 0.0, 0.0, 0.0, 0.0, 0.0, 0.0, 0.0, 0.0, 0.0, 0.0, 0.0, 0.0, 0.0, 0.0, 0.0, 0.0, 0.0, 0.0, 0.0, 0.0, 0.0, 0.0, 0.0, 0.0, 0.0]
---
header: 
  seq: 1137
  stamp: 
    secs: 1744081294
    nsecs: 163279057
  frame_id: "world"
child_frame_id: "world"
pose: 
  pose: 
    position: 
      x: 0.5323590522205717
      y: -0.04025567501800971
      z: 0.46365164311704765
    orientation: 
      x: -0.004663416684390736
      y: -0.0071804264560480615
      z: -0.006354973040176333
      w: 0.9999431525533817
  covariance: [0.0, 0.0, 0.0, 0.0, 0.0, 0.0, 0.0, 0.0, 0.0, 0.0, 0.0, 0.0, 0.0, 0.0, 0.0, 0.0, 0.0, 0.0, 0.0, 0.0, 0.0, 0.0, 0.0, 0.0, 0.0, 0.0, 0.0, 0.0, 0.0, 0.0, 0.0, 0.0, 0.0, 0.0, 0.0, 0.0]
twist: 
  twist: 
    linear: 
      x: 0.0003741248246995171
      y: 0.024691829462105092
      z: -0.018244149897584563
    angular: 
      x: 0.0
      y: 0.0
      z: 0.0
  covariance: [0.0, 0.0, 0.0, 0.0, 0.0, 0.0, 0.0, 0.0, 0.0, 0.0, 0.0, 0.0, 0.0, 0.0, 0.0, 0.0, 0.0, 0.0, 0.0, 0.0, 0.0, 0.0, 0.0, 0.0, 0.0, 0.0, 0.0, 0.0, 0.0, 0.0, 0.0, 0.0, 0.0, 0.0, 0.0, 0.0]
---
header: 
  seq: 1138
  stamp: 
    secs: 1744081294
    nsecs: 296636820
  frame_id: "world"
child_frame_id: "world"
pose: 
  pose: 
    position: 
      x: 0.5322638380488736
      y: -0.03940515036923396
      z: 0.46667752861425355
    orientation: 
      x: 0.011726458570635843
      y: -0.0010344099076659268
      z: 0.11619663271810884
      w: 0.9931564643652615
  covariance: [0.0, 0.0, 0.0, 0.0, 0.0, 0.0, 0.0, 0.0, 0.0, 0.0, 0.0, 0.0, 0.0, 0.0, 0.0, 0.0, 0.0, 0.0, 0.0, 0.0, 0.0, 0.0, 0.0, 0.0, 0.0, 0.0, 0.0, 0.0, 0.0, 0.0, 0.0, 0.0, 0.0, 0.0, 0.0, 0.0]
twist: 
  twist: 
    linear: 
      x: -0.008390774380555011
      y: 0.05496681387177834
      z: 0.05595389349685273
    angular: 
      x: 0.0
      y: 0.0
      z: 0.0
  covariance: [0.0, 0.0, 0.0, 0.0, 0.0, 0.0, 0.0, 0.0, 0.0, 0.0, 0.0, 0.0, 0.0, 0.0, 0.0, 0.0, 0.0, 0.0, 0.0, 0.0, 0.0, 0.0, 0.0, 0.0, 0.0, 0.0, 0.0, 0.0, 0.0, 0.0, 0.0, 0.0, 0.0, 0.0, 0.0, 0.0]
---
header: 
  seq: 1139
  stamp: 
    secs: 1744081294
    nsecs: 429994822
  frame_id: "world"
child_frame_id: "world"
pose: 
  pose: 
    position: 
      x: 0.5297621295050389
      y: -0.03655730000438416
      z: 0.4697388352866988
    orientation: 
      x: 0.016530325779040435
      y: -0.0028325278793874214
      z: 0.3048389781783024
      w: 0.9522562273351957
  covariance: [0.0, 0.0, 0.0, 0.0, 0.0, 0.0, 0.0, 0.0, 0.0, 0.0, 0.0, 0.0, 0.0, 0.0, 0.0, 0.0, 0.0, 0.0, 0.0, 0.0, 0.0, 0.0, 0.0, 0.0, 0.0, 0.0, 0.0, 0.0, 0.0, 0.0, 0.0, 0.0, 0.0, 0.0, 0.0, 0.0]
twist: 
  twist: 
    linear: 
      x: -0.03854013991437318
      y: 0.02636123273740423
      z: -0.010961723396595544
    angular: 
      x: 0.0
      y: 0.0
      z: 0.0
  covariance: [0.0, 0.0, 0.0, 0.0, 0.0, 0.0, 0.0, 0.0, 0.0, 0.0, 0.0, 0.0, 0.0, 0.0, 0.0, 0.0, 0.0, 0.0, 0.0, 0.0, 0.0, 0.0, 0.0, 0.0, 0.0, 0.0, 0.0, 0.0, 0.0, 0.0, 0.0, 0.0, 0.0, 0.0, 0.0, 0.0]
---
header: 
  seq: 1140
  stamp: 
    secs: 1744081294
    nsecs: 563353300
  frame_id: "world"
child_frame_id: "world"
pose: 
  pose: 
    position: 
      x: 0.524889389026839
      y: -0.034276139503759705
      z: 0.4612593192853304
    orientation: 
      x: 0.013757001328007284
      y: 0.001598737924359468
      z: 0.44101538315764643
      w: 0.8973926792490703
  covariance: [0.0, 0.0, 0.0, 0.0, 0.0, 0.0, 0.0, 0.0, 0.0, 0.0, 0.0, 0.0, 0.0, 0.0, 0.0, 0.0, 0.0, 0.0, 0.0, 0.0, 0.0, 0.0, 0.0, 0.0, 0.0, 0.0, 0.0, 0.0, 0.0, 0.0, 0.0, 0.0, 0.0, 0.0, 0.0, 0.0]
twist: 
  twist: 
    linear: 
      x: -0.04455178835985125
      y: 0.011260175979274641
      z: -0.047116158853215954
    angular: 
      x: 0.0
      y: 0.0
      z: 0.0
  covariance: [0.0, 0.0, 0.0, 0.0, 0.0, 0.0, 0.0, 0.0, 0.0, 0.0, 0.0, 0.0, 0.0, 0.0, 0.0, 0.0, 0.0, 0.0, 0.0, 0.0, 0.0, 0.0, 0.0, 0.0, 0.0, 0.0, 0.0, 0.0, 0.0, 0.0, 0.0, 0.0, 0.0, 0.0, 0.0, 0.0]
---
header: 
  seq: 1141
  stamp: 
    secs: 1744081294
    nsecs: 696711779
  frame_id: "world"
child_frame_id: "world"
pose: 
  pose: 
    position: 
      x: 0.520110123859877
      y: -0.03276897674817144
      z: 0.45633871806951926
    orientation: 
      x: 0.00911615960220003
      y: 0.004122569000688705
      z: 0.5269634511934682
      w: 0.849829054083944
  covariance: [0.0, 0.0, 0.0, 0.0, 0.0, 0.0, 0.0, 0.0, 0.0, 0.0, 0.0, 0.0, 0.0, 0.0, 0.0, 0.0, 0.0, 0.0, 0.0, 0.0, 0.0, 0.0, 0.0, 0.0, 0.0, 0.0, 0.0, 0.0, 0.0, 0.0, 0.0, 0.0, 0.0, 0.0, 0.0, 0.0]
twist: 
  twist: 
    linear: 
      x: -0.023435214567184937
      y: 0.00526417100727559
      z: -0.008382182306128213
    angular: 
      x: 0.0
      y: 0.0
      z: 0.0
  covariance: [0.0, 0.0, 0.0, 0.0, 0.0, 0.0, 0.0, 0.0, 0.0, 0.0, 0.0, 0.0, 0.0, 0.0, 0.0, 0.0, 0.0, 0.0, 0.0, 0.0, 0.0, 0.0, 0.0, 0.0, 0.0, 0.0, 0.0, 0.0, 0.0, 0.0, 0.0, 0.0, 0.0, 0.0, 0.0, 0.0]
---
header: 
  seq: 1142
  stamp: 
    secs: 1744081294
    nsecs: 830070496
  frame_id: "world"
child_frame_id: "world"
pose: 
  pose: 
    position: 
      x: 0.515065074016953
      y: -0.028809651890932982
      z: 0.4554933393188177
    orientation: 
      x: 0.003835479605897884
      y: 0.0009760167594138758
      z: 0.5795968482537822
      w: 0.8148937537996964
  covariance: [0.0, 0.0, 0.0, 0.0, 0.0, 0.0, 0.0, 0.0, 0.0, 0.0, 0.0, 0.0, 0.0, 0.0, 0.0, 0.0, 0.0, 0.0, 0.0, 0.0, 0.0, 0.0, 0.0, 0.0, 0.0, 0.0, 0.0, 0.0, 0.0, 0.0, 0.0, 0.0, 0.0, 0.0, 0.0, 0.0]
twist: 
  twist: 
    linear: 
      x: -0.009616937792479708
      y: 0.025834512705894406
      z: 0.008111578836749442
    angular: 
      x: 0.0
      y: 0.0
      z: 0.0
  covariance: [0.0, 0.0, 0.0, 0.0, 0.0, 0.0, 0.0, 0.0, 0.0, 0.0, 0.0, 0.0, 0.0, 0.0, 0.0, 0.0, 0.0, 0.0, 0.0, 0.0, 0.0, 0.0, 0.0, 0.0, 0.0, 0.0, 0.0, 0.0, 0.0, 0.0, 0.0, 0.0, 0.0, 0.0, 0.0, 0.0]
---
header: 
  seq: 1143
  stamp: 
    secs: 1744081294
    nsecs: 963429689
  frame_id: "world"
child_frame_id: "world"
pose: 
  pose: 
    position: 
      x: 0.5133203174329233
      y: -0.01920611967116225
      z: 0.4555019037252152
    orientation: 
      x: 0.0050709928795750845
      y: -0.002445745417927204
      z: 0.6113978442264638
      w: 0.7913033422372224
  covariance: [0.0, 0.0, 0.0, 0.0, 0.0, 0.0, 0.0, 0.0, 0.0, 0.0, 0.0, 0.0, 0.0, 0.0, 0.0, 0.0, 0.0, 0.0, 0.0, 0.0, 0.0, 0.0, 0.0, 0.0, 0.0, 0.0, 0.0, 0.0, 0.0, 0.0, 0.0, 0.0, 0.0, 0.0, 0.0, 0.0]
twist: 
  twist: 
    linear: 
      x: -0.03197902346745461
      y: 0.07132360859471085
      z: -0.03478881529048562
    angular: 
      x: 0.0
      y: 0.0
      z: 0.0
  covariance: [0.0, 0.0, 0.0, 0.0, 0.0, 0.0, 0.0, 0.0, 0.0, 0.0, 0.0, 0.0, 0.0, 0.0, 0.0, 0.0, 0.0, 0.0, 0.0, 0.0, 0.0, 0.0, 0.0, 0.0, 0.0, 0.0, 0.0, 0.0, 0.0, 0.0, 0.0, 0.0, 0.0, 0.0, 0.0, 0.0]
---
header: 
  seq: 1144
  stamp: 
    secs: 1744081295
    nsecs:  96789122
  frame_id: "world"
child_frame_id: "world"
pose: 
  pose: 
    position: 
      x: 0.506977030796087
      y: -0.006111901060224578
      z: 0.4518375771508953
    orientation: 
      x: 0.017168251418527715
      y: 0.0009600845598181717
      z: 0.6330541939397116
      w: 0.7739164792897294
  covariance: [0.0, 0.0, 0.0, 0.0, 0.0, 0.0, 0.0, 0.0, 0.0, 0.0, 0.0, 0.0, 0.0, 0.0, 0.0, 0.0, 0.0, 0.0, 0.0, 0.0, 0.0, 0.0, 0.0, 0.0, 0.0, 0.0, 0.0, 0.0, 0.0, 0.0, 0.0, 0.0, 0.0, 0.0, 0.0, 0.0]
twist: 
  twist: 
    linear: 
      x: -0.05576972473571267
      y: 0.09075621100871326
      z: -0.013882492215534066
    angular: 
      x: 0.0
      y: 0.0
      z: 0.0
  covariance: [0.0, 0.0, 0.0, 0.0, 0.0, 0.0, 0.0, 0.0, 0.0, 0.0, 0.0, 0.0, 0.0, 0.0, 0.0, 0.0, 0.0, 0.0, 0.0, 0.0, 0.0, 0.0, 0.0, 0.0, 0.0, 0.0, 0.0, 0.0, 0.0, 0.0, 0.0, 0.0, 0.0, 0.0, 0.0, 0.0]
---
header: 
  seq: 1145
  stamp: 
    secs: 1744081295
    nsecs: 230118990
  frame_id: "world"
child_frame_id: "world"
pose: 
  pose: 
    position: 
      x: 0.5079246164405605
      y: 0.009843520457549292
      z: 0.4550139178599307
    orientation: 
      x: 0.026057016598430675
      y: 0.0022158402264699324
      z: 0.6472223431034044
      w: 0.7618525845108218
  covariance: [0.0, 0.0, 0.0, 0.0, 0.0, 0.0, 0.0, 0.0, 0.0, 0.0, 0.0, 0.0, 0.0, 0.0, 0.0, 0.0, 0.0, 0.0, 0.0, 0.0, 0.0, 0.0, 0.0, 0.0, 0.0, 0.0, 0.0, 0.0, 0.0, 0.0, 0.0, 0.0, 0.0, 0.0, 0.0, 0.0]
twist: 
  twist: 
    linear: 
      x: -0.0243157985703075
      y: 0.10242700155775007
      z: 0.007313825854809698
    angular: 
      x: 0.0
      y: 0.0
      z: 0.0
  covariance: [0.0, 0.0, 0.0, 0.0, 0.0, 0.0, 0.0, 0.0, 0.0, 0.0, 0.0, 0.0, 0.0, 0.0, 0.0, 0.0, 0.0, 0.0, 0.0, 0.0, 0.0, 0.0, 0.0, 0.0, 0.0, 0.0, 0.0, 0.0, 0.0, 0.0, 0.0, 0.0, 0.0, 0.0, 0.0, 0.0]
---
header: 
  seq: 1146
  stamp: 
    secs: 1744081295
    nsecs: 363448381
  frame_id: "world"
child_frame_id: "world"
pose: 
  pose: 
    position: 
      x: 0.5105796894520723
      y: 0.0244231259285169
      z: 0.460270204204667
    orientation: 
      x: 0.0249001250901707
      y: -0.0008630746915387944
      z: 0.6612259557940356
      w: 0.7497729484696248
  covariance: [0.0, 0.0, 0.0, 0.0, 0.0, 0.0, 0.0, 0.0, 0.0, 0.0, 0.0, 0.0, 0.0, 0.0, 0.0, 0.0, 0.0, 0.0, 0.0, 0.0, 0.0, 0.0, 0.0, 0.0, 0.0, 0.0, 0.0, 0.0, 0.0, 0.0, 0.0, 0.0, 0.0, 0.0, 0.0, 0.0]
twist: 
  twist: 
    linear: 
      x: 0.00888507522399277
      y: 0.09743480830538413
      z: 0.0365805337729331
    angular: 
      x: 0.0
      y: 0.0
      z: 0.0
  covariance: [0.0, 0.0, 0.0, 0.0, 0.0, 0.0, 0.0, 0.0, 0.0, 0.0, 0.0, 0.0, 0.0, 0.0, 0.0, 0.0, 0.0, 0.0, 0.0, 0.0, 0.0, 0.0, 0.0, 0.0, 0.0, 0.0, 0.0, 0.0, 0.0, 0.0, 0.0, 0.0, 0.0, 0.0, 0.0, 0.0]
---
header: 
  seq: 1147
  stamp: 
    secs: 1744081295
    nsecs: 496777296
  frame_id: "world"
child_frame_id: "world"
pose: 
  pose: 
    position: 
      x: 0.5112654882698131
      y: 0.035470776384415384
      z: 0.46525250909629906
    orientation: 
      x: 0.018639882131561588
      y: -0.00800778738506815
      z: 0.6723604427463153
      w: 0.7399458528603939
  covariance: [0.0, 0.0, 0.0, 0.0, 0.0, 0.0, 0.0, 0.0, 0.0, 0.0, 0.0, 0.0, 0.0, 0.0, 0.0, 0.0, 0.0, 0.0, 0.0, 0.0, 0.0, 0.0, 0.0, 0.0, 0.0, 0.0, 0.0, 0.0, 0.0, 0.0, 0.0, 0.0, 0.0, 0.0, 0.0, 0.0]
twist: 
  twist: 
    linear: 
      x: 0.00379320567360179
      y: 0.09217666074053736
      z: 0.016644553350153007
    angular: 
      x: 0.0
      y: 0.0
      z: 0.0
  covariance: [0.0, 0.0, 0.0, 0.0, 0.0, 0.0, 0.0, 0.0, 0.0, 0.0, 0.0, 0.0, 0.0, 0.0, 0.0, 0.0, 0.0, 0.0, 0.0, 0.0, 0.0, 0.0, 0.0, 0.0, 0.0, 0.0, 0.0, 0.0, 0.0, 0.0, 0.0, 0.0, 0.0, 0.0, 0.0, 0.0]
---
header: 
  seq: 1148
  stamp: 
    secs: 1744081295
    nsecs: 630105734
  frame_id: "world"
child_frame_id: "world"
pose: 
  pose: 
    position: 
      x: 0.5122137241416032
      y: 0.04607216450296145
      z: 0.46563203566213646
    orientation: 
      x: 0.013325385033244264
      y: -0.011961456425687283
      z: 0.6821447638375566
      w: 0.7309978651425026
  covariance: [0.0, 0.0, 0.0, 0.0, 0.0, 0.0, 0.0, 0.0, 0.0, 0.0, 0.0, 0.0, 0.0, 0.0, 0.0, 0.0, 0.0, 0.0, 0.0, 0.0, 0.0, 0.0, 0.0, 0.0, 0.0, 0.0, 0.0, 0.0, 0.0, 0.0, 0.0, 0.0, 0.0, 0.0, 0.0, 0.0]
twist: 
  twist: 
    linear: 
      x: 0.01016966790074143
      y: 0.07616843803170836
      z: 0.01678094025079661
    angular: 
      x: 0.0
      y: 0.0
      z: 0.0
  covariance: [0.0, 0.0, 0.0, 0.0, 0.0, 0.0, 0.0, 0.0, 0.0, 0.0, 0.0, 0.0, 0.0, 0.0, 0.0, 0.0, 0.0, 0.0, 0.0, 0.0, 0.0, 0.0, 0.0, 0.0, 0.0, 0.0, 0.0, 0.0, 0.0, 0.0, 0.0, 0.0, 0.0, 0.0, 0.0, 0.0]
---
header: 
  seq: 1149
  stamp: 
    secs: 1744081295
    nsecs: 763433695
  frame_id: "world"
child_frame_id: "world"
pose: 
  pose: 
    position: 
      x: 0.5137506662859574
      y: 0.05522126306960589
      z: 0.4631569460957155
    orientation: 
      x: 0.008499438690944912
      y: -0.008500277806125516
      z: 0.6927109905373608
      w: 0.7211151006655637
  covariance: [0.0, 0.0, 0.0, 0.0, 0.0, 0.0, 0.0, 0.0, 0.0, 0.0, 0.0, 0.0, 0.0, 0.0, 0.0, 0.0, 0.0, 0.0, 0.0, 0.0, 0.0, 0.0, 0.0, 0.0, 0.0, 0.0, 0.0, 0.0, 0.0, 0.0, 0.0, 0.0, 0.0, 0.0, 0.0, 0.0]
twist: 
  twist: 
    linear: 
      x: 0.016409126856902313
      y: 0.06904959686095036
      z: -0.014306881380839057
    angular: 
      x: 0.0
      y: 0.0
      z: 0.0
  covariance: [0.0, 0.0, 0.0, 0.0, 0.0, 0.0, 0.0, 0.0, 0.0, 0.0, 0.0, 0.0, 0.0, 0.0, 0.0, 0.0, 0.0, 0.0, 0.0, 0.0, 0.0, 0.0, 0.0, 0.0, 0.0, 0.0, 0.0, 0.0, 0.0, 0.0, 0.0, 0.0, 0.0, 0.0, 0.0, 0.0]
---
header: 
  seq: 1150
  stamp: 
    secs: 1744081295
    nsecs: 896760941
  frame_id: "world"
child_frame_id: "world"
pose: 
  pose: 
    position: 
      x: 0.5123167976935465
      y: 0.06749914395979999
      z: 0.45441263381977265
    orientation: 
      x: 0.0009131368820035273
      y: -0.006086639845702454
      z: 0.7033358548951485
      w: 0.7108310588426298
  covariance: [0.0, 0.0, 0.0, 0.0, 0.0, 0.0, 0.0, 0.0, 0.0, 0.0, 0.0, 0.0, 0.0, 0.0, 0.0, 0.0, 0.0, 0.0, 0.0, 0.0, 0.0, 0.0, 0.0, 0.0, 0.0, 0.0, 0.0, 0.0, 0.0, 0.0, 0.0, 0.0, 0.0, 0.0, 0.0, 0.0]
twist: 
  twist: 
    linear: 
      x: -0.006426909669622163
      y: 0.07881650422787666
      z: -0.05423635618107479
    angular: 
      x: 0.0
      y: 0.0
      z: 0.0
  covariance: [0.0, 0.0, 0.0, 0.0, 0.0, 0.0, 0.0, 0.0, 0.0, 0.0, 0.0, 0.0, 0.0, 0.0, 0.0, 0.0, 0.0, 0.0, 0.0, 0.0, 0.0, 0.0, 0.0, 0.0, 0.0, 0.0, 0.0, 0.0, 0.0, 0.0, 0.0, 0.0, 0.0, 0.0, 0.0, 0.0]
---
header: 
  seq: 1151
  stamp: 
    secs: 1744081296
    nsecs:  30087948
  frame_id: "world"
child_frame_id: "world"
pose: 
  pose: 
    position: 
      x: 0.506699886413683
      y: 0.07975046898915587
      z: 0.44770865694811524
    orientation: 
      x: -0.0021644010025807397
      y: -0.00317059841470561
      z: 0.7143249800020104
      w: 0.6998036050343839
  covariance: [0.0, 0.0, 0.0, 0.0, 0.0, 0.0, 0.0, 0.0, 0.0, 0.0, 0.0, 0.0, 0.0, 0.0, 0.0, 0.0, 0.0, 0.0, 0.0, 0.0, 0.0, 0.0, 0.0, 0.0, 0.0, 0.0, 0.0, 0.0, 0.0, 0.0, 0.0, 0.0, 0.0, 0.0, 0.0, 0.0]
twist: 
  twist: 
    linear: 
      x: -0.008871522477453946
      y: 0.09997563944393988
      z: -0.013507605708442333
    angular: 
      x: 0.0
      y: 0.0
      z: 0.0
  covariance: [0.0, 0.0, 0.0, 0.0, 0.0, 0.0, 0.0, 0.0, 0.0, 0.0, 0.0, 0.0, 0.0, 0.0, 0.0, 0.0, 0.0, 0.0, 0.0, 0.0, 0.0, 0.0, 0.0, 0.0, 0.0, 0.0, 0.0, 0.0, 0.0, 0.0, 0.0, 0.0, 0.0, 0.0, 0.0, 0.0]
---
header: 
  seq: 1152
  stamp: 
    secs: 1744081296
    nsecs: 163421392
  frame_id: "world"
child_frame_id: "world"
pose: 
  pose: 
    position: 
      x: 0.49954238111692684
      y: 0.09459717125621586
      z: 0.4481613724164559
    orientation: 
      x: -0.0008767578274832627
      y: -0.0015123047500410288
      z: 0.7268377318184852
      w: 0.6868070004266228
  covariance: [0.0, 0.0, 0.0, 0.0, 0.0, 0.0, 0.0, 0.0, 0.0, 0.0, 0.0, 0.0, 0.0, 0.0, 0.0, 0.0, 0.0, 0.0, 0.0, 0.0, 0.0, 0.0, 0.0, 0.0, 0.0, 0.0, 0.0, 0.0, 0.0, 0.0, 0.0, 0.0, 0.0, 0.0, 0.0, 0.0]
twist: 
  twist: 
    linear: 
      x: -0.032658368638826984
      y: 0.12760092552299337
      z: 0.03282114293971828
    angular: 
      x: 0.0
      y: 0.0
      z: 0.0
  covariance: [0.0, 0.0, 0.0, 0.0, 0.0, 0.0, 0.0, 0.0, 0.0, 0.0, 0.0, 0.0, 0.0, 0.0, 0.0, 0.0, 0.0, 0.0, 0.0, 0.0, 0.0, 0.0, 0.0, 0.0, 0.0, 0.0, 0.0, 0.0, 0.0, 0.0, 0.0, 0.0, 0.0, 0.0, 0.0, 0.0]
---
header: 
  seq: 1153
  stamp: 
    secs: 1744081296
    nsecs: 296761751
  frame_id: "world"
child_frame_id: "world"
pose: 
  pose: 
    position: 
      x: 0.4939500876595253
      y: 0.1123457184550999
      z: 0.4500041327716016
    orientation: 
      x: -0.001245730102111889
      y: 0.0006903905225890209
      z: 0.7405621955604473
      w: 0.6719863138666803
  covariance: [0.0, 0.0, 0.0, 0.0, 0.0, 0.0, 0.0, 0.0, 0.0, 0.0, 0.0, 0.0, 0.0, 0.0, 0.0, 0.0, 0.0, 0.0, 0.0, 0.0, 0.0, 0.0, 0.0, 0.0, 0.0, 0.0, 0.0, 0.0, 0.0, 0.0, 0.0, 0.0, 0.0, 0.0, 0.0, 0.0]
twist: 
  twist: 
    linear: 
      x: -0.050883710990965225
      y: 0.14494351156314125
      z: -0.011555421990326466
    angular: 
      x: 0.0
      y: 0.0
      z: 0.0
  covariance: [0.0, 0.0, 0.0, 0.0, 0.0, 0.0, 0.0, 0.0, 0.0, 0.0, 0.0, 0.0, 0.0, 0.0, 0.0, 0.0, 0.0, 0.0, 0.0, 0.0, 0.0, 0.0, 0.0, 0.0, 0.0, 0.0, 0.0, 0.0, 0.0, 0.0, 0.0, 0.0, 0.0, 0.0, 0.0, 0.0]
---
header: 
  seq: 1154
  stamp: 
    secs: 1744081296
    nsecs: 430102110
  frame_id: "world"
child_frame_id: "world"
pose: 
  pose: 
    position: 
      x: 0.4840612037378373
      y: 0.13396600630655045
      z: 0.44289532924715574
    orientation: 
      x: 0.000890807894550546
      y: 0.0025864649006096924
      z: 0.7547840951025212
      w: 0.6559675955722822
  covariance: [0.0, 0.0, 0.0, 0.0, 0.0, 0.0, 0.0, 0.0, 0.0, 0.0, 0.0, 0.0, 0.0, 0.0, 0.0, 0.0, 0.0, 0.0, 0.0, 0.0, 0.0, 0.0, 0.0, 0.0, 0.0, 0.0, 0.0, 0.0, 0.0, 0.0, 0.0, 0.0, 0.0, 0.0, 0.0, 0.0]
twist: 
  twist: 
    linear: 
      x: -0.0782984274493649
      y: 0.1587039225274555
      z: -0.04590101727268504
    angular: 
      x: 0.0
      y: 0.0
      z: 0.0
  covariance: [0.0, 0.0, 0.0, 0.0, 0.0, 0.0, 0.0, 0.0, 0.0, 0.0, 0.0, 0.0, 0.0, 0.0, 0.0, 0.0, 0.0, 0.0, 0.0, 0.0, 0.0, 0.0, 0.0, 0.0, 0.0, 0.0, 0.0, 0.0, 0.0, 0.0, 0.0, 0.0, 0.0, 0.0, 0.0, 0.0]
---
header: 
  seq: 1155
  stamp: 
    secs: 1744081296
    nsecs: 563442230
  frame_id: "world"
child_frame_id: "world"
pose: 
  pose: 
    position: 
      x: 0.4730425780988149
      y: 0.15852777410123883
      z: 0.4332837409143443
    orientation: 
      x: 0.0033503994198076596
      y: 0.003131405226882418
      z: 0.7692417766543426
      w: 0.6389413573832138
  covariance: [0.0, 0.0, 0.0, 0.0, 0.0, 0.0, 0.0, 0.0, 0.0, 0.0, 0.0, 0.0, 0.0, 0.0, 0.0, 0.0, 0.0, 0.0, 0.0, 0.0, 0.0, 0.0, 0.0, 0.0, 0.0, 0.0, 0.0, 0.0, 0.0, 0.0, 0.0, 0.0, 0.0, 0.0, 0.0, 0.0]
twist: 
  twist: 
    linear: 
      x: -0.06086269271802483
      y: 0.18172594527199676
      z: -0.04320392414813694
    angular: 
      x: 0.0
      y: 0.0
      z: 0.0
  covariance: [0.0, 0.0, 0.0, 0.0, 0.0, 0.0, 0.0, 0.0, 0.0, 0.0, 0.0, 0.0, 0.0, 0.0, 0.0, 0.0, 0.0, 0.0, 0.0, 0.0, 0.0, 0.0, 0.0, 0.0, 0.0, 0.0, 0.0, 0.0, 0.0, 0.0, 0.0, 0.0, 0.0, 0.0, 0.0, 0.0]
---
header: 
  seq: 1156
  stamp: 
    secs: 1744081296
    nsecs: 696783066
  frame_id: "world"
child_frame_id: "world"
pose: 
  pose: 
    position: 
      x: 0.4647716987595218
      y: 0.18431712947156884
      z: 0.43121538903065415
    orientation: 
      x: 0.00045634089137880574
      y: -0.0032385361671175236
      z: 0.7844855068326074
      w: 0.6201385274324377
  covariance: [0.0, 0.0, 0.0, 0.0, 0.0, 0.0, 0.0, 0.0, 0.0, 0.0, 0.0, 0.0, 0.0, 0.0, 0.0, 0.0, 0.0, 0.0, 0.0, 0.0, 0.0, 0.0, 0.0, 0.0, 0.0, 0.0, 0.0, 0.0, 0.0, 0.0, 0.0, 0.0, 0.0, 0.0, 0.0, 0.0]
twist: 
  twist: 
    linear: 
      x: -0.05599700910684364
      y: 0.20192922225127669
      z: -0.014093961561475894
    angular: 
      x: 0.0
      y: 0.0
      z: 0.0
  covariance: [0.0, 0.0, 0.0, 0.0, 0.0, 0.0, 0.0, 0.0, 0.0, 0.0, 0.0, 0.0, 0.0, 0.0, 0.0, 0.0, 0.0, 0.0, 0.0, 0.0, 0.0, 0.0, 0.0, 0.0, 0.0, 0.0, 0.0, 0.0, 0.0, 0.0, 0.0, 0.0, 0.0, 0.0, 0.0, 0.0]
---
header: 
  seq: 1157
  stamp: 
    secs: 1744081296
    nsecs: 830122471
  frame_id: "world"
child_frame_id: "world"
pose: 
  pose: 
    position: 
      x: 0.45484532400898764
      y: 0.21184262273588916
      z: 0.43341689838015823
    orientation: 
      x: -0.0015896911600089387
      y: -0.0070360478489907745
      z: 0.7998940309041366
      w: 0.6000979138745732
  covariance: [0.0, 0.0, 0.0, 0.0, 0.0, 0.0, 0.0, 0.0, 0.0, 0.0, 0.0, 0.0, 0.0, 0.0, 0.0, 0.0, 0.0, 0.0, 0.0, 0.0, 0.0, 0.0, 0.0, 0.0, 0.0, 0.0, 0.0, 0.0, 0.0, 0.0, 0.0, 0.0, 0.0, 0.0, 0.0, 0.0]
twist: 
  twist: 
    linear: 
      x: -0.0835633283650023
      y: 0.2127013409385453
      z: 0.01435000396053287
    angular: 
      x: 0.0
      y: 0.0
      z: 0.0
  covariance: [0.0, 0.0, 0.0, 0.0, 0.0, 0.0, 0.0, 0.0, 0.0, 0.0, 0.0, 0.0, 0.0, 0.0, 0.0, 0.0, 0.0, 0.0, 0.0, 0.0, 0.0, 0.0, 0.0, 0.0, 0.0, 0.0, 0.0, 0.0, 0.0, 0.0, 0.0, 0.0, 0.0, 0.0, 0.0, 0.0]
---
header: 
  seq: 1158
  stamp: 
    secs: 1744081296
    nsecs: 963461876
  frame_id: "world"
child_frame_id: "world"
pose: 
  pose: 
    position: 
      x: 0.44211499901982104
      y: 0.23991889497902524
      z: 0.44063245235130416
    orientation: 
      x: -0.003473007603588587
      y: -0.010395929767389522
      z: 0.815768495124958
      w: 0.5782746970290314
  covariance: [0.0, 0.0, 0.0, 0.0, 0.0, 0.0, 0.0, 0.0, 0.0, 0.0, 0.0, 0.0, 0.0, 0.0, 0.0, 0.0, 0.0, 0.0, 0.0, 0.0, 0.0, 0.0, 0.0, 0.0, 0.0, 0.0, 0.0, 0.0, 0.0, 0.0, 0.0, 0.0, 0.0, 0.0, 0.0, 0.0]
twist: 
  twist: 
    linear: 
      x: -0.09088189494354189
      y: 0.21945582835510982
      z: 0.05114032687941699
    angular: 
      x: 0.0
      y: 0.0
      z: 0.0
  covariance: [0.0, 0.0, 0.0, 0.0, 0.0, 0.0, 0.0, 0.0, 0.0, 0.0, 0.0, 0.0, 0.0, 0.0, 0.0, 0.0, 0.0, 0.0, 0.0, 0.0, 0.0, 0.0, 0.0, 0.0, 0.0, 0.0, 0.0, 0.0, 0.0, 0.0, 0.0, 0.0, 0.0, 0.0, 0.0, 0.0]
---
header: 
  seq: 1159
  stamp: 
    secs: 1744081297
    nsecs:  96801043
  frame_id: "world"
child_frame_id: "world"
pose: 
  pose: 
    position: 
      x: 0.42683010741591315
      y: 0.26759457854809715
      z: 0.4495702931091723
    orientation: 
      x: -0.0053559734578314065
      y: -0.01044761360941064
      z: 0.8321116390768054
      w: 0.5544838870797782
  covariance: [0.0, 0.0, 0.0, 0.0, 0.0, 0.0, 0.0, 0.0, 0.0, 0.0, 0.0, 0.0, 0.0, 0.0, 0.0, 0.0, 0.0, 0.0, 0.0, 0.0, 0.0, 0.0, 0.0, 0.0, 0.0, 0.0, 0.0, 0.0, 0.0, 0.0, 0.0, 0.0, 0.0, 0.0, 0.0, 0.0]
twist: 
  twist: 
    linear: 
      x: -0.10975301345825941
      y: 0.21486801384503446
      z: 0.07027591064349975
    angular: 
      x: 0.0
      y: 0.0
      z: 0.0
  covariance: [0.0, 0.0, 0.0, 0.0, 0.0, 0.0, 0.0, 0.0, 0.0, 0.0, 0.0, 0.0, 0.0, 0.0, 0.0, 0.0, 0.0, 0.0, 0.0, 0.0, 0.0, 0.0, 0.0, 0.0, 0.0, 0.0, 0.0, 0.0, 0.0, 0.0, 0.0, 0.0, 0.0, 0.0, 0.0, 0.0]
---
header: 
  seq: 1160
  stamp: 
    secs: 1744081297
    nsecs: 230132103
  frame_id: "world"
child_frame_id: "world"
pose: 
  pose: 
    position: 
      x: 0.4108514619271381
      y: 0.2948922712687647
      z: 0.45743693101834754
    orientation: 
      x: -0.008514511414689629
      y: -0.01376245410875336
      z: 0.8495318363890454
      w: 0.527289063904923
  covariance: [0.0, 0.0, 0.0, 0.0, 0.0, 0.0, 0.0, 0.0, 0.0, 0.0, 0.0, 0.0, 0.0, 0.0, 0.0, 0.0, 0.0, 0.0, 0.0, 0.0, 0.0, 0.0, 0.0, 0.0, 0.0, 0.0, 0.0, 0.0, 0.0, 0.0, 0.0, 0.0, 0.0, 0.0, 0.0, 0.0]
twist: 
  twist: 
    linear: 
      x: -0.12849882261314516
      y: 0.2096841104191975
      z: 0.035774563333214784
    angular: 
      x: 0.0
      y: 0.0
      z: 0.0
  covariance: [0.0, 0.0, 0.0, 0.0, 0.0, 0.0, 0.0, 0.0, 0.0, 0.0, 0.0, 0.0, 0.0, 0.0, 0.0, 0.0, 0.0, 0.0, 0.0, 0.0, 0.0, 0.0, 0.0, 0.0, 0.0, 0.0, 0.0, 0.0, 0.0, 0.0, 0.0, 0.0, 0.0, 0.0, 0.0, 0.0]
---
header: 
  seq: 1161
  stamp: 
    secs: 1744081297
    nsecs: 363462687
  frame_id: "world"
child_frame_id: "world"
pose: 
  pose: 
    position: 
      x: 0.3914577522535111
      y: 0.3197633986685916
      z: 0.45898232213170914
    orientation: 
      x: -0.010217230169084539
      y: -0.013189505534128586
      z: 0.8672695627130282
      w: 0.4975591932051801
  covariance: [0.0, 0.0, 0.0, 0.0, 0.0, 0.0, 0.0, 0.0, 0.0, 0.0, 0.0, 0.0, 0.0, 0.0, 0.0, 0.0, 0.0, 0.0, 0.0, 0.0, 0.0, 0.0, 0.0, 0.0, 0.0, 0.0, 0.0, 0.0, 0.0, 0.0, 0.0, 0.0, 0.0, 0.0, 0.0, 0.0]
twist: 
  twist: 
    linear: 
      x: -0.1468599643081177
      y: 0.20205605486500683
      z: 0.017746623649358778
    angular: 
      x: 0.0
      y: 0.0
      z: 0.0
  covariance: [0.0, 0.0, 0.0, 0.0, 0.0, 0.0, 0.0, 0.0, 0.0, 0.0, 0.0, 0.0, 0.0, 0.0, 0.0, 0.0, 0.0, 0.0, 0.0, 0.0, 0.0, 0.0, 0.0, 0.0, 0.0, 0.0, 0.0, 0.0, 0.0, 0.0, 0.0, 0.0, 0.0, 0.0, 0.0, 0.0]
---
header: 
  seq: 1162
  stamp: 
    secs: 1744081297
    nsecs: 496792555
  frame_id: "world"
child_frame_id: "world"
pose: 
  pose: 
    position: 
      x: 0.36790013202864125
      y: 0.34329954073423846
      z: 0.4547603752142123
    orientation: 
      x: -0.010083476378166253
      y: -0.008617720459872164
      z: 0.8846874915442859
      w: 0.46599581618646047
  covariance: [0.0, 0.0, 0.0, 0.0, 0.0, 0.0, 0.0, 0.0, 0.0, 0.0, 0.0, 0.0, 0.0, 0.0, 0.0, 0.0, 0.0, 0.0, 0.0, 0.0, 0.0, 0.0, 0.0, 0.0, 0.0, 0.0, 0.0, 0.0, 0.0, 0.0, 0.0, 0.0, 0.0, 0.0, 0.0, 0.0]
twist: 
  twist: 
    linear: 
      x: -0.18834673561723111
      y: 0.1870439865232941
      z: 0.0023276205866844665
    angular: 
      x: 0.0
      y: 0.0
      z: 0.0
  covariance: [0.0, 0.0, 0.0, 0.0, 0.0, 0.0, 0.0, 0.0, 0.0, 0.0, 0.0, 0.0, 0.0, 0.0, 0.0, 0.0, 0.0, 0.0, 0.0, 0.0, 0.0, 0.0, 0.0, 0.0, 0.0, 0.0, 0.0, 0.0, 0.0, 0.0, 0.0, 0.0, 0.0, 0.0, 0.0, 0.0]
---
header: 
  seq: 1163
  stamp: 
    secs: 1744081297
    nsecs: 630122185
  frame_id: "world"
child_frame_id: "world"
pose: 
  pose: 
    position: 
      x: 0.34377650190739606
      y: 0.36904626875999014
      z: 0.4537468056213601
    orientation: 
      x: -0.010909014924016693
      y: -0.00816267050195548
      z: 0.9018898624177243
      w: 0.43175113233412865
  covariance: [0.0, 0.0, 0.0, 0.0, 0.0, 0.0, 0.0, 0.0, 0.0, 0.0, 0.0, 0.0, 0.0, 0.0, 0.0, 0.0, 0.0, 0.0, 0.0, 0.0, 0.0, 0.0, 0.0, 0.0, 0.0, 0.0, 0.0, 0.0, 0.0, 0.0, 0.0, 0.0, 0.0, 0.0, 0.0, 0.0]
twist: 
  twist: 
    linear: 
      x: -0.2153862608768043
      y: 0.19832232592253513
      z: -0.018149873411723607
    angular: 
      x: 0.0
      y: 0.0
      z: 0.0
  covariance: [0.0, 0.0, 0.0, 0.0, 0.0, 0.0, 0.0, 0.0, 0.0, 0.0, 0.0, 0.0, 0.0, 0.0, 0.0, 0.0, 0.0, 0.0, 0.0, 0.0, 0.0, 0.0, 0.0, 0.0, 0.0, 0.0, 0.0, 0.0, 0.0, 0.0, 0.0, 0.0, 0.0, 0.0, 0.0, 0.0]
---
header: 
  seq: 1164
  stamp: 
    secs: 1744081297
    nsecs: 763451099
  frame_id: "world"
child_frame_id: "world"
pose: 
  pose: 
    position: 
      x: 0.31448901646265454
      y: 0.3959291457059132
      z: 0.44856014124027244
    orientation: 
      x: -0.009930595206411727
      y: -0.011265382004255026
      z: 0.9182927261326349
      w: 0.39561716795285623
  covariance: [0.0, 0.0, 0.0, 0.0, 0.0, 0.0, 0.0, 0.0, 0.0, 0.0, 0.0, 0.0, 0.0, 0.0, 0.0, 0.0, 0.0, 0.0, 0.0, 0.0, 0.0, 0.0, 0.0, 0.0, 0.0, 0.0, 0.0, 0.0, 0.0, 0.0, 0.0, 0.0, 0.0, 0.0, 0.0, 0.0]
twist: 
  twist: 
    linear: 
      x: -0.23495227145658237
      y: 0.19902593222908468
      z: -0.0141179854411045
    angular: 
      x: 0.0
      y: 0.0
      z: 0.0
  covariance: [0.0, 0.0, 0.0, 0.0, 0.0, 0.0, 0.0, 0.0, 0.0, 0.0, 0.0, 0.0, 0.0, 0.0, 0.0, 0.0, 0.0, 0.0, 0.0, 0.0, 0.0, 0.0, 0.0, 0.0, 0.0, 0.0, 0.0, 0.0, 0.0, 0.0, 0.0, 0.0, 0.0, 0.0, 0.0, 0.0]
---
header: 
  seq: 1165
  stamp: 
    secs: 1744081297
    nsecs: 896779776
  frame_id: "world"
child_frame_id: "world"
pose: 
  pose: 
    position: 
      x: 0.2809488557347596
      y: 0.4224730240143064
      z: 0.44350081939543823
    orientation: 
      x: -0.009402336157352408
      y: -0.017793565019226874
      z: 0.9336199760439009
      w: 0.357699210860852
  covariance: [0.0, 0.0, 0.0, 0.0, 0.0, 0.0, 0.0, 0.0, 0.0, 0.0, 0.0, 0.0, 0.0, 0.0, 0.0, 0.0, 0.0, 0.0, 0.0, 0.0, 0.0, 0.0, 0.0, 0.0, 0.0, 0.0, 0.0, 0.0, 0.0, 0.0, 0.0, 0.0, 0.0, 0.0, 0.0, 0.0]
twist: 
  twist: 
    linear: 
      x: -0.2652214467422735
      y: 0.18477863432024363
      z: -0.017113553004177478
    angular: 
      x: 0.0
      y: 0.0
      z: 0.0
  covariance: [0.0, 0.0, 0.0, 0.0, 0.0, 0.0, 0.0, 0.0, 0.0, 0.0, 0.0, 0.0, 0.0, 0.0, 0.0, 0.0, 0.0, 0.0, 0.0, 0.0, 0.0, 0.0, 0.0, 0.0, 0.0, 0.0, 0.0, 0.0, 0.0, 0.0, 0.0, 0.0, 0.0, 0.0, 0.0, 0.0]
---
header: 
  seq: 1166
  stamp: 
    secs: 1744081298
    nsecs:  30107975
  frame_id: "world"
child_frame_id: "world"
pose: 
  pose: 
    position: 
      x: 0.2451469594041886
      y: 0.4452567842350627
      z: 0.43364774251790217
    orientation: 
      x: -0.007222642351700572
      y: -0.018705220482423367
      z: 0.9478180031051874
      w: 0.3181807366165628
  covariance: [0.0, 0.0, 0.0, 0.0, 0.0, 0.0, 0.0, 0.0, 0.0, 0.0, 0.0, 0.0, 0.0, 0.0, 0.0, 0.0, 0.0, 0.0, 0.0, 0.0, 0.0, 0.0, 0.0, 0.0, 0.0, 0.0, 0.0, 0.0, 0.0, 0.0, 0.0, 0.0, 0.0, 0.0, 0.0, 0.0]
twist: 
  twist: 
    linear: 
      x: -0.28670977831642513
      y: 0.15366033054430192
      z: -0.04796867578725816
    angular: 
      x: 0.0
      y: 0.0
      z: 0.0
  covariance: [0.0, 0.0, 0.0, 0.0, 0.0, 0.0, 0.0, 0.0, 0.0, 0.0, 0.0, 0.0, 0.0, 0.0, 0.0, 0.0, 0.0, 0.0, 0.0, 0.0, 0.0, 0.0, 0.0, 0.0, 0.0, 0.0, 0.0, 0.0, 0.0, 0.0, 0.0, 0.0, 0.0, 0.0, 0.0, 0.0]
---
header: 
  seq: 1167
  stamp: 
    secs: 1744081298
    nsecs: 163439751
  frame_id: "world"
child_frame_id: "world"
pose: 
  pose: 
    position: 
      x: 0.20536422434429255
      y: 0.4671478165750135
      z: 0.426141842481049
    orientation: 
      x: -0.006916996346342087
      y: -0.021674151040630824
      z: 0.9606578541931861
      w: 0.276801144353046
  covariance: [0.0, 0.0, 0.0, 0.0, 0.0, 0.0, 0.0, 0.0, 0.0, 0.0, 0.0, 0.0, 0.0, 0.0, 0.0, 0.0, 0.0, 0.0, 0.0, 0.0, 0.0, 0.0, 0.0, 0.0, 0.0, 0.0, 0.0, 0.0, 0.0, 0.0, 0.0, 0.0, 0.0, 0.0, 0.0, 0.0]
twist: 
  twist: 
    linear: 
      x: -0.2997335972100398
      y: 0.14421716687057856
      z: -0.024953496720193286
    angular: 
      x: 0.0
      y: 0.0
      z: 0.0
  covariance: [0.0, 0.0, 0.0, 0.0, 0.0, 0.0, 0.0, 0.0, 0.0, 0.0, 0.0, 0.0, 0.0, 0.0, 0.0, 0.0, 0.0, 0.0, 0.0, 0.0, 0.0, 0.0, 0.0, 0.0, 0.0, 0.0, 0.0, 0.0, 0.0, 0.0, 0.0, 0.0, 0.0, 0.0, 0.0, 0.0]
---
header: 
  seq: 1168
  stamp: 
    secs: 1744081298
    nsecs: 296774864
  frame_id: "world"
child_frame_id: "world"
pose: 
  pose: 
    position: 
      x: 0.16098386116944502
      y: 0.4843494840114151
      z: 0.4201730584833037
    orientation: 
      x: -0.00452381854790934
      y: -0.025328963426417835
      z: 0.9721683698536046
      w: 0.23286614037612724
  covariance: [0.0, 0.0, 0.0, 0.0, 0.0, 0.0, 0.0, 0.0, 0.0, 0.0, 0.0, 0.0, 0.0, 0.0, 0.0, 0.0, 0.0, 0.0, 0.0, 0.0, 0.0, 0.0, 0.0, 0.0, 0.0, 0.0, 0.0, 0.0, 0.0, 0.0, 0.0, 0.0, 0.0, 0.0, 0.0, 0.0]
twist: 
  twist: 
    linear: 
      x: -0.3297928024075549
      y: 0.10691552603960218
      z: -0.006384573440257467
    angular: 
      x: 0.0
      y: 0.0
      z: 0.0
  covariance: [0.0, 0.0, 0.0, 0.0, 0.0, 0.0, 0.0, 0.0, 0.0, 0.0, 0.0, 0.0, 0.0, 0.0, 0.0, 0.0, 0.0, 0.0, 0.0, 0.0, 0.0, 0.0, 0.0, 0.0, 0.0, 0.0, 0.0, 0.0, 0.0, 0.0, 0.0, 0.0, 0.0, 0.0, 0.0, 0.0]
---
header: 
  seq: 1169
  stamp: 
    secs: 1744081298
    nsecs: 430109978
  frame_id: "world"
child_frame_id: "world"
pose: 
  pose: 
    position: 
      x: 0.11422405871927827
      y: 0.4946226906332658
      z: 0.42067582221783434
    orientation: 
      x: -0.0004707428692758553
      y: -0.02292194348098685
      z: 0.9821885133743194
      w: 0.18649420126038682
  covariance: [0.0, 0.0, 0.0, 0.0, 0.0, 0.0, 0.0, 0.0, 0.0, 0.0, 0.0, 0.0, 0.0, 0.0, 0.0, 0.0, 0.0, 0.0, 0.0, 0.0, 0.0, 0.0, 0.0, 0.0, 0.0, 0.0, 0.0, 0.0, 0.0, 0.0, 0.0, 0.0, 0.0, 0.0, 0.0, 0.0]
twist: 
  twist: 
    linear: 
      x: -0.35112720344732995
      y: 0.050010106465952754
      z: 0.020161781353464317
    angular: 
      x: 0.0
      y: 0.0
      z: 0.0
  covariance: [0.0, 0.0, 0.0, 0.0, 0.0, 0.0, 0.0, 0.0, 0.0, 0.0, 0.0, 0.0, 0.0, 0.0, 0.0, 0.0, 0.0, 0.0, 0.0, 0.0, 0.0, 0.0, 0.0, 0.0, 0.0, 0.0, 0.0, 0.0, 0.0, 0.0, 0.0, 0.0, 0.0, 0.0, 0.0, 0.0]
---
header: 
  seq: 1170
  stamp: 
    secs: 1744081298
    nsecs: 563444853
  frame_id: "world"
child_frame_id: "world"
pose: 
  pose: 
    position: 
      x: 0.06776046474093944
      y: 0.4977819815618004
      z: 0.4255352041160909
    orientation: 
      x: 0.002608061394284727
      y: -0.020197758061059275
      z: 0.9901973519462219
      w: 0.1381826790294675
  covariance: [0.0, 0.0, 0.0, 0.0, 0.0, 0.0, 0.0, 0.0, 0.0, 0.0, 0.0, 0.0, 0.0, 0.0, 0.0, 0.0, 0.0, 0.0, 0.0, 0.0, 0.0, 0.0, 0.0, 0.0, 0.0, 0.0, 0.0, 0.0, 0.0, 0.0, 0.0, 0.0, 0.0, 0.0, 0.0, 0.0]
twist: 
  twist: 
    linear: 
      x: -0.35668178437371706
      y: 0.000370823708744633
      z: 0.031489870064088585
    angular: 
      x: 0.0
      y: 0.0
      z: 0.0
  covariance: [0.0, 0.0, 0.0, 0.0, 0.0, 0.0, 0.0, 0.0, 0.0, 0.0, 0.0, 0.0, 0.0, 0.0, 0.0, 0.0, 0.0, 0.0, 0.0, 0.0, 0.0, 0.0, 0.0, 0.0, 0.0, 0.0, 0.0, 0.0, 0.0, 0.0, 0.0, 0.0, 0.0, 0.0, 0.0, 0.0]
---
header: 
  seq: 1171
  stamp: 
    secs: 1744081298
    nsecs: 696779251
  frame_id: "world"
child_frame_id: "world"
pose: 
  pose: 
    position: 
      x: 0.019906644010172447
      y: 0.4956738194747964
      z: 0.4317183607108256
    orientation: 
      x: 0.004821522187218264
      y: -0.017752744350606302
      z: 0.9958843191364858
      w: 0.08874692045292847
  covariance: [0.0, 0.0, 0.0, 0.0, 0.0, 0.0, 0.0, 0.0, 0.0, 0.0, 0.0, 0.0, 0.0, 0.0, 0.0, 0.0, 0.0, 0.0, 0.0, 0.0, 0.0, 0.0, 0.0, 0.0, 0.0, 0.0, 0.0, 0.0, 0.0, 0.0, 0.0, 0.0, 0.0, 0.0, 0.0, 0.0]
twist: 
  twist: 
    linear: 
      x: -0.35941045541577754
      y: -0.03500742404276247
      z: 0.05352191485971436
    angular: 
      x: 0.0
      y: 0.0
      z: 0.0
  covariance: [0.0, 0.0, 0.0, 0.0, 0.0, 0.0, 0.0, 0.0, 0.0, 0.0, 0.0, 0.0, 0.0, 0.0, 0.0, 0.0, 0.0, 0.0, 0.0, 0.0, 0.0, 0.0, 0.0, 0.0, 0.0, 0.0, 0.0, 0.0, 0.0, 0.0, 0.0, 0.0, 0.0, 0.0, 0.0, 0.0]
---
header: 
  seq: 1172
  stamp: 
    secs: 1744081298
    nsecs: 830113411
  frame_id: "world"
child_frame_id: "world"
pose: 
  pose: 
    position: 
      x: -0.02820578073814184
      y: 0.4885459289737667
      z: 0.4373238883571295
    orientation: 
      x: 0.004168342672890723
      y: -0.018222448150844613
      z: 0.9990280616987983
      w: 0.03991865780675936
  covariance: [0.0, 0.0, 0.0, 0.0, 0.0, 0.0, 0.0, 0.0, 0.0, 0.0, 0.0, 0.0, 0.0, 0.0, 0.0, 0.0, 0.0, 0.0, 0.0, 0.0, 0.0, 0.0, 0.0, 0.0, 0.0, 0.0, 0.0, 0.0, 0.0, 0.0, 0.0, 0.0, 0.0, 0.0, 0.0, 0.0]
twist: 
  twist: 
    linear: 
      x: -0.35629156904311055
      y: -0.0589752803653606
      z: 0.02940655748114513
    angular: 
      x: 0.0
      y: 0.0
      z: 0.0
  covariance: [0.0, 0.0, 0.0, 0.0, 0.0, 0.0, 0.0, 0.0, 0.0, 0.0, 0.0, 0.0, 0.0, 0.0, 0.0, 0.0, 0.0, 0.0, 0.0, 0.0, 0.0, 0.0, 0.0, 0.0, 0.0, 0.0, 0.0, 0.0, 0.0, 0.0, 0.0, 0.0, 0.0, 0.0, 0.0, 0.0]
---
header: 
  seq: 1173
  stamp: 
    secs: 1744081298
    nsecs: 963447571
  frame_id: "world"
child_frame_id: "world"
pose: 
  pose: 
    position: 
      x: -0.07307000388686025
      y: 0.476045876139078
      z: 0.4436249701382358
    orientation: 
      x: 0.0035153834444961057
      y: -0.019776219055324024
      z: 0.9997674742498723
      w: -0.00784478623959062
  covariance: [0.0, 0.0, 0.0, 0.0, 0.0, 0.0, 0.0, 0.0, 0.0, 0.0, 0.0, 0.0, 0.0, 0.0, 0.0, 0.0, 0.0, 0.0, 0.0, 0.0, 0.0, 0.0, 0.0, 0.0, 0.0, 0.0, 0.0, 0.0, 0.0, 0.0, 0.0, 0.0, 0.0, 0.0, 0.0, 0.0]
twist: 
  twist: 
    linear: 
      x: -0.3474515081320215
      y: -0.09390694689405897
      z: 0.044980967717445655
    angular: 
      x: 0.0
      y: 0.0
      z: 0.0
  covariance: [0.0, 0.0, 0.0, 0.0, 0.0, 0.0, 0.0, 0.0, 0.0, 0.0, 0.0, 0.0, 0.0, 0.0, 0.0, 0.0, 0.0, 0.0, 0.0, 0.0, 0.0, 0.0, 0.0, 0.0, 0.0, 0.0, 0.0, 0.0, 0.0, 0.0, 0.0, 0.0, 0.0, 0.0, 0.0, 0.0]
---
header: 
  seq: 1174
  stamp: 
    secs: 1744081299
    nsecs:  96781492
  frame_id: "world"
child_frame_id: "world"
pose: 
  pose: 
    position: 
      x: -0.11915656618847215
      y: 0.45634074187061535
      z: 0.44307511762697666
    orientation: 
      x: 0.004453535751386729
      y: -0.02047366773609299
      z: 0.9983520725289375
      w: -0.05342409780163121
  covariance: [0.0, 0.0, 0.0, 0.0, 0.0, 0.0, 0.0, 0.0, 0.0, 0.0, 0.0, 0.0, 0.0, 0.0, 0.0, 0.0, 0.0, 0.0, 0.0, 0.0, 0.0, 0.0, 0.0, 0.0, 0.0, 0.0, 0.0, 0.0, 0.0, 0.0, 0.0, 0.0, 0.0, 0.0, 0.0, 0.0]
twist: 
  twist: 
    linear: 
      x: -0.35082945886772127
      y: -0.14871286089133032
      z: 0.0003419753629740295
    angular: 
      x: 0.0
      y: 0.0
      z: 0.0
  covariance: [0.0, 0.0, 0.0, 0.0, 0.0, 0.0, 0.0, 0.0, 0.0, 0.0, 0.0, 0.0, 0.0, 0.0, 0.0, 0.0, 0.0, 0.0, 0.0, 0.0, 0.0, 0.0, 0.0, 0.0, 0.0, 0.0, 0.0, 0.0, 0.0, 0.0, 0.0, 0.0, 0.0, 0.0, 0.0, 0.0]
---
header: 
  seq: 1175
  stamp: 
    secs: 1744081299
    nsecs: 230112076
  frame_id: "world"
child_frame_id: "world"
pose: 
  pose: 
    position: 
      x: -0.16374029807994256
      y: 0.42909682397540777
      z: 0.4382549336192678
    orientation: 
      x: 0.007311185245550779
      y: -0.016980921558737462
      z: 0.9949799388976264
      w: -0.0983520008164407
  covariance: [0.0, 0.0, 0.0, 0.0, 0.0, 0.0, 0.0, 0.0, 0.0, 0.0, 0.0, 0.0, 0.0, 0.0, 0.0, 0.0, 0.0, 0.0, 0.0, 0.0, 0.0, 0.0, 0.0, 0.0, 0.0, 0.0, 0.0, 0.0, 0.0, 0.0, 0.0, 0.0, 0.0, 0.0, 0.0, 0.0]
twist: 
  twist: 
    linear: 
      x: -0.33958763463339275
      y: -0.1998952411114335
      z: -0.01291361724357213
    angular: 
      x: 0.0
      y: 0.0
      z: 0.0
  covariance: [0.0, 0.0, 0.0, 0.0, 0.0, 0.0, 0.0, 0.0, 0.0, 0.0, 0.0, 0.0, 0.0, 0.0, 0.0, 0.0, 0.0, 0.0, 0.0, 0.0, 0.0, 0.0, 0.0, 0.0, 0.0, 0.0, 0.0, 0.0, 0.0, 0.0, 0.0, 0.0, 0.0, 0.0, 0.0, 0.0]
---
header: 
  seq: 1176
  stamp: 
    secs: 1744081299
    nsecs: 363443375
  frame_id: "world"
child_frame_id: "world"
pose: 
  pose: 
    position: 
      x: -0.20123929701180845
      y: 0.3949348221688284
      z: 0.4325092136439395
    orientation: 
      x: 0.01061610468959963
      y: -0.012124326238450877
      z: 0.9895771037393916
      w: -0.14309945768325127
  covariance: [0.0, 0.0, 0.0, 0.0, 0.0, 0.0, 0.0, 0.0, 0.0, 0.0, 0.0, 0.0, 0.0, 0.0, 0.0, 0.0, 0.0, 0.0, 0.0, 0.0, 0.0, 0.0, 0.0, 0.0, 0.0, 0.0, 0.0, 0.0, 0.0, 0.0, 0.0, 0.0, 0.0, 0.0, 0.0, 0.0]
twist: 
  twist: 
    linear: 
      x: -0.31507547559673205
      y: -0.21823624752801193
      z: 0.02848109294676146
    angular: 
      x: 0.0
      y: 0.0
      z: 0.0
  covariance: [0.0, 0.0, 0.0, 0.0, 0.0, 0.0, 0.0, 0.0, 0.0, 0.0, 0.0, 0.0, 0.0, 0.0, 0.0, 0.0, 0.0, 0.0, 0.0, 0.0, 0.0, 0.0, 0.0, 0.0, 0.0, 0.0, 0.0, 0.0, 0.0, 0.0, 0.0, 0.0, 0.0, 0.0, 0.0, 0.0]
---
header: 
  seq: 1177
  stamp: 
    secs: 1744081299
    nsecs: 496773243
  frame_id: "world"
child_frame_id: "world"
pose: 
  pose: 
    position: 
      x: -0.2358990011134889
      y: 0.360334776334061
      z: 0.4321028149268838
    orientation: 
      x: 0.010574295086109903
      y: -0.01041172923939639
      z: 0.9821202834636954
      w: -0.18766866810117294
  covariance: [0.0, 0.0, 0.0, 0.0, 0.0, 0.0, 0.0, 0.0, 0.0, 0.0, 0.0, 0.0, 0.0, 0.0, 0.0, 0.0, 0.0, 0.0, 0.0, 0.0, 0.0, 0.0, 0.0, 0.0, 0.0, 0.0, 0.0, 0.0, 0.0, 0.0, 0.0, 0.0, 0.0, 0.0, 0.0, 0.0]
twist: 
  twist: 
    linear: 
      x: -0.30619118521342814
      y: -0.22351052836797247
      z: 0.0330492525525851
    angular: 
      x: 0.0
      y: 0.0
      z: 0.0
  covariance: [0.0, 0.0, 0.0, 0.0, 0.0, 0.0, 0.0, 0.0, 0.0, 0.0, 0.0, 0.0, 0.0, 0.0, 0.0, 0.0, 0.0, 0.0, 0.0, 0.0, 0.0, 0.0, 0.0, 0.0, 0.0, 0.0, 0.0, 0.0, 0.0, 0.0, 0.0, 0.0, 0.0, 0.0, 0.0, 0.0]
---
header: 
  seq: 1178
  stamp: 
    secs: 1744081299
    nsecs: 630102634
  frame_id: "world"
child_frame_id: "world"
pose: 
  pose: 
    position: 
      x: -0.26715490795036767
      y: 0.3254249198032727
      z: 0.42918110392153547
    orientation: 
      x: 0.010701772233928047
      y: -0.010726118743989379
      z: 0.9724811528837954
      w: -0.2324883432207882
  covariance: [0.0, 0.0, 0.0, 0.0, 0.0, 0.0, 0.0, 0.0, 0.0, 0.0, 0.0, 0.0, 0.0, 0.0, 0.0, 0.0, 0.0, 0.0, 0.0, 0.0, 0.0, 0.0, 0.0, 0.0, 0.0, 0.0, 0.0, 0.0, 0.0, 0.0, 0.0, 0.0, 0.0, 0.0, 0.0, 0.0]
twist: 
  twist: 
    linear: 
      x: -0.27950806118935684
      y: -0.2482493599016334
      z: 0.010685601650354433
    angular: 
      x: 0.0
      y: 0.0
      z: 0.0
  covariance: [0.0, 0.0, 0.0, 0.0, 0.0, 0.0, 0.0, 0.0, 0.0, 0.0, 0.0, 0.0, 0.0, 0.0, 0.0, 0.0, 0.0, 0.0, 0.0, 0.0, 0.0, 0.0, 0.0, 0.0, 0.0, 0.0, 0.0, 0.0, 0.0, 0.0, 0.0, 0.0, 0.0, 0.0, 0.0, 0.0]
---
header: 
  seq: 1179
  stamp: 
    secs: 1744081299
    nsecs: 763431311
  frame_id: "world"
child_frame_id: "world"
pose: 
  pose: 
    position: 
      x: -0.29388681722133747
      y: 0.2903888126655193
      z: 0.4255214020601417
    orientation: 
      x: 0.010809767451300514
      y: -0.0064988517099586005
      z: 0.9609926659166815
      w: -0.2762861015477443
  covariance: [0.0, 0.0, 0.0, 0.0, 0.0, 0.0, 0.0, 0.0, 0.0, 0.0, 0.0, 0.0, 0.0, 0.0, 0.0, 0.0, 0.0, 0.0, 0.0, 0.0, 0.0, 0.0, 0.0, 0.0, 0.0, 0.0, 0.0, 0.0, 0.0, 0.0, 0.0, 0.0, 0.0, 0.0, 0.0, 0.0]
twist: 
  twist: 
    linear: 
      x: -0.24597954174912315
      y: -0.2625376390143331
      z: 0.004606594064481878
    angular: 
      x: 0.0
      y: 0.0
      z: 0.0
  covariance: [0.0, 0.0, 0.0, 0.0, 0.0, 0.0, 0.0, 0.0, 0.0, 0.0, 0.0, 0.0, 0.0, 0.0, 0.0, 0.0, 0.0, 0.0, 0.0, 0.0, 0.0, 0.0, 0.0, 0.0, 0.0, 0.0, 0.0, 0.0, 0.0, 0.0, 0.0, 0.0, 0.0, 0.0, 0.0, 0.0]
---
header: 
  seq: 1180
  stamp: 
    secs: 1744081299
    nsecs: 896759748
  frame_id: "world"
child_frame_id: "world"
pose: 
  pose: 
    position: 
      x: -0.32011019307545974
      y: 0.25308611573160844
      z: 0.42242321958362294
    orientation: 
      x: 0.008677974140861525
      y: -0.002866844231167352
      z: 0.9475991747021866
      w: -0.319330985143471
  covariance: [0.0, 0.0, 0.0, 0.0, 0.0, 0.0, 0.0, 0.0, 0.0, 0.0, 0.0, 0.0, 0.0, 0.0, 0.0, 0.0, 0.0, 0.0, 0.0, 0.0, 0.0, 0.0, 0.0, 0.0, 0.0, 0.0, 0.0, 0.0, 0.0, 0.0, 0.0, 0.0, 0.0, 0.0, 0.0, 0.0]
twist: 
  twist: 
    linear: 
      x: -0.21585076148304888
      y: -0.282901290455207
      z: -0.007145388106447402
    angular: 
      x: 0.0
      y: 0.0
      z: 0.0
  covariance: [0.0, 0.0, 0.0, 0.0, 0.0, 0.0, 0.0, 0.0, 0.0, 0.0, 0.0, 0.0, 0.0, 0.0, 0.0, 0.0, 0.0, 0.0, 0.0, 0.0, 0.0, 0.0, 0.0, 0.0, 0.0, 0.0, 0.0, 0.0, 0.0, 0.0, 0.0, 0.0, 0.0, 0.0, 0.0, 0.0]
---
header: 
  seq: 1181
  stamp: 
    secs: 1744081300
    nsecs:  30087948
  frame_id: "world"
child_frame_id: "world"
pose: 
  pose: 
    position: 
      x: -0.34924905707585185
      y: 0.2122258642222135
      z: 0.42344089498099324
    orientation: 
      x: 0.003601353072603434
      y: -0.001028005092385259
      z: 0.9323423523175994
      w: -0.36155734197560113
  covariance: [0.0, 0.0, 0.0, 0.0, 0.0, 0.0, 0.0, 0.0, 0.0, 0.0, 0.0, 0.0, 0.0, 0.0, 0.0, 0.0, 0.0, 0.0, 0.0, 0.0, 0.0, 0.0, 0.0, 0.0, 0.0, 0.0, 0.0, 0.0, 0.0, 0.0, 0.0, 0.0, 0.0, 0.0, 0.0, 0.0]
twist: 
  twist: 
    linear: 
      x: -0.21148206688081655
      y: -0.27622831802006914
      z: 0.022720151116317908
    angular: 
      x: 0.0
      y: 0.0
      z: 0.0
  covariance: [0.0, 0.0, 0.0, 0.0, 0.0, 0.0, 0.0, 0.0, 0.0, 0.0, 0.0, 0.0, 0.0, 0.0, 0.0, 0.0, 0.0, 0.0, 0.0, 0.0, 0.0, 0.0, 0.0, 0.0, 0.0, 0.0, 0.0, 0.0, 0.0, 0.0, 0.0, 0.0, 0.0, 0.0, 0.0, 0.0]
---
header: 
  seq: 1182
  stamp: 
    secs: 1744081300
    nsecs: 163425922
  frame_id: "world"
child_frame_id: "world"
pose: 
  pose: 
    position: 
      x: -0.3778232733803854
      y: 0.1741457551206973
      z: 0.421112330647592
    orientation: 
      x: 0.004304107204661915
      y: -0.0055809872540566186
      z: 0.9150911980080056
      w: -0.4031853501439679
  covariance: [0.0, 0.0, 0.0, 0.0, 0.0, 0.0, 0.0, 0.0, 0.0, 0.0, 0.0, 0.0, 0.0, 0.0, 0.0, 0.0, 0.0, 0.0, 0.0, 0.0, 0.0, 0.0, 0.0, 0.0, 0.0, 0.0, 0.0, 0.0, 0.0, 0.0, 0.0, 0.0, 0.0, 0.0, 0.0, 0.0]
twist: 
  twist: 
    linear: 
      x: -0.2117506502473554
      y: -0.2829588550913537
      z: 0.024694380502937062
    angular: 
      x: 0.0
      y: 0.0
      z: 0.0
  covariance: [0.0, 0.0, 0.0, 0.0, 0.0, 0.0, 0.0, 0.0, 0.0, 0.0, 0.0, 0.0, 0.0, 0.0, 0.0, 0.0, 0.0, 0.0, 0.0, 0.0, 0.0, 0.0, 0.0, 0.0, 0.0, 0.0, 0.0, 0.0, 0.0, 0.0, 0.0, 0.0, 0.0, 0.0, 0.0, 0.0]
---
header: 
  seq: 1183
  stamp: 
    secs: 1744081300
    nsecs: 296774626
  frame_id: "world"
child_frame_id: "world"
pose: 
  pose: 
    position: 
      x: -0.40353856192556126
      y: 0.13519911924660682
      z: 0.42133325925303244
    orientation: 
      x: 0.009682433728079783
      y: -0.011055663946616655
      z: 0.896024778655894
      w: -0.4437607675386107
  covariance: [0.0, 0.0, 0.0, 0.0, 0.0, 0.0, 0.0, 0.0, 0.0, 0.0, 0.0, 0.0, 0.0, 0.0, 0.0, 0.0, 0.0, 0.0, 0.0, 0.0, 0.0, 0.0, 0.0, 0.0, 0.0, 0.0, 0.0, 0.0, 0.0, 0.0, 0.0, 0.0, 0.0, 0.0, 0.0, 0.0]
twist: 
  twist: 
    linear: 
      x: -0.19843354108562009
      y: -0.2926989906172215
      z: 0.025163879691422326
    angular: 
      x: 0.0
      y: 0.0
      z: 0.0
  covariance: [0.0, 0.0, 0.0, 0.0, 0.0, 0.0, 0.0, 0.0, 0.0, 0.0, 0.0, 0.0, 0.0, 0.0, 0.0, 0.0, 0.0, 0.0, 0.0, 0.0, 0.0, 0.0, 0.0, 0.0, 0.0, 0.0, 0.0, 0.0, 0.0, 0.0, 0.0, 0.0, 0.0, 0.0, 0.0, 0.0]
---
header: 
  seq: 1184
  stamp: 
    secs: 1744081300
    nsecs: 430123806
  frame_id: "world"
child_frame_id: "world"
pose: 
  pose: 
    position: 
      x: -0.42534666847139835
      y: 0.09158336093086178
      z: 0.42248736963799544
    orientation: 
      x: 0.015936611125311112
      y: -0.017431848027883803
      z: 0.8750707421080285
      w: -0.48341840201493974
  covariance: [0.0, 0.0, 0.0, 0.0, 0.0, 0.0, 0.0, 0.0, 0.0, 0.0, 0.0, 0.0, 0.0, 0.0, 0.0, 0.0, 0.0, 0.0, 0.0, 0.0, 0.0, 0.0, 0.0, 0.0, 0.0, 0.0, 0.0, 0.0, 0.0, 0.0, 0.0, 0.0, 0.0, 0.0, 0.0, 0.0]
twist: 
  twist: 
    linear: 
      x: -0.1717199137252489
      y: -0.31280656047094674
      z: 0.028504624500506323
    angular: 
      x: 0.0
      y: 0.0
      z: 0.0
  covariance: [0.0, 0.0, 0.0, 0.0, 0.0, 0.0, 0.0, 0.0, 0.0, 0.0, 0.0, 0.0, 0.0, 0.0, 0.0, 0.0, 0.0, 0.0, 0.0, 0.0, 0.0, 0.0, 0.0, 0.0, 0.0, 0.0, 0.0, 0.0, 0.0, 0.0, 0.0, 0.0, 0.0, 0.0, 0.0, 0.0]
---
header: 
  seq: 1185
  stamp: 
    secs: 1744081300
    nsecs: 563472986
  frame_id: "world"
child_frame_id: "world"
pose: 
  pose: 
    position: 
      x: -0.44014190743100146
      y: 0.044119299737995665
      z: 0.42393457579418903
    orientation: 
      x: -0.02031642040820735
      y: 0.02054376153207877
      z: -0.852305136706439
      w: 0.5222462550059392
  covariance: [0.0, 0.0, 0.0, 0.0, 0.0, 0.0, 0.0, 0.0, 0.0, 0.0, 0.0, 0.0, 0.0, 0.0, 0.0, 0.0, 0.0, 0.0, 0.0, 0.0, 0.0, 0.0, 0.0, 0.0, 0.0, 0.0, 0.0, 0.0, 0.0, 0.0, 0.0, 0.0, 0.0, 0.0, 0.0, 0.0]
twist: 
  twist: 
    linear: 
      x: -0.11039002743642798
      y: -0.3354991505829687
      z: 0.00766304791048942
    angular: 
      x: 0.0
      y: 0.0
      z: 0.0
  covariance: [0.0, 0.0, 0.0, 0.0, 0.0, 0.0, 0.0, 0.0, 0.0, 0.0, 0.0, 0.0, 0.0, 0.0, 0.0, 0.0, 0.0, 0.0, 0.0, 0.0, 0.0, 0.0, 0.0, 0.0, 0.0, 0.0, 0.0, 0.0, 0.0, 0.0, 0.0, 0.0, 0.0, 0.0, 0.0, 0.0]
---
header: 
  seq: 1186
  stamp: 
    secs: 1744081300
    nsecs: 696822166
  frame_id: "world"
child_frame_id: "world"
pose: 
  pose: 
    position: 
      x: -0.4486301446080705
      y: -0.00931308614838433
      z: 0.42287797159899077
    orientation: 
      x: -0.02282599776906729
      y: 0.018099726144134118
      z: -0.8277843246786502
      w: 0.5602896443409114
  covariance: [0.0, 0.0, 0.0, 0.0, 0.0, 0.0, 0.0, 0.0, 0.0, 0.0, 0.0, 0.0, 0.0, 0.0, 0.0, 0.0, 0.0, 0.0, 0.0, 0.0, 0.0, 0.0, 0.0, 0.0, 0.0, 0.0, 0.0, 0.0, 0.0, 0.0, 0.0, 0.0, 0.0, 0.0, 0.0, 0.0]
twist: 
  twist: 
    linear: 
      x: -0.051949118000215164
      y: -0.36710433585346236
      z: 0.015236916179308125
    angular: 
      x: 0.0
      y: 0.0
      z: 0.0
  covariance: [0.0, 0.0, 0.0, 0.0, 0.0, 0.0, 0.0, 0.0, 0.0, 0.0, 0.0, 0.0, 0.0, 0.0, 0.0, 0.0, 0.0, 0.0, 0.0, 0.0, 0.0, 0.0, 0.0, 0.0, 0.0, 0.0, 0.0, 0.0, 0.0, 0.0, 0.0, 0.0, 0.0, 0.0, 0.0, 0.0]
---
header: 
  seq: 1187
  stamp: 
    secs: 1744081300
    nsecs: 830171824
  frame_id: "world"
child_frame_id: "world"
pose: 
  pose: 
    position: 
      x: -0.4495144341223104
      y: -0.061614424169364856
      z: 0.42213756865646646
    orientation: 
      x: -0.018141821859178932
      y: 0.006521663641468108
      z: -0.8009476465524625
      w: 0.5984239380949335
  covariance: [0.0, 0.0, 0.0, 0.0, 0.0, 0.0, 0.0, 0.0, 0.0, 0.0, 0.0, 0.0, 0.0, 0.0, 0.0, 0.0, 0.0, 0.0, 0.0, 0.0, 0.0, 0.0, 0.0, 0.0, 0.0, 0.0, 0.0, 0.0, 0.0, 0.0, 0.0, 0.0, 0.0, 0.0, 0.0, 0.0]
twist: 
  twist: 
    linear: 
      x: -0.00011438236273181098
      y: -0.3655527781878163
      z: 0.006288921533849132
    angular: 
      x: 0.0
      y: 0.0
      z: 0.0
  covariance: [0.0, 0.0, 0.0, 0.0, 0.0, 0.0, 0.0, 0.0, 0.0, 0.0, 0.0, 0.0, 0.0, 0.0, 0.0, 0.0, 0.0, 0.0, 0.0, 0.0, 0.0, 0.0, 0.0, 0.0, 0.0, 0.0, 0.0, 0.0, 0.0, 0.0, 0.0, 0.0, 0.0, 0.0, 0.0, 0.0]
---
header: 
  seq: 1188
  stamp: 
    secs: 1744081300
    nsecs: 963521719
  frame_id: "world"
child_frame_id: "world"
pose: 
  pose: 
    position: 
      x: -0.44830502112589216
      y: -0.11413184788544589
      z: 0.4274810085942468
    orientation: 
      x: -0.015026744901938283
      y: 0.0015058542545292326
      z: -0.7720488594516909
      w: 0.6353837328417841
  covariance: [0.0, 0.0, 0.0, 0.0, 0.0, 0.0, 0.0, 0.0, 0.0, 0.0, 0.0, 0.0, 0.0, 0.0, 0.0, 0.0, 0.0, 0.0, 0.0, 0.0, 0.0, 0.0, 0.0, 0.0, 0.0, 0.0, 0.0, 0.0, 0.0, 0.0, 0.0, 0.0, 0.0, 0.0, 0.0, 0.0]
twist: 
  twist: 
    linear: 
      x: 0.016343050347793837
      y: -0.35431744714750707
      z: 0.04907024192550923
    angular: 
      x: 0.0
      y: 0.0
      z: 0.0
  covariance: [0.0, 0.0, 0.0, 0.0, 0.0, 0.0, 0.0, 0.0, 0.0, 0.0, 0.0, 0.0, 0.0, 0.0, 0.0, 0.0, 0.0, 0.0, 0.0, 0.0, 0.0, 0.0, 0.0, 0.0, 0.0, 0.0, 0.0, 0.0, 0.0, 0.0, 0.0, 0.0, 0.0, 0.0, 0.0, 0.0]
---
header: 
  seq: 1189
  stamp: 
    secs: 1744081301
    nsecs:  96871614
  frame_id: "world"
child_frame_id: "world"
pose: 
  pose: 
    position: 
      x: -0.4438801749458371
      y: -0.16400595843731713
      z: 0.4348037281675231
    orientation: 
      x: -0.01533185668471592
      y: 0.004414006984691432
      z: -0.7416913469013496
      w: 0.670551561510821
  covariance: [0.0, 0.0, 0.0, 0.0, 0.0, 0.0, 0.0, 0.0, 0.0, 0.0, 0.0, 0.0, 0.0, 0.0, 0.0, 0.0, 0.0, 0.0, 0.0, 0.0, 0.0, 0.0, 0.0, 0.0, 0.0, 0.0, 0.0, 0.0, 0.0, 0.0, 0.0, 0.0, 0.0, 0.0, 0.0, 0.0]
twist: 
  twist: 
    linear: 
      x: 0.0347063224969349
      y: -0.34923343612073576
      z: 0.05632142241654441
    angular: 
      x: 0.0
      y: 0.0
      z: 0.0
  covariance: [0.0, 0.0, 0.0, 0.0, 0.0, 0.0, 0.0, 0.0, 0.0, 0.0, 0.0, 0.0, 0.0, 0.0, 0.0, 0.0, 0.0, 0.0, 0.0, 0.0, 0.0, 0.0, 0.0, 0.0, 0.0, 0.0, 0.0, 0.0, 0.0, 0.0, 0.0, 0.0, 0.0, 0.0, 0.0, 0.0]
---
header: 
  seq: 1190
  stamp: 
    secs: 1744081301
    nsecs: 230216742
  frame_id: "world"
child_frame_id: "world"
pose: 
  pose: 
    position: 
      x: -0.4348282697437903
      y: -0.21313303623120938
      z: 0.44034011569446646
    orientation: 
      x: -0.01832072962949193
      y: 0.006471872168584682
      z: -0.7102148420827004
      w: 0.7037168065507048
  covariance: [0.0, 0.0, 0.0, 0.0, 0.0, 0.0, 0.0, 0.0, 0.0, 0.0, 0.0, 0.0, 0.0, 0.0, 0.0, 0.0, 0.0, 0.0, 0.0, 0.0, 0.0, 0.0, 0.0, 0.0, 0.0, 0.0, 0.0, 0.0, 0.0, 0.0, 0.0, 0.0, 0.0, 0.0, 0.0, 0.0]
twist: 
  twist: 
    linear: 
      x: 0.07915519506477116
      y: -0.335029480003202
      z: 0.025634123973846838
    angular: 
      x: 0.0
      y: 0.0
      z: 0.0
  covariance: [0.0, 0.0, 0.0, 0.0, 0.0, 0.0, 0.0, 0.0, 0.0, 0.0, 0.0, 0.0, 0.0, 0.0, 0.0, 0.0, 0.0, 0.0, 0.0, 0.0, 0.0, 0.0, 0.0, 0.0, 0.0, 0.0, 0.0, 0.0, 0.0, 0.0, 0.0, 0.0, 0.0, 0.0, 0.0, 0.0]
---
header: 
  seq: 1191
  stamp: 
    secs: 1744081301
    nsecs: 363562346
  frame_id: "world"
child_frame_id: "world"
pose: 
  pose: 
    position: 
      x: -0.42127015698776465
      y: -0.26199689695747186
      z: 0.442638169389527
    orientation: 
      x: -0.01578419275129101
      y: 0.0025474993869855846
      z: -0.6775268688809424
      w: 0.7353242219935704
  covariance: [0.0, 0.0, 0.0, 0.0, 0.0, 0.0, 0.0, 0.0, 0.0, 0.0, 0.0, 0.0, 0.0, 0.0, 0.0, 0.0, 0.0, 0.0, 0.0, 0.0, 0.0, 0.0, 0.0, 0.0, 0.0, 0.0, 0.0, 0.0, 0.0, 0.0, 0.0, 0.0, 0.0, 0.0, 0.0, 0.0]
twist: 
  twist: 
    linear: 
      x: 0.11923903185542128
      y: -0.32576001210624095
      z: 0.016535566693914903
    angular: 
      x: 0.0
      y: 0.0
      z: 0.0
  covariance: [0.0, 0.0, 0.0, 0.0, 0.0, 0.0, 0.0, 0.0, 0.0, 0.0, 0.0, 0.0, 0.0, 0.0, 0.0, 0.0, 0.0, 0.0, 0.0, 0.0, 0.0, 0.0, 0.0, 0.0, 0.0, 0.0, 0.0, 0.0, 0.0, 0.0, 0.0, 0.0, 0.0, 0.0, 0.0, 0.0]
---
header: 
  seq: 1192
  stamp: 
    secs: 1744081301
    nsecs: 496907711
  frame_id: "world"
child_frame_id: "world"
pose: 
  pose: 
    position: 
      x: -0.40490485956527766
      y: -0.30829518956533153
      z: 0.4439180792849632
    orientation: 
      x: -0.01461336187133992
      y: -0.0010495047123536398
      z: -0.6428780853000763
      w: 0.76582838523757
  covariance: [0.0, 0.0, 0.0, 0.0, 0.0, 0.0, 0.0, 0.0, 0.0, 0.0, 0.0, 0.0, 0.0, 0.0, 0.0, 0.0, 0.0, 0.0, 0.0, 0.0, 0.0, 0.0, 0.0, 0.0, 0.0, 0.0, 0.0, 0.0, 0.0, 0.0, 0.0, 0.0, 0.0, 0.0, 0.0, 0.0]
twist: 
  twist: 
    linear: 
      x: 0.13721418805500235
      y: -0.308301264503288
      z: 0.005463403829767322
    angular: 
      x: 0.0
      y: 0.0
      z: 0.0
  covariance: [0.0, 0.0, 0.0, 0.0, 0.0, 0.0, 0.0, 0.0, 0.0, 0.0, 0.0, 0.0, 0.0, 0.0, 0.0, 0.0, 0.0, 0.0, 0.0, 0.0, 0.0, 0.0, 0.0, 0.0, 0.0, 0.0, 0.0, 0.0, 0.0, 0.0, 0.0, 0.0, 0.0, 0.0, 0.0, 0.0]
---
header: 
  seq: 1193
  stamp: 
    secs: 1744081301
    nsecs: 630253315
  frame_id: "world"
child_frame_id: "world"
pose: 
  pose: 
    position: 
      x: -0.3840813001851303
      y: -0.3509011571390174
      z: 0.4451280521759643
    orientation: 
      x: -0.015378173056593353
      y: -0.0011091507108894531
      z: -0.6072073898384989
      w: 0.7943937734547392
  covariance: [0.0, 0.0, 0.0, 0.0, 0.0, 0.0, 0.0, 0.0, 0.0, 0.0, 0.0, 0.0, 0.0, 0.0, 0.0, 0.0, 0.0, 0.0, 0.0, 0.0, 0.0, 0.0, 0.0, 0.0, 0.0, 0.0, 0.0, 0.0, 0.0, 0.0, 0.0, 0.0, 0.0, 0.0, 0.0, 0.0]
twist: 
  twist: 
    linear: 
      x: 0.15443570154860523
      y: -0.2907550856010513
      z: 0.002767390541878974
    angular: 
      x: 0.0
      y: 0.0
      z: 0.0
  covariance: [0.0, 0.0, 0.0, 0.0, 0.0, 0.0, 0.0, 0.0, 0.0, 0.0, 0.0, 0.0, 0.0, 0.0, 0.0, 0.0, 0.0, 0.0, 0.0, 0.0, 0.0, 0.0, 0.0, 0.0, 0.0, 0.0, 0.0, 0.0, 0.0, 0.0, 0.0, 0.0, 0.0, 0.0, 0.0, 0.0]
---
header: 
  seq: 1194
  stamp: 
    secs: 1744081301
    nsecs: 763599157
  frame_id: "world"
child_frame_id: "world"
pose: 
  pose: 
    position: 
      x: -0.360417536549381
      y: -0.3893466036980828
      z: 0.4460669544074628
    orientation: 
      x: -0.01895718420188856
      y: 0.0032555587268311603
      z: -0.5702630950167054
      w: 0.8212368896770773
  covariance: [0.0, 0.0, 0.0, 0.0, 0.0, 0.0, 0.0, 0.0, 0.0, 0.0, 0.0, 0.0, 0.0, 0.0, 0.0, 0.0, 0.0, 0.0, 0.0, 0.0, 0.0, 0.0, 0.0, 0.0, 0.0, 0.0, 0.0, 0.0, 0.0, 0.0, 0.0, 0.0, 0.0, 0.0, 0.0, 0.0]
twist: 
  twist: 
    linear: 
      x: 0.17672837329235652
      y: -0.2686617254631499
      z: 0.0073947643445834085
    angular: 
      x: 0.0
      y: 0.0
      z: 0.0
  covariance: [0.0, 0.0, 0.0, 0.0, 0.0, 0.0, 0.0, 0.0, 0.0, 0.0, 0.0, 0.0, 0.0, 0.0, 0.0, 0.0, 0.0, 0.0, 0.0, 0.0, 0.0, 0.0, 0.0, 0.0, 0.0, 0.0, 0.0, 0.0, 0.0, 0.0, 0.0, 0.0, 0.0, 0.0, 0.0, 0.0]
---
header: 
  seq: 1195
  stamp: 
    secs: 1744081301
    nsecs: 896944761
  frame_id: "world"
child_frame_id: "world"
pose: 
  pose: 
    position: 
      x: -0.3338511553626366
      y: -0.42275371010838725
      z: 0.44761165320909346
    orientation: 
      x: -0.023848382991264256
      y: 0.006827782187003818
      z: -0.5321087131960042
      w: 0.8463125624495961
  covariance: [0.0, 0.0, 0.0, 0.0, 0.0, 0.0, 0.0, 0.0, 0.0, 0.0, 0.0, 0.0, 0.0, 0.0, 0.0, 0.0, 0.0, 0.0, 0.0, 0.0, 0.0, 0.0, 0.0, 0.0, 0.0, 0.0, 0.0, 0.0, 0.0, 0.0, 0.0, 0.0, 0.0, 0.0, 0.0, 0.0]
twist: 
  twist: 
    linear: 
      x: 0.20207837945043083
      y: -0.24656396193590382
      z: 0.010770596090354814
    angular: 
      x: 0.0
      y: 0.0
      z: 0.0
  covariance: [0.0, 0.0, 0.0, 0.0, 0.0, 0.0, 0.0, 0.0, 0.0, 0.0, 0.0, 0.0, 0.0, 0.0, 0.0, 0.0, 0.0, 0.0, 0.0, 0.0, 0.0, 0.0, 0.0, 0.0, 0.0, 0.0, 0.0, 0.0, 0.0, 0.0, 0.0, 0.0, 0.0, 0.0, 0.0, 0.0]
---
header: 
  seq: 1196
  stamp: 
    secs: 1744081302
    nsecs:  30291796
  frame_id: "world"
child_frame_id: "world"
pose: 
  pose: 
    position: 
      x: -0.3022290471757343
      y: -0.45300875318506395
      z: 0.4478758061683384
    orientation: 
      x: -0.024884020215581896
      y: 0.006732841569266923
      z: -0.4930446981463919
      w: 0.8696219753502363
  covariance: [0.0, 0.0, 0.0, 0.0, 0.0, 0.0, 0.0, 0.0, 0.0, 0.0, 0.0, 0.0, 0.0, 0.0, 0.0, 0.0, 0.0, 0.0, 0.0, 0.0, 0.0, 0.0, 0.0, 0.0, 0.0, 0.0, 0.0, 0.0, 0.0, 0.0, 0.0, 0.0, 0.0, 0.0, 0.0, 0.0]
twist: 
  twist: 
    linear: 
      x: 0.2356276986300091
      y: -0.20038190573037234
      z: 0.003304893730829146
    angular: 
      x: 0.0
      y: 0.0
      z: 0.0
  covariance: [0.0, 0.0, 0.0, 0.0, 0.0, 0.0, 0.0, 0.0, 0.0, 0.0, 0.0, 0.0, 0.0, 0.0, 0.0, 0.0, 0.0, 0.0, 0.0, 0.0, 0.0, 0.0, 0.0, 0.0, 0.0, 0.0, 0.0, 0.0, 0.0, 0.0, 0.0, 0.0, 0.0, 0.0, 0.0, 0.0]
---
header: 
  seq: 1197
  stamp: 
    secs: 1744081302
    nsecs: 163631439
  frame_id: "world"
child_frame_id: "world"
pose: 
  pose: 
    position: 
      x: -0.2643939525593869
      y: -0.47847433305363785
      z: 0.44613596187949006
    orientation: 
      x: -0.017667729969312495
      y: 0.006220950504654639
      z: -0.4521230814798816
      w: 0.8917588633064919
  covariance: [0.0, 0.0, 0.0, 0.0, 0.0, 0.0, 0.0, 0.0, 0.0, 0.0, 0.0, 0.0, 0.0, 0.0, 0.0, 0.0, 0.0, 0.0, 0.0, 0.0, 0.0, 0.0, 0.0, 0.0, 0.0, 0.0, 0.0, 0.0, 0.0, 0.0, 0.0, 0.0, 0.0, 0.0, 0.0, 0.0]
twist: 
  twist: 
    linear: 
      x: 0.28275407558245097
      y: -0.16094319252043085
      z: -0.030495781912391117
    angular: 
      x: 0.0
      y: 0.0
      z: 0.0
  covariance: [0.0, 0.0, 0.0, 0.0, 0.0, 0.0, 0.0, 0.0, 0.0, 0.0, 0.0, 0.0, 0.0, 0.0, 0.0, 0.0, 0.0, 0.0, 0.0, 0.0, 0.0, 0.0, 0.0, 0.0, 0.0, 0.0, 0.0, 0.0, 0.0, 0.0, 0.0, 0.0, 0.0, 0.0, 0.0, 0.0]
---
header: 
  seq: 1198
  stamp: 
    secs: 1744081302
    nsecs: 296964407
  frame_id: "world"
child_frame_id: "world"
pose: 
  pose: 
    position: 
      x: -0.2248372904631666
      y: -0.5033977494796769
      z: 0.4461765833391196
    orientation: 
      x: -0.005316257160624777
      y: 0.001629097796919467
      z: -0.409919995937686
      w: 0.9121045336915159
  covariance: [0.0, 0.0, 0.0, 0.0, 0.0, 0.0, 0.0, 0.0, 0.0, 0.0, 0.0, 0.0, 0.0, 0.0, 0.0, 0.0, 0.0, 0.0, 0.0, 0.0, 0.0, 0.0, 0.0, 0.0, 0.0, 0.0, 0.0, 0.0, 0.0, 0.0, 0.0, 0.0, 0.0, 0.0, 0.0, 0.0]
twist: 
  twist: 
    linear: 
      x: 0.2913586206017936
      y: -0.15310135789602836
      z: -0.006436078746158269
    angular: 
      x: 0.0
      y: 0.0
      z: 0.0
  covariance: [0.0, 0.0, 0.0, 0.0, 0.0, 0.0, 0.0, 0.0, 0.0, 0.0, 0.0, 0.0, 0.0, 0.0, 0.0, 0.0, 0.0, 0.0, 0.0, 0.0, 0.0, 0.0, 0.0, 0.0, 0.0, 0.0, 0.0, 0.0, 0.0, 0.0, 0.0, 0.0, 0.0, 0.0, 0.0, 0.0]
---
header: 
  seq: 1199
  stamp: 
    secs: 1744081302
    nsecs: 430296898
  frame_id: "world"
child_frame_id: "world"
pose: 
  pose: 
    position: 
      x: -0.18692380659765462
      y: -0.5263341422791866
      z: 0.44830656630142923
    orientation: 
      x: -0.004649718101204771
      y: 0.0005436706707546186
      z: -0.3666279927061338
      w: 0.9303558456354494
  covariance: [0.0, 0.0, 0.0, 0.0, 0.0, 0.0, 0.0, 0.0, 0.0, 0.0, 0.0, 0.0, 0.0, 0.0, 0.0, 0.0, 0.0, 0.0, 0.0, 0.0, 0.0, 0.0, 0.0, 0.0, 0.0, 0.0, 0.0, 0.0, 0.0, 0.0, 0.0, 0.0, 0.0, 0.0, 0.0, 0.0]
twist: 
  twist: 
    linear: 
      x: 0.28144659250095294
      y: -0.155540802984995
      z: 0.014414891264305051
    angular: 
      x: 0.0
      y: 0.0
      z: 0.0
  covariance: [0.0, 0.0, 0.0, 0.0, 0.0, 0.0, 0.0, 0.0, 0.0, 0.0, 0.0, 0.0, 0.0, 0.0, 0.0, 0.0, 0.0, 0.0, 0.0, 0.0, 0.0, 0.0, 0.0, 0.0, 0.0, 0.0, 0.0, 0.0, 0.0, 0.0, 0.0, 0.0, 0.0, 0.0, 0.0, 0.0]
---
header: 
  seq: 1200
  stamp: 
    secs: 1744081302
    nsecs: 563629150
  frame_id: "world"
child_frame_id: "world"
pose: 
  pose: 
    position: 
      x: -0.15008738543347677
      y: -0.5476980664823217
      z: 0.4513332249854506
    orientation: 
      x: -0.012334823949301056
      y: 0.0011033230323908702
      z: -0.3226232437240382
      w: 0.9464464471936095
  covariance: [0.0, 0.0, 0.0, 0.0, 0.0, 0.0, 0.0, 0.0, 0.0, 0.0, 0.0, 0.0, 0.0, 0.0, 0.0, 0.0, 0.0, 0.0, 0.0, 0.0, 0.0, 0.0, 0.0, 0.0, 0.0, 0.0, 0.0, 0.0, 0.0, 0.0, 0.0, 0.0, 0.0, 0.0, 0.0, 0.0]
twist: 
  twist: 
    linear: 
      x: 0.27099479721232933
      y: -0.1390496002864621
      z: 0.016870550619038558
    angular: 
      x: 0.0
      y: 0.0
      z: 0.0
  covariance: [0.0, 0.0, 0.0, 0.0, 0.0, 0.0, 0.0, 0.0, 0.0, 0.0, 0.0, 0.0, 0.0, 0.0, 0.0, 0.0, 0.0, 0.0, 0.0, 0.0, 0.0, 0.0, 0.0, 0.0, 0.0, 0.0, 0.0, 0.0, 0.0, 0.0, 0.0, 0.0, 0.0, 0.0, 0.0, 0.0]
---
header: 
  seq: 1201
  stamp: 
    secs: 1744081302
    nsecs: 696961164
  frame_id: "world"
child_frame_id: "world"
pose: 
  pose: 
    position: 
      x: -0.11325730109848259
      y: -0.564779130371388
      z: 0.45505227787729
    orientation: 
      x: -0.01678441385293163
      y: 0.0048217533248830656
      z: -0.27753262661723854
      w: 0.9605574815227998
  covariance: [0.0, 0.0, 0.0, 0.0, 0.0, 0.0, 0.0, 0.0, 0.0, 0.0, 0.0, 0.0, 0.0, 0.0, 0.0, 0.0, 0.0, 0.0, 0.0, 0.0, 0.0, 0.0, 0.0, 0.0, 0.0, 0.0, 0.0, 0.0, 0.0, 0.0, 0.0, 0.0, 0.0, 0.0, 0.0, 0.0]
twist: 
  twist: 
    linear: 
      x: 0.2841838740021549
      y: -0.1026953703985447
      z: 0.012051798150564877
    angular: 
      x: 0.0
      y: 0.0
      z: 0.0
  covariance: [0.0, 0.0, 0.0, 0.0, 0.0, 0.0, 0.0, 0.0, 0.0, 0.0, 0.0, 0.0, 0.0, 0.0, 0.0, 0.0, 0.0, 0.0, 0.0, 0.0, 0.0, 0.0, 0.0, 0.0, 0.0, 0.0, 0.0, 0.0, 0.0, 0.0, 0.0, 0.0, 0.0, 0.0, 0.0, 0.0]
---
header: 
  seq: 1202
  stamp: 
    secs: 1744081302
    nsecs: 830292702
  frame_id: "world"
child_frame_id: "world"
pose: 
  pose: 
    position: 
      x: -0.07477591365559538
      y: -0.5771458944768275
      z: 0.4586128033631004
    orientation: 
      x: -0.015979411817801617
      y: 0.007890157660453
      z: -0.23250865535049986
      w: 0.9724310407412716
  covariance: [0.0, 0.0, 0.0, 0.0, 0.0, 0.0, 0.0, 0.0, 0.0, 0.0, 0.0, 0.0, 0.0, 0.0, 0.0, 0.0, 0.0, 0.0, 0.0, 0.0, 0.0, 0.0, 0.0, 0.0, 0.0, 0.0, 0.0, 0.0, 0.0, 0.0, 0.0, 0.0, 0.0, 0.0, 0.0, 0.0]
twist: 
  twist: 
    linear: 
      x: 0.29465719614390623
      y: -0.07171021826147383
      z: 0.0134763843948095
    angular: 
      x: 0.0
      y: 0.0
      z: 0.0
  covariance: [0.0, 0.0, 0.0, 0.0, 0.0, 0.0, 0.0, 0.0, 0.0, 0.0, 0.0, 0.0, 0.0, 0.0, 0.0, 0.0, 0.0, 0.0, 0.0, 0.0, 0.0, 0.0, 0.0, 0.0, 0.0, 0.0, 0.0, 0.0, 0.0, 0.0, 0.0, 0.0, 0.0, 0.0, 0.0, 0.0]
---
header: 
  seq: 1203
  stamp: 
    secs: 1744081302
    nsecs: 963624001
  frame_id: "world"
child_frame_id: "world"
pose: 
  pose: 
    position: 
      x: -0.03650253092014566
      y: -0.5822325445856098
      z: 0.46241261603356315
    orientation: 
      x: -0.017644823940560876
      y: 0.01054785065589554
      z: -0.1874532162966902
      w: 0.9820583968047286
  covariance: [0.0, 0.0, 0.0, 0.0, 0.0, 0.0, 0.0, 0.0, 0.0, 0.0, 0.0, 0.0, 0.0, 0.0, 0.0, 0.0, 0.0, 0.0, 0.0, 0.0, 0.0, 0.0, 0.0, 0.0, 0.0, 0.0, 0.0, 0.0, 0.0, 0.0, 0.0, 0.0, 0.0, 0.0, 0.0, 0.0]
twist: 
  twist: 
    linear: 
      x: 0.29397323638178524
      y: -0.02791713808174895
      z: 0.033212324708041724
    angular: 
      x: 0.0
      y: 0.0
      z: 0.0
  covariance: [0.0, 0.0, 0.0, 0.0, 0.0, 0.0, 0.0, 0.0, 0.0, 0.0, 0.0, 0.0, 0.0, 0.0, 0.0, 0.0, 0.0, 0.0, 0.0, 0.0, 0.0, 0.0, 0.0, 0.0, 0.0, 0.0, 0.0, 0.0, 0.0, 0.0, 0.0, 0.0, 0.0, 0.0, 0.0, 0.0]
---
header: 
  seq: 1204
  stamp: 
    secs: 1744081303
    nsecs:  96955061
  frame_id: "world"
child_frame_id: "world"
pose: 
  pose: 
    position: 
      x: 0.001760204986663294
      y: -0.5783378623894273
      z: 0.46049106036373766
    orientation: 
      x: -0.01991431521655307
      y: 0.01223797149085201
      z: -0.14322597638223164
      w: 0.9894139537082551
  covariance: [0.0, 0.0, 0.0, 0.0, 0.0, 0.0, 0.0, 0.0, 0.0, 0.0, 0.0, 0.0, 0.0, 0.0, 0.0, 0.0, 0.0, 0.0, 0.0, 0.0, 0.0, 0.0, 0.0, 0.0, 0.0, 0.0, 0.0, 0.0, 0.0, 0.0, 0.0, 0.0, 0.0, 0.0, 0.0, 0.0]
twist: 
  twist: 
    linear: 
      x: 0.30169754111480235
      y: 0.031136995215532356
      z: -0.02529082453311438
    angular: 
      x: 0.0
      y: 0.0
      z: 0.0
  covariance: [0.0, 0.0, 0.0, 0.0, 0.0, 0.0, 0.0, 0.0, 0.0, 0.0, 0.0, 0.0, 0.0, 0.0, 0.0, 0.0, 0.0, 0.0, 0.0, 0.0, 0.0, 0.0, 0.0, 0.0, 0.0, 0.0, 0.0, 0.0, 0.0, 0.0, 0.0, 0.0, 0.0, 0.0, 0.0, 0.0]
---
header: 
  seq: 1205
  stamp: 
    secs: 1744081303
    nsecs: 230287075
  frame_id: "world"
child_frame_id: "world"
pose: 
  pose: 
    position: 
      x: 0.03847609279890257
      y: -0.5634543030098275
      z: 0.44793461332861656
    orientation: 
      x: -0.014500001627907778
      y: 0.011685279440879241
      z: -0.098811031058664
      w: 0.9949319496017318
  covariance: [0.0, 0.0, 0.0, 0.0, 0.0, 0.0, 0.0, 0.0, 0.0, 0.0, 0.0, 0.0, 0.0, 0.0, 0.0, 0.0, 0.0, 0.0, 0.0, 0.0, 0.0, 0.0, 0.0, 0.0, 0.0, 0.0, 0.0, 0.0, 0.0, 0.0, 0.0, 0.0, 0.0, 0.0, 0.0, 0.0]
twist: 
  twist: 
    linear: 
      x: 0.3080757366610307
      y: 0.10318506049958057
      z: -0.06792773837101942
    angular: 
      x: 0.0
      y: 0.0
      z: 0.0
  covariance: [0.0, 0.0, 0.0, 0.0, 0.0, 0.0, 0.0, 0.0, 0.0, 0.0, 0.0, 0.0, 0.0, 0.0, 0.0, 0.0, 0.0, 0.0, 0.0, 0.0, 0.0, 0.0, 0.0, 0.0, 0.0, 0.0, 0.0, 0.0, 0.0, 0.0, 0.0, 0.0, 0.0, 0.0, 0.0, 0.0]
---
header: 
  seq: 1206
  stamp: 
    secs: 1744081303
    nsecs: 363618612
  frame_id: "world"
child_frame_id: "world"
pose: 
  pose: 
    position: 
      x: 0.0783044966533829
      y: -0.5437349151831432
      z: 0.43557126697062015
    orientation: 
      x: -0.00011884531246665408
      y: 0.010000211279687853
      z: -0.055774334857312174
      w: 0.9983933118873431
  covariance: [0.0, 0.0, 0.0, 0.0, 0.0, 0.0, 0.0, 0.0, 0.0, 0.0, 0.0, 0.0, 0.0, 0.0, 0.0, 0.0, 0.0, 0.0, 0.0, 0.0, 0.0, 0.0, 0.0, 0.0, 0.0, 0.0, 0.0, 0.0, 0.0, 0.0, 0.0, 0.0, 0.0, 0.0, 0.0, 0.0]
twist: 
  twist: 
    linear: 
      x: 0.31349866668637116
      y: 0.15407949516335764
      z: -0.0639183755136427
    angular: 
      x: 0.0
      y: 0.0
      z: 0.0
  covariance: [0.0, 0.0, 0.0, 0.0, 0.0, 0.0, 0.0, 0.0, 0.0, 0.0, 0.0, 0.0, 0.0, 0.0, 0.0, 0.0, 0.0, 0.0, 0.0, 0.0, 0.0, 0.0, 0.0, 0.0, 0.0, 0.0, 0.0, 0.0, 0.0, 0.0, 0.0, 0.0, 0.0, 0.0, 0.0, 0.0]
---
header: 
  seq: 1207
  stamp: 
    secs: 1744081303
    nsecs: 496949673
  frame_id: "world"
child_frame_id: "world"
pose: 
  pose: 
    position: 
      x: 0.1229219513440018
      y: -0.5230721208675164
      z: 0.4303605347466125
    orientation: 
      x: 0.012707982560312296
      y: 0.00930260914407837
      z: -0.014159094107685751
      w: 0.9997757191972653
  covariance: [0.0, 0.0, 0.0, 0.0, 0.0, 0.0, 0.0, 0.0, 0.0, 0.0, 0.0, 0.0, 0.0, 0.0, 0.0, 0.0, 0.0, 0.0, 0.0, 0.0, 0.0, 0.0, 0.0, 0.0, 0.0, 0.0, 0.0, 0.0, 0.0, 0.0, 0.0, 0.0, 0.0, 0.0, 0.0, 0.0]
twist: 
  twist: 
    linear: 
      x: 0.3242281832565755
      y: 0.1534654554496324
      z: -0.025456935050301163
    angular: 
      x: 0.0
      y: 0.0
      z: 0.0
  covariance: [0.0, 0.0, 0.0, 0.0, 0.0, 0.0, 0.0, 0.0, 0.0, 0.0, 0.0, 0.0, 0.0, 0.0, 0.0, 0.0, 0.0, 0.0, 0.0, 0.0, 0.0, 0.0, 0.0, 0.0, 0.0, 0.0, 0.0, 0.0, 0.0, 0.0, 0.0, 0.0, 0.0, 0.0, 0.0, 0.0]
---
header: 
  seq: 1208
  stamp: 
    secs: 1744081303
    nsecs: 630280495
  frame_id: "world"
child_frame_id: "world"
pose: 
  pose: 
    position: 
      x: 0.16940791309545605
      y: -0.5052546580718151
      z: 0.42607076286189516
    orientation: 
      x: 0.013984505425891615
      y: 0.00723713168168933
      z: 0.027581715112330183
      w: 0.9994955260152381
  covariance: [0.0, 0.0, 0.0, 0.0, 0.0, 0.0, 0.0, 0.0, 0.0, 0.0, 0.0, 0.0, 0.0, 0.0, 0.0, 0.0, 0.0, 0.0, 0.0, 0.0, 0.0, 0.0, 0.0, 0.0, 0.0, 0.0, 0.0, 0.0, 0.0, 0.0, 0.0, 0.0, 0.0, 0.0, 0.0, 0.0]
twist: 
  twist: 
    linear: 
      x: 0.32827828255526265
      y: 0.15444853774726303
      z: -0.04384119748576434
    angular: 
      x: 0.0
      y: 0.0
      z: 0.0
  covariance: [0.0, 0.0, 0.0, 0.0, 0.0, 0.0, 0.0, 0.0, 0.0, 0.0, 0.0, 0.0, 0.0, 0.0, 0.0, 0.0, 0.0, 0.0, 0.0, 0.0, 0.0, 0.0, 0.0, 0.0, 0.0, 0.0, 0.0, 0.0, 0.0, 0.0, 0.0, 0.0, 0.0, 0.0, 0.0, 0.0]
---
header: 
  seq: 1209
  stamp: 
    secs: 1744081303
    nsecs: 763610601
  frame_id: "world"
child_frame_id: "world"
pose: 
  pose: 
    position: 
      x: 0.21557714657755436
      y: -0.48505561678666137
      z: 0.42457109652239666
    orientation: 
      x: 0.0062590843978832
      y: 0.0035449384324734686
      z: 0.06714909661481093
      w: 0.9977170220547632
  covariance: [0.0, 0.0, 0.0, 0.0, 0.0, 0.0, 0.0, 0.0, 0.0, 0.0, 0.0, 0.0, 0.0, 0.0, 0.0, 0.0, 0.0, 0.0, 0.0, 0.0, 0.0, 0.0, 0.0, 0.0, 0.0, 0.0, 0.0, 0.0, 0.0, 0.0, 0.0, 0.0, 0.0, 0.0, 0.0, 0.0]
twist: 
  twist: 
    linear: 
      x: 0.324522440917897
      y: 0.15458704528272807
      z: -0.0022093786711027312
    angular: 
      x: 0.0
      y: 0.0
      z: 0.0
  covariance: [0.0, 0.0, 0.0, 0.0, 0.0, 0.0, 0.0, 0.0, 0.0, 0.0, 0.0, 0.0, 0.0, 0.0, 0.0, 0.0, 0.0, 0.0, 0.0, 0.0, 0.0, 0.0, 0.0, 0.0, 0.0, 0.0, 0.0, 0.0, 0.0, 0.0, 0.0, 0.0, 0.0, 0.0, 0.0, 0.0]
---
header: 
  seq: 1210
  stamp: 
    secs: 1744081303
    nsecs: 896940470
  frame_id: "world"
child_frame_id: "world"
pose: 
  pose: 
    position: 
      x: 0.25737693787612836
      y: -0.46231981652351
      z: 0.42697758319622353
    orientation: 
      x: -0.002632764294365462
      y: 0.0010950354552872158
      z: 0.10729401189818241
      w: 0.9942232467913404
  covariance: [0.0, 0.0, 0.0, 0.0, 0.0, 0.0, 0.0, 0.0, 0.0, 0.0, 0.0, 0.0, 0.0, 0.0, 0.0, 0.0, 0.0, 0.0, 0.0, 0.0, 0.0, 0.0, 0.0, 0.0, 0.0, 0.0, 0.0, 0.0, 0.0, 0.0, 0.0, 0.0, 0.0, 0.0, 0.0, 0.0]
twist: 
  twist: 
    linear: 
      x: 0.30653835878463565
      y: 0.17907355494244953
      z: 6.66650929906204e-05
    angular: 
      x: 0.0
      y: 0.0
      z: 0.0
  covariance: [0.0, 0.0, 0.0, 0.0, 0.0, 0.0, 0.0, 0.0, 0.0, 0.0, 0.0, 0.0, 0.0, 0.0, 0.0, 0.0, 0.0, 0.0, 0.0, 0.0, 0.0, 0.0, 0.0, 0.0, 0.0, 0.0, 0.0, 0.0, 0.0, 0.0, 0.0, 0.0, 0.0, 0.0, 0.0, 0.0]
---
header: 
  seq: 1211
  stamp: 
    secs: 1744081304
    nsecs:  30269623
  frame_id: "world"
child_frame_id: "world"
pose: 
  pose: 
    position: 
      x: 0.29387303440585777
      y: -0.4348151781953222
      z: 0.433031729034833
    orientation: 
      x: -0.006120724906381085
      y: -0.00043959552675938777
      z: 0.1468361803891361
      w: 0.9891417894372486
  covariance: [0.0, 0.0, 0.0, 0.0, 0.0, 0.0, 0.0, 0.0, 0.0, 0.0, 0.0, 0.0, 0.0, 0.0, 0.0, 0.0, 0.0, 0.0, 0.0, 0.0, 0.0, 0.0, 0.0, 0.0, 0.0, 0.0, 0.0, 0.0, 0.0, 0.0, 0.0, 0.0, 0.0, 0.0, 0.0, 0.0]
twist: 
  twist: 
    linear: 
      x: 0.270938966788813
      y: 0.20501929840507085
      z: 0.05054902729968505
    angular: 
      x: 0.0
      y: 0.0
      z: 0.0
  covariance: [0.0, 0.0, 0.0, 0.0, 0.0, 0.0, 0.0, 0.0, 0.0, 0.0, 0.0, 0.0, 0.0, 0.0, 0.0, 0.0, 0.0, 0.0, 0.0, 0.0, 0.0, 0.0, 0.0, 0.0, 0.0, 0.0, 0.0, 0.0, 0.0, 0.0, 0.0, 0.0, 0.0, 0.0, 0.0, 0.0]
---
header: 
  seq: 1212
  stamp: 
    secs: 1744081304
    nsecs: 163600922
  frame_id: "world"
child_frame_id: "world"
pose: 
  pose: 
    position: 
      x: 0.3242677933728164
      y: -0.40125405899853894
      z: 0.4425194448057924
    orientation: 
      x: -0.005804253361574671
      y: 0.0008491843975577097
      z: 0.18682150759677352
      w: 0.9823763605808327
  covariance: [0.0, 0.0, 0.0, 0.0, 0.0, 0.0, 0.0, 0.0, 0.0, 0.0, 0.0, 0.0, 0.0, 0.0, 0.0, 0.0, 0.0, 0.0, 0.0, 0.0, 0.0, 0.0, 0.0, 0.0, 0.0, 0.0, 0.0, 0.0, 0.0, 0.0, 0.0, 0.0, 0.0, 0.0, 0.0, 0.0]
twist: 
  twist: 
    linear: 
      x: 0.23661151287798846
      y: 0.26184601472957975
      z: 0.05394132588492173
    angular: 
      x: 0.0
      y: 0.0
      z: 0.0
  covariance: [0.0, 0.0, 0.0, 0.0, 0.0, 0.0, 0.0, 0.0, 0.0, 0.0, 0.0, 0.0, 0.0, 0.0, 0.0, 0.0, 0.0, 0.0, 0.0, 0.0, 0.0, 0.0, 0.0, 0.0, 0.0, 0.0, 0.0, 0.0, 0.0, 0.0, 0.0, 0.0, 0.0, 0.0, 0.0, 0.0]
---
header: 
  seq: 1213
  stamp: 
    secs: 1744081304
    nsecs: 296934366
  frame_id: "world"
child_frame_id: "world"
pose: 
  pose: 
    position: 
      x: 0.350153798632341
      y: -0.3610375120210245
      z: 0.44669093435289875
    orientation: 
      x: 0.0020604202675865383
      y: 0.0009422752092602996
      z: 0.23340556609094268
      w: 0.9723768346189237
  covariance: [0.0, 0.0, 0.0, 0.0, 0.0, 0.0, 0.0, 0.0, 0.0, 0.0, 0.0, 0.0, 0.0, 0.0, 0.0, 0.0, 0.0, 0.0, 0.0, 0.0, 0.0, 0.0, 0.0, 0.0, 0.0, 0.0, 0.0, 0.0, 0.0, 0.0, 0.0, 0.0, 0.0, 0.0, 0.0, 0.0]
twist: 
  twist: 
    linear: 
      x: 0.2130134178497908
      y: 0.3242136043472706
      z: -0.0005984789189577326
    angular: 
      x: 0.0
      y: 0.0
      z: 0.0
  covariance: [0.0, 0.0, 0.0, 0.0, 0.0, 0.0, 0.0, 0.0, 0.0, 0.0, 0.0, 0.0, 0.0, 0.0, 0.0, 0.0, 0.0, 0.0, 0.0, 0.0, 0.0, 0.0, 0.0, 0.0, 0.0, 0.0, 0.0, 0.0, 0.0, 0.0, 0.0, 0.0, 0.0, 0.0, 0.0, 0.0]
---
header: 
  seq: 1214
  stamp: 
    secs: 1744081304
    nsecs: 430267334
  frame_id: "world"
child_frame_id: "world"
pose: 
  pose: 
    position: 
      x: 0.37615040135309247
      y: -0.31933748489685915
      z: 0.4522540449363348
    orientation: 
      x: 0.009955718712379389
      y: -0.0016527570407864152
      z: 0.27613348489049433
      w: 0.9610663091490177
  covariance: [0.0, 0.0, 0.0, 0.0, 0.0, 0.0, 0.0, 0.0, 0.0, 0.0, 0.0, 0.0, 0.0, 0.0, 0.0, 0.0, 0.0, 0.0, 0.0, 0.0, 0.0, 0.0, 0.0, 0.0, 0.0, 0.0, 0.0, 0.0, 0.0, 0.0, 0.0, 0.0, 0.0, 0.0, 0.0, 0.0]
twist: 
  twist: 
    linear: 
      x: 0.2004823391606695
      y: 0.3200356125491147
      z: 0.03230219223024661
    angular: 
      x: 0.0
      y: 0.0
      z: 0.0
  covariance: [0.0, 0.0, 0.0, 0.0, 0.0, 0.0, 0.0, 0.0, 0.0, 0.0, 0.0, 0.0, 0.0, 0.0, 0.0, 0.0, 0.0, 0.0, 0.0, 0.0, 0.0, 0.0, 0.0, 0.0, 0.0, 0.0, 0.0, 0.0, 0.0, 0.0, 0.0, 0.0, 0.0, 0.0, 0.0, 0.0]
---
header: 
  seq: 1215
  stamp: 
    secs: 1744081304
    nsecs: 563599825
  frame_id: "world"
child_frame_id: "world"
pose: 
  pose: 
    position: 
      x: 0.400072387454065
      y: -0.27786575854093076
      z: 0.45841118009947956
    orientation: 
      x: 0.011592830881258126
      y: -0.0035477650224507635
      z: 0.32019576433233826
      w: 0.9472738210988065
  covariance: [0.0, 0.0, 0.0, 0.0, 0.0, 0.0, 0.0, 0.0, 0.0, 0.0, 0.0, 0.0, 0.0, 0.0, 0.0, 0.0, 0.0, 0.0, 0.0, 0.0, 0.0, 0.0, 0.0, 0.0, 0.0, 0.0, 0.0, 0.0, 0.0, 0.0, 0.0, 0.0, 0.0, 0.0, 0.0, 0.0]
twist: 
  twist: 
    linear: 
      x: 0.1825511707821535
      y: 0.3113240432478778
      z: 0.029000196709772285
    angular: 
      x: 0.0
      y: 0.0
      z: 0.0
  covariance: [0.0, 0.0, 0.0, 0.0, 0.0, 0.0, 0.0, 0.0, 0.0, 0.0, 0.0, 0.0, 0.0, 0.0, 0.0, 0.0, 0.0, 0.0, 0.0, 0.0, 0.0, 0.0, 0.0, 0.0, 0.0, 0.0, 0.0, 0.0, 0.0, 0.0, 0.0, 0.0, 0.0, 0.0, 0.0, 0.0]
---
header: 
  seq: 1216
  stamp: 
    secs: 1744081304
    nsecs: 696933270
  frame_id: "world"
child_frame_id: "world"
pose: 
  pose: 
    position: 
      x: 0.4277037234269952
      y: -0.236972855796937
      z: 0.46067204482522456
    orientation: 
      x: 0.005030184593134842
      y: -0.005007601422770193
      z: 0.36519513858868297
      w: 0.9309039327031239
  covariance: [0.0, 0.0, 0.0, 0.0, 0.0, 0.0, 0.0, 0.0, 0.0, 0.0, 0.0, 0.0, 0.0, 0.0, 0.0, 0.0, 0.0, 0.0, 0.0, 0.0, 0.0, 0.0, 0.0, 0.0, 0.0, 0.0, 0.0, 0.0, 0.0, 0.0, 0.0, 0.0, 0.0, 0.0, 0.0, 0.0]
twist: 
  twist: 
    linear: 
      x: 0.17533494231418587
      y: 0.2949324456528477
      z: 0.024884155948476712
    angular: 
      x: 0.0
      y: 0.0
      z: 0.0
  covariance: [0.0, 0.0, 0.0, 0.0, 0.0, 0.0, 0.0, 0.0, 0.0, 0.0, 0.0, 0.0, 0.0, 0.0, 0.0, 0.0, 0.0, 0.0, 0.0, 0.0, 0.0, 0.0, 0.0, 0.0, 0.0, 0.0, 0.0, 0.0, 0.0, 0.0, 0.0, 0.0, 0.0, 0.0, 0.0, 0.0]
---
header: 
  seq: 1217
  stamp: 
    secs: 1744081304
    nsecs: 830265284
  frame_id: "world"
child_frame_id: "world"
pose: 
  pose: 
    position: 
      x: 0.4521464210498508
      y: -0.19689398677233033
      z: 0.4618688018529777
    orientation: 
      x: -0.002729786319213062
      y: -0.004918495967536308
      z: 0.40977348069549
      w: 0.9121699683626795
  covariance: [0.0, 0.0, 0.0, 0.0, 0.0, 0.0, 0.0, 0.0, 0.0, 0.0, 0.0, 0.0, 0.0, 0.0, 0.0, 0.0, 0.0, 0.0, 0.0, 0.0, 0.0, 0.0, 0.0, 0.0, 0.0, 0.0, 0.0, 0.0, 0.0, 0.0, 0.0, 0.0, 0.0, 0.0, 0.0, 0.0]
twist: 
  twist: 
    linear: 
      x: 0.16143126591411294
      y: 0.29863514841481564
      z: -0.001758022574640286
    angular: 
      x: 0.0
      y: 0.0
      z: 0.0
  covariance: [0.0, 0.0, 0.0, 0.0, 0.0, 0.0, 0.0, 0.0, 0.0, 0.0, 0.0, 0.0, 0.0, 0.0, 0.0, 0.0, 0.0, 0.0, 0.0, 0.0, 0.0, 0.0, 0.0, 0.0, 0.0, 0.0, 0.0, 0.0, 0.0, 0.0, 0.0, 0.0, 0.0, 0.0, 0.0, 0.0]
---
header: 
  seq: 1218
  stamp: 
    secs: 1744081304
    nsecs: 963597059
  frame_id: "world"
child_frame_id: "world"
pose: 
  pose: 
    position: 
      x: 0.47460592392825574
      y: -0.15379121135480267
      z: 0.4580650380623124
    orientation: 
      x: -0.006271137064031118
      y: -0.0070791574604681246
      z: 0.45393414875780264
      w: 0.8909850430625103
  covariance: [0.0, 0.0, 0.0, 0.0, 0.0, 0.0, 0.0, 0.0, 0.0, 0.0, 0.0, 0.0, 0.0, 0.0, 0.0, 0.0, 0.0, 0.0, 0.0, 0.0, 0.0, 0.0, 0.0, 0.0, 0.0, 0.0, 0.0, 0.0, 0.0, 0.0, 0.0, 0.0, 0.0, 0.0, 0.0, 0.0]
twist: 
  twist: 
    linear: 
      x: 0.14284229349470282
      y: 0.3200504606657413
      z: -0.025421611497715
    angular: 
      x: 0.0
      y: 0.0
      z: 0.0
  covariance: [0.0, 0.0, 0.0, 0.0, 0.0, 0.0, 0.0, 0.0, 0.0, 0.0, 0.0, 0.0, 0.0, 0.0, 0.0, 0.0, 0.0, 0.0, 0.0, 0.0, 0.0, 0.0, 0.0, 0.0, 0.0, 0.0, 0.0, 0.0, 0.0, 0.0, 0.0, 0.0, 0.0, 0.0, 0.0, 0.0]
---
header: 
  seq: 1219
  stamp: 
    secs: 1744081305
    nsecs:  96928358
  frame_id: "world"
child_frame_id: "world"
pose: 
  pose: 
    position: 
      x: 0.49502996658224074
      y: -0.10908840527118402
      z: 0.4542116869606772
    orientation: 
      x: -0.003529848707163555
      y: -0.007671418106306459
      z: 0.4977258036015458
      w: 0.8672933263559327
  covariance: [0.0, 0.0, 0.0, 0.0, 0.0, 0.0, 0.0, 0.0, 0.0, 0.0, 0.0, 0.0, 0.0, 0.0, 0.0, 0.0, 0.0, 0.0, 0.0, 0.0, 0.0, 0.0, 0.0, 0.0, 0.0, 0.0, 0.0, 0.0, 0.0, 0.0, 0.0, 0.0, 0.0, 0.0, 0.0, 0.0]
twist: 
  twist: 
    linear: 
      x: 0.11509994229511883
      y: 0.33775105603705874
      z: -0.038518420706889586
    angular: 
      x: 0.0
      y: 0.0
      z: 0.0
  covariance: [0.0, 0.0, 0.0, 0.0, 0.0, 0.0, 0.0, 0.0, 0.0, 0.0, 0.0, 0.0, 0.0, 0.0, 0.0, 0.0, 0.0, 0.0, 0.0, 0.0, 0.0, 0.0, 0.0, 0.0, 0.0, 0.0, 0.0, 0.0, 0.0, 0.0, 0.0, 0.0, 0.0, 0.0, 0.0, 0.0]
---
header: 
  seq: 1220
  stamp: 
    secs: 1744081305
    nsecs: 230259418
  frame_id: "world"
child_frame_id: "world"
pose: 
  pose: 
    position: 
      x: 0.5157228146084716
      y: -0.0633347970483531
      z: 0.45087953668884984
    orientation: 
      x: -0.004047892021490282
      y: -0.011982845759808592
      z: 0.5417707139081073
      w: 0.8404311509750093
  covariance: [0.0, 0.0, 0.0, 0.0, 0.0, 0.0, 0.0, 0.0, 0.0, 0.0, 0.0, 0.0, 0.0, 0.0, 0.0, 0.0, 0.0, 0.0, 0.0, 0.0, 0.0, 0.0, 0.0, 0.0, 0.0, 0.0, 0.0, 0.0, 0.0, 0.0, 0.0, 0.0, 0.0, 0.0, 0.0, 0.0]
twist: 
  twist: 
    linear: 
      x: 0.11654480064662161
      y: 0.3342861878583092
      z: -0.012292146385116307
    angular: 
      x: 0.0
      y: 0.0
      z: 0.0
  covariance: [0.0, 0.0, 0.0, 0.0, 0.0, 0.0, 0.0, 0.0, 0.0, 0.0, 0.0, 0.0, 0.0, 0.0, 0.0, 0.0, 0.0, 0.0, 0.0, 0.0, 0.0, 0.0, 0.0, 0.0, 0.0, 0.0, 0.0, 0.0, 0.0, 0.0, 0.0, 0.0, 0.0, 0.0, 0.0, 0.0]
---
header: 
  seq: 1221
  stamp: 
    secs: 1744081305
    nsecs: 363590002
  frame_id: "world"
child_frame_id: "world"
pose: 
  pose: 
    position: 
      x: 0.5308196255429708
      y: -0.01853810114544968
      z: 0.45177806825870837
    orientation: 
      x: -0.01125989884791435
      y: -0.02045079622600106
      z: 0.5848399849728887
      w: 0.8108126612162446
  covariance: [0.0, 0.0, 0.0, 0.0, 0.0, 0.0, 0.0, 0.0, 0.0, 0.0, 0.0, 0.0, 0.0, 0.0, 0.0, 0.0, 0.0, 0.0, 0.0, 0.0, 0.0, 0.0, 0.0, 0.0, 0.0, 0.0, 0.0, 0.0, 0.0, 0.0, 0.0, 0.0, 0.0, 0.0, 0.0, 0.0]
twist: 
  twist: 
    linear: 
      x: 0.08948367083733526
      y: 0.3238605696009156
      z: 0.025980382554661605
    angular: 
      x: 0.0
      y: 0.0
      z: 0.0
  covariance: [0.0, 0.0, 0.0, 0.0, 0.0, 0.0, 0.0, 0.0, 0.0, 0.0, 0.0, 0.0, 0.0, 0.0, 0.0, 0.0, 0.0, 0.0, 0.0, 0.0, 0.0, 0.0, 0.0, 0.0, 0.0, 0.0, 0.0, 0.0, 0.0, 0.0, 0.0, 0.0, 0.0, 0.0, 0.0, 0.0]
---
header: 
  seq: 1222
  stamp: 
    secs: 1744081305
    nsecs: 496920109
  frame_id: "world"
child_frame_id: "world"
pose: 
  pose: 
    position: 
      x: 0.5359724757560121
      y: 0.024072209017961588
      z: 0.4541450358383609
    orientation: 
      x: -0.017729053418160688
      y: -0.02415333539272605
      z: 0.626144567919809
      w: 0.7791311039349015
  covariance: [0.0, 0.0, 0.0, 0.0, 0.0, 0.0, 0.0, 0.0, 0.0, 0.0, 0.0, 0.0, 0.0, 0.0, 0.0, 0.0, 0.0, 0.0, 0.0, 0.0, 0.0, 0.0, 0.0, 0.0, 0.0, 0.0, 0.0, 0.0, 0.0, 0.0, 0.0, 0.0, 0.0, 0.0, 0.0, 0.0]
twist: 
  twist: 
    linear: 
      x: 0.002286050564455055
      y: 0.33142068990380275
      z: -0.008208968159156397
    angular: 
      x: 0.0
      y: 0.0
      z: 0.0
  covariance: [0.0, 0.0, 0.0, 0.0, 0.0, 0.0, 0.0, 0.0, 0.0, 0.0, 0.0, 0.0, 0.0, 0.0, 0.0, 0.0, 0.0, 0.0, 0.0, 0.0, 0.0, 0.0, 0.0, 0.0, 0.0, 0.0, 0.0, 0.0, 0.0, 0.0, 0.0, 0.0, 0.0, 0.0, 0.0, 0.0]
---
header: 
  seq: 1223
  stamp: 
    secs: 1744081305
    nsecs: 630249739
  frame_id: "world"
child_frame_id: "world"
pose: 
  pose: 
    position: 
      x: 0.5342690466429167
      y: 0.06703473168431462
      z: 0.45461758351954656
    orientation: 
      x: -0.014243567313291136
      y: -0.020624435469349226
      z: 0.6653472631222138
      w: 0.746113109995758
  covariance: [0.0, 0.0, 0.0, 0.0, 0.0, 0.0, 0.0, 0.0, 0.0, 0.0, 0.0, 0.0, 0.0, 0.0, 0.0, 0.0, 0.0, 0.0, 0.0, 0.0, 0.0, 0.0, 0.0, 0.0, 0.0, 0.0, 0.0, 0.0, 0.0, 0.0, 0.0, 0.0, 0.0, 0.0, 0.0, 0.0]
twist: 
  twist: 
    linear: 
      x: -0.04292668382239175
      y: 0.3337026820898546
      z: -0.0066597170250329955
    angular: 
      x: 0.0
      y: 0.0
      z: 0.0
  covariance: [0.0, 0.0, 0.0, 0.0, 0.0, 0.0, 0.0, 0.0, 0.0, 0.0, 0.0, 0.0, 0.0, 0.0, 0.0, 0.0, 0.0, 0.0, 0.0, 0.0, 0.0, 0.0, 0.0, 0.0, 0.0, 0.0, 0.0, 0.0, 0.0, 0.0, 0.0, 0.0, 0.0, 0.0, 0.0, 0.0]
---
header: 
  seq: 1224
  stamp: 
    secs: 1744081305
    nsecs: 763578892
  frame_id: "world"
child_frame_id: "world"
pose: 
  pose: 
    position: 
      x: 0.5273165596953711
      y: 0.11247443635315202
      z: 0.4555969164271656
    orientation: 
      x: -0.009565602020825561
      y: -0.021046497185440546
      z: 0.7029596446513259
      w: 0.7108539105933681
  covariance: [0.0, 0.0, 0.0, 0.0, 0.0, 0.0, 0.0, 0.0, 0.0, 0.0, 0.0, 0.0, 0.0, 0.0, 0.0, 0.0, 0.0, 0.0, 0.0, 0.0, 0.0, 0.0, 0.0, 0.0, 0.0, 0.0, 0.0, 0.0, 0.0, 0.0, 0.0, 0.0, 0.0, 0.0, 0.0, 0.0]
twist: 
  twist: 
    linear: 
      x: -0.08144837310346141
      y: 0.33424960288699396
      z: 0.01682954569142231
    angular: 
      x: 0.0
      y: 0.0
      z: 0.0
  covariance: [0.0, 0.0, 0.0, 0.0, 0.0, 0.0, 0.0, 0.0, 0.0, 0.0, 0.0, 0.0, 0.0, 0.0, 0.0, 0.0, 0.0, 0.0, 0.0, 0.0, 0.0, 0.0, 0.0, 0.0, 0.0, 0.0, 0.0, 0.0, 0.0, 0.0, 0.0, 0.0, 0.0, 0.0, 0.0, 0.0]
---
header: 
  seq: 1225
  stamp: 
    secs: 1744081305
    nsecs: 896907568
  frame_id: "world"
child_frame_id: "world"
pose: 
  pose: 
    position: 
      x: 0.5154386732112681
      y: 0.15686666403562233
      z: 0.45849278183769404
    orientation: 
      x: -0.008058280738348331
      y: -0.020409842071108266
      z: 0.7388229588870167
      w: 0.6735422316971729
  covariance: [0.0, 0.0, 0.0, 0.0, 0.0, 0.0, 0.0, 0.0, 0.0, 0.0, 0.0, 0.0, 0.0, 0.0, 0.0, 0.0, 0.0, 0.0, 0.0, 0.0, 0.0, 0.0, 0.0, 0.0, 0.0, 0.0, 0.0, 0.0, 0.0, 0.0, 0.0, 0.0, 0.0, 0.0, 0.0, 0.0]
twist: 
  twist: 
    linear: 
      x: -0.10586837547758467
      y: 0.32644111413988064
      z: 0.03147112303200718
    angular: 
      x: 0.0
      y: 0.0
      z: 0.0
  covariance: [0.0, 0.0, 0.0, 0.0, 0.0, 0.0, 0.0, 0.0, 0.0, 0.0, 0.0, 0.0, 0.0, 0.0, 0.0, 0.0, 0.0, 0.0, 0.0, 0.0, 0.0, 0.0, 0.0, 0.0, 0.0, 0.0, 0.0, 0.0, 0.0, 0.0, 0.0, 0.0, 0.0, 0.0, 0.0, 0.0]
---
header: 
  seq: 1226
  stamp: 
    secs: 1744081306
    nsecs:  30235529
  frame_id: "world"
child_frame_id: "world"
pose: 
  pose: 
    position: 
      x: 0.49925958966205763
      y: 0.19723174032163104
      z: 0.4609723472007014
    orientation: 
      x: -0.010207098180743768
      y: -0.01927132798933427
      z: 0.7725742440598707
      w: 0.6345498156012462
  covariance: [0.0, 0.0, 0.0, 0.0, 0.0, 0.0, 0.0, 0.0, 0.0, 0.0, 0.0, 0.0, 0.0, 0.0, 0.0, 0.0, 0.0, 0.0, 0.0, 0.0, 0.0, 0.0, 0.0, 0.0, 0.0, 0.0, 0.0, 0.0, 0.0, 0.0, 0.0, 0.0, 0.0, 0.0, 0.0, 0.0]
twist: 
  twist: 
    linear: 
      x: -0.14893947678502134
      y: 0.29586230961254806
      z: 0.008003196218539033
    angular: 
      x: 0.0
      y: 0.0
      z: 0.0
  covariance: [0.0, 0.0, 0.0, 0.0, 0.0, 0.0, 0.0, 0.0, 0.0, 0.0, 0.0, 0.0, 0.0, 0.0, 0.0, 0.0, 0.0, 0.0, 0.0, 0.0, 0.0, 0.0, 0.0, 0.0, 0.0, 0.0, 0.0, 0.0, 0.0, 0.0, 0.0, 0.0, 0.0, 0.0, 0.0, 0.0]
---
header: 
  seq: 1227
  stamp: 
    secs: 1744081306
    nsecs: 163576841
  frame_id: "world"
child_frame_id: "world"
pose: 
  pose: 
    position: 
      x: 0.47918150987171637
      y: 0.2353125555003071
      z: 0.4588054812456924
    orientation: 
      x: -0.010565575428587336
      y: -0.016703273992321174
      z: 0.8033004676148132
      w: 0.5952459390736091
  covariance: [0.0, 0.0, 0.0, 0.0, 0.0, 0.0, 0.0, 0.0, 0.0, 0.0, 0.0, 0.0, 0.0, 0.0, 0.0, 0.0, 0.0, 0.0, 0.0, 0.0, 0.0, 0.0, 0.0, 0.0, 0.0, 0.0, 0.0, 0.0, 0.0, 0.0, 0.0, 0.0, 0.0, 0.0, 0.0, 0.0]
twist: 
  twist: 
    linear: 
      x: -0.18991315755840368
      y: 0.279224609090124
      z: -0.03654514588032939
    angular: 
      x: 0.0
      y: 0.0
      z: 0.0
  covariance: [0.0, 0.0, 0.0, 0.0, 0.0, 0.0, 0.0, 0.0, 0.0, 0.0, 0.0, 0.0, 0.0, 0.0, 0.0, 0.0, 0.0, 0.0, 0.0, 0.0, 0.0, 0.0, 0.0, 0.0, 0.0, 0.0, 0.0, 0.0, 0.0, 0.0, 0.0, 0.0, 0.0, 0.0, 0.0, 0.0]
---
header: 
  seq: 1228
  stamp: 
    secs: 1744081306
    nsecs: 296931982
  frame_id: "world"
child_frame_id: "world"
pose: 
  pose: 
    position: 
      x: 0.45498077976492096
      y: 0.27149569347813507
      z: 0.4557413868544486
    orientation: 
      x: -0.005671744072125802
      y: -0.013258377011219779
      z: 0.8314999560803379
      w: 0.5553376178475619
  covariance: [0.0, 0.0, 0.0, 0.0, 0.0, 0.0, 0.0, 0.0, 0.0, 0.0, 0.0, 0.0, 0.0, 0.0, 0.0, 0.0, 0.0, 0.0, 0.0, 0.0, 0.0, 0.0, 0.0, 0.0, 0.0, 0.0, 0.0, 0.0, 0.0, 0.0, 0.0, 0.0, 0.0, 0.0, 0.0, 0.0]
twist: 
  twist: 
    linear: 
      x: -0.21562149994116006
      y: 0.26183363348252886
      z: -0.015280911204812774
    angular: 
      x: 0.0
      y: 0.0
      z: 0.0
  covariance: [0.0, 0.0, 0.0, 0.0, 0.0, 0.0, 0.0, 0.0, 0.0, 0.0, 0.0, 0.0, 0.0, 0.0, 0.0, 0.0, 0.0, 0.0, 0.0, 0.0, 0.0, 0.0, 0.0, 0.0, 0.0, 0.0, 0.0, 0.0, 0.0, 0.0, 0.0, 0.0, 0.0, 0.0, 0.0, 0.0]
---
header: 
  seq: 1229
  stamp: 
    secs: 1744081306
    nsecs: 430286884
  frame_id: "world"
child_frame_id: "world"
pose: 
  pose: 
    position: 
      x: 0.42628304044956133
      y: 0.30967394219219346
      z: 0.45638433907265785
    orientation: 
      x: -0.002877386946888918
      y: -0.010684159883697088
      z: 0.8573646886408515
      w: 0.5145904779955747
  covariance: [0.0, 0.0, 0.0, 0.0, 0.0, 0.0, 0.0, 0.0, 0.0, 0.0, 0.0, 0.0, 0.0, 0.0, 0.0, 0.0, 0.0, 0.0, 0.0, 0.0, 0.0, 0.0, 0.0, 0.0, 0.0, 0.0, 0.0, 0.0, 0.0, 0.0, 0.0, 0.0, 0.0, 0.0, 0.0, 0.0]
twist: 
  twist: 
    linear: 
      x: -0.23532449651477425
      y: 0.24993625052676094
      z: -0.0007292624071132353
    angular: 
      x: 0.0
      y: 0.0
      z: 0.0
  covariance: [0.0, 0.0, 0.0, 0.0, 0.0, 0.0, 0.0, 0.0, 0.0, 0.0, 0.0, 0.0, 0.0, 0.0, 0.0, 0.0, 0.0, 0.0, 0.0, 0.0, 0.0, 0.0, 0.0, 0.0, 0.0, 0.0, 0.0, 0.0, 0.0, 0.0, 0.0, 0.0, 0.0, 0.0, 0.0, 0.0]
---
header: 
  seq: 1230
  stamp: 
    secs: 1744081306
    nsecs: 563642263
  frame_id: "world"
child_frame_id: "world"
pose: 
  pose: 
    position: 
      x: 0.3953183452329825
      y: 0.3431873944402347
      z: 0.462614018736755
    orientation: 
      x: -0.002833569443299
      y: -0.011619512249832101
      z: 0.8804748197989736
      w: 0.47394203181322836
  covariance: [0.0, 0.0, 0.0, 0.0, 0.0, 0.0, 0.0, 0.0, 0.0, 0.0, 0.0, 0.0, 0.0, 0.0, 0.0, 0.0, 0.0, 0.0, 0.0, 0.0, 0.0, 0.0, 0.0, 0.0, 0.0, 0.0, 0.0, 0.0, 0.0, 0.0, 0.0, 0.0, 0.0, 0.0, 0.0, 0.0]
twist: 
  twist: 
    linear: 
      x: -0.24644967059105358
      y: 0.23995862793308398
      z: 0.040582158350394706
    angular: 
      x: 0.0
      y: 0.0
      z: 0.0
  covariance: [0.0, 0.0, 0.0, 0.0, 0.0, 0.0, 0.0, 0.0, 0.0, 0.0, 0.0, 0.0, 0.0, 0.0, 0.0, 0.0, 0.0, 0.0, 0.0, 0.0, 0.0, 0.0, 0.0, 0.0, 0.0, 0.0, 0.0, 0.0, 0.0, 0.0, 0.0, 0.0, 0.0, 0.0, 0.0, 0.0]
---
header: 
  seq: 1231
  stamp: 
    secs: 1744081306
    nsecs: 696997881
  frame_id: "world"
child_frame_id: "world"
pose: 
  pose: 
    position: 
      x: 0.3632263892926656
      y: 0.3726992923275606
      z: 0.4718092487307797
    orientation: 
      x: -0.007936437684571284
      y: -0.017709730782280945
      z: 0.9017383223231947
      w: 0.4318464732358574
  covariance: [0.0, 0.0, 0.0, 0.0, 0.0, 0.0, 0.0, 0.0, 0.0, 0.0, 0.0, 0.0, 0.0, 0.0, 0.0, 0.0, 0.0, 0.0, 0.0, 0.0, 0.0, 0.0, 0.0, 0.0, 0.0, 0.0, 0.0, 0.0, 0.0, 0.0, 0.0, 0.0, 0.0, 0.0, 0.0, 0.0]
twist: 
  twist: 
    linear: 
      x: -0.2632007430621235
      y: 0.22463114338300372
      z: 0.04843300768026848
    angular: 
      x: 0.0
      y: 0.0
      z: 0.0
  covariance: [0.0, 0.0, 0.0, 0.0, 0.0, 0.0, 0.0, 0.0, 0.0, 0.0, 0.0, 0.0, 0.0, 0.0, 0.0, 0.0, 0.0, 0.0, 0.0, 0.0, 0.0, 0.0, 0.0, 0.0, 0.0, 0.0, 0.0, 0.0, 0.0, 0.0, 0.0, 0.0, 0.0, 0.0, 0.0, 0.0]
---
header: 
  seq: 1232
  stamp: 
    secs: 1744081306
    nsecs: 830353498
  frame_id: "world"
child_frame_id: "world"
pose: 
  pose: 
    position: 
      x: 0.3272917655437655
      y: 0.39842815090479666
      z: 0.47928427092786374
    orientation: 
      x: -0.008515589995830594
      y: -0.022930169039825442
      z: 0.9204684057415283
      w: 0.3900507737544912
  covariance: [0.0, 0.0, 0.0, 0.0, 0.0, 0.0, 0.0, 0.0, 0.0, 0.0, 0.0, 0.0, 0.0, 0.0, 0.0, 0.0, 0.0, 0.0, 0.0, 0.0, 0.0, 0.0, 0.0, 0.0, 0.0, 0.0, 0.0, 0.0, 0.0, 0.0, 0.0, 0.0, 0.0, 0.0, 0.0, 0.0]
twist: 
  twist: 
    linear: 
      x: -0.2863805940094604
      y: 0.19175188738249882
      z: 0.05086251638107272
    angular: 
      x: 0.0
      y: 0.0
      z: 0.0
  covariance: [0.0, 0.0, 0.0, 0.0, 0.0, 0.0, 0.0, 0.0, 0.0, 0.0, 0.0, 0.0, 0.0, 0.0, 0.0, 0.0, 0.0, 0.0, 0.0, 0.0, 0.0, 0.0, 0.0, 0.0, 0.0, 0.0, 0.0, 0.0, 0.0, 0.0, 0.0, 0.0, 0.0, 0.0, 0.0, 0.0]
---
header: 
  seq: 1233
  stamp: 
    secs: 1744081306
    nsecs: 963709354
  frame_id: "world"
child_frame_id: "world"
pose: 
  pose: 
    position: 
      x: 0.28477271343025223
      y: 0.42067227828657794
      z: 0.4814097005859997
    orientation: 
      x: -0.007821708658269217
      y: -0.025308722037488126
      z: 0.9372245358468291
      w: 0.34771893659849795
  covariance: [0.0, 0.0, 0.0, 0.0, 0.0, 0.0, 0.0, 0.0, 0.0, 0.0, 0.0, 0.0, 0.0, 0.0, 0.0, 0.0, 0.0, 0.0, 0.0, 0.0, 0.0, 0.0, 0.0, 0.0, 0.0, 0.0, 0.0, 0.0, 0.0, 0.0, 0.0, 0.0, 0.0, 0.0, 0.0, 0.0]
twist: 
  twist: 
    linear: 
      x: -0.3105726494093432
      y: 0.17054792745947828
      z: 0.02234460475483701
    angular: 
      x: 0.0
      y: 0.0
      z: 0.0
  covariance: [0.0, 0.0, 0.0, 0.0, 0.0, 0.0, 0.0, 0.0, 0.0, 0.0, 0.0, 0.0, 0.0, 0.0, 0.0, 0.0, 0.0, 0.0, 0.0, 0.0, 0.0, 0.0, 0.0, 0.0, 0.0, 0.0, 0.0, 0.0, 0.0, 0.0, 0.0, 0.0, 0.0, 0.0, 0.0, 0.0]
---
header: 
  seq: 1234
  stamp: 
    secs: 1744081307
    nsecs:  97065449
  frame_id: "world"
child_frame_id: "world"
pose: 
  pose: 
    position: 
      x: 0.23649931278085246
      y: 0.43588402846417107
      z: 0.4743638386496392
    orientation: 
      x: -0.007451067222903478
      y: -0.024486638510234804
      z: 0.951943485072411
      w: 0.30520237115707566
  covariance: [0.0, 0.0, 0.0, 0.0, 0.0, 0.0, 0.0, 0.0, 0.0, 0.0, 0.0, 0.0, 0.0, 0.0, 0.0, 0.0, 0.0, 0.0, 0.0, 0.0, 0.0, 0.0, 0.0, 0.0, 0.0, 0.0, 0.0, 0.0, 0.0, 0.0, 0.0, 0.0, 0.0, 0.0, 0.0, 0.0]
twist: 
  twist: 
    linear: 
      x: -0.35676556174376084
      y: 0.11294844368909522
      z: -0.05300726601890776
    angular: 
      x: 0.0
      y: 0.0
      z: 0.0
  covariance: [0.0, 0.0, 0.0, 0.0, 0.0, 0.0, 0.0, 0.0, 0.0, 0.0, 0.0, 0.0, 0.0, 0.0, 0.0, 0.0, 0.0, 0.0, 0.0, 0.0, 0.0, 0.0, 0.0, 0.0, 0.0, 0.0, 0.0, 0.0, 0.0, 0.0, 0.0, 0.0, 0.0, 0.0, 0.0, 0.0]
---
header: 
  seq: 1235
  stamp: 
    secs: 1744081307
    nsecs: 230402470
  frame_id: "world"
child_frame_id: "world"
pose: 
  pose: 
    position: 
      x: 0.18403333431554675
      y: 0.4456364823130787
      z: 0.4659482318407272
    orientation: 
      x: -7.409928687691709e-05
      y: -0.016560716708202455
      z: 0.9652332467770219
      w: 0.2608649391690945
  covariance: [0.0, 0.0, 0.0, 0.0, 0.0, 0.0, 0.0, 0.0, 0.0, 0.0, 0.0, 0.0, 0.0, 0.0, 0.0, 0.0, 0.0, 0.0, 0.0, 0.0, 0.0, 0.0, 0.0, 0.0, 0.0, 0.0, 0.0, 0.0, 0.0, 0.0, 0.0, 0.0, 0.0, 0.0, 0.0, 0.0]
twist: 
  twist: 
    linear: 
      x: -0.381355094501934
      y: 0.06500437654383052
      z: -0.04986195825707028
    angular: 
      x: 0.0
      y: 0.0
      z: 0.0
  covariance: [0.0, 0.0, 0.0, 0.0, 0.0, 0.0, 0.0, 0.0, 0.0, 0.0, 0.0, 0.0, 0.0, 0.0, 0.0, 0.0, 0.0, 0.0, 0.0, 0.0, 0.0, 0.0, 0.0, 0.0, 0.0, 0.0, 0.0, 0.0, 0.0, 0.0, 0.0, 0.0, 0.0, 0.0, 0.0, 0.0]
---
header: 
  seq: 1236
  stamp: 
    secs: 1744081307
    nsecs: 363740206
  frame_id: "world"
child_frame_id: "world"
pose: 
  pose: 
    position: 
      x: 0.1312998144356891
      y: 0.4529085721586177
      z: 0.4637204722889313
    orientation: 
      x: 0.0034453138394098365
      y: -0.007940758557181049
      z: 0.976578864038515
      w: 0.21498557272367916
  covariance: [0.0, 0.0, 0.0, 0.0, 0.0, 0.0, 0.0, 0.0, 0.0, 0.0, 0.0, 0.0, 0.0, 0.0, 0.0, 0.0, 0.0, 0.0, 0.0, 0.0, 0.0, 0.0, 0.0, 0.0, 0.0, 0.0, 0.0, 0.0, 0.0, 0.0, 0.0, 0.0, 0.0, 0.0, 0.0, 0.0]
twist: 
  twist: 
    linear: 
      x: -0.37634904330461605
      y: 0.048785860205528976
      z: -0.002627955542500649
    angular: 
      x: 0.0
      y: 0.0
      z: 0.0
  covariance: [0.0, 0.0, 0.0, 0.0, 0.0, 0.0, 0.0, 0.0, 0.0, 0.0, 0.0, 0.0, 0.0, 0.0, 0.0, 0.0, 0.0, 0.0, 0.0, 0.0, 0.0, 0.0, 0.0, 0.0, 0.0, 0.0, 0.0, 0.0, 0.0, 0.0, 0.0, 0.0, 0.0, 0.0, 0.0, 0.0]
---
header: 
  seq: 1237
  stamp: 
    secs: 1744081307
    nsecs: 497076750
  frame_id: "world"
child_frame_id: "world"
pose: 
  pose: 
    position: 
      x: 0.07788663294780174
      y: 0.4591201771921324
      z: 0.4631658260044548
    orientation: 
      x: 0.003277961659042391
      y: -0.010322256667235649
      z: 0.9856780697490649
      w: 0.16828977628012684
  covariance: [0.0, 0.0, 0.0, 0.0, 0.0, 0.0, 0.0, 0.0, 0.0, 0.0, 0.0, 0.0, 0.0, 0.0, 0.0, 0.0, 0.0, 0.0, 0.0, 0.0, 0.0, 0.0, 0.0, 0.0, 0.0, 0.0, 0.0, 0.0, 0.0, 0.0, 0.0, 0.0, 0.0, 0.0, 0.0, 0.0]
twist: 
  twist: 
    linear: 
      x: -0.3782819990566955
      y: 0.034448294645024906
      z: -0.010870813609645152
    angular: 
      x: 0.0
      y: 0.0
      z: 0.0
  covariance: [0.0, 0.0, 0.0, 0.0, 0.0, 0.0, 0.0, 0.0, 0.0, 0.0, 0.0, 0.0, 0.0, 0.0, 0.0, 0.0, 0.0, 0.0, 0.0, 0.0, 0.0, 0.0, 0.0, 0.0, 0.0, 0.0, 0.0, 0.0, 0.0, 0.0, 0.0, 0.0, 0.0, 0.0, 0.0, 0.0]
---
header: 
  seq: 1238
  stamp: 
    secs: 1744081307
    nsecs: 630412817
  frame_id: "world"
child_frame_id: "world"
pose: 
  pose: 
    position: 
      x: 0.022779192176694663
      y: 0.46016064164228576
      z: 0.4613576551122113
    orientation: 
      x: 0.005208454823516721
      y: -0.013223808272848714
      z: 0.9925386618072282
      w: 0.12109916478255006
  covariance: [0.0, 0.0, 0.0, 0.0, 0.0, 0.0, 0.0, 0.0, 0.0, 0.0, 0.0, 0.0, 0.0, 0.0, 0.0, 0.0, 0.0, 0.0, 0.0, 0.0, 0.0, 0.0, 0.0, 0.0, 0.0, 0.0, 0.0, 0.0, 0.0, 0.0, 0.0, 0.0, 0.0, 0.0, 0.0, 0.0]
twist: 
  twist: 
    linear: 
      x: -0.3817611707288068
      y: 0.0016295274563645065
      z: -0.01729037120937062
    angular: 
      x: 0.0
      y: 0.0
      z: 0.0
  covariance: [0.0, 0.0, 0.0, 0.0, 0.0, 0.0, 0.0, 0.0, 0.0, 0.0, 0.0, 0.0, 0.0, 0.0, 0.0, 0.0, 0.0, 0.0, 0.0, 0.0, 0.0, 0.0, 0.0, 0.0, 0.0, 0.0, 0.0, 0.0, 0.0, 0.0, 0.0, 0.0, 0.0, 0.0, 0.0, 0.0]
---
header: 
  seq: 1239
  stamp: 
    secs: 1744081307
    nsecs: 763748884
  frame_id: "world"
child_frame_id: "world"
pose: 
  pose: 
    position: 
      x: -0.03093474741416935
      y: 0.4587911602505935
      z: 0.4588376636399819
    orientation: 
      x: 0.008043404551608433
      y: -0.015886448273365543
      z: 0.9971500012895123
      w: 0.07331302294137512
  covariance: [0.0, 0.0, 0.0, 0.0, 0.0, 0.0, 0.0, 0.0, 0.0, 0.0, 0.0, 0.0, 0.0, 0.0, 0.0, 0.0, 0.0, 0.0, 0.0, 0.0, 0.0, 0.0, 0.0, 0.0, 0.0, 0.0, 0.0, 0.0, 0.0, 0.0, 0.0, 0.0, 0.0, 0.0, 0.0, 0.0]
twist: 
  twist: 
    linear: 
      x: -0.3754380736765626
      y: -0.022097057089857184
      z: -0.01984334047664985
    angular: 
      x: 0.0
      y: 0.0
      z: 0.0
  covariance: [0.0, 0.0, 0.0, 0.0, 0.0, 0.0, 0.0, 0.0, 0.0, 0.0, 0.0, 0.0, 0.0, 0.0, 0.0, 0.0, 0.0, 0.0, 0.0, 0.0, 0.0, 0.0, 0.0, 0.0, 0.0, 0.0, 0.0, 0.0, 0.0, 0.0, 0.0, 0.0, 0.0, 0.0, 0.0, 0.0]
---
header: 
  seq: 1240
  stamp: 
    secs: 1744081307
    nsecs: 897084236
  frame_id: "world"
child_frame_id: "world"
pose: 
  pose: 
    position: 
      x: -0.08223502102966052
      y: 0.4548185739078657
      z: 0.45753109862526714
    orientation: 
      x: 0.010639415389769761
      y: -0.01623392544879743
      z: 0.9994864501546485
      w: 0.025497028492475083
  covariance: [0.0, 0.0, 0.0, 0.0, 0.0, 0.0, 0.0, 0.0, 0.0, 0.0, 0.0, 0.0, 0.0, 0.0, 0.0, 0.0, 0.0, 0.0, 0.0, 0.0, 0.0, 0.0, 0.0, 0.0, 0.0, 0.0, 0.0, 0.0, 0.0, 0.0, 0.0, 0.0, 0.0, 0.0, 0.0, 0.0]
twist: 
  twist: 
    linear: 
      x: -0.35979163385817975
      y: -0.04907091585484596
      z: -0.002546104660904894
    angular: 
      x: 0.0
      y: 0.0
      z: 0.0
  covariance: [0.0, 0.0, 0.0, 0.0, 0.0, 0.0, 0.0, 0.0, 0.0, 0.0, 0.0, 0.0, 0.0, 0.0, 0.0, 0.0, 0.0, 0.0, 0.0, 0.0, 0.0, 0.0, 0.0, 0.0, 0.0, 0.0, 0.0, 0.0, 0.0, 0.0, 0.0, 0.0, 0.0, 0.0, 0.0, 0.0]
---
header: 
  seq: 1241
  stamp: 
    secs: 1744081308
    nsecs:  30419350
  frame_id: "world"
child_frame_id: "world"
pose: 
  pose: 
    position: 
      x: -0.12969070238801128
      y: 0.4451210642024901
      z: 0.4587206426235673
    orientation: 
      x: 0.008611015868395187
      y: -0.014956168963324004
      z: 0.9996047769231706
      w: -0.022191290364313766
  covariance: [0.0, 0.0, 0.0, 0.0, 0.0, 0.0, 0.0, 0.0, 0.0, 0.0, 0.0, 0.0, 0.0, 0.0, 0.0, 0.0, 0.0, 0.0, 0.0, 0.0, 0.0, 0.0, 0.0, 0.0, 0.0, 0.0, 0.0, 0.0, 0.0, 0.0, 0.0, 0.0, 0.0, 0.0, 0.0, 0.0]
twist: 
  twist: 
    linear: 
      x: -0.3396670203225562
      y: -0.09155960139044182
      z: -0.012632421449207275
    angular: 
      x: 0.0
      y: 0.0
      z: 0.0
  covariance: [0.0, 0.0, 0.0, 0.0, 0.0, 0.0, 0.0, 0.0, 0.0, 0.0, 0.0, 0.0, 0.0, 0.0, 0.0, 0.0, 0.0, 0.0, 0.0, 0.0, 0.0, 0.0, 0.0, 0.0, 0.0, 0.0, 0.0, 0.0, 0.0, 0.0, 0.0, 0.0, 0.0, 0.0, 0.0, 0.0]
---
header: 
  seq: 1242
  stamp: 
    secs: 1744081308
    nsecs: 163771391
  frame_id: "world"
child_frame_id: "world"
pose: 
  pose: 
    position: 
      x: -0.17461317294235884
      y: 0.4309799478319118
      z: 0.4575828478069705
    orientation: 
      x: 0.009202812522048628
      y: -0.013806913427944635
      z: 0.9974839751126064
      w: -0.06892312222201306
  covariance: [0.0, 0.0, 0.0, 0.0, 0.0, 0.0, 0.0, 0.0, 0.0, 0.0, 0.0, 0.0, 0.0, 0.0, 0.0, 0.0, 0.0, 0.0, 0.0, 0.0, 0.0, 0.0, 0.0, 0.0, 0.0, 0.0, 0.0, 0.0, 0.0, 0.0, 0.0, 0.0, 0.0, 0.0, 0.0, 0.0]
twist: 
  twist: 
    linear: 
      x: -0.32351207039831914
      y: -0.1329939797035458
      z: -0.01819081325237491
    angular: 
      x: 0.0
      y: 0.0
      z: 0.0
  covariance: [0.0, 0.0, 0.0, 0.0, 0.0, 0.0, 0.0, 0.0, 0.0, 0.0, 0.0, 0.0, 0.0, 0.0, 0.0, 0.0, 0.0, 0.0, 0.0, 0.0, 0.0, 0.0, 0.0, 0.0, 0.0, 0.0, 0.0, 0.0, 0.0, 0.0, 0.0, 0.0, 0.0, 0.0, 0.0, 0.0]
---
header: 
  seq: 1243
  stamp: 
    secs: 1744081308
    nsecs: 297141314
  frame_id: "world"
child_frame_id: "world"
pose: 
  pose: 
    position: 
      x: -0.21974409711799064
      y: 0.41433309331013113
      z: 0.4618886782603324
    orientation: 
      x: 0.012323691664463727
      y: -0.01422967645360431
      z: 0.9931225888116718
      w: -0.11555590215903383
  covariance: [0.0, 0.0, 0.0, 0.0, 0.0, 0.0, 0.0, 0.0, 0.0, 0.0, 0.0, 0.0, 0.0, 0.0, 0.0, 0.0, 0.0, 0.0, 0.0, 0.0, 0.0, 0.0, 0.0, 0.0, 0.0, 0.0, 0.0, 0.0, 0.0, 0.0, 0.0, 0.0, 0.0, 0.0, 0.0, 0.0]
twist: 
  twist: 
    linear: 
      x: -0.32433416957564853
      y: -0.13561280854037572
      z: 0.04709112148481416
    angular: 
      x: 0.0
      y: 0.0
      z: 0.0
  covariance: [0.0, 0.0, 0.0, 0.0, 0.0, 0.0, 0.0, 0.0, 0.0, 0.0, 0.0, 0.0, 0.0, 0.0, 0.0, 0.0, 0.0, 0.0, 0.0, 0.0, 0.0, 0.0, 0.0, 0.0, 0.0, 0.0, 0.0, 0.0, 0.0, 0.0, 0.0, 0.0, 0.0, 0.0, 0.0, 0.0]
---
header: 
  seq: 1244
  stamp: 
    secs: 1744081308
    nsecs: 430512667
  frame_id: "world"
child_frame_id: "world"
pose: 
  pose: 
    position: 
      x: -0.2604457714491396
      y: 0.392218911124226
      z: 0.46794821371781303
    orientation: 
      x: 0.010115506436289647
      y: -0.019223955815047655
      z: 0.9865869339211691
      w: -0.16178485055277994
  covariance: [0.0, 0.0, 0.0, 0.0, 0.0, 0.0, 0.0, 0.0, 0.0, 0.0, 0.0, 0.0, 0.0, 0.0, 0.0, 0.0, 0.0, 0.0, 0.0, 0.0, 0.0, 0.0, 0.0, 0.0, 0.0, 0.0, 0.0, 0.0, 0.0, 0.0, 0.0, 0.0, 0.0, 0.0, 0.0, 0.0]
twist: 
  twist: 
    linear: 
      x: -0.298017932592692
      y: -0.1602114718800081
      z: 0.034461516429967094
    angular: 
      x: 0.0
      y: 0.0
      z: 0.0
  covariance: [0.0, 0.0, 0.0, 0.0, 0.0, 0.0, 0.0, 0.0, 0.0, 0.0, 0.0, 0.0, 0.0, 0.0, 0.0, 0.0, 0.0, 0.0, 0.0, 0.0, 0.0, 0.0, 0.0, 0.0, 0.0, 0.0, 0.0, 0.0, 0.0, 0.0, 0.0, 0.0, 0.0, 0.0, 0.0, 0.0]
---
header: 
  seq: 1245
  stamp: 
    secs: 1744081308
    nsecs: 563885212
  frame_id: "world"
child_frame_id: "world"
pose: 
  pose: 
    position: 
      x: -0.2961277335816519
      y: 0.3673442924898345
      z: 0.4692192781152635
    orientation: 
      x: 0.009436810632325647
      y: -0.02530861035184494
      z: 0.9777837557790703
      w: -0.2078685829598199
  covariance: [0.0, 0.0, 0.0, 0.0, 0.0, 0.0, 0.0, 0.0, 0.0, 0.0, 0.0, 0.0, 0.0, 0.0, 0.0, 0.0, 0.0, 0.0, 0.0, 0.0, 0.0, 0.0, 0.0, 0.0, 0.0, 0.0, 0.0, 0.0, 0.0, 0.0, 0.0, 0.0, 0.0, 0.0, 0.0, 0.0]
twist: 
  twist: 
    linear: 
      x: -0.27106157087681404
      y: -0.20300411798936005
      z: 0.01071526084999172
    angular: 
      x: 0.0
      y: 0.0
      z: 0.0
  covariance: [0.0, 0.0, 0.0, 0.0, 0.0, 0.0, 0.0, 0.0, 0.0, 0.0, 0.0, 0.0, 0.0, 0.0, 0.0, 0.0, 0.0, 0.0, 0.0, 0.0, 0.0, 0.0, 0.0, 0.0, 0.0, 0.0, 0.0, 0.0, 0.0, 0.0, 0.0, 0.0, 0.0, 0.0, 0.0, 0.0]
---
header: 
  seq: 1246
  stamp: 
    secs: 1744081308
    nsecs: 697259188
  frame_id: "world"
child_frame_id: "world"
pose: 
  pose: 
    position: 
      x: -0.32789785611343525
      y: 0.3342820042515315
      z: 0.4668952932128241
    orientation: 
      x: 0.009361159047708064
      y: -0.02012406819961939
      z: 0.967084705134359
      w: -0.2534848391434301
  covariance: [0.0, 0.0, 0.0, 0.0, 0.0, 0.0, 0.0, 0.0, 0.0, 0.0, 0.0, 0.0, 0.0, 0.0, 0.0, 0.0, 0.0, 0.0, 0.0, 0.0, 0.0, 0.0, 0.0, 0.0, 0.0, 0.0, 0.0, 0.0, 0.0, 0.0, 0.0, 0.0, 0.0, 0.0, 0.0, 0.0]
twist: 
  twist: 
    linear: 
      x: -0.23909292234735388
      y: -0.25928563749896544
      z: -0.018513374778949918
    angular: 
      x: 0.0
      y: 0.0
      z: 0.0
  covariance: [0.0, 0.0, 0.0, 0.0, 0.0, 0.0, 0.0, 0.0, 0.0, 0.0, 0.0, 0.0, 0.0, 0.0, 0.0, 0.0, 0.0, 0.0, 0.0, 0.0, 0.0, 0.0, 0.0, 0.0, 0.0, 0.0, 0.0, 0.0, 0.0, 0.0, 0.0, 0.0, 0.0, 0.0, 0.0, 0.0]
---
header: 
  seq: 1247
  stamp: 
    secs: 1744081308
    nsecs: 830634594
  frame_id: "world"
child_frame_id: "world"
pose: 
  pose: 
    position: 
      x: -0.3603659605803484
      y: 0.29337564121006304
      z: 0.4630935456225774
    orientation: 
      x: 0.006492795768193084
      y: -0.010710923739772265
      z: 0.9542909556496139
      w: -0.29861662994732896
  covariance: [0.0, 0.0, 0.0, 0.0, 0.0, 0.0, 0.0, 0.0, 0.0, 0.0, 0.0, 0.0, 0.0, 0.0, 0.0, 0.0, 0.0, 0.0, 0.0, 0.0, 0.0, 0.0, 0.0, 0.0, 0.0, 0.0, 0.0, 0.0, 0.0, 0.0, 0.0, 0.0, 0.0, 0.0, 0.0, 0.0]
twist: 
  twist: 
    linear: 
      x: -0.20508596221518868
      y: -0.32095786052901576
      z: -0.053376874592256075
    angular: 
      x: 0.0
      y: 0.0
      z: 0.0
  covariance: [0.0, 0.0, 0.0, 0.0, 0.0, 0.0, 0.0, 0.0, 0.0, 0.0, 0.0, 0.0, 0.0, 0.0, 0.0, 0.0, 0.0, 0.0, 0.0, 0.0, 0.0, 0.0, 0.0, 0.0, 0.0, 0.0, 0.0, 0.0, 0.0, 0.0, 0.0, 0.0, 0.0, 0.0, 0.0, 0.0]
---
header: 
  seq: 1248
  stamp: 
    secs: 1744081308
    nsecs: 964011192
  frame_id: "world"
child_frame_id: "world"
pose: 
  pose: 
    position: 
      x: -0.39174267844362515
      y: 0.2478137057856083
      z: 0.4623235789840478
    orientation: 
      x: 0.007309294618341699
      y: -0.0014539347276273774
      z: 0.9395055035389591
      w: -0.3424527253592781
  covariance: [0.0, 0.0, 0.0, 0.0, 0.0, 0.0, 0.0, 0.0, 0.0, 0.0, 0.0, 0.0, 0.0, 0.0, 0.0, 0.0, 0.0, 0.0, 0.0, 0.0, 0.0, 0.0, 0.0, 0.0, 0.0, 0.0, 0.0, 0.0, 0.0, 0.0, 0.0, 0.0, 0.0, 0.0, 0.0, 0.0]
twist: 
  twist: 
    linear: 
      x: -0.20979019558066442
      y: -0.32863621940040333
      z: -0.0048782008245506145
    angular: 
      x: 0.0
      y: 0.0
      z: 0.0
  covariance: [0.0, 0.0, 0.0, 0.0, 0.0, 0.0, 0.0, 0.0, 0.0, 0.0, 0.0, 0.0, 0.0, 0.0, 0.0, 0.0, 0.0, 0.0, 0.0, 0.0, 0.0, 0.0, 0.0, 0.0, 0.0, 0.0, 0.0, 0.0, 0.0, 0.0, 0.0, 0.0, 0.0, 0.0, 0.0, 0.0]
---
header: 
  seq: 1249
  stamp: 
    secs: 1744081309
    nsecs:  97389221
  frame_id: "world"
child_frame_id: "world"
pose: 
  pose: 
    position: 
      x: -0.4241910530027473
      y: 0.19846888307377492
      z: 0.4658192693758176
    orientation: 
      x: 0.0138689364502714
      y: -0.0013435637632539545
      z: 0.922859499896891
      w: -0.3848846462100209
  covariance: [0.0, 0.0, 0.0, 0.0, 0.0, 0.0, 0.0, 0.0, 0.0, 0.0, 0.0, 0.0, 0.0, 0.0, 0.0, 0.0, 0.0, 0.0, 0.0, 0.0, 0.0, 0.0, 0.0, 0.0, 0.0, 0.0, 0.0, 0.0, 0.0, 0.0, 0.0, 0.0, 0.0, 0.0, 0.0, 0.0]
twist: 
  twist: 
    linear: 
      x: -0.19823715703447595
      y: -0.33102088379547356
      z: 0.012736274135773714
    angular: 
      x: 0.0
      y: 0.0
      z: 0.0
  covariance: [0.0, 0.0, 0.0, 0.0, 0.0, 0.0, 0.0, 0.0, 0.0, 0.0, 0.0, 0.0, 0.0, 0.0, 0.0, 0.0, 0.0, 0.0, 0.0, 0.0, 0.0, 0.0, 0.0, 0.0, 0.0, 0.0, 0.0, 0.0, 0.0, 0.0, 0.0, 0.0, 0.0, 0.0, 0.0, 0.0]
---
header: 
  seq: 1250
  stamp: 
    secs: 1744081309
    nsecs: 230727911
  frame_id: "world"
child_frame_id: "world"
pose: 
  pose: 
    position: 
      x: -0.4501390953114046
      y: 0.14942223836363627
      z: 0.46892386670143055
    orientation: 
      x: 0.016954405138926675
      y: -0.008527060920369943
      z: 0.9044979808322048
      w: -0.4260554424589717
  covariance: [0.0, 0.0, 0.0, 0.0, 0.0, 0.0, 0.0, 0.0, 0.0, 0.0, 0.0, 0.0, 0.0, 0.0, 0.0, 0.0, 0.0, 0.0, 0.0, 0.0, 0.0, 0.0, 0.0, 0.0, 0.0, 0.0, 0.0, 0.0, 0.0, 0.0, 0.0, 0.0, 0.0, 0.0, 0.0, 0.0]
twist: 
  twist: 
    linear: 
      x: -0.16889451123387436
      y: -0.332575668097632
      z: 0.0020528862420697847
    angular: 
      x: 0.0
      y: 0.0
      z: 0.0
  covariance: [0.0, 0.0, 0.0, 0.0, 0.0, 0.0, 0.0, 0.0, 0.0, 0.0, 0.0, 0.0, 0.0, 0.0, 0.0, 0.0, 0.0, 0.0, 0.0, 0.0, 0.0, 0.0, 0.0, 0.0, 0.0, 0.0, 0.0, 0.0, 0.0, 0.0, 0.0, 0.0, 0.0, 0.0, 0.0, 0.0]
---
header: 
  seq: 1251
  stamp: 
    secs: 1744081309
    nsecs: 364066601
  frame_id: "world"
child_frame_id: "world"
pose: 
  pose: 
    position: 
      x: -0.46866505127179897
      y: 0.10007446660715535
      z: 0.47243608524548036
    orientation: 
      x: 0.018616558272659494
      y: -0.01111599634762589
      z: 0.8842446422378649
      w: -0.4665203865394424
  covariance: [0.0, 0.0, 0.0, 0.0, 0.0, 0.0, 0.0, 0.0, 0.0, 0.0, 0.0, 0.0, 0.0, 0.0, 0.0, 0.0, 0.0, 0.0, 0.0, 0.0, 0.0, 0.0, 0.0, 0.0, 0.0, 0.0, 0.0, 0.0, 0.0, 0.0, 0.0, 0.0, 0.0, 0.0, 0.0, 0.0]
twist: 
  twist: 
    linear: 
      x: -0.11811945491462125
      y: -0.35014406269958415
      z: 0.003749844606508094
    angular: 
      x: 0.0
      y: 0.0
      z: 0.0
  covariance: [0.0, 0.0, 0.0, 0.0, 0.0, 0.0, 0.0, 0.0, 0.0, 0.0, 0.0, 0.0, 0.0, 0.0, 0.0, 0.0, 0.0, 0.0, 0.0, 0.0, 0.0, 0.0, 0.0, 0.0, 0.0, 0.0, 0.0, 0.0, 0.0, 0.0, 0.0, 0.0, 0.0, 0.0, 0.0, 0.0]
---
header: 
  seq: 1252
  stamp: 
    secs: 1744081309
    nsecs: 497405529
  frame_id: "world"
child_frame_id: "world"
pose: 
  pose: 
    position: 
      x: -0.4799614943649384
      y: 0.05001800800411349
      z: 0.4754898224442018
    orientation: 
      x: -0.018337404985394396
      y: 0.007111663674884024
      z: -0.8619753097844327
      w: 0.5065685828594277
  covariance: [0.0, 0.0, 0.0, 0.0, 0.0, 0.0, 0.0, 0.0, 0.0, 0.0, 0.0, 0.0, 0.0, 0.0, 0.0, 0.0, 0.0, 0.0, 0.0, 0.0, 0.0, 0.0, 0.0, 0.0, 0.0, 0.0, 0.0, 0.0, 0.0, 0.0, 0.0, 0.0, 0.0, 0.0, 0.0, 0.0]
twist: 
  twist: 
    linear: 
      x: -0.0533774860462348
      y: -0.3654027396260042
      z: -0.024819063961033068
    angular: 
      x: 0.0
      y: 0.0
      z: 0.0
  covariance: [0.0, 0.0, 0.0, 0.0, 0.0, 0.0, 0.0, 0.0, 0.0, 0.0, 0.0, 0.0, 0.0, 0.0, 0.0, 0.0, 0.0, 0.0, 0.0, 0.0, 0.0, 0.0, 0.0, 0.0, 0.0, 0.0, 0.0, 0.0, 0.0, 0.0, 0.0, 0.0, 0.0, 0.0, 0.0, 0.0]
---
header: 
  seq: 1253
  stamp: 
    secs: 1744081309
    nsecs: 630744219
  frame_id: "world"
child_frame_id: "world"
pose: 
  pose: 
    position: 
      x: -0.48794708781880625
      y: -0.004435364189668445
      z: 0.4769875891107504
    orientation: 
      x: -0.013663092249886398
      y: -0.0028209173284432483
      z: -0.8381233627709239
      w: 0.545302293332016
  covariance: [0.0, 0.0, 0.0, 0.0, 0.0, 0.0, 0.0, 0.0, 0.0, 0.0, 0.0, 0.0, 0.0, 0.0, 0.0, 0.0, 0.0, 0.0, 0.0, 0.0, 0.0, 0.0, 0.0, 0.0, 0.0, 0.0, 0.0, 0.0, 0.0, 0.0, 0.0, 0.0, 0.0, 0.0, 0.0, 0.0]
twist: 
  twist: 
    linear: 
      x: -0.02717911077032594
      y: -0.3581089892616672
      z: -0.011495301371994962
    angular: 
      x: 0.0
      y: 0.0
      z: 0.0
  covariance: [0.0, 0.0, 0.0, 0.0, 0.0, 0.0, 0.0, 0.0, 0.0, 0.0, 0.0, 0.0, 0.0, 0.0, 0.0, 0.0, 0.0, 0.0, 0.0, 0.0, 0.0, 0.0, 0.0, 0.0, 0.0, 0.0, 0.0, 0.0, 0.0, 0.0, 0.0, 0.0, 0.0, 0.0, 0.0, 0.0]
---
header: 
  seq: 1254
  stamp: 
    secs: 1744081309
    nsecs: 764082670
  frame_id: "world"
child_frame_id: "world"
pose: 
  pose: 
    position: 
      x: -0.49266040872382605
      y: -0.0520280450398955
      z: 0.4790537456194345
    orientation: 
      x: -0.010621619080811827
      y: -0.0012892868254642032
      z: -0.8127518077994225
      w: 0.5825118177911542
  covariance: [0.0, 0.0, 0.0, 0.0, 0.0, 0.0, 0.0, 0.0, 0.0, 0.0, 0.0, 0.0, 0.0, 0.0, 0.0, 0.0, 0.0, 0.0, 0.0, 0.0, 0.0, 0.0, 0.0, 0.0, 0.0, 0.0, 0.0, 0.0, 0.0, 0.0, 0.0, 0.0, 0.0, 0.0, 0.0, 0.0]
twist: 
  twist: 
    linear: 
      x: -0.005911407299328227
      y: -0.34598099805594534
      z: -0.020331138741643044
    angular: 
      x: 0.0
      y: 0.0
      z: 0.0
  covariance: [0.0, 0.0, 0.0, 0.0, 0.0, 0.0, 0.0, 0.0, 0.0, 0.0, 0.0, 0.0, 0.0, 0.0, 0.0, 0.0, 0.0, 0.0, 0.0, 0.0, 0.0, 0.0, 0.0, 0.0, 0.0, 0.0, 0.0, 0.0, 0.0, 0.0, 0.0, 0.0, 0.0, 0.0, 0.0, 0.0]
---
header: 
  seq: 1255
  stamp: 
    secs: 1744081309
    nsecs: 897421360
  frame_id: "world"
child_frame_id: "world"
pose: 
  pose: 
    position: 
      x: -0.4950693192238761
      y: -0.10466906984932622
      z: 0.48324053371425424
    orientation: 
      x: -0.011179741800680317
      y: -0.0008808095939663733
      z: -0.7864455258947278
      w: 0.6175578291527805
  covariance: [0.0, 0.0, 0.0, 0.0, 0.0, 0.0, 0.0, 0.0, 0.0, 0.0, 0.0, 0.0, 0.0, 0.0, 0.0, 0.0, 0.0, 0.0, 0.0, 0.0, 0.0, 0.0, 0.0, 0.0, 0.0, 0.0, 0.0, 0.0, 0.0, 0.0, 0.0, 0.0, 0.0, 0.0, 0.0, 0.0]
twist: 
  twist: 
    linear: 
      x: 0.02482852803801544
      y: -0.3463777122266084
      z: 0.004552255905672552
    angular: 
      x: 0.0
      y: 0.0
      z: 0.0
  covariance: [0.0, 0.0, 0.0, 0.0, 0.0, 0.0, 0.0, 0.0, 0.0, 0.0, 0.0, 0.0, 0.0, 0.0, 0.0, 0.0, 0.0, 0.0, 0.0, 0.0, 0.0, 0.0, 0.0, 0.0, 0.0, 0.0, 0.0, 0.0, 0.0, 0.0, 0.0, 0.0, 0.0, 0.0, 0.0, 0.0]
---
header: 
  seq: 1256
  stamp: 
    secs: 1744081310
    nsecs:  30761003
  frame_id: "world"
child_frame_id: "world"
pose: 
  pose: 
    position: 
      x: -0.4955302169962983
      y: -0.15844842766723444
      z: 0.49212006761051924
    orientation: 
      x: -0.011688915325581584
      y: -0.00021535102156449088
      z: -0.7580341362819301
      w: 0.6521100912528169
  covariance: [0.0, 0.0, 0.0, 0.0, 0.0, 0.0, 0.0, 0.0, 0.0, 0.0, 0.0, 0.0, 0.0, 0.0, 0.0, 0.0, 0.0, 0.0, 0.0, 0.0, 0.0, 0.0, 0.0, 0.0, 0.0, 0.0, 0.0, 0.0, 0.0, 0.0, 0.0, 0.0, 0.0, 0.0, 0.0, 0.0]
twist: 
  twist: 
    linear: 
      x: 0.038169716530102364
      y: -0.35055526941105264
      z: 0.02902124399952731
    angular: 
      x: 0.0
      y: 0.0
      z: 0.0
  covariance: [0.0, 0.0, 0.0, 0.0, 0.0, 0.0, 0.0, 0.0, 0.0, 0.0, 0.0, 0.0, 0.0, 0.0, 0.0, 0.0, 0.0, 0.0, 0.0, 0.0, 0.0, 0.0, 0.0, 0.0, 0.0, 0.0, 0.0, 0.0, 0.0, 0.0, 0.0, 0.0, 0.0, 0.0, 0.0, 0.0]
---
header: 
  seq: 1257
  stamp: 
    secs: 1744081310
    nsecs: 164107323
  frame_id: "world"
child_frame_id: "world"
pose: 
  pose: 
    position: 
      x: -0.49149635381863466
      y: -0.20030673694132595
      z: 0.5034192670586213
    orientation: 
      x: -0.013311642075688737
      y: -4.053192286436001e-06
      z: -0.7272401370177858
      w: 0.6862540224138383
  covariance: [0.0, 0.0, 0.0, 0.0, 0.0, 0.0, 0.0, 0.0, 0.0, 0.0, 0.0, 0.0, 0.0, 0.0, 0.0, 0.0, 0.0, 0.0, 0.0, 0.0, 0.0, 0.0, 0.0, 0.0, 0.0, 0.0, 0.0, 0.0, 0.0, 0.0, 0.0, 0.0, 0.0, 0.0, 0.0, 0.0]
twist: 
  twist: 
    linear: 
      x: 0.054271295227899766
      y: -0.3227567985609818
      z: 0.03311568139454006
    angular: 
      x: 0.0
      y: 0.0
      z: 0.0
  covariance: [0.0, 0.0, 0.0, 0.0, 0.0, 0.0, 0.0, 0.0, 0.0, 0.0, 0.0, 0.0, 0.0, 0.0, 0.0, 0.0, 0.0, 0.0, 0.0, 0.0, 0.0, 0.0, 0.0, 0.0, 0.0, 0.0, 0.0, 0.0, 0.0, 0.0, 0.0, 0.0, 0.0, 0.0, 0.0, 0.0]
---
header: 
  seq: 1258
  stamp: 
    secs: 1744081310
    nsecs: 297461748
  frame_id: "world"
child_frame_id: "world"
pose: 
  pose: 
    position: 
      x: -0.48145174498204607
      y: -0.24263118144312631
      z: 0.512669410392067
    orientation: 
      x: -0.017702923240553784
      y: 0.005508844702422303
      z: -0.6949984873713824
      w: 0.7187721208354385
  covariance: [0.0, 0.0, 0.0, 0.0, 0.0, 0.0, 0.0, 0.0, 0.0, 0.0, 0.0, 0.0, 0.0, 0.0, 0.0, 0.0, 0.0, 0.0, 0.0, 0.0, 0.0, 0.0, 0.0, 0.0, 0.0, 0.0, 0.0, 0.0, 0.0, 0.0, 0.0, 0.0, 0.0, 0.0, 0.0, 0.0]
twist: 
  twist: 
    linear: 
      x: 0.08576480190145248
      y: -0.3018836056191456
      z: 0.017848815929370588
    angular: 
      x: 0.0
      y: 0.0
      z: 0.0
  covariance: [0.0, 0.0, 0.0, 0.0, 0.0, 0.0, 0.0, 0.0, 0.0, 0.0, 0.0, 0.0, 0.0, 0.0, 0.0, 0.0, 0.0, 0.0, 0.0, 0.0, 0.0, 0.0, 0.0, 0.0, 0.0, 0.0, 0.0, 0.0, 0.0, 0.0, 0.0, 0.0, 0.0, 0.0, 0.0, 0.0]
---
header: 
  seq: 1259
  stamp: 
    secs: 1744081310
    nsecs: 430816650
  frame_id: "world"
child_frame_id: "world"
pose: 
  pose: 
    position: 
      x: -0.46718338684113764
      y: -0.2835515998920557
      z: 0.5165969861860638
    orientation: 
      x: -0.015877508764213965
      y: 0.011828977314127201
      z: -0.66202220708102
      w: 0.7492226487117961
  covariance: [0.0, 0.0, 0.0, 0.0, 0.0, 0.0, 0.0, 0.0, 0.0, 0.0, 0.0, 0.0, 0.0, 0.0, 0.0, 0.0, 0.0, 0.0, 0.0, 0.0, 0.0, 0.0, 0.0, 0.0, 0.0, 0.0, 0.0, 0.0, 0.0, 0.0, 0.0, 0.0, 0.0, 0.0, 0.0, 0.0]
twist: 
  twist: 
    linear: 
      x: 0.12705323738417368
      y: -0.27771954825671574
      z: -0.016970045656249752
    angular: 
      x: 0.0
      y: 0.0
      z: 0.0
  covariance: [0.0, 0.0, 0.0, 0.0, 0.0, 0.0, 0.0, 0.0, 0.0, 0.0, 0.0, 0.0, 0.0, 0.0, 0.0, 0.0, 0.0, 0.0, 0.0, 0.0, 0.0, 0.0, 0.0, 0.0, 0.0, 0.0, 0.0, 0.0, 0.0, 0.0, 0.0, 0.0, 0.0, 0.0, 0.0, 0.0]
---
header: 
  seq: 1260
  stamp: 
    secs: 1744081310
    nsecs: 564172029
  frame_id: "world"
child_frame_id: "world"
pose: 
  pose: 
    position: 
      x: -0.44615478423843996
      y: -0.3237182728388216
      z: 0.5159592291975288
    orientation: 
      x: -0.014482810861904087
      y: 0.013188384750104502
      z: -0.627488287432934
      w: 0.7783795756773844
  covariance: [0.0, 0.0, 0.0, 0.0, 0.0, 0.0, 0.0, 0.0, 0.0, 0.0, 0.0, 0.0, 0.0, 0.0, 0.0, 0.0, 0.0, 0.0, 0.0, 0.0, 0.0, 0.0, 0.0, 0.0, 0.0, 0.0, 0.0, 0.0, 0.0, 0.0, 0.0, 0.0, 0.0, 0.0, 0.0, 0.0]
twist: 
  twist: 
    linear: 
      x: 0.17649343642714135
      y: -0.28443445361888997
      z: -0.024026252597409276
    angular: 
      x: 0.0
      y: 0.0
      z: 0.0
  covariance: [0.0, 0.0, 0.0, 0.0, 0.0, 0.0, 0.0, 0.0, 0.0, 0.0, 0.0, 0.0, 0.0, 0.0, 0.0, 0.0, 0.0, 0.0, 0.0, 0.0, 0.0, 0.0, 0.0, 0.0, 0.0, 0.0, 0.0, 0.0, 0.0, 0.0, 0.0, 0.0, 0.0, 0.0, 0.0, 0.0]
---
header: 
  seq: 1261
  stamp: 
    secs: 1744081310
    nsecs: 697528124
  frame_id: "world"
child_frame_id: "world"
pose: 
  pose: 
    position: 
      x: -0.41762755660438805
      y: -0.36394648584066425
      z: 0.5140704481231668
    orientation: 
      x: -0.01494699821939479
      y: 0.006924724206033571
      z: -0.5915109472624598
      w: 0.8061286713097154
  covariance: [0.0, 0.0, 0.0, 0.0, 0.0, 0.0, 0.0, 0.0, 0.0, 0.0, 0.0, 0.0, 0.0, 0.0, 0.0, 0.0, 0.0, 0.0, 0.0, 0.0, 0.0, 0.0, 0.0, 0.0, 0.0, 0.0, 0.0, 0.0, 0.0, 0.0, 0.0, 0.0, 0.0, 0.0, 0.0, 0.0]
twist: 
  twist: 
    linear: 
      x: 0.23714596651421305
      y: -0.27591440142471124
      z: -0.035750194662615344
    angular: 
      x: 0.0
      y: 0.0
      z: 0.0
  covariance: [0.0, 0.0, 0.0, 0.0, 0.0, 0.0, 0.0, 0.0, 0.0, 0.0, 0.0, 0.0, 0.0, 0.0, 0.0, 0.0, 0.0, 0.0, 0.0, 0.0, 0.0, 0.0, 0.0, 0.0, 0.0, 0.0, 0.0, 0.0, 0.0, 0.0, 0.0, 0.0, 0.0, 0.0, 0.0, 0.0]
---
header: 
  seq: 1262
  stamp: 
    secs: 1744081310
    nsecs: 830884457
  frame_id: "world"
child_frame_id: "world"
pose: 
  pose: 
    position: 
      x: -0.38320696505966734
      y: -0.40395028307399367
      z: 0.5135709091239387
    orientation: 
      x: -0.014335049178444055
      y: 0.0019176793810606763
      z: -0.5538822283062143
      w: 0.832469402463169
  covariance: [0.0, 0.0, 0.0, 0.0, 0.0, 0.0, 0.0, 0.0, 0.0, 0.0, 0.0, 0.0, 0.0, 0.0, 0.0, 0.0, 0.0, 0.0, 0.0, 0.0, 0.0, 0.0, 0.0, 0.0, 0.0, 0.0, 0.0, 0.0, 0.0, 0.0, 0.0, 0.0, 0.0, 0.0, 0.0, 0.0]
twist: 
  twist: 
    linear: 
      x: 0.2535158116890933
      y: -0.2661299925215468
      z: -0.016931285859384505
    angular: 
      x: 0.0
      y: 0.0
      z: 0.0
  covariance: [0.0, 0.0, 0.0, 0.0, 0.0, 0.0, 0.0, 0.0, 0.0, 0.0, 0.0, 0.0, 0.0, 0.0, 0.0, 0.0, 0.0, 0.0, 0.0, 0.0, 0.0, 0.0, 0.0, 0.0, 0.0, 0.0, 0.0, 0.0, 0.0, 0.0, 0.0, 0.0, 0.0, 0.0, 0.0, 0.0]
---
header: 
  seq: 1263
  stamp: 
    secs: 1744081310
    nsecs: 964241743
  frame_id: "world"
child_frame_id: "world"
pose: 
  pose: 
    position: 
      x: -0.3449929501641422
      y: -0.43938258623878734
      z: 0.5121947905089281
    orientation: 
      x: -0.014773971161964519
      y: 0.0019315235758579437
      z: -0.5150032436623797
      w: 0.8570587249483018
  covariance: [0.0, 0.0, 0.0, 0.0, 0.0, 0.0, 0.0, 0.0, 0.0, 0.0, 0.0, 0.0, 0.0, 0.0, 0.0, 0.0, 0.0, 0.0, 0.0, 0.0, 0.0, 0.0, 0.0, 0.0, 0.0, 0.0, 0.0, 0.0, 0.0, 0.0, 0.0, 0.0, 0.0, 0.0, 0.0, 0.0]
twist: 
  twist: 
    linear: 
      x: 0.28682164251420295
      y: -0.24727545943908127
      z: -0.032895234009316016
    angular: 
      x: 0.0
      y: 0.0
      z: 0.0
  covariance: [0.0, 0.0, 0.0, 0.0, 0.0, 0.0, 0.0, 0.0, 0.0, 0.0, 0.0, 0.0, 0.0, 0.0, 0.0, 0.0, 0.0, 0.0, 0.0, 0.0, 0.0, 0.0, 0.0, 0.0, 0.0, 0.0, 0.0, 0.0, 0.0, 0.0, 0.0, 0.0, 0.0, 0.0, 0.0, 0.0]
---
header: 
  seq: 1264
  stamp: 
    secs: 1744081311
    nsecs:  97599030
  frame_id: "world"
child_frame_id: "world"
pose: 
  pose: 
    position: 
      x: -0.30230777281429677
      y: -0.46849728512347466
      z: 0.5087679820764057
    orientation: 
      x: -0.01678903934784765
      y: -0.000395053260605727
      z: -0.4759259891680362
      w: 0.8793249825434986
  covariance: [0.0, 0.0, 0.0, 0.0, 0.0, 0.0, 0.0, 0.0, 0.0, 0.0, 0.0, 0.0, 0.0, 0.0, 0.0, 0.0, 0.0, 0.0, 0.0, 0.0, 0.0, 0.0, 0.0, 0.0, 0.0, 0.0, 0.0, 0.0, 0.0, 0.0, 0.0, 0.0, 0.0, 0.0, 0.0, 0.0]
twist: 
  twist: 
    linear: 
      x: 0.31277681703482885
      y: -0.19529521858658475
      z: -0.035343109882117286
    angular: 
      x: 0.0
      y: 0.0
      z: 0.0
  covariance: [0.0, 0.0, 0.0, 0.0, 0.0, 0.0, 0.0, 0.0, 0.0, 0.0, 0.0, 0.0, 0.0, 0.0, 0.0, 0.0, 0.0, 0.0, 0.0, 0.0, 0.0, 0.0, 0.0, 0.0, 0.0, 0.0, 0.0, 0.0, 0.0, 0.0, 0.0, 0.0, 0.0, 0.0, 0.0, 0.0]
---
header: 
  seq: 1265
  stamp: 
    secs: 1744081311
    nsecs: 230950832
  frame_id: "world"
child_frame_id: "world"
pose: 
  pose: 
    position: 
      x: -0.25535459960431983
      y: -0.4940239406439926
      z: 0.5034361335663089
    orientation: 
      x: -0.010728273462154188
      y: -0.00400564761184433
      z: -0.4346994808303457
      w: 0.9005027597412231
  covariance: [0.0, 0.0, 0.0, 0.0, 0.0, 0.0, 0.0, 0.0, 0.0, 0.0, 0.0, 0.0, 0.0, 0.0, 0.0, 0.0, 0.0, 0.0, 0.0, 0.0, 0.0, 0.0, 0.0, 0.0, 0.0, 0.0, 0.0, 0.0, 0.0, 0.0, 0.0, 0.0, 0.0, 0.0, 0.0, 0.0]
twist: 
  twist: 
    linear: 
      x: 0.34464781264346456
      y: -0.1448418423730443
      z: -0.06891445498120273
    angular: 
      x: 0.0
      y: 0.0
      z: 0.0
  covariance: [0.0, 0.0, 0.0, 0.0, 0.0, 0.0, 0.0, 0.0, 0.0, 0.0, 0.0, 0.0, 0.0, 0.0, 0.0, 0.0, 0.0, 0.0, 0.0, 0.0, 0.0, 0.0, 0.0, 0.0, 0.0, 0.0, 0.0, 0.0, 0.0, 0.0, 0.0, 0.0, 0.0, 0.0, 0.0, 0.0]
---
header: 
  seq: 1266
  stamp: 
    secs: 1744081311
    nsecs: 364302635
  frame_id: "world"
child_frame_id: "world"
pose: 
  pose: 
    position: 
      x: -0.20483967057116304
      y: -0.5163606593477899
      z: 0.498052352620276
    orientation: 
      x: -0.0028732520612711043
      y: -0.005591679309526146
      z: -0.3913005881561645
      w: 0.9202414505192273
  covariance: [0.0, 0.0, 0.0, 0.0, 0.0, 0.0, 0.0, 0.0, 0.0, 0.0, 0.0, 0.0, 0.0, 0.0, 0.0, 0.0, 0.0, 0.0, 0.0, 0.0, 0.0, 0.0, 0.0, 0.0, 0.0, 0.0, 0.0, 0.0, 0.0, 0.0, 0.0, 0.0, 0.0, 0.0, 0.0, 0.0]
twist: 
  twist: 
    linear: 
      x: 0.34389243944553266
      y: -0.12915498085807225
      z: -0.03628966057320416
    angular: 
      x: 0.0
      y: 0.0
      z: 0.0
  covariance: [0.0, 0.0, 0.0, 0.0, 0.0, 0.0, 0.0, 0.0, 0.0, 0.0, 0.0, 0.0, 0.0, 0.0, 0.0, 0.0, 0.0, 0.0, 0.0, 0.0, 0.0, 0.0, 0.0, 0.0, 0.0, 0.0, 0.0, 0.0, 0.0, 0.0, 0.0, 0.0, 0.0, 0.0, 0.0, 0.0]
---
header: 
  seq: 1267
  stamp: 
    secs: 1744081311
    nsecs: 497654676
  frame_id: "world"
child_frame_id: "world"
pose: 
  pose: 
    position: 
      x: -0.15520092507346056
      y: -0.5368005658052681
      z: 0.4960599445680805
    orientation: 
      x: -0.002998079233009817
      y: -0.004296883723031362
      z: -0.34784990580667013
      w: 0.9375355947063951
  covariance: [0.0, 0.0, 0.0, 0.0, 0.0, 0.0, 0.0, 0.0, 0.0, 0.0, 0.0, 0.0, 0.0, 0.0, 0.0, 0.0, 0.0, 0.0, 0.0, 0.0, 0.0, 0.0, 0.0, 0.0, 0.0, 0.0, 0.0, 0.0, 0.0, 0.0, 0.0, 0.0, 0.0, 0.0, 0.0, 0.0]
twist: 
  twist: 
    linear: 
      x: 0.3327977970981687
      y: -0.10704603286997584
      z: -0.01721065896007934
    angular: 
      x: 0.0
      y: 0.0
      z: 0.0
  covariance: [0.0, 0.0, 0.0, 0.0, 0.0, 0.0, 0.0, 0.0, 0.0, 0.0, 0.0, 0.0, 0.0, 0.0, 0.0, 0.0, 0.0, 0.0, 0.0, 0.0, 0.0, 0.0, 0.0, 0.0, 0.0, 0.0, 0.0, 0.0, 0.0, 0.0, 0.0, 0.0, 0.0, 0.0, 0.0, 0.0]
---
header: 
  seq: 1268
  stamp: 
    secs: 1744081311
    nsecs: 631006718
  frame_id: "world"
child_frame_id: "world"
pose: 
  pose: 
    position: 
      x: -0.10848756432184148
      y: -0.5476816515477381
      z: 0.49541375290445355
    orientation: 
      x: -0.004790412858938524
      y: -0.002987266298299616
      z: -0.3044837940200543
      w: 0.9525007860174485
  covariance: [0.0, 0.0, 0.0, 0.0, 0.0, 0.0, 0.0, 0.0, 0.0, 0.0, 0.0, 0.0, 0.0, 0.0, 0.0, 0.0, 0.0, 0.0, 0.0, 0.0, 0.0, 0.0, 0.0, 0.0, 0.0, 0.0, 0.0, 0.0, 0.0, 0.0, 0.0, 0.0, 0.0, 0.0, 0.0, 0.0]
twist: 
  twist: 
    linear: 
      x: 0.3205578476519463
      y: -0.0794699529483312
      z: 0.011726873391499307
    angular: 
      x: 0.0
      y: 0.0
      z: 0.0
  covariance: [0.0, 0.0, 0.0, 0.0, 0.0, 0.0, 0.0, 0.0, 0.0, 0.0, 0.0, 0.0, 0.0, 0.0, 0.0, 0.0, 0.0, 0.0, 0.0, 0.0, 0.0, 0.0, 0.0, 0.0, 0.0, 0.0, 0.0, 0.0, 0.0, 0.0, 0.0, 0.0, 0.0, 0.0, 0.0, 0.0]
---
header: 
  seq: 1269
  stamp: 
    secs: 1744081311
    nsecs: 764359236
  frame_id: "world"
child_frame_id: "world"
pose: 
  pose: 
    position: 
      x: -0.061972660531614376
      y: -0.5533954578351293
      z: 0.494817307115817
    orientation: 
      x: -0.010322772005349144
      y: -0.002279998242858504
      z: -0.26186030754215806
      w: 0.9650478855062398
  covariance: [0.0, 0.0, 0.0, 0.0, 0.0, 0.0, 0.0, 0.0, 0.0, 0.0, 0.0, 0.0, 0.0, 0.0, 0.0, 0.0, 0.0, 0.0, 0.0, 0.0, 0.0, 0.0, 0.0, 0.0, 0.0, 0.0, 0.0, 0.0, 0.0, 0.0, 0.0, 0.0, 0.0, 0.0, 0.0, 0.0]
twist: 
  twist: 
    linear: 
      x: 0.31093357440902014
      y: -0.03545029309595709
      z: -0.019004793460898534
    angular: 
      x: 0.0
      y: 0.0
      z: 0.0
  covariance: [0.0, 0.0, 0.0, 0.0, 0.0, 0.0, 0.0, 0.0, 0.0, 0.0, 0.0, 0.0, 0.0, 0.0, 0.0, 0.0, 0.0, 0.0, 0.0, 0.0, 0.0, 0.0, 0.0, 0.0, 0.0, 0.0, 0.0, 0.0, 0.0, 0.0, 0.0, 0.0, 0.0, 0.0, 0.0, 0.0]
---
header: 
  seq: 1270
  stamp: 
    secs: 1744081311
    nsecs: 897711515
  frame_id: "world"
child_frame_id: "world"
pose: 
  pose: 
    position: 
      x: -0.016812898563682843
      y: -0.5486874961716047
      z: 0.4867247181865832
    orientation: 
      x: -0.00712534443044653
      y: 0.0005886891455932489
      z: -0.22056631577813063
      w: 0.9753457762536829
  covariance: [0.0, 0.0, 0.0, 0.0, 0.0, 0.0, 0.0, 0.0, 0.0, 0.0, 0.0, 0.0, 0.0, 0.0, 0.0, 0.0, 0.0, 0.0, 0.0, 0.0, 0.0, 0.0, 0.0, 0.0, 0.0, 0.0, 0.0, 0.0, 0.0, 0.0, 0.0, 0.0, 0.0, 0.0, 0.0, 0.0]
twist: 
  twist: 
    linear: 
      x: 0.31294836667362064
      y: 0.03085914872890226
      z: -0.06095497623555983
    angular: 
      x: 0.0
      y: 0.0
      z: 0.0
  covariance: [0.0, 0.0, 0.0, 0.0, 0.0, 0.0, 0.0, 0.0, 0.0, 0.0, 0.0, 0.0, 0.0, 0.0, 0.0, 0.0, 0.0, 0.0, 0.0, 0.0, 0.0, 0.0, 0.0, 0.0, 0.0, 0.0, 0.0, 0.0, 0.0, 0.0, 0.0, 0.0, 0.0, 0.0, 0.0, 0.0]
---
header: 
  seq: 1271
  stamp: 
    secs: 1744081312
    nsecs:  31064034
  frame_id: "world"
child_frame_id: "world"
pose: 
  pose: 
    position: 
      x: 0.032638412168430275
      y: -0.5384908200385534
      z: 0.47608262226850634
    orientation: 
      x: 0.007344821330584916
      y: -0.0022616342415929924
      z: -0.18137623357835664
      w: 0.9833837503757669
  covariance: [0.0, 0.0, 0.0, 0.0, 0.0, 0.0, 0.0, 0.0, 0.0, 0.0, 0.0, 0.0, 0.0, 0.0, 0.0, 0.0, 0.0, 0.0, 0.0, 0.0, 0.0, 0.0, 0.0, 0.0, 0.0, 0.0, 0.0, 0.0, 0.0, 0.0, 0.0, 0.0, 0.0, 0.0, 0.0, 0.0]
twist: 
  twist: 
    linear: 
      x: 0.32511838887044714
      y: 0.09067032452551033
      z: -0.09019535580409511
    angular: 
      x: 0.0
      y: 0.0
      z: 0.0
  covariance: [0.0, 0.0, 0.0, 0.0, 0.0, 0.0, 0.0, 0.0, 0.0, 0.0, 0.0, 0.0, 0.0, 0.0, 0.0, 0.0, 0.0, 0.0, 0.0, 0.0, 0.0, 0.0, 0.0, 0.0, 0.0, 0.0, 0.0, 0.0, 0.0, 0.0, 0.0, 0.0, 0.0, 0.0, 0.0, 0.0]
---
header: 
  seq: 1272
  stamp: 
    secs: 1744081312
    nsecs: 164409399
  frame_id: "world"
child_frame_id: "world"
pose: 
  pose: 
    position: 
      x: 0.08818694454810155
      y: -0.5290111412976651
      z: 0.47232055128388245
    orientation: 
      x: 0.020061774425579684
      y: -0.005690890342929918
      z: -0.14367530332562775
      w: 0.9894051476459433
  covariance: [0.0, 0.0, 0.0, 0.0, 0.0, 0.0, 0.0, 0.0, 0.0, 0.0, 0.0, 0.0, 0.0, 0.0, 0.0, 0.0, 0.0, 0.0, 0.0, 0.0, 0.0, 0.0, 0.0, 0.0, 0.0, 0.0, 0.0, 0.0, 0.0, 0.0, 0.0, 0.0, 0.0, 0.0, 0.0, 0.0]
twist: 
  twist: 
    linear: 
      x: 0.3248948827276714
      y: 0.07782799733470289
      z: -0.03294693701752989
    angular: 
      x: 0.0
      y: 0.0
      z: 0.0
  covariance: [0.0, 0.0, 0.0, 0.0, 0.0, 0.0, 0.0, 0.0, 0.0, 0.0, 0.0, 0.0, 0.0, 0.0, 0.0, 0.0, 0.0, 0.0, 0.0, 0.0, 0.0, 0.0, 0.0, 0.0, 0.0, 0.0, 0.0, 0.0, 0.0, 0.0, 0.0, 0.0, 0.0, 0.0, 0.0, 0.0]
---
header: 
  seq: 1273
  stamp: 
    secs: 1744081312
    nsecs: 297747850
  frame_id: "world"
child_frame_id: "world"
pose: 
  pose: 
    position: 
      x: 0.1399342573253381
      y: -0.5220331602137882
      z: 0.47467222899403666
    orientation: 
      x: 0.02617569918334311
      y: -0.008590688853697232
      z: -0.10838863020722034
      w: 0.9937267922719426
  covariance: [0.0, 0.0, 0.0, 0.0, 0.0, 0.0, 0.0, 0.0, 0.0, 0.0, 0.0, 0.0, 0.0, 0.0, 0.0, 0.0, 0.0, 0.0, 0.0, 0.0, 0.0, 0.0, 0.0, 0.0, 0.0, 0.0, 0.0, 0.0, 0.0, 0.0, 0.0, 0.0, 0.0, 0.0, 0.0, 0.0]
twist: 
  twist: 
    linear: 
      x: 0.29762015087129645
      y: 0.05578581068814863
      z: -0.005543801114611015
    angular: 
      x: 0.0
      y: 0.0
      z: 0.0
  covariance: [0.0, 0.0, 0.0, 0.0, 0.0, 0.0, 0.0, 0.0, 0.0, 0.0, 0.0, 0.0, 0.0, 0.0, 0.0, 0.0, 0.0, 0.0, 0.0, 0.0, 0.0, 0.0, 0.0, 0.0, 0.0, 0.0, 0.0, 0.0, 0.0, 0.0, 0.0, 0.0, 0.0, 0.0, 0.0, 0.0]
---
header: 
  seq: 1274
  stamp: 
    secs: 1744081312
    nsecs: 431086063
  frame_id: "world"
child_frame_id: "world"
pose: 
  pose: 
    position: 
      x: 0.18119573954571955
      y: -0.5138708904542179
      z: 0.478306411761988
    orientation: 
      x: 0.021939431828104945
      y: -0.011672176224117285
      z: -0.07549059933775291
      w: 0.9968367925818549
  covariance: [0.0, 0.0, 0.0, 0.0, 0.0, 0.0, 0.0, 0.0, 0.0, 0.0, 0.0, 0.0, 0.0, 0.0, 0.0, 0.0, 0.0, 0.0, 0.0, 0.0, 0.0, 0.0, 0.0, 0.0, 0.0, 0.0, 0.0, 0.0, 0.0, 0.0, 0.0, 0.0, 0.0, 0.0, 0.0, 0.0]
twist: 
  twist: 
    linear: 
      x: 0.2509984738286028
      y: 0.026966037129616094
      z: 0.01367204753093762
    angular: 
      x: 0.0
      y: 0.0
      z: 0.0
  covariance: [0.0, 0.0, 0.0, 0.0, 0.0, 0.0, 0.0, 0.0, 0.0, 0.0, 0.0, 0.0, 0.0, 0.0, 0.0, 0.0, 0.0, 0.0, 0.0, 0.0, 0.0, 0.0, 0.0, 0.0, 0.0, 0.0, 0.0, 0.0, 0.0, 0.0, 0.0, 0.0, 0.0, 0.0, 0.0, 0.0]
---
header: 
  seq: 1275
  stamp: 
    secs: 1744081312
    nsecs: 564424515
  frame_id: "world"
child_frame_id: "world"
pose: 
  pose: 
    position: 
      x: 0.21451406557883335
      y: -0.5062358502664042
      z: 0.47859888544855783
    orientation: 
      x: 0.009099260812511955
      y: -0.012775260514691007
      z: -0.044099512958679116
      w: 0.99890401397144
  covariance: [0.0, 0.0, 0.0, 0.0, 0.0, 0.0, 0.0, 0.0, 0.0, 0.0, 0.0, 0.0, 0.0, 0.0, 0.0, 0.0, 0.0, 0.0, 0.0, 0.0, 0.0, 0.0, 0.0, 0.0, 0.0, 0.0, 0.0, 0.0, 0.0, 0.0, 0.0, 0.0, 0.0, 0.0, 0.0, 0.0]
twist: 
  twist: 
    linear: 
      x: 0.2034558981799644
      y: 0.03340886673640645
      z: -0.0264979758984315
    angular: 
      x: 0.0
      y: 0.0
      z: 0.0
  covariance: [0.0, 0.0, 0.0, 0.0, 0.0, 0.0, 0.0, 0.0, 0.0, 0.0, 0.0, 0.0, 0.0, 0.0, 0.0, 0.0, 0.0, 0.0, 0.0, 0.0, 0.0, 0.0, 0.0, 0.0, 0.0, 0.0, 0.0, 0.0, 0.0, 0.0, 0.0, 0.0, 0.0, 0.0, 0.0, 0.0]
---
header: 
  seq: 1276
  stamp: 
    secs: 1744081312
    nsecs: 697763920
  frame_id: "world"
child_frame_id: "world"
pose: 
  pose: 
    position: 
      x: 0.2459904384648324
      y: -0.4931619612009192
      z: 0.4755457025291001
    orientation: 
      x: 0.00688727278507558
      y: -0.009902237015488813
      z: -0.013086321685665874
      w: 0.9998416171376406
  covariance: [0.0, 0.0, 0.0, 0.0, 0.0, 0.0, 0.0, 0.0, 0.0, 0.0, 0.0, 0.0, 0.0, 0.0, 0.0, 0.0, 0.0, 0.0, 0.0, 0.0, 0.0, 0.0, 0.0, 0.0, 0.0, 0.0, 0.0, 0.0, 0.0, 0.0, 0.0, 0.0, 0.0, 0.0, 0.0, 0.0]
twist: 
  twist: 
    linear: 
      x: 0.16255714791979817
      y: 0.06462967740755257
      z: -0.027240027171992257
    angular: 
      x: 0.0
      y: 0.0
      z: 0.0
  covariance: [0.0, 0.0, 0.0, 0.0, 0.0, 0.0, 0.0, 0.0, 0.0, 0.0, 0.0, 0.0, 0.0, 0.0, 0.0, 0.0, 0.0, 0.0, 0.0, 0.0, 0.0, 0.0, 0.0, 0.0, 0.0, 0.0, 0.0, 0.0, 0.0, 0.0, 0.0, 0.0, 0.0, 0.0, 0.0, 0.0]
---
header: 
  seq: 1277
  stamp: 
    secs: 1744081312
    nsecs: 831102133
  frame_id: "world"
child_frame_id: "world"
pose: 
  pose: 
    position: 
      x: 0.2681018869581727
      y: -0.47828929886536703
      z: 0.4733059897488915
    orientation: 
      x: 0.009862071526841794
      y: -0.0033046370656186863
      z: 0.016698003177073425
      w: 0.9998064790793079
  covariance: [0.0, 0.0, 0.0, 0.0, 0.0, 0.0, 0.0, 0.0, 0.0, 0.0, 0.0, 0.0, 0.0, 0.0, 0.0, 0.0, 0.0, 0.0, 0.0, 0.0, 0.0, 0.0, 0.0, 0.0, 0.0, 0.0, 0.0, 0.0, 0.0, 0.0, 0.0, 0.0, 0.0, 0.0, 0.0, 0.0]
twist: 
  twist: 
    linear: 
      x: 0.12524176134916262
      y: 0.09167112937993856
      z: -0.03953211293465539
    angular: 
      x: 0.0
      y: 0.0
      z: 0.0
  covariance: [0.0, 0.0, 0.0, 0.0, 0.0, 0.0, 0.0, 0.0, 0.0, 0.0, 0.0, 0.0, 0.0, 0.0, 0.0, 0.0, 0.0, 0.0, 0.0, 0.0, 0.0, 0.0, 0.0, 0.0, 0.0, 0.0, 0.0, 0.0, 0.0, 0.0, 0.0, 0.0, 0.0, 0.0, 0.0, 0.0]
---
header: 
  seq: 1278
  stamp: 
    secs: 1744081312
    nsecs: 964439869
  frame_id: "world"
child_frame_id: "world"
pose: 
  pose: 
    position: 
      x: 0.28702050570342763
      y: -0.4622696416801936
      z: 0.4704322998568701
    orientation: 
      x: 0.015523812036424561
      y: -0.0037764988835535095
      z: 0.04326963606431345
      w: 0.9989356775643276
  covariance: [0.0, 0.0, 0.0, 0.0, 0.0, 0.0, 0.0, 0.0, 0.0, 0.0, 0.0, 0.0, 0.0, 0.0, 0.0, 0.0, 0.0, 0.0, 0.0, 0.0, 0.0, 0.0, 0.0, 0.0, 0.0, 0.0, 0.0, 0.0, 0.0, 0.0, 0.0, 0.0, 0.0, 0.0, 0.0, 0.0]
twist: 
  twist: 
    linear: 
      x: 0.10722318921400247
      y: 0.08796744916034252
      z: -0.009187636022875477
    angular: 
      x: 0.0
      y: 0.0
      z: 0.0
  covariance: [0.0, 0.0, 0.0, 0.0, 0.0, 0.0, 0.0, 0.0, 0.0, 0.0, 0.0, 0.0, 0.0, 0.0, 0.0, 0.0, 0.0, 0.0, 0.0, 0.0, 0.0, 0.0, 0.0, 0.0, 0.0, 0.0, 0.0, 0.0, 0.0, 0.0, 0.0, 0.0, 0.0, 0.0, 0.0, 0.0]
---
header: 
  seq: 1279
  stamp: 
    secs: 1744081313
    nsecs:  97778082
  frame_id: "world"
child_frame_id: "world"
pose: 
  pose: 
    position: 
      x: 0.30277818666497336
      y: -0.4466890556354994
      z: 0.4668531784351125
    orientation: 
      x: 0.017150618273413465
      y: -0.006428519300063715
      z: 0.06858971067769087
      w: 0.9974768077612627
  covariance: [0.0, 0.0, 0.0, 0.0, 0.0, 0.0, 0.0, 0.0, 0.0, 0.0, 0.0, 0.0, 0.0, 0.0, 0.0, 0.0, 0.0, 0.0, 0.0, 0.0, 0.0, 0.0, 0.0, 0.0, 0.0, 0.0, 0.0, 0.0, 0.0, 0.0, 0.0, 0.0, 0.0, 0.0, 0.0, 0.0]
twist: 
  twist: 
    linear: 
      x: 0.09151205764425513
      y: 0.06318938630710054
      z: -0.011217613694077427
    angular: 
      x: 0.0
      y: 0.0
      z: 0.0
  covariance: [0.0, 0.0, 0.0, 0.0, 0.0, 0.0, 0.0, 0.0, 0.0, 0.0, 0.0, 0.0, 0.0, 0.0, 0.0, 0.0, 0.0, 0.0, 0.0, 0.0, 0.0, 0.0, 0.0, 0.0, 0.0, 0.0, 0.0, 0.0, 0.0, 0.0, 0.0, 0.0, 0.0, 0.0, 0.0, 0.0]
---
header: 
  seq: 1280
  stamp: 
    secs: 1744081313
    nsecs: 231119871
  frame_id: "world"
child_frame_id: "world"
pose: 
  pose: 
    position: 
      x: 0.3152187368441217
      y: -0.43410285929499215
      z: 0.4636742491234627
    orientation: 
      x: 0.013710326697132803
      y: -0.0076080054548364
      z: 0.09253444150553974
      w: 0.9955860195533658
  covariance: [0.0, 0.0, 0.0, 0.0, 0.0, 0.0, 0.0, 0.0, 0.0, 0.0, 0.0, 0.0, 0.0, 0.0, 0.0, 0.0, 0.0, 0.0, 0.0, 0.0, 0.0, 0.0, 0.0, 0.0, 0.0, 0.0, 0.0, 0.0, 0.0, 0.0, 0.0, 0.0, 0.0, 0.0, 0.0, 0.0]
twist: 
  twist: 
    linear: 
      x: 0.07037176079618082
      y: 0.052345225204586246
      z: -0.012829435715254512
    angular: 
      x: 0.0
      y: 0.0
      z: 0.0
  covariance: [0.0, 0.0, 0.0, 0.0, 0.0, 0.0, 0.0, 0.0, 0.0, 0.0, 0.0, 0.0, 0.0, 0.0, 0.0, 0.0, 0.0, 0.0, 0.0, 0.0, 0.0, 0.0, 0.0, 0.0, 0.0, 0.0, 0.0, 0.0, 0.0, 0.0, 0.0, 0.0, 0.0, 0.0, 0.0, 0.0]
---
header: 
  seq: 1281
  stamp: 
    secs: 1744081313
    nsecs: 364460945
  frame_id: "world"
child_frame_id: "world"
pose: 
  pose: 
    position: 
      x: 0.323709429341036
      y: -0.42215138106843964
      z: 0.46226618703472916
    orientation: 
      x: 0.00789255573639484
      y: -0.00675288685417927
      z: 0.11446821026176793
      w: 0.9933726062875653
  covariance: [0.0, 0.0, 0.0, 0.0, 0.0, 0.0, 0.0, 0.0, 0.0, 0.0, 0.0, 0.0, 0.0, 0.0, 0.0, 0.0, 0.0, 0.0, 0.0, 0.0, 0.0, 0.0, 0.0, 0.0, 0.0, 0.0, 0.0, 0.0, 0.0, 0.0, 0.0, 0.0, 0.0, 0.0, 0.0, 0.0]
twist: 
  twist: 
    linear: 
      x: 0.053461350468273265
      y: 0.031551491335642216
      z: 0.005473659458614064
    angular: 
      x: 0.0
      y: 0.0
      z: 0.0
  covariance: [0.0, 0.0, 0.0, 0.0, 0.0, 0.0, 0.0, 0.0, 0.0, 0.0, 0.0, 0.0, 0.0, 0.0, 0.0, 0.0, 0.0, 0.0, 0.0, 0.0, 0.0, 0.0, 0.0, 0.0, 0.0, 0.0, 0.0, 0.0, 0.0, 0.0, 0.0, 0.0, 0.0, 0.0, 0.0, 0.0]
---
header: 
  seq: 1282
  stamp: 
    secs: 1744081313
    nsecs: 497802019
  frame_id: "world"
child_frame_id: "world"
pose: 
  pose: 
    position: 
      x: 0.33023701238661435
      y: -0.410274759967978
      z: 0.4576568157562482
    orientation: 
      x: 0.006829016536706188
      y: -0.006853105434918662
      z: 0.13490613182451747
      w: 0.9908111500559454
  covariance: [0.0, 0.0, 0.0, 0.0, 0.0, 0.0, 0.0, 0.0, 0.0, 0.0, 0.0, 0.0, 0.0, 0.0, 0.0, 0.0, 0.0, 0.0, 0.0, 0.0, 0.0, 0.0, 0.0, 0.0, 0.0, 0.0, 0.0, 0.0, 0.0, 0.0, 0.0, 0.0, 0.0, 0.0, 0.0, 0.0]
twist: 
  twist: 
    linear: 
      x: 0.030798536028274377
      y: 0.06853227148908837
      z: -0.02972119694384763
    angular: 
      x: 0.0
      y: 0.0
      z: 0.0
  covariance: [0.0, 0.0, 0.0, 0.0, 0.0, 0.0, 0.0, 0.0, 0.0, 0.0, 0.0, 0.0, 0.0, 0.0, 0.0, 0.0, 0.0, 0.0, 0.0, 0.0, 0.0, 0.0, 0.0, 0.0, 0.0, 0.0, 0.0, 0.0, 0.0, 0.0, 0.0, 0.0, 0.0, 0.0, 0.0, 0.0]
---
header: 
  seq: 1283
  stamp: 
    secs: 1744081313
    nsecs: 631142855
  frame_id: "world"
child_frame_id: "world"
pose: 
  pose: 
    position: 
      x: 0.33493143414064463
      y: -0.3993833997152768
      z: 0.45241016111185467
    orientation: 
      x: 0.013864854190286543
      y: -0.0077510448502276915
      z: 0.152142094542837
      w: 0.9882309801813189
  covariance: [0.0, 0.0, 0.0, 0.0, 0.0, 0.0, 0.0, 0.0, 0.0, 0.0, 0.0, 0.0, 0.0, 0.0, 0.0, 0.0, 0.0, 0.0, 0.0, 0.0, 0.0, 0.0, 0.0, 0.0, 0.0, 0.0, 0.0, 0.0, 0.0, 0.0, 0.0, 0.0, 0.0, 0.0, 0.0, 0.0]
twist: 
  twist: 
    linear: 
      x: 0.0314884330673305
      y: 0.04483486641541701
      z: -0.017139380242216753
    angular: 
      x: 0.0
      y: 0.0
      z: 0.0
  covariance: [0.0, 0.0, 0.0, 0.0, 0.0, 0.0, 0.0, 0.0, 0.0, 0.0, 0.0, 0.0, 0.0, 0.0, 0.0, 0.0, 0.0, 0.0, 0.0, 0.0, 0.0, 0.0, 0.0, 0.0, 0.0, 0.0, 0.0, 0.0, 0.0, 0.0, 0.0, 0.0, 0.0, 0.0, 0.0, 0.0]
---
header: 
  seq: 1284
  stamp: 
    secs: 1744081313
    nsecs: 764483690
  frame_id: "world"
child_frame_id: "world"
pose: 
  pose: 
    position: 
      x: 0.33892476664803123
      y: -0.39063158415409743
      z: 0.4470969350149054
    orientation: 
      x: 0.014263215984999338
      y: -0.010227576690200685
      z: 0.16736304784578512
      w: 0.9857390971045943
  covariance: [0.0, 0.0, 0.0, 0.0, 0.0, 0.0, 0.0, 0.0, 0.0, 0.0, 0.0, 0.0, 0.0, 0.0, 0.0, 0.0, 0.0, 0.0, 0.0, 0.0, 0.0, 0.0, 0.0, 0.0, 0.0, 0.0, 0.0, 0.0, 0.0, 0.0, 0.0, 0.0, 0.0, 0.0, 0.0, 0.0]
twist: 
  twist: 
    linear: 
      x: 0.016915648857941622
      y: 0.03817661952617497
      z: -0.05327698982333023
    angular: 
      x: 0.0
      y: 0.0
      z: 0.0
  covariance: [0.0, 0.0, 0.0, 0.0, 0.0, 0.0, 0.0, 0.0, 0.0, 0.0, 0.0, 0.0, 0.0, 0.0, 0.0, 0.0, 0.0, 0.0, 0.0, 0.0, 0.0, 0.0, 0.0, 0.0, 0.0, 0.0, 0.0, 0.0, 0.0, 0.0, 0.0, 0.0, 0.0, 0.0, 0.0, 0.0]
---
header: 
  seq: 1285
  stamp: 
    secs: 1744081313
    nsecs: 897824287
  frame_id: "world"
child_frame_id: "world"
pose: 
  pose: 
    position: 
      x: 0.3405717392920468
      y: -0.3840882455188015
      z: 0.4408728869152028
    orientation: 
      x: 0.015480389545371684
      y: -0.010166884918505766
      z: 0.18017839390416987
      w: 0.9834595763734731
  covariance: [0.0, 0.0, 0.0, 0.0, 0.0, 0.0, 0.0, 0.0, 0.0, 0.0, 0.0, 0.0, 0.0, 0.0, 0.0, 0.0, 0.0, 0.0, 0.0, 0.0, 0.0, 0.0, 0.0, 0.0, 0.0, 0.0, 0.0, 0.0, 0.0, 0.0, 0.0, 0.0, 0.0, 0.0, 0.0, 0.0]
twist: 
  twist: 
    linear: 
      x: -0.000718977465765737
      y: 0.023946936008860557
      z: -0.04753816496693226
    angular: 
      x: 0.0
      y: 0.0
      z: 0.0
  covariance: [0.0, 0.0, 0.0, 0.0, 0.0, 0.0, 0.0, 0.0, 0.0, 0.0, 0.0, 0.0, 0.0, 0.0, 0.0, 0.0, 0.0, 0.0, 0.0, 0.0, 0.0, 0.0, 0.0, 0.0, 0.0, 0.0, 0.0, 0.0, 0.0, 0.0, 0.0, 0.0, 0.0, 0.0, 0.0, 0.0]
---
header: 
  seq: 1286
  stamp: 
    secs: 1744081314
    nsecs:  31164885
  frame_id: "world"
child_frame_id: "world"
pose: 
  pose: 
    position: 
      x: 0.3399464869985774
      y: -0.38002300193144734
      z: 0.4368652669470916
    orientation: 
      x: 0.015488605712385485
      y: -0.010563960608946845
      z: 0.19110313732876394
      w: 0.9813908990470833
  covariance: [0.0, 0.0, 0.0, 0.0, 0.0, 0.0, 0.0, 0.0, 0.0, 0.0, 0.0, 0.0, 0.0, 0.0, 0.0, 0.0, 0.0, 0.0, 0.0, 0.0, 0.0, 0.0, 0.0, 0.0, 0.0, 0.0, 0.0, 0.0, 0.0, 0.0, 0.0, 0.0, 0.0, 0.0, 0.0, 0.0]
twist: 
  twist: 
    linear: 
      x: -0.017002956436941066
      y: 0.019523937940436303
      z: -0.03813354621880007
    angular: 
      x: 0.0
      y: 0.0
      z: 0.0
  covariance: [0.0, 0.0, 0.0, 0.0, 0.0, 0.0, 0.0, 0.0, 0.0, 0.0, 0.0, 0.0, 0.0, 0.0, 0.0, 0.0, 0.0, 0.0, 0.0, 0.0, 0.0, 0.0, 0.0, 0.0, 0.0, 0.0, 0.0, 0.0, 0.0, 0.0, 0.0, 0.0, 0.0, 0.0, 0.0, 0.0]
---
header: 
  seq: 1287
  stamp: 
    secs: 1744081314
    nsecs: 164504290
  frame_id: "world"
child_frame_id: "world"
pose: 
  pose: 
    position: 
      x: 0.33778477638832316
      y: -0.3802628703738953
      z: 0.4389594969337928
    orientation: 
      x: 0.018167892066541784
      y: -0.00969729896460341
      z: 0.20010668834009218
      w: 0.9795576569922828
  covariance: [0.0, 0.0, 0.0, 0.0, 0.0, 0.0, 0.0, 0.0, 0.0, 0.0, 0.0, 0.0, 0.0, 0.0, 0.0, 0.0, 0.0, 0.0, 0.0, 0.0, 0.0, 0.0, 0.0, 0.0, 0.0, 0.0, 0.0, 0.0, 0.0, 0.0, 0.0, 0.0, 0.0, 0.0, 0.0, 0.0]
twist: 
  twist: 
    linear: 
      x: -0.030081470440944093
      y: -0.014930005180668586
      z: 0.01272974292416069
    angular: 
      x: 0.0
      y: 0.0
      z: 0.0
  covariance: [0.0, 0.0, 0.0, 0.0, 0.0, 0.0, 0.0, 0.0, 0.0, 0.0, 0.0, 0.0, 0.0, 0.0, 0.0, 0.0, 0.0, 0.0, 0.0, 0.0, 0.0, 0.0, 0.0, 0.0, 0.0, 0.0, 0.0, 0.0, 0.0, 0.0, 0.0, 0.0, 0.0, 0.0, 0.0, 0.0]
---
header: 
  seq: 1288
  stamp: 
    secs: 1744081314
    nsecs: 297843695
  frame_id: "world"
child_frame_id: "world"
pose: 
  pose: 
    position: 
      x: 0.3320491951926368
      y: -0.38741448673504136
      z: 0.4483072127512132
    orientation: 
      x: 0.017592312810867747
      y: -0.005287659360624327
      z: 0.20669092115354368
      w: 0.9782338239404473
  covariance: [0.0, 0.0, 0.0, 0.0, 0.0, 0.0, 0.0, 0.0, 0.0, 0.0, 0.0, 0.0, 0.0, 0.0, 0.0, 0.0, 0.0, 0.0, 0.0, 0.0, 0.0, 0.0, 0.0, 0.0, 0.0, 0.0, 0.0, 0.0, 0.0, 0.0, 0.0, 0.0, 0.0, 0.0, 0.0, 0.0]
twist: 
  twist: 
    linear: 
      x: -0.0337036142445948
      y: -0.0580301222932828
      z: 0.06169268574345922
    angular: 
      x: 0.0
      y: 0.0
      z: 0.0
  covariance: [0.0, 0.0, 0.0, 0.0, 0.0, 0.0, 0.0, 0.0, 0.0, 0.0, 0.0, 0.0, 0.0, 0.0, 0.0, 0.0, 0.0, 0.0, 0.0, 0.0, 0.0, 0.0, 0.0, 0.0, 0.0, 0.0, 0.0, 0.0, 0.0, 0.0, 0.0, 0.0, 0.0, 0.0, 0.0, 0.0]
---
header: 
  seq: 1289
  stamp: 
    secs: 1744081314
    nsecs: 431182861
  frame_id: "world"
child_frame_id: "world"
pose: 
  pose: 
    position: 
      x: 0.327094743262538
      y: -0.3981123837125402
      z: 0.45692420421224467
    orientation: 
      x: 0.012115731447990665
      y: -0.0024020528836131965
      z: 0.21025556340577747
      w: 0.9775684309808411
  covariance: [0.0, 0.0, 0.0, 0.0, 0.0, 0.0, 0.0, 0.0, 0.0, 0.0, 0.0, 0.0, 0.0, 0.0, 0.0, 0.0, 0.0, 0.0, 0.0, 0.0, 0.0, 0.0, 0.0, 0.0, 0.0, 0.0, 0.0, 0.0, 0.0, 0.0, 0.0, 0.0, 0.0, 0.0, 0.0, 0.0]
twist: 
  twist: 
    linear: 
      x: -0.025286767756073036
      y: -0.08431351083551088
      z: 0.056752047299013876
    angular: 
      x: 0.0
      y: 0.0
      z: 0.0
  covariance: [0.0, 0.0, 0.0, 0.0, 0.0, 0.0, 0.0, 0.0, 0.0, 0.0, 0.0, 0.0, 0.0, 0.0, 0.0, 0.0, 0.0, 0.0, 0.0, 0.0, 0.0, 0.0, 0.0, 0.0, 0.0, 0.0, 0.0, 0.0, 0.0, 0.0, 0.0, 0.0, 0.0, 0.0, 0.0, 0.0]
---
header: 
  seq: 1290
  stamp: 
    secs: 1744081314
    nsecs: 564521790
  frame_id: "world"
child_frame_id: "world"
pose: 
  pose: 
    position: 
      x: 0.3217843074084322
      y: -0.4069048730095646
      z: 0.46048275195713356
    orientation: 
      x: 0.002302065475587003
      y: -0.001058598595757031
      z: 0.21093741237699712
      w: 0.9774962853756816
  covariance: [0.0, 0.0, 0.0, 0.0, 0.0, 0.0, 0.0, 0.0, 0.0, 0.0, 0.0, 0.0, 0.0, 0.0, 0.0, 0.0, 0.0, 0.0, 0.0, 0.0, 0.0, 0.0, 0.0, 0.0, 0.0, 0.0, 0.0, 0.0, 0.0, 0.0, 0.0, 0.0, 0.0, 0.0, 0.0, 0.0]
twist: 
  twist: 
    linear: 
      x: -0.030640639739806533
      y: -0.08959894277805532
      z: 0.06758835755986939
    angular: 
      x: 0.0
      y: 0.0
      z: 0.0
  covariance: [0.0, 0.0, 0.0, 0.0, 0.0, 0.0, 0.0, 0.0, 0.0, 0.0, 0.0, 0.0, 0.0, 0.0, 0.0, 0.0, 0.0, 0.0, 0.0, 0.0, 0.0, 0.0, 0.0, 0.0, 0.0, 0.0, 0.0, 0.0, 0.0, 0.0, 0.0, 0.0, 0.0, 0.0, 0.0, 0.0]
---
header: 
  seq: 1291
  stamp: 
    secs: 1744081314
    nsecs: 697860241
  frame_id: "world"
child_frame_id: "world"
pose: 
  pose: 
    position: 
      x: 0.31395657473935296
      y: -0.4135023416339077
      z: 0.4598471380036918
    orientation: 
      x: 0.0001559494509374225
      y: 0.0004808767024391779
      z: 0.20946180401123568
      w: 0.9778166991301205
  covariance: [0.0, 0.0, 0.0, 0.0, 0.0, 0.0, 0.0, 0.0, 0.0, 0.0, 0.0, 0.0, 0.0, 0.0, 0.0, 0.0, 0.0, 0.0, 0.0, 0.0, 0.0, 0.0, 0.0, 0.0, 0.0, 0.0, 0.0, 0.0, 0.0, 0.0, 0.0, 0.0, 0.0, 0.0, 0.0, 0.0]
twist: 
  twist: 
    linear: 
      x: -0.06158255795101665
      y: -0.014421271200586536
      z: -0.01715499877537398
    angular: 
      x: 0.0
      y: 0.0
      z: 0.0
  covariance: [0.0, 0.0, 0.0, 0.0, 0.0, 0.0, 0.0, 0.0, 0.0, 0.0, 0.0, 0.0, 0.0, 0.0, 0.0, 0.0, 0.0, 0.0, 0.0, 0.0, 0.0, 0.0, 0.0, 0.0, 0.0, 0.0, 0.0, 0.0, 0.0, 0.0, 0.0, 0.0, 0.0, 0.0, 0.0, 0.0]
---
header: 
  seq: 1292
  stamp: 
    secs: 1744081314
    nsecs: 831198931
  frame_id: "world"
child_frame_id: "world"
pose: 
  pose: 
    position: 
      x: 0.3067626950978363
      y: -0.41672034050517837
      z: 0.45035380039747774
    orientation: 
      x: 0.017151725057018036
      y: 0.003686513649056235
      z: 0.2091336313900631
      w: 0.9777296927915655
  covariance: [0.0, 0.0, 0.0, 0.0, 0.0, 0.0, 0.0, 0.0, 0.0, 0.0, 0.0, 0.0, 0.0, 0.0, 0.0, 0.0, 0.0, 0.0, 0.0, 0.0, 0.0, 0.0, 0.0, 0.0, 0.0, 0.0, 0.0, 0.0, 0.0, 0.0, 0.0, 0.0, 0.0, 0.0, 0.0, 0.0]
twist: 
  twist: 
    linear: 
      x: -0.06675547085694958
      y: 0.005847762829821676
      z: -0.04152855799842846
    angular: 
      x: 0.0
      y: 0.0
      z: 0.0
  covariance: [0.0, 0.0, 0.0, 0.0, 0.0, 0.0, 0.0, 0.0, 0.0, 0.0, 0.0, 0.0, 0.0, 0.0, 0.0, 0.0, 0.0, 0.0, 0.0, 0.0, 0.0, 0.0, 0.0, 0.0, 0.0, 0.0, 0.0, 0.0, 0.0, 0.0, 0.0, 0.0, 0.0, 0.0, 0.0, 0.0]
---
header: 
  seq: 1293
  stamp: 
    secs: 1744081314
    nsecs: 964537382
  frame_id: "world"
child_frame_id: "world"
pose: 
  pose: 
    position: 
      x: 0.30194442293577595
      y: -0.42035729388432813
      z: 0.44623888711378923
    orientation: 
      x: 0.022481420748298495
      y: 0.004717466586007594
      z: 0.2088757334384632
      w: 0.9776723680306669
  covariance: [0.0, 0.0, 0.0, 0.0, 0.0, 0.0, 0.0, 0.0, 0.0, 0.0, 0.0, 0.0, 0.0, 0.0, 0.0, 0.0, 0.0, 0.0, 0.0, 0.0, 0.0, 0.0, 0.0, 0.0, 0.0, 0.0, 0.0, 0.0, 0.0, 0.0, 0.0, 0.0, 0.0, 0.0, 0.0, 0.0]
twist: 
  twist: 
    linear: 
      x: -0.06059326099878127
      y: 0.020972284802889807
      z: -0.012657934961330441
    angular: 
      x: 0.0
      y: 0.0
      z: 0.0
  covariance: [0.0, 0.0, 0.0, 0.0, 0.0, 0.0, 0.0, 0.0, 0.0, 0.0, 0.0, 0.0, 0.0, 0.0, 0.0, 0.0, 0.0, 0.0, 0.0, 0.0, 0.0, 0.0, 0.0, 0.0, 0.0, 0.0, 0.0, 0.0, 0.0, 0.0, 0.0, 0.0, 0.0, 0.0, 0.0, 0.0]
---
header: 
  seq: 1294
  stamp: 
    secs: 1744081315
    nsecs:  97876787
  frame_id: "world"
child_frame_id: "world"
pose: 
  pose: 
    position: 
      x: 0.2985293381197692
      y: -0.42513448286150324
      z: 0.44788290426857025
    orientation: 
      x: 0.025234520954072276
      y: 0.004531238629305247
      z: 0.2078921084993589
      w: 0.9778157076118146
  covariance: [0.0, 0.0, 0.0, 0.0, 0.0, 0.0, 0.0, 0.0, 0.0, 0.0, 0.0, 0.0, 0.0, 0.0, 0.0, 0.0, 0.0, 0.0, 0.0, 0.0, 0.0, 0.0, 0.0, 0.0, 0.0, 0.0, 0.0, 0.0, 0.0, 0.0, 0.0, 0.0, 0.0, 0.0, 0.0, 0.0]
twist: 
  twist: 
    linear: 
      x: -0.043359462181588995
      y: 0.0007909097514921475
      z: -0.00162918678995679
    angular: 
      x: 0.0
      y: 0.0
      z: 0.0
  covariance: [0.0, 0.0, 0.0, 0.0, 0.0, 0.0, 0.0, 0.0, 0.0, 0.0, 0.0, 0.0, 0.0, 0.0, 0.0, 0.0, 0.0, 0.0, 0.0, 0.0, 0.0, 0.0, 0.0, 0.0, 0.0, 0.0, 0.0, 0.0, 0.0, 0.0, 0.0, 0.0, 0.0, 0.0, 0.0, 0.0]
---
header: 
  seq: 1295
  stamp: 
    secs: 1744081315
    nsecs: 231223822
  frame_id: "world"
child_frame_id: "world"
pose: 
  pose: 
    position: 
      x: 0.29934953996034963
      y: -0.4326495394344333
      z: 0.44720443656727343
    orientation: 
      x: 0.01744697405553017
      y: 0.002626403325031785
      z: 0.1439330511153067
      w: 0.9894301298719977
  covariance: [0.0, 0.0, 0.0, 0.0, 0.0, 0.0, 0.0, 0.0, 0.0, 0.0, 0.0, 0.0, 0.0, 0.0, 0.0, 0.0, 0.0, 0.0, 0.0, 0.0, 0.0, 0.0, 0.0, 0.0, 0.0, 0.0, 0.0, 0.0, 0.0, 0.0, 0.0, 0.0, 0.0, 0.0, 0.0, 0.0]
twist: 
  twist: 
    linear: 
      x: -0.02238474730536907
      y: -0.003773497252511558
      z: -0.025839394457100467
    angular: 
      x: 0.0
      y: 0.0
      z: 0.0
  covariance: [0.0, 0.0, 0.0, 0.0, 0.0, 0.0, 0.0, 0.0, 0.0, 0.0, 0.0, 0.0, 0.0, 0.0, 0.0, 0.0, 0.0, 0.0, 0.0, 0.0, 0.0, 0.0, 0.0, 0.0, 0.0, 0.0, 0.0, 0.0, 0.0, 0.0, 0.0, 0.0, 0.0, 0.0, 0.0, 0.0]
---
header: 
  seq: 1296
  stamp: 
    secs: 1744081315
    nsecs: 364571810
  frame_id: "world"
child_frame_id: "world"
pose: 
  pose: 
    position: 
      x: 0.2998213391532423
      y: -0.44105065090601936
      z: 0.4472017519786864
    orientation: 
      x: 0.017640833874254955
      y: 0.002929879718511411
      z: 0.08977544445289523
      w: 0.9958014793915206
  covariance: [0.0, 0.0, 0.0, 0.0, 0.0, 0.0, 0.0, 0.0, 0.0, 0.0, 0.0, 0.0, 0.0, 0.0, 0.0, 0.0, 0.0, 0.0, 0.0, 0.0, 0.0, 0.0, 0.0, 0.0, 0.0, 0.0, 0.0, 0.0, 0.0, 0.0, 0.0, 0.0, 0.0, 0.0, 0.0, 0.0]
twist: 
  twist: 
    linear: 
      x: -0.023191723621898745
      y: -0.007906107032080468
      z: -0.002623954079513408
    angular: 
      x: 0.0
      y: 0.0
      z: 0.0
  covariance: [0.0, 0.0, 0.0, 0.0, 0.0, 0.0, 0.0, 0.0, 0.0, 0.0, 0.0, 0.0, 0.0, 0.0, 0.0, 0.0, 0.0, 0.0, 0.0, 0.0, 0.0, 0.0, 0.0, 0.0, 0.0, 0.0, 0.0, 0.0, 0.0, 0.0, 0.0, 0.0, 0.0, 0.0, 0.0, 0.0]
---
header: 
  seq: 1297
  stamp: 
    secs: 1744081315
    nsecs: 497918606
  frame_id: "world"
child_frame_id: "world"
pose: 
  pose: 
    position: 
      x: 0.3008824402330361
      y: -0.45371908648986004
      z: 0.45239819654501784
    orientation: 
      x: 0.023476030333167155
      y: 0.006384212043606036
      z: 0.05237286638993562
      w: 0.9983312079177333
  covariance: [0.0, 0.0, 0.0, 0.0, 0.0, 0.0, 0.0, 0.0, 0.0, 0.0, 0.0, 0.0, 0.0, 0.0, 0.0, 0.0, 0.0, 0.0, 0.0, 0.0, 0.0, 0.0, 0.0, 0.0, 0.0, 0.0, 0.0, 0.0, 0.0, 0.0, 0.0, 0.0, 0.0, 0.0, 0.0, 0.0]
twist: 
  twist: 
    linear: 
      x: -0.00559594572679882
      y: -0.05349562457720398
      z: 0.02267093695163308
    angular: 
      x: 0.0
      y: 0.0
      z: 0.0
  covariance: [0.0, 0.0, 0.0, 0.0, 0.0, 0.0, 0.0, 0.0, 0.0, 0.0, 0.0, 0.0, 0.0, 0.0, 0.0, 0.0, 0.0, 0.0, 0.0, 0.0, 0.0, 0.0, 0.0, 0.0, 0.0, 0.0, 0.0, 0.0, 0.0, 0.0, 0.0, 0.0, 0.0, 0.0, 0.0, 0.0]
---
header: 
  seq: 1298
  stamp: 
    secs: 1744081315
    nsecs: 631265402
  frame_id: "world"
child_frame_id: "world"
pose: 
  pose: 
    position: 
      x: 0.3042811264385097
      y: -0.47100391289786825
      z: 0.46191552882726744
    orientation: 
      x: 0.01843171434015727
      y: 0.006103651590359061
      z: 0.028364116922750673
      w: 0.9994090725098201
  covariance: [0.0, 0.0, 0.0, 0.0, 0.0, 0.0, 0.0, 0.0, 0.0, 0.0, 0.0, 0.0, 0.0, 0.0, 0.0, 0.0, 0.0, 0.0, 0.0, 0.0, 0.0, 0.0, 0.0, 0.0, 0.0, 0.0, 0.0, 0.0, 0.0, 0.0, 0.0, 0.0, 0.0, 0.0, 0.0, 0.0]
twist: 
  twist: 
    linear: 
      x: 0.001564565563856817
      y: -0.07436844305240455
      z: 0.04667105902771816
    angular: 
      x: 0.0
      y: 0.0
      z: 0.0
  covariance: [0.0, 0.0, 0.0, 0.0, 0.0, 0.0, 0.0, 0.0, 0.0, 0.0, 0.0, 0.0, 0.0, 0.0, 0.0, 0.0, 0.0, 0.0, 0.0, 0.0, 0.0, 0.0, 0.0, 0.0, 0.0, 0.0, 0.0, 0.0, 0.0, 0.0, 0.0, 0.0, 0.0, 0.0, 0.0, 0.0]
---
header: 
  seq: 1299
  stamp: 
    secs: 1744081315
    nsecs: 764612198
  frame_id: "world"
child_frame_id: "world"
pose: 
  pose: 
    position: 
      x: 0.30561531617632176
      y: -0.48443684125270936
      z: 0.470453907704203
    orientation: 
      x: 0.011408002598919645
      y: 0.003927566593978699
      z: 0.013011967897653656
      w: 0.9998425477987938
  covariance: [0.0, 0.0, 0.0, 0.0, 0.0, 0.0, 0.0, 0.0, 0.0, 0.0, 0.0, 0.0, 0.0, 0.0, 0.0, 0.0, 0.0, 0.0, 0.0, 0.0, 0.0, 0.0, 0.0, 0.0, 0.0, 0.0, 0.0, 0.0, 0.0, 0.0, 0.0, 0.0, 0.0, 0.0, 0.0, 0.0]
twist: 
  twist: 
    linear: 
      x: -0.0040074336953249854
      y: -0.05880281073332401
      z: 0.010173379223291864
    angular: 
      x: 0.0
      y: 0.0
      z: 0.0
  covariance: [0.0, 0.0, 0.0, 0.0, 0.0, 0.0, 0.0, 0.0, 0.0, 0.0, 0.0, 0.0, 0.0, 0.0, 0.0, 0.0, 0.0, 0.0, 0.0, 0.0, 0.0, 0.0, 0.0, 0.0, 0.0, 0.0, 0.0, 0.0, 0.0, 0.0, 0.0, 0.0, 0.0, 0.0, 0.0, 0.0]
---
header: 
  seq: 1300
  stamp: 
    secs: 1744081315
    nsecs: 897959232
  frame_id: "world"
child_frame_id: "world"
pose: 
  pose: 
    position: 
      x: 0.3044105831245816
      y: -0.492162601564167
      z: 0.47600529672709085
    orientation: 
      x: 0.0009067923330812387
      y: 0.0012859147349565804
      z: 0.0045354823035457315
      w: 0.9999884767092235
  covariance: [0.0, 0.0, 0.0, 0.0, 0.0, 0.0, 0.0, 0.0, 0.0, 0.0, 0.0, 0.0, 0.0, 0.0, 0.0, 0.0, 0.0, 0.0, 0.0, 0.0, 0.0, 0.0, 0.0, 0.0, 0.0, 0.0, 0.0, 0.0, 0.0, 0.0, 0.0, 0.0, 0.0, 0.0, 0.0, 0.0]
twist: 
  twist: 
    linear: 
      x: -0.02602786807547505
      y: -0.04230056989746399
      z: 0.026756208033762628
    angular: 
      x: 0.0
      y: 0.0
      z: 0.0
  covariance: [0.0, 0.0, 0.0, 0.0, 0.0, 0.0, 0.0, 0.0, 0.0, 0.0, 0.0, 0.0, 0.0, 0.0, 0.0, 0.0, 0.0, 0.0, 0.0, 0.0, 0.0, 0.0, 0.0, 0.0, 0.0, 0.0, 0.0, 0.0, 0.0, 0.0, 0.0, 0.0, 0.0, 0.0, 0.0, 0.0]
---
header: 
  seq: 1301
  stamp: 
    secs: 1744081316
    nsecs:  31306267
  frame_id: "world"
child_frame_id: "world"
pose: 
  pose: 
    position: 
      x: 0.2996101917742557
      y: -0.49054491324048455
      z: 0.4769391221680274
    orientation: 
      x: -0.003299379070482844
      y: 0.0022497050465364356
      z: 0.00010693891195189249
      w: 0.9999920207126765
  covariance: [0.0, 0.0, 0.0, 0.0, 0.0, 0.0, 0.0, 0.0, 0.0, 0.0, 0.0, 0.0, 0.0, 0.0, 0.0, 0.0, 0.0, 0.0, 0.0, 0.0, 0.0, 0.0, 0.0, 0.0, 0.0, 0.0, 0.0, 0.0, 0.0, 0.0, 0.0, 0.0, 0.0, 0.0, 0.0, 0.0]
twist: 
  twist: 
    linear: 
      x: -0.044343095784411556
      y: 0.01235348203329395
      z: -0.00011816723558072341
    angular: 
      x: 0.0
      y: 0.0
      z: 0.0
  covariance: [0.0, 0.0, 0.0, 0.0, 0.0, 0.0, 0.0, 0.0, 0.0, 0.0, 0.0, 0.0, 0.0, 0.0, 0.0, 0.0, 0.0, 0.0, 0.0, 0.0, 0.0, 0.0, 0.0, 0.0, 0.0, 0.0, 0.0, 0.0, 0.0, 0.0, 0.0, 0.0, 0.0, 0.0, 0.0, 0.0]
---
header: 
  seq: 1302
  stamp: 
    secs: 1744081316
    nsecs: 164649487
  frame_id: "world"
child_frame_id: "world"
pose: 
  pose: 
    position: 
      x: 0.2922066809486806
      y: -0.4825129105347367
      z: 0.47384865987074304
    orientation: 
      x: -0.0022826784842402835
      y: 0.003096979261024458
      z: -0.0007550504390016905
      w: 0.999992313969077
  covariance: [0.0, 0.0, 0.0, 0.0, 0.0, 0.0, 0.0, 0.0, 0.0, 0.0, 0.0, 0.0, 0.0, 0.0, 0.0, 0.0, 0.0, 0.0, 0.0, 0.0, 0.0, 0.0, 0.0, 0.0, 0.0, 0.0, 0.0, 0.0, 0.0, 0.0, 0.0, 0.0, 0.0, 0.0, 0.0, 0.0]
twist: 
  twist: 
    linear: 
      x: -0.05879547916264048
      y: 0.06576801434689465
      z: -0.012036544896982264
    angular: 
      x: 0.0
      y: 0.0
      z: 0.0
  covariance: [0.0, 0.0, 0.0, 0.0, 0.0, 0.0, 0.0, 0.0, 0.0, 0.0, 0.0, 0.0, 0.0, 0.0, 0.0, 0.0, 0.0, 0.0, 0.0, 0.0, 0.0, 0.0, 0.0, 0.0, 0.0, 0.0, 0.0, 0.0, 0.0, 0.0, 0.0, 0.0, 0.0, 0.0, 0.0, 0.0]
---
header: 
  seq: 1303
  stamp: 
    secs: 1744081316
    nsecs: 297991276
  frame_id: "world"
child_frame_id: "world"
pose: 
  pose: 
    position: 
      x: 0.28705125225016626
      y: -0.4689082195008204
      z: 0.47019966323938595
    orientation: 
      x: 0.008343444266070884
      y: 0.0051185540209624115
      z: -0.0010837941722651547
      w: 0.9999515051904795
  covariance: [0.0, 0.0, 0.0, 0.0, 0.0, 0.0, 0.0, 0.0, 0.0, 0.0, 0.0, 0.0, 0.0, 0.0, 0.0, 0.0, 0.0, 0.0, 0.0, 0.0, 0.0, 0.0, 0.0, 0.0, 0.0, 0.0, 0.0, 0.0, 0.0, 0.0, 0.0, 0.0, 0.0, 0.0, 0.0, 0.0]
twist: 
  twist: 
    linear: 
      x: -0.042477331991839666
      y: 0.08554134236304195
      z: -0.011062885772331412
    angular: 
      x: 0.0
      y: 0.0
      z: 0.0
  covariance: [0.0, 0.0, 0.0, 0.0, 0.0, 0.0, 0.0, 0.0, 0.0, 0.0, 0.0, 0.0, 0.0, 0.0, 0.0, 0.0, 0.0, 0.0, 0.0, 0.0, 0.0, 0.0, 0.0, 0.0, 0.0, 0.0, 0.0, 0.0, 0.0, 0.0, 0.0, 0.0, 0.0, 0.0, 0.0, 0.0]
---
header: 
  seq: 1304
  stamp: 
    secs: 1744081316
    nsecs: 431333065
  frame_id: "world"
child_frame_id: "world"
pose: 
  pose: 
    position: 
      x: 0.2840818897276503
      y: -0.45632346741817986
      z: 0.46943642126272933
    orientation: 
      x: 0.0195201048520729
      y: 0.005923883336365805
      z: -0.0005799096230011093
      w: 0.9997917467240918
  covariance: [0.0, 0.0, 0.0, 0.0, 0.0, 0.0, 0.0, 0.0, 0.0, 0.0, 0.0, 0.0, 0.0, 0.0, 0.0, 0.0, 0.0, 0.0, 0.0, 0.0, 0.0, 0.0, 0.0, 0.0, 0.0, 0.0, 0.0, 0.0, 0.0, 0.0, 0.0, 0.0, 0.0, 0.0, 0.0, 0.0]
twist: 
  twist: 
    linear: 
      x: -0.02617155939027027
      y: 0.07137419921566424
      z: 0.0021007207913630336
    angular: 
      x: 0.0
      y: 0.0
      z: 0.0
  covariance: [0.0, 0.0, 0.0, 0.0, 0.0, 0.0, 0.0, 0.0, 0.0, 0.0, 0.0, 0.0, 0.0, 0.0, 0.0, 0.0, 0.0, 0.0, 0.0, 0.0, 0.0, 0.0, 0.0, 0.0, 0.0, 0.0, 0.0, 0.0, 0.0, 0.0, 0.0, 0.0, 0.0, 0.0, 0.0, 0.0]
---
header: 
  seq: 1305
  stamp: 
    secs: 1744081316
    nsecs: 564674854
  frame_id: "world"
child_frame_id: "world"
pose: 
  pose: 
    position: 
      x: 0.2835834014758287
      y: -0.4481062234305165
      z: 0.46974119850790225
    orientation: 
      x: 0.01938748822664358
      y: 0.0038263049937955827
      z: 0.0012823071586329391
      w: 0.9998039009619373
  covariance: [0.0, 0.0, 0.0, 0.0, 0.0, 0.0, 0.0, 0.0, 0.0, 0.0, 0.0, 0.0, 0.0, 0.0, 0.0, 0.0, 0.0, 0.0, 0.0, 0.0, 0.0, 0.0, 0.0, 0.0, 0.0, 0.0, 0.0, 0.0, 0.0, 0.0, 0.0, 0.0, 0.0, 0.0, 0.0, 0.0]
twist: 
  twist: 
    linear: 
      x: -0.011289494417667146
      y: 0.04303380830124603
      z: -0.08698256633985389
    angular: 
      x: 0.0
      y: 0.0
      z: 0.0
  covariance: [0.0, 0.0, 0.0, 0.0, 0.0, 0.0, 0.0, 0.0, 0.0, 0.0, 0.0, 0.0, 0.0, 0.0, 0.0, 0.0, 0.0, 0.0, 0.0, 0.0, 0.0, 0.0, 0.0, 0.0, 0.0, 0.0, 0.0, 0.0, 0.0, 0.0, 0.0, 0.0, 0.0, 0.0, 0.0, 0.0]
---
header: 
  seq: 1306
  stamp: 
    secs: 1744081316
    nsecs: 698016644
  frame_id: "world"
child_frame_id: "world"
pose: 
  pose: 
    position: 
      x: 0.2844219777395217
      y: -0.4428140766958909
      z: 0.4152032683931434
    orientation: 
      x: 0.005543652225041296
      y: -0.0003780361029537841
      z: 0.005217586926295372
      w: 0.9999709504757521
  covariance: [0.0, 0.0, 0.0, 0.0, 0.0, 0.0, 0.0, 0.0, 0.0, 0.0, 0.0, 0.0, 0.0, 0.0, 0.0, 0.0, 0.0, 0.0, 0.0, 0.0, 0.0, 0.0, 0.0, 0.0, 0.0, 0.0, 0.0, 0.0, 0.0, 0.0, 0.0, 0.0, 0.0, 0.0, 0.0, 0.0]
twist: 
  twist: 
    linear: 
      x: 0.0002646292760671669
      y: -0.005254208081402736
      z: -0.7882294415521892
    angular: 
      x: 0.0
      y: 0.0
      z: 0.0
  covariance: [0.0, 0.0, 0.0, 0.0, 0.0, 0.0, 0.0, 0.0, 0.0, 0.0, 0.0, 0.0, 0.0, 0.0, 0.0, 0.0, 0.0, 0.0, 0.0, 0.0, 0.0, 0.0, 0.0, 0.0, 0.0, 0.0, 0.0, 0.0, 0.0, 0.0, 0.0, 0.0, 0.0, 0.0, 0.0, 0.0]
---
header: 
  seq: 1307
  stamp: 
    secs: 1744081316
    nsecs: 831358671
  frame_id: "world"
child_frame_id: "world"
pose: 
  pose: 
    position: 
      x: 0.28360869334525596
      y: -0.44362016834169166
      z: 0.2685838645406033
    orientation: 
      x: 0.0006451969448830095
      y: -0.0008085365439638188
      z: 0.007591469546669273
      w: 0.9999706493591107
  covariance: [0.0, 0.0, 0.0, 0.0, 0.0, 0.0, 0.0, 0.0, 0.0, 0.0, 0.0, 0.0, 0.0, 0.0, 0.0, 0.0, 0.0, 0.0, 0.0, 0.0, 0.0, 0.0, 0.0, 0.0, 0.0, 0.0, 0.0, 0.0, 0.0, 0.0, 0.0, 0.0, 0.0, 0.0, 0.0, 0.0]
twist: 
  twist: 
    linear: 
      x: 0.014049949972208134
      y: -0.014038656049755696
      z: -1.476621978747245
    angular: 
      x: 0.0
      y: 0.0
      z: 0.0
  covariance: [0.0, 0.0, 0.0, 0.0, 0.0, 0.0, 0.0, 0.0, 0.0, 0.0, 0.0, 0.0, 0.0, 0.0, 0.0, 0.0, 0.0, 0.0, 0.0, 0.0, 0.0, 0.0, 0.0, 0.0, 0.0, 0.0, 0.0, 0.0, 0.0, 0.0, 0.0, 0.0, 0.0, 0.0, 0.0, 0.0]
---
header: 
  seq: 1308
  stamp: 
    secs: 1744081316
    nsecs: 964700460
  frame_id: "world"
child_frame_id: "world"
pose: 
  pose: 
    position: 
      x: 0.28702586421936793
      y: -0.44188475497643187
      z: 0.033676672496233406
    orientation: 
      x: -0.005945896339352467
      y: 0.0005434601291270351
      z: 0.008894957130720733
      w: 0.9999426137061328
  covariance: [0.0, 0.0, 0.0, 0.0, 0.0, 0.0, 0.0, 0.0, 0.0, 0.0, 0.0, 0.0, 0.0, 0.0, 0.0, 0.0, 0.0, 0.0, 0.0, 0.0, 0.0, 0.0, 0.0, 0.0, 0.0, 0.0, 0.0, 0.0, 0.0, 0.0, 0.0, 0.0, 0.0, 0.0, 0.0, 0.0]
twist: 
  twist: 
    linear: 
      x: 0.03955824782790187
      y: -0.006498026493643745
      z: -2.070073423564856
    angular: 
      x: 0.0
      y: 0.0
      z: 0.0
  covariance: [0.0, 0.0, 0.0, 0.0, 0.0, 0.0, 0.0, 0.0, 0.0, 0.0, 0.0, 0.0, 0.0, 0.0, 0.0, 0.0, 0.0, 0.0, 0.0, 0.0, 0.0, 0.0, 0.0, 0.0, 0.0, 0.0, 0.0, 0.0, 0.0, 0.0, 0.0, 0.0, 0.0, 0.0, 0.0, 0.0]
---
header: 
  seq: 1309
  stamp: 
    secs: 1744081317
    nsecs:  98042727
  frame_id: "world"
child_frame_id: "world"
pose: 
  pose: 
    position: 
      x: 0.30342979779885
      y: -0.44448316184945
      z: -0.16206944953078956
    orientation: 
      x: 0.03189346767061606
      y: 0.038008966445143004
      z: -0.004084446718980526
      w: 0.9987599523833117
  covariance: [0.0, 0.0, 0.0, 0.0, 0.0, 0.0, 0.0, 0.0, 0.0, 0.0, 0.0, 0.0, 0.0, 0.0, 0.0, 0.0, 0.0, 0.0, 0.0, 0.0, 0.0, 0.0, 0.0, 0.0, 0.0, 0.0, 0.0, 0.0, 0.0, 0.0, 0.0, 0.0, 0.0, 0.0, 0.0, 0.0]
twist: 
  twist: 
    linear: 
      x: 0.14217791264431726
      y: -0.05444200931438797
      z: -1.5797039187132529
    angular: 
      x: 0.0
      y: 0.0
      z: 0.0
  covariance: [0.0, 0.0, 0.0, 0.0, 0.0, 0.0, 0.0, 0.0, 0.0, 0.0, 0.0, 0.0, 0.0, 0.0, 0.0, 0.0, 0.0, 0.0, 0.0, 0.0, 0.0, 0.0, 0.0, 0.0, 0.0, 0.0, 0.0, 0.0, 0.0, 0.0, 0.0, 0.0, 0.0, 0.0, 0.0, 0.0]
---
header: 
  seq: 1310
  stamp: 
    secs: 1744081317
    nsecs: 231391430
  frame_id: "world"
child_frame_id: "world"
pose: 
  pose: 
    position: 
      x: 0.3234210309075725
      y: -0.4587583529939103
      z: -0.407368296869145
    orientation: 
      x: 0.022372013721943217
      y: 0.009850859388676202
      z: 0.00034886278094117546
      w: 0.9997011212687968
  covariance: [0.0, 0.0, 0.0, 0.0, 0.0, 0.0, 0.0, 0.0, 0.0, 0.0, 0.0, 0.0, 0.0, 0.0, 0.0, 0.0, 0.0, 0.0, 0.0, 0.0, 0.0, 0.0, 0.0, 0.0, 0.0, 0.0, 0.0, 0.0, 0.0, 0.0, 0.0, 0.0, 0.0, 0.0, 0.0, 0.0]
twist: 
  twist: 
    linear: 
      x: 0.1565042558600191
      y: -0.14143468045541446
      z: -2.1964101063074826
    angular: 
      x: 0.0
      y: 0.0
      z: 0.0
  covariance: [0.0, 0.0, 0.0, 0.0, 0.0, 0.0, 0.0, 0.0, 0.0, 0.0, 0.0, 0.0, 0.0, 0.0, 0.0, 0.0, 0.0, 0.0, 0.0, 0.0, 0.0, 0.0, 0.0, 0.0, 0.0, 0.0, 0.0, 0.0, 0.0, 0.0, 0.0, 0.0, 0.0, 0.0, 0.0, 0.0]
---
header: 
  seq: 1311
  stamp: 
    secs: 1744081317
    nsecs: 364739418
  frame_id: "world"
child_frame_id: "world"
pose: 
  pose: 
    position: 
      x: 0.3476160075662734
      y: -0.4762110381263069
      z: -0.7428207530773159
    orientation: 
      x: 0.02096345482832288
      y: 0.0041005527827427425
      z: 0.004831494721474041
      w: 0.9997601590818136
  covariance: [0.0, 0.0, 0.0, 0.0, 0.0, 0.0, 0.0, 0.0, 0.0, 0.0, 0.0, 0.0, 0.0, 0.0, 0.0, 0.0, 0.0, 0.0, 0.0, 0.0, 0.0, 0.0, 0.0, 0.0, 0.0, 0.0, 0.0, 0.0, 0.0, 0.0, 0.0, 0.0, 0.0, 0.0, 0.0, 0.0]
twist: 
  twist: 
    linear: 
      x: 0.18452583102854325
      y: -0.1428554260857851
      z: -2.839040583983094
    angular: 
      x: 0.0
      y: 0.0
      z: 0.0
  covariance: [0.0, 0.0, 0.0, 0.0, 0.0, 0.0, 0.0, 0.0, 0.0, 0.0, 0.0, 0.0, 0.0, 0.0, 0.0, 0.0, 0.0, 0.0, 0.0, 0.0, 0.0, 0.0, 0.0, 0.0, 0.0, 0.0, 0.0, 0.0, 0.0, 0.0, 0.0, 0.0, 0.0, 0.0, 0.0, 0.0]
---
header: 
  seq: 1312
  stamp: 
    secs: 1744081317
    nsecs: 498087883
  frame_id: "world"
child_frame_id: "world"
pose: 
  pose: 
    position: 
      x: 0.37131617325091165
      y: -0.4944640333409971
      z: -1.076824131324508
    orientation: 
      x: 0.01886280687336141
      y: 0.034640543159331336
      z: -0.0005138850663541082
      w: 0.9992216787122983
  covariance: [0.0, 0.0, 0.0, 0.0, 0.0, 0.0, 0.0, 0.0, 0.0, 0.0, 0.0, 0.0, 0.0, 0.0, 0.0, 0.0, 0.0, 0.0, 0.0, 0.0, 0.0, 0.0, 0.0, 0.0, 0.0, 0.0, 0.0, 0.0, 0.0, 0.0, 0.0, 0.0, 0.0, 0.0, 0.0, 0.0]
twist: 
  twist: 
    linear: 
      x: 0.18254771064375672
      y: -0.1608722190263815
      z: -1.7474721460152114
    angular: 
      x: 0.0
      y: 0.0
      z: 0.0
  covariance: [0.0, 0.0, 0.0, 0.0, 0.0, 0.0, 0.0, 0.0, 0.0, 0.0, 0.0, 0.0, 0.0, 0.0, 0.0, 0.0, 0.0, 0.0, 0.0, 0.0, 0.0, 0.0, 0.0, 0.0, 0.0, 0.0, 0.0, 0.0, 0.0, 0.0, 0.0, 0.0, 0.0, 0.0, 0.0, 0.0]
---
header: 
  seq: 1313
  stamp: 
    secs: 1744081317
    nsecs: 631436586
  frame_id: "world"
child_frame_id: "world"
pose: 
  pose: 
    position: 
      x: 0.375976397002871
      y: -0.5197705457434193
      z: -1.3408239280375616
    orientation: 
      x: 0.020817215637593603
      y: 0.020531539643875156
      z: 0.002903014451156996
      w: 0.9995682427528629
  covariance: [0.0, 0.0, 0.0, 0.0, 0.0, 0.0, 0.0, 0.0, 0.0, 0.0, 0.0, 0.0, 0.0, 0.0, 0.0, 0.0, 0.0, 0.0, 0.0, 0.0, 0.0, 0.0, 0.0, 0.0, 0.0, 0.0, 0.0, 0.0, 0.0, 0.0, 0.0, 0.0, 0.0, 0.0, 0.0, 0.0]
twist: 
  twist: 
    linear: 
      x: 0.03924884013223751
      y: -0.18498014865982737
      z: -2.2603568590253493
    angular: 
      x: 0.0
      y: 0.0
      z: 0.0
  covariance: [0.0, 0.0, 0.0, 0.0, 0.0, 0.0, 0.0, 0.0, 0.0, 0.0, 0.0, 0.0, 0.0, 0.0, 0.0, 0.0, 0.0, 0.0, 0.0, 0.0, 0.0, 0.0, 0.0, 0.0, 0.0, 0.0, 0.0, 0.0, 0.0, 0.0, 0.0, 0.0, 0.0, 0.0, 0.0, 0.0]
---
header: 
  seq: 1314
  stamp: 
    secs: 1744081317
    nsecs: 764785051
  frame_id: "world"
child_frame_id: "world"
pose: 
  pose: 
    position: 
      x: 0.3846240289080677
      y: -0.5448741318590428
      z: -1.649478066522778
    orientation: 
      x: 0.015540207534009847
      y: 0.011772810727306536
      z: 0.0052307274492678565
      w: 0.9997962504269209
  covariance: [0.0, 0.0, 0.0, 0.0, 0.0, 0.0, 0.0, 0.0, 0.0, 0.0, 0.0, 0.0, 0.0, 0.0, 0.0, 0.0, 0.0, 0.0, 0.0, 0.0, 0.0, 0.0, 0.0, 0.0, 0.0, 0.0, 0.0, 0.0, 0.0, 0.0, 0.0, 0.0, 0.0, 0.0, 0.0, 0.0]
twist: 
  twist: 
    linear: 
      x: 0.07160951232930599
      y: -0.24959325454272438
      z: -1.912688553424309
    angular: 
      x: 0.0
      y: 0.0
      z: 0.0
  covariance: [0.0, 0.0, 0.0, 0.0, 0.0, 0.0, 0.0, 0.0, 0.0, 0.0, 0.0, 0.0, 0.0, 0.0, 0.0, 0.0, 0.0, 0.0, 0.0, 0.0, 0.0, 0.0, 0.0, 0.0, 0.0, 0.0, 0.0, 0.0, 0.0, 0.0, 0.0, 0.0, 0.0, 0.0, 0.0, 0.0]
---
header: 
  seq: 1315
  stamp: 
    secs: 1744081317
    nsecs: 898133755
  frame_id: "world"
child_frame_id: "world"
pose: 
  pose: 
    position: 
      x: 0.4012673263008812
      y: -0.5775788619258879
      z: -1.9355577734308935
    orientation: 
      x: 0.01429339241517496
      y: 0.008055775524642404
      z: 0.0048411968514647345
      w: 0.9998536724076217
  covariance: [0.0, 0.0, 0.0, 0.0, 0.0, 0.0, 0.0, 0.0, 0.0, 0.0, 0.0, 0.0, 0.0, 0.0, 0.0, 0.0, 0.0, 0.0, 0.0, 0.0, 0.0, 0.0, 0.0, 0.0, 0.0, 0.0, 0.0, 0.0, 0.0, 0.0, 0.0, 0.0, 0.0, 0.0, 0.0, 0.0]
twist: 
  twist: 
    linear: 
      x: 0.15890417351350622
      y: -0.27427560242377585
      z: -2.2679089810649464
    angular: 
      x: 0.0
      y: 0.0
      z: 0.0
  covariance: [0.0, 0.0, 0.0, 0.0, 0.0, 0.0, 0.0, 0.0, 0.0, 0.0, 0.0, 0.0, 0.0, 0.0, 0.0, 0.0, 0.0, 0.0, 0.0, 0.0, 0.0, 0.0, 0.0, 0.0, 0.0, 0.0, 0.0, 0.0, 0.0, 0.0, 0.0, 0.0, 0.0, 0.0, 0.0, 0.0]
---
header: 
  seq: 1316
  stamp: 
    secs: 1744081318
    nsecs:  31483889
  frame_id: "world"
child_frame_id: "world"
pose: 
  pose: 
    position: 
      x: 0.42510605404521973
      y: -0.6178160254832112
      z: -2.220546838712458
    orientation: 
      x: 0.013289176348708335
      y: 0.007940509329295825
      z: 0.004599219451457184
      w: 0.999869588138374
  covariance: [0.0, 0.0, 0.0, 0.0, 0.0, 0.0, 0.0, 0.0, 0.0, 0.0, 0.0, 0.0, 0.0, 0.0, 0.0, 0.0, 0.0, 0.0, 0.0, 0.0, 0.0, 0.0, 0.0, 0.0, 0.0, 0.0, 0.0, 0.0, 0.0, 0.0, 0.0, 0.0, 0.0, 0.0, 0.0, 0.0]
twist: 
  twist: 
    linear: 
      x: 0.16367936895421434
      y: -0.3264045537610333
      z: -2.145366092639608
    angular: 
      x: 0.0
      y: 0.0
      z: 0.0
  covariance: [0.0, 0.0, 0.0, 0.0, 0.0, 0.0, 0.0, 0.0, 0.0, 0.0, 0.0, 0.0, 0.0, 0.0, 0.0, 0.0, 0.0, 0.0, 0.0, 0.0, 0.0, 0.0, 0.0, 0.0, 0.0, 0.0, 0.0, 0.0, 0.0, 0.0, 0.0, 0.0, 0.0, 0.0, 0.0, 0.0]
---
header: 
  seq: 1317
  stamp: 
    secs: 1744081318
    nsecs: 164822817
  frame_id: "world"
child_frame_id: "world"
pose: 
  pose: 
    position: 
      x: 0.45169720872924074
      y: -0.6668659132255839
      z: -2.499803787325745
    orientation: 
      x: 0.013538527369063552
      y: 0.007573896987598976
      z: 0.004438078407208074
      w: 0.9998698154365646
  covariance: [0.0, 0.0, 0.0, 0.0, 0.0, 0.0, 0.0, 0.0, 0.0, 0.0, 0.0, 0.0, 0.0, 0.0, 0.0, 0.0, 0.0, 0.0, 0.0, 0.0, 0.0, 0.0, 0.0, 0.0, 0.0, 0.0, 0.0, 0.0, 0.0, 0.0, 0.0, 0.0, 0.0, 0.0, 0.0, 0.0]
twist: 
  twist: 
    linear: 
      x: 0.21350314388209576
      y: -0.38512350761337644
      z: -2.108300165399627
    angular: 
      x: 0.0
      y: 0.0
      z: 0.0
  covariance: [0.0, 0.0, 0.0, 0.0, 0.0, 0.0, 0.0, 0.0, 0.0, 0.0, 0.0, 0.0, 0.0, 0.0, 0.0, 0.0, 0.0, 0.0, 0.0, 0.0, 0.0, 0.0, 0.0, 0.0, 0.0, 0.0, 0.0, 0.0, 0.0, 0.0, 0.0, 0.0, 0.0, 0.0, 0.0, 0.0]
---
header: 
  seq: 1318
  stamp: 
    secs: 1744081318
    nsecs: 298156500
  frame_id: "world"
child_frame_id: "world"
pose: 
  pose: 
    position: 
      x: 0.4841440608152271
      y: -0.7207374794801806
      z: -2.780366540955559
    orientation: 
      x: 0.013445771116319553
      y: 0.00765907431292621
      z: 0.004895474195951514
      w: 0.9998682834014455
  covariance: [0.0, 0.0, 0.0, 0.0, 0.0, 0.0, 0.0, 0.0, 0.0, 0.0, 0.0, 0.0, 0.0, 0.0, 0.0, 0.0, 0.0, 0.0, 0.0, 0.0, 0.0, 0.0, 0.0, 0.0, 0.0, 0.0, 0.0, 0.0, 0.0, 0.0, 0.0, 0.0, 0.0, 0.0, 0.0, 0.0]
twist: 
  twist: 
    linear: 
      x: 0.260236180376459
      y: -0.4312213529246997
      z: -2.1044014696293702
    angular: 
      x: 0.0
      y: 0.0
      z: 0.0
  covariance: [0.0, 0.0, 0.0, 0.0, 0.0, 0.0, 0.0, 0.0, 0.0, 0.0, 0.0, 0.0, 0.0, 0.0, 0.0, 0.0, 0.0, 0.0, 0.0, 0.0, 0.0, 0.0, 0.0, 0.0, 0.0, 0.0, 0.0, 0.0, 0.0, 0.0, 0.0, 0.0, 0.0, 0.0, 0.0, 0.0]
---
header: 
  seq: 1319
  stamp: 
    secs: 1744081318
    nsecs: 431489706
  frame_id: "world"
child_frame_id: "world"
pose: 
  pose: 
    position: 
      x: 0.52011298314262
      y: -0.7764145873055527
      z: -3.061491807708444
    orientation: 
      x: 0.013270947877629537
      y: 0.0076812539480189245
      z: 0.00496818135693719
      w: 0.9998700902888434
  covariance: [0.0, 0.0, 0.0, 0.0, 0.0, 0.0, 0.0, 0.0, 0.0, 0.0, 0.0, 0.0, 0.0, 0.0, 0.0, 0.0, 0.0, 0.0, 0.0, 0.0, 0.0, 0.0, 0.0, 0.0, 0.0, 0.0, 0.0, 0.0, 0.0, 0.0, 0.0, 0.0, 0.0, 0.0, 0.0, 0.0]
twist: 
  twist: 
    linear: 
      x: 0.2923144959488258
      y: -0.4697371999777912
      z: -2.1053466553105413
    angular: 
      x: 0.0
      y: 0.0
      z: 0.0
  covariance: [0.0, 0.0, 0.0, 0.0, 0.0, 0.0, 0.0, 0.0, 0.0, 0.0, 0.0, 0.0, 0.0, 0.0, 0.0, 0.0, 0.0, 0.0, 0.0, 0.0, 0.0, 0.0, 0.0, 0.0, 0.0, 0.0, 0.0, 0.0, 0.0, 0.0, 0.0, 0.0, 0.0, 0.0, 0.0, 0.0]
---
header: 
  seq: 1320
  stamp: 
    secs: 1744081318
    nsecs: 564822435
  frame_id: "world"
child_frame_id: "world"
pose: 
  pose: 
    position: 
      x: 0.5632742944155649
      y: -0.8476480631338188
      z: -3.341822441805977
    orientation: 
      x: 0.013606658192759033
      y: 0.007731642697121111
      z: 0.005367038932558759
      w: 0.9998631283566396
  covariance: [0.0, 0.0, 0.0, 0.0, 0.0, 0.0, 0.0, 0.0, 0.0, 0.0, 0.0, 0.0, 0.0, 0.0, 0.0, 0.0, 0.0, 0.0, 0.0, 0.0, 0.0, 0.0, 0.0, 0.0, 0.0, 0.0, 0.0, 0.0, 0.0, 0.0, 0.0, 0.0, 0.0, 0.0, 0.0, 0.0]
twist: 
  twist: 
    linear: 
      x: 0.33317005542946204
      y: -0.5226529513461549
      z: -2.106420959278469
    angular: 
      x: 0.0
      y: 0.0
      z: 0.0
  covariance: [0.0, 0.0, 0.0, 0.0, 0.0, 0.0, 0.0, 0.0, 0.0, 0.0, 0.0, 0.0, 0.0, 0.0, 0.0, 0.0, 0.0, 0.0, 0.0, 0.0, 0.0, 0.0, 0.0, 0.0, 0.0, 0.0, 0.0, 0.0, 0.0, 0.0, 0.0, 0.0, 0.0, 0.0, 0.0, 0.0]
---
header: 
  seq: 1321
  stamp: 
    secs: 1744081318
    nsecs: 698155165
  frame_id: "world"
child_frame_id: "world"
pose: 
  pose: 
    position: 
      x: 0.610050686512641
      y: -0.9195904212702901
      z: -3.6227305678714763
    orientation: 
      x: 0.01348711184215066
      y: 0.007591575834731009
      z: 0.005527162986195873
      w: 0.9998649490105286
  covariance: [0.0, 0.0, 0.0, 0.0, 0.0, 0.0, 0.0, 0.0, 0.0, 0.0, 0.0, 0.0, 0.0, 0.0, 0.0, 0.0, 0.0, 0.0, 0.0, 0.0, 0.0, 0.0, 0.0, 0.0, 0.0, 0.0, 0.0, 0.0, 0.0, 0.0, 0.0, 0.0, 0.0, 0.0, 0.0, 0.0]
twist: 
  twist: 
    linear: 
      x: 0.3705712026316261
      y: -0.5673450448590335
      z: -2.1072970341754074
    angular: 
      x: 0.0
      y: 0.0
      z: 0.0
  covariance: [0.0, 0.0, 0.0, 0.0, 0.0, 0.0, 0.0, 0.0, 0.0, 0.0, 0.0, 0.0, 0.0, 0.0, 0.0, 0.0, 0.0, 0.0, 0.0, 0.0, 0.0, 0.0, 0.0, 0.0, 0.0, 0.0, 0.0, 0.0, 0.0, 0.0, 0.0, 0.0, 0.0, 0.0, 0.0, 0.0]
---
header: 
  seq: 1322
  stamp: 
    secs: 1744081318
    nsecs: 831487656
  frame_id: "world"
child_frame_id: "world"
pose: 
  pose: 
    position: 
      x: 0.6618165662151051
      y: -0.9983705779471299
      z: -3.903769668765989
    orientation: 
      x: 0.013362807043784586
      y: 0.00746029050566036
      z: 0.005445250946794034
      w: 0.9998680556431475
  covariance: [0.0, 0.0, 0.0, 0.0, 0.0, 0.0, 0.0, 0.0, 0.0, 0.0, 0.0, 0.0, 0.0, 0.0, 0.0, 0.0, 0.0, 0.0, 0.0, 0.0, 0.0, 0.0, 0.0, 0.0, 0.0, 0.0, 0.0, 0.0, 0.0, 0.0, 0.0, 0.0, 0.0, 0.0, 0.0, 0.0]
twist: 
  twist: 
    linear: 
      x: 0.4067377642039898
      y: -0.6127841400112961
      z: -2.108410271168819
    angular: 
      x: 0.0
      y: 0.0
      z: 0.0
  covariance: [0.0, 0.0, 0.0, 0.0, 0.0, 0.0, 0.0, 0.0, 0.0, 0.0, 0.0, 0.0, 0.0, 0.0, 0.0, 0.0, 0.0, 0.0, 0.0, 0.0, 0.0, 0.0, 0.0, 0.0, 0.0, 0.0, 0.0, 0.0, 0.0, 0.0, 0.0, 0.0, 0.0, 0.0, 0.0, 0.0]
---
header: 
  seq: 1323
  stamp: 
    secs: 1744081318
    nsecs: 964819431
  frame_id: "world"
child_frame_id: "world"
pose: 
  pose: 
    position: 
      x: 0.7186449238508714
      y: -1.083214263315158
      z: -4.185016429857696
    orientation: 
      x: 0.013386498990149842
      y: 0.007452423186143622
      z: 0.0054859463179267095
      w: 0.9998675749450215
  covariance: [0.0, 0.0, 0.0, 0.0, 0.0, 0.0, 0.0, 0.0, 0.0, 0.0, 0.0, 0.0, 0.0, 0.0, 0.0, 0.0, 0.0, 0.0, 0.0, 0.0, 0.0, 0.0, 0.0, 0.0, 0.0, 0.0, 0.0, 0.0, 0.0, 0.0, 0.0, 0.0, 0.0, 0.0, 0.0, 0.0]
twist: 
  twist: 
    linear: 
      x: 0.4438009424285605
      y: -0.6580773584424915
      z: -2.109829618851405
    angular: 
      x: 0.0
      y: 0.0
      z: 0.0
  covariance: [0.0, 0.0, 0.0, 0.0, 0.0, 0.0, 0.0, 0.0, 0.0, 0.0, 0.0, 0.0, 0.0, 0.0, 0.0, 0.0, 0.0, 0.0, 0.0, 0.0, 0.0, 0.0, 0.0, 0.0, 0.0, 0.0, 0.0, 0.0, 0.0, 0.0, 0.0, 0.0, 0.0, 0.0, 0.0, 0.0]
---
header: 
  seq: 1324
  stamp: 
    secs: 1744081319
    nsecs:  98152876
  frame_id: "world"
child_frame_id: "world"
pose: 
  pose: 
    position: 
      x: 0.7802791359129299
      y: -1.1741031087811205
      z: -4.466458672579364
    orientation: 
      x: 0.013425525805989283
      y: 0.007395386478627149
      z: 0.005547016844320877
      w: 0.9998671382337722
  covariance: [0.0, 0.0, 0.0, 0.0, 0.0, 0.0, 0.0, 0.0, 0.0, 0.0, 0.0, 0.0, 0.0, 0.0, 0.0, 0.0, 0.0, 0.0, 0.0, 0.0, 0.0, 0.0, 0.0, 0.0, 0.0, 0.0, 0.0, 0.0, 0.0, 0.0, 0.0, 0.0, 0.0, 0.0, 0.0, 0.0]
twist: 
  twist: 
    linear: 
      x: 0.4802035109502756
      y: -0.7039154338731414
      z: -2.112237190506679
    angular: 
      x: 0.0
      y: 0.0
      z: 0.0
  covariance: [0.0, 0.0, 0.0, 0.0, 0.0, 0.0, 0.0, 0.0, 0.0, 0.0, 0.0, 0.0, 0.0, 0.0, 0.0, 0.0, 0.0, 0.0, 0.0, 0.0, 0.0, 0.0, 0.0, 0.0, 0.0, 0.0, 0.0, 0.0, 0.0, 0.0, 0.0, 0.0, 0.0, 0.0, 0.0, 0.0]
---
header: 
  seq: 1325
  stamp: 
    secs: 1744081319
    nsecs: 231488705
  frame_id: "world"
child_frame_id: "world"
pose: 
  pose: 
    position: 
      x: 0.8465174984244543
      y: -1.2713885230196313
      z: -4.748145175901087
    orientation: 
      x: 0.013410348838843318
      y: 0.007351369956299278
      z: 0.005492853305220372
      w: 0.9998679655166244
  covariance: [0.0, 0.0, 0.0, 0.0, 0.0, 0.0, 0.0, 0.0, 0.0, 0.0, 0.0, 0.0, 0.0, 0.0, 0.0, 0.0, 0.0, 0.0, 0.0, 0.0, 0.0, 0.0, 0.0, 0.0, 0.0, 0.0, 0.0, 0.0, 0.0, 0.0, 0.0, 0.0, 0.0, 0.0, 0.0, 0.0]
twist: 
  twist: 
    linear: 
      x: 0.5163922693022289
      y: -0.7505611306022586
      z: -2.1134763969263832
    angular: 
      x: 0.0
      y: 0.0
      z: 0.0
  covariance: [0.0, 0.0, 0.0, 0.0, 0.0, 0.0, 0.0, 0.0, 0.0, 0.0, 0.0, 0.0, 0.0, 0.0, 0.0, 0.0, 0.0, 0.0, 0.0, 0.0, 0.0, 0.0, 0.0, 0.0, 0.0, 0.0, 0.0, 0.0, 0.0, 0.0, 0.0, 0.0, 0.0, 0.0, 0.0, 0.0]
---
header: 
  seq: 1326
  stamp: 
    secs: 1744081319
    nsecs: 364825726
  frame_id: "world"
child_frame_id: "world"
pose: 
  pose: 
    position: 
      x: 0.9176147511220807
      y: -1.3741813088294899
      z: -5.030006044697018
    orientation: 
      x: 0.013341317854607508
      y: 0.007224143355662149
      z: 0.0054721834419579635
      w: 0.9998699296403791
  covariance: [0.0, 0.0, 0.0, 0.0, 0.0, 0.0, 0.0, 0.0, 0.0, 0.0, 0.0, 0.0, 0.0, 0.0, 0.0, 0.0, 0.0, 0.0, 0.0, 0.0, 0.0, 0.0, 0.0, 0.0, 0.0, 0.0, 0.0, 0.0, 0.0, 0.0, 0.0, 0.0, 0.0, 0.0, 0.0, 0.0]
twist: 
  twist: 
    linear: 
      x: 0.5526881353523451
      y: -0.7963798301887444
      z: -2.11426166509591
    angular: 
      x: 0.0
      y: 0.0
      z: 0.0
  covariance: [0.0, 0.0, 0.0, 0.0, 0.0, 0.0, 0.0, 0.0, 0.0, 0.0, 0.0, 0.0, 0.0, 0.0, 0.0, 0.0, 0.0, 0.0, 0.0, 0.0, 0.0, 0.0, 0.0, 0.0, 0.0, 0.0, 0.0, 0.0, 0.0, 0.0, 0.0, 0.0, 0.0, 0.0, 0.0, 0.0]
---
header: 
  seq: 1327
  stamp: 
    secs: 1744081319
    nsecs: 498162031
  frame_id: "world"
child_frame_id: "world"
pose: 
  pose: 
    position: 
      x: 0.9938335841424284
      y: -1.4835511800133512
      z: -5.312083153929338
    orientation: 
      x: 0.013374718924920209
      y: 0.007166828756947271
      z: 0.005667020623553374
      w: 0.9998688105629159
  covariance: [0.0, 0.0, 0.0, 0.0, 0.0, 0.0, 0.0, 0.0, 0.0, 0.0, 0.0, 0.0, 0.0, 0.0, 0.0, 0.0, 0.0, 0.0, 0.0, 0.0, 0.0, 0.0, 0.0, 0.0, 0.0, 0.0, 0.0, 0.0, 0.0, 0.0, 0.0, 0.0, 0.0, 0.0, 0.0, 0.0]
twist: 
  twist: 
    linear: 
      x: 0.5898014307922147
      y: -0.841420590609992
      z: -2.1164902920845323
    angular: 
      x: 0.0
      y: 0.0
      z: 0.0
  covariance: [0.0, 0.0, 0.0, 0.0, 0.0, 0.0, 0.0, 0.0, 0.0, 0.0, 0.0, 0.0, 0.0, 0.0, 0.0, 0.0, 0.0, 0.0, 0.0, 0.0, 0.0, 0.0, 0.0, 0.0, 0.0, 0.0, 0.0, 0.0, 0.0, 0.0, 0.0, 0.0, 0.0, 0.0, 0.0, 0.0]
---
header: 
  seq: 1328
  stamp: 
    secs: 1744081319
    nsecs: 631498575
  frame_id: "world"
child_frame_id: "world"
pose: 
  pose: 
    position: 
      x: 1.0747593183450264
      y: -1.5990345524047995
      z: -5.594346980974112
    orientation: 
      x: 0.01343498600766
      y: 0.00706510608459194
      z: 0.005600812396874164
      w: 0.9998690995962835
  covariance: [0.0, 0.0, 0.0, 0.0, 0.0, 0.0, 0.0, 0.0, 0.0, 0.0, 0.0, 0.0, 0.0, 0.0, 0.0, 0.0, 0.0, 0.0, 0.0, 0.0, 0.0, 0.0, 0.0, 0.0, 0.0, 0.0, 0.0, 0.0, 0.0, 0.0, 0.0, 0.0, 0.0, 0.0, 0.0, 0.0]
twist: 
  twist: 
    linear: 
      x: 0.6263172079284998
      y: -0.8872662606376207
      z: -2.1174925488178817
    angular: 
      x: 0.0
      y: 0.0
      z: 0.0
  covariance: [0.0, 0.0, 0.0, 0.0, 0.0, 0.0, 0.0, 0.0, 0.0, 0.0, 0.0, 0.0, 0.0, 0.0, 0.0, 0.0, 0.0, 0.0, 0.0, 0.0, 0.0, 0.0, 0.0, 0.0, 0.0, 0.0, 0.0, 0.0, 0.0, 0.0, 0.0, 0.0, 0.0, 0.0, 0.0, 0.0]
---
header: 
  seq: 1329
  stamp: 
    secs: 1744081319
    nsecs: 764834642
  frame_id: "world"
child_frame_id: "world"
pose: 
  pose: 
    position: 
      x: 1.160714241850511
      y: -1.720813618234561
      z: -5.876721382246929
    orientation: 
      x: 0.013447848350781694
      y: 0.006999458193524787
      z: 0.005615505770625787
      w: 0.9998693059868732
  covariance: [0.0, 0.0, 0.0, 0.0, 0.0, 0.0, 0.0, 0.0, 0.0, 0.0, 0.0, 0.0, 0.0, 0.0, 0.0, 0.0, 0.0, 0.0, 0.0, 0.0, 0.0, 0.0, 0.0, 0.0, 0.0, 0.0, 0.0, 0.0, 0.0, 0.0, 0.0, 0.0, 0.0, 0.0, 0.0, 0.0]
twist: 
  twist: 
    linear: 
      x: 0.6611322150268445
      y: -0.9335021454266582
      z: -2.1180733938412035
    angular: 
      x: 0.0
      y: 0.0
      z: 0.0
  covariance: [0.0, 0.0, 0.0, 0.0, 0.0, 0.0, 0.0, 0.0, 0.0, 0.0, 0.0, 0.0, 0.0, 0.0, 0.0, 0.0, 0.0, 0.0, 0.0, 0.0, 0.0, 0.0, 0.0, 0.0, 0.0, 0.0, 0.0, 0.0, 0.0, 0.0, 0.0, 0.0, 0.0, 0.0, 0.0, 0.0]
---
header: 
  seq: 1330
  stamp: 
    secs: 1744081319
    nsecs: 898170710
  frame_id: "world"
child_frame_id: "world"
pose: 
  pose: 
    position: 
      x: 1.251688363443706
      y: -1.8483710974842673
      z: -6.159176012179175
    orientation: 
      x: 0.013507691038215391
      y: 0.007056803751072458
      z: 0.0056559115342572856
      w: 0.9998678685048098
  covariance: [0.0, 0.0, 0.0, 0.0, 0.0, 0.0, 0.0, 0.0, 0.0, 0.0, 0.0, 0.0, 0.0, 0.0, 0.0, 0.0, 0.0, 0.0, 0.0, 0.0, 0.0, 0.0, 0.0, 0.0, 0.0, 0.0, 0.0, 0.0, 0.0, 0.0, 0.0, 0.0, 0.0, 0.0, 0.0, 0.0]
twist: 
  twist: 
    linear: 
      x: 0.6986886489774998
      y: -0.9795183686974909
      z: -2.119457585485758
    angular: 
      x: 0.0
      y: 0.0
      z: 0.0
  covariance: [0.0, 0.0, 0.0, 0.0, 0.0, 0.0, 0.0, 0.0, 0.0, 0.0, 0.0, 0.0, 0.0, 0.0, 0.0, 0.0, 0.0, 0.0, 0.0, 0.0, 0.0, 0.0, 0.0, 0.0, 0.0, 0.0, 0.0, 0.0, 0.0, 0.0, 0.0, 0.0, 0.0, 0.0, 0.0, 0.0]
---
header: 
  seq: 1331
  stamp: 
    secs: 1744081320
    nsecs:  31506062
  frame_id: "world"
child_frame_id: "world"
pose: 
  pose: 
    position: 
      x: 1.3462328738145182
      y: -1.9826753990270434
      z: -6.4418682381787695
    orientation: 
      x: 0.013570910636638012
      y: 0.007011801732502618
      z: 0.005548067567400137
      w: 0.9998679332628004
  covariance: [0.0, 0.0, 0.0, 0.0, 0.0, 0.0, 0.0, 0.0, 0.0, 0.0, 0.0, 0.0, 0.0, 0.0, 0.0, 0.0, 0.0, 0.0, 0.0, 0.0, 0.0, 0.0, 0.0, 0.0, 0.0, 0.0, 0.0, 0.0, 0.0, 0.0, 0.0, 0.0, 0.0, 0.0, 0.0, 0.0]
twist: 
  twist: 
    linear: 
      x: 0.7331841439623145
      y: -1.02589543261541
      z: -2.1212411387941374
    angular: 
      x: 0.0
      y: 0.0
      z: 0.0
  covariance: [0.0, 0.0, 0.0, 0.0, 0.0, 0.0, 0.0, 0.0, 0.0, 0.0, 0.0, 0.0, 0.0, 0.0, 0.0, 0.0, 0.0, 0.0, 0.0, 0.0, 0.0, 0.0, 0.0, 0.0, 0.0, 0.0, 0.0, 0.0, 0.0, 0.0, 0.0, 0.0, 0.0, 0.0, 0.0, 0.0]
---
header: 
  seq: 1332
  stamp: 
    secs: 1744081320
    nsecs: 164841175
  frame_id: "world"
child_frame_id: "world"
pose: 
  pose: 
    position: 
      x: 3.868555958434571
      y: -1.6638393779574552
      z: -6.304321162690278
    orientation: 
      x: 0.01105616467149068
      y: 0.030090699105942496
      z: 0.0038245800184509315
      w: 0.9994787059451317
  covariance: [0.0, 0.0, 0.0, 0.0, 0.0, 0.0, 0.0, 0.0, 0.0, 0.0, 0.0, 0.0, 0.0, 0.0, 0.0, 0.0, 0.0, 0.0, 0.0, 0.0, 0.0, 0.0, 0.0, 0.0, 0.0, 0.0, 0.0, 0.0, 0.0, 0.0, 0.0, 0.0, 0.0, 0.0, 0.0, 0.0]
twist: 
  twist: 
    linear: 
      x: 2.317751169129145
      y: -0.7915881216278476
      z: -1.9521136842900575
    angular: 
      x: 0.0
      y: 0.0
      z: 0.0
  covariance: [0.0, 0.0, 0.0, 0.0, 0.0, 0.0, 0.0, 0.0, 0.0, 0.0, 0.0, 0.0, 0.0, 0.0, 0.0, 0.0, 0.0, 0.0, 0.0, 0.0, 0.0, 0.0, 0.0, 0.0, 0.0, 0.0, 0.0, 0.0, 0.0, 0.0, 0.0, 0.0, 0.0, 0.0, 0.0, 0.0]
---
header: 
  seq: 1333
  stamp: 
    secs: 1744081320
    nsecs: 298175335
  frame_id: "world"
child_frame_id: "world"
pose: 
  pose: 
    position: 
      x: 1.5596195535625812
      y: -2.2674217730769533
      z: -7.0083372156906165
    orientation: 
      x: 0.013742264759522067
      y: 0.007685862272398832
      z: 0.0071134767701086475
      w: 0.9998507269230993
  covariance: [0.0, 0.0, 0.0, 0.0, 0.0, 0.0, 0.0, 0.0, 0.0, 0.0, 0.0, 0.0, 0.0, 0.0, 0.0, 0.0, 0.0, 0.0, 0.0, 0.0, 0.0, 0.0, 0.0, 0.0, 0.0, 0.0, 0.0, 0.0, 0.0, 0.0, 0.0, 0.0, 0.0, 0.0, 0.0, 0.0]
twist: 
  twist: 
    linear: 
      x: 0.8207585332682151
      y: -1.1165602814700686
      z: -2.123944062711014
    angular: 
      x: 0.0
      y: 0.0
      z: 0.0
  covariance: [0.0, 0.0, 0.0, 0.0, 0.0, 0.0, 0.0, 0.0, 0.0, 0.0, 0.0, 0.0, 0.0, 0.0, 0.0, 0.0, 0.0, 0.0, 0.0, 0.0, 0.0, 0.0, 0.0, 0.0, 0.0, 0.0, 0.0, 0.0, 0.0, 0.0, 0.0, 0.0, 0.0, 0.0, 0.0, 0.0]
---
header: 
  seq: 1334
  stamp: 
    secs: 1744081320
    nsecs: 431509018
  frame_id: "world"
child_frame_id: "world"
pose: 
  pose: 
    position: 
      x: 3.4882898815715864
      y: -2.0961473475234556
      z: -7.0476442493631115
    orientation: 
      x: 0.011361373798510885
      y: 0.027132895984196454
      z: 0.006477511614039212
      w: 0.9995462805614412
  covariance: [0.0, 0.0, 0.0, 0.0, 0.0, 0.0, 0.0, 0.0, 0.0, 0.0, 0.0, 0.0, 0.0, 0.0, 0.0, 0.0, 0.0, 0.0, 0.0, 0.0, 0.0, 0.0, 0.0, 0.0, 0.0, 0.0, 0.0, 0.0, 0.0, 0.0, 0.0, 0.0, 0.0, 0.0, 0.0, 0.0]
twist: 
  twist: 
    linear: 
      x: 2.0454500291816107
      y: -0.9575026641069065
      z: -2.023087583335372
    angular: 
      x: 0.0
      y: 0.0
      z: 0.0
  covariance: [0.0, 0.0, 0.0, 0.0, 0.0, 0.0, 0.0, 0.0, 0.0, 0.0, 0.0, 0.0, 0.0, 0.0, 0.0, 0.0, 0.0, 0.0, 0.0, 0.0, 0.0, 0.0, 0.0, 0.0, 0.0, 0.0, 0.0, 0.0, 0.0, 0.0, 0.0, 0.0, 0.0, 0.0, 0.0, 0.0]
---
header: 
  seq: 1335
  stamp: 
    secs: 1744081320
    nsecs: 564842463
  frame_id: "world"
child_frame_id: "world"
pose: 
  pose: 
    position: 
      x: 1.7879434357683142
      y: -2.5791571833024856
      z: -7.574643980493576
    orientation: 
      x: 0.013761222338150752
      y: 0.007388990371647321
      z: 0.007328992899515247
      w: 0.9998511476435512
  covariance: [0.0, 0.0, 0.0, 0.0, 0.0, 0.0, 0.0, 0.0, 0.0, 0.0, 0.0, 0.0, 0.0, 0.0, 0.0, 0.0, 0.0, 0.0, 0.0, 0.0, 0.0, 0.0, 0.0, 0.0, 0.0, 0.0, 0.0, 0.0, 0.0, 0.0, 0.0, 0.0, 0.0, 0.0, 0.0, 0.0]
twist: 
  twist: 
    linear: 
      x: 0.8933560038844693
      y: -1.2100324984673065
      z: -2.1247207459528106
    angular: 
      x: 0.0
      y: 0.0
      z: 0.0
  covariance: [0.0, 0.0, 0.0, 0.0, 0.0, 0.0, 0.0, 0.0, 0.0, 0.0, 0.0, 0.0, 0.0, 0.0, 0.0, 0.0, 0.0, 0.0, 0.0, 0.0, 0.0, 0.0, 0.0, 0.0, 0.0, 0.0, 0.0, 0.0, 0.0, 0.0, 0.0, 0.0, 0.0, 0.0, 0.0, 0.0]
---
header: 
  seq: 1336
  stamp: 
    secs: 1744081320
    nsecs: 698176861
  frame_id: "world"
child_frame_id: "world"
pose: 
  pose: 
    position: 
      x: 1.9082655895638203
      y: -2.743755422205226
      z: -7.858088492286063
    orientation: 
      x: 0.013688236499072911
      y: 0.007389407574266624
      z: 0.007288342376746372
      w: 0.9998524435648724
  covariance: [0.0, 0.0, 0.0, 0.0, 0.0, 0.0, 0.0, 0.0, 0.0, 0.0, 0.0, 0.0, 0.0, 0.0, 0.0, 0.0, 0.0, 0.0, 0.0, 0.0, 0.0, 0.0, 0.0, 0.0, 0.0, 0.0, 0.0, 0.0, 0.0, 0.0, 0.0, 0.0, 0.0, 0.0, 0.0, 0.0]
twist: 
  twist: 
    linear: 
      x: 0.9298679002101379
      y: -1.2572635231896663
      z: -2.1262194579456835
    angular: 
      x: 0.0
      y: 0.0
      z: 0.0
  covariance: [0.0, 0.0, 0.0, 0.0, 0.0, 0.0, 0.0, 0.0, 0.0, 0.0, 0.0, 0.0, 0.0, 0.0, 0.0, 0.0, 0.0, 0.0, 0.0, 0.0, 0.0, 0.0, 0.0, 0.0, 0.0, 0.0, 0.0, 0.0, 0.0, 0.0, 0.0, 0.0, 0.0, 0.0, 0.0, 0.0]
---
header: 
  seq: 1337
  stamp: 
    secs: 1744081320
    nsecs: 831509590
  frame_id: "world"
child_frame_id: "world"
pose: 
  pose: 
    position: 
      x: 5.491730430747535
      y: -2.1258992009459763
      z: -7.468282592474142
    orientation: 
      x: 0.008199849325076065
      y: 0.040271204593367395
      z: 0.005475722338085167
      w: 0.9991401348242004
  covariance: [0.0, 0.0, 0.0, 0.0, 0.0, 0.0, 0.0, 0.0, 0.0, 0.0, 0.0, 0.0, 0.0, 0.0, 0.0, 0.0, 0.0, 0.0, 0.0, 0.0, 0.0, 0.0, 0.0, 0.0, 0.0, 0.0, 0.0, 0.0, 0.0, 0.0, 0.0, 0.0, 0.0, 0.0, 0.0, 0.0]
twist: 
  twist: 
    linear: 
      x: 3.0802428220853875
      y: -0.8336690944976586
      z: -1.846237896952697
    angular: 
      x: 0.0
      y: 0.0
      z: 0.0
  covariance: [0.0, 0.0, 0.0, 0.0, 0.0, 0.0, 0.0, 0.0, 0.0, 0.0, 0.0, 0.0, 0.0, 0.0, 0.0, 0.0, 0.0, 0.0, 0.0, 0.0, 0.0, 0.0, 0.0, 0.0, 0.0, 0.0, 0.0, 0.0, 0.0, 0.0, 0.0, 0.0, 0.0, 0.0, 0.0, 0.0]
---
header: 
  seq: 1338
  stamp: 
    secs: 1744081320
    nsecs: 964842081
  frame_id: "world"
child_frame_id: "world"
pose: 
  pose: 
    position: 
      x: 2.1657301566720037
      y: -3.091646497971908
      z: -8.42534639745109
    orientation: 
      x: 0.013716489428265194
      y: 0.007307993523740999
      z: 0.007479423300145451
      w: 0.9998512436235295
  covariance: [0.0, 0.0, 0.0, 0.0, 0.0, 0.0, 0.0, 0.0, 0.0, 0.0, 0.0, 0.0, 0.0, 0.0, 0.0, 0.0, 0.0, 0.0, 0.0, 0.0, 0.0, 0.0, 0.0, 0.0, 0.0, 0.0, 0.0, 0.0, 0.0, 0.0, 0.0, 0.0, 0.0, 0.0, 0.0, 0.0]
twist: 
  twist: 
    linear: 
      x: 1.0024321853438833
      y: -1.3483707455125495
      z: -2.128675710773711
    angular: 
      x: 0.0
      y: 0.0
      z: 0.0
  covariance: [0.0, 0.0, 0.0, 0.0, 0.0, 0.0, 0.0, 0.0, 0.0, 0.0, 0.0, 0.0, 0.0, 0.0, 0.0, 0.0, 0.0, 0.0, 0.0, 0.0, 0.0, 0.0, 0.0, 0.0, 0.0, 0.0, 0.0, 0.0, 0.0, 0.0, 0.0, 0.0, 0.0, 0.0, 0.0, 0.0]
---
header: 
  seq: 1339
  stamp: 
    secs: 1744081321
    nsecs:  98175764
  frame_id: "world"
child_frame_id: "world"
pose: 
  pose: 
    position: 
      x: 2.300587689021636
      y: -3.2858912114537846
      z: -8.708597044050984
    orientation: 
      x: 0.013986238739875922
      y: 0.007088679188915148
      z: 0.007207792006466799
      w: 0.999851080655344
  covariance: [0.0, 0.0, 0.0, 0.0, 0.0, 0.0, 0.0, 0.0, 0.0, 0.0, 0.0, 0.0, 0.0, 0.0, 0.0, 0.0, 0.0, 0.0, 0.0, 0.0, 0.0, 0.0, 0.0, 0.0, 0.0, 0.0, 0.0, 0.0, 0.0, 0.0, 0.0, 0.0, 0.0, 0.0, 0.0, 0.0]
twist: 
  twist: 
    linear: 
      x: 1.038147342083014
      y: -1.404215094597532
      z: -2.128873935720773
    angular: 
      x: 0.0
      y: 0.0
      z: 0.0
  covariance: [0.0, 0.0, 0.0, 0.0, 0.0, 0.0, 0.0, 0.0, 0.0, 0.0, 0.0, 0.0, 0.0, 0.0, 0.0, 0.0, 0.0, 0.0, 0.0, 0.0, 0.0, 0.0, 0.0, 0.0, 0.0, 0.0, 0.0, 0.0, 0.0, 0.0, 0.0, 0.0, 0.0, 0.0, 0.0, 0.0]
---
header: 
  seq: 1340
  stamp: 
    secs: 1744081321
    nsecs: 231512308
  frame_id: "world"
child_frame_id: "world"
pose: 
  pose: 
    position: 
      x: 2.4416140240902107
      y: -3.463813996941118
      z: -8.993068474304202
    orientation: 
      x: 0.013643385111542936
      y: 0.007230216490221155
      z: 0.007499421624913712
      w: 0.9998526594891342
  covariance: [0.0, 0.0, 0.0, 0.0, 0.0, 0.0, 0.0, 0.0, 0.0, 0.0, 0.0, 0.0, 0.0, 0.0, 0.0, 0.0, 0.0, 0.0, 0.0, 0.0, 0.0, 0.0, 0.0, 0.0, 0.0, 0.0, 0.0, 0.0, 0.0, 0.0, 0.0, 0.0, 0.0, 0.0, 0.0, 0.0]
twist: 
  twist: 
    linear: 
      x: 1.075539711150375
      y: -1.4414938335810363
      z: -2.1286472576786135
    angular: 
      x: 0.0
      y: 0.0
      z: 0.0
  covariance: [0.0, 0.0, 0.0, 0.0, 0.0, 0.0, 0.0, 0.0, 0.0, 0.0, 0.0, 0.0, 0.0, 0.0, 0.0, 0.0, 0.0, 0.0, 0.0, 0.0, 0.0, 0.0, 0.0, 0.0, 0.0, 0.0, 0.0, 0.0, 0.0, 0.0, 0.0, 0.0, 0.0, 0.0, 0.0, 0.0]
---
header: 
  seq: 1341
  stamp: 
    secs: 1744081321
    nsecs: 364849091
  frame_id: "world"
child_frame_id: "world"
pose: 
  pose: 
    position: 
      x: 6.935048158443851
      y: -1.7580071963014927
      z: -8.584916559662311
    orientation: 
      x: 0.0007167091123728837
      y: 0.04046401077698072
      z: 0.0062126265345630784
      w: 0.9991614251117937
  covariance: [0.0, 0.0, 0.0, 0.0, 0.0, 0.0, 0.0, 0.0, 0.0, 0.0, 0.0, 0.0, 0.0, 0.0, 0.0, 0.0, 0.0, 0.0, 0.0, 0.0, 0.0, 0.0, 0.0, 0.0, 0.0, 0.0, 0.0, 0.0, 0.0, 0.0, 0.0, 0.0, 0.0, 0.0, 0.0, 0.0]
twist: 
  twist: 
    linear: 
      x: 3.4928745885238555
      y: -0.4565731016723325
      z: -1.8754799140598337
    angular: 
      x: 0.0
      y: 0.0
      z: 0.0
  covariance: [0.0, 0.0, 0.0, 0.0, 0.0, 0.0, 0.0, 0.0, 0.0, 0.0, 0.0, 0.0, 0.0, 0.0, 0.0, 0.0, 0.0, 0.0, 0.0, 0.0, 0.0, 0.0, 0.0, 0.0, 0.0, 0.0, 0.0, 0.0, 0.0, 0.0, 0.0, 0.0, 0.0, 0.0, 0.0, 0.0]
---
