header: 
  seq: 859
  stamp: 
    secs: 1744093931
    nsecs: 872843742
  frame_id: "world"
child_frame_id: "world"
pose: 
  pose: 
    position: 
      x: 0.44668367112298074
      y: 0.008795739203049241
      z: 0.5012318390360246
    orientation: 
      x: -0.00023609732061371535
      y: 0.004790952123310732
      z: -0.0016338969807531824
      w: 0.9999871606258071
  covariance: [0.0, 0.0, 0.0, 0.0, 0.0, 0.0, 0.0, 0.0, 0.0, 0.0, 0.0, 0.0, 0.0, 0.0, 0.0, 0.0, 0.0, 0.0, 0.0, 0.0, 0.0, 0.0, 0.0, 0.0, 0.0, 0.0, 0.0, 0.0, 0.0, 0.0, 0.0, 0.0, 0.0, 0.0, 0.0, 0.0]
twist: 
  twist: 
    linear: 
      x: 0.03784608972176682
      y: -0.01679152425938733
      z: 0.02140047467812861
    angular: 
      x: 0.0
      y: 0.0
      z: 0.0
  covariance: [0.0, 0.0, 0.0, 0.0, 0.0, 0.0, 0.0, 0.0, 0.0, 0.0, 0.0, 0.0, 0.0, 0.0, 0.0, 0.0, 0.0, 0.0, 0.0, 0.0, 0.0, 0.0, 0.0, 0.0, 0.0, 0.0, 0.0, 0.0, 0.0, 0.0, 0.0, 0.0, 0.0, 0.0, 0.0, 0.0]
---
header: 
  seq: 860
  stamp: 
    secs: 1744093932
    nsecs:   6184578
  frame_id: "world"
child_frame_id: "world"
pose: 
  pose: 
    position: 
      x: 0.44929171039373944
      y: 0.008280752022401042
      z: 0.5054716435257232
    orientation: 
      x: -0.0056238406253965225
      y: 0.0028728008582421323
      z: -0.001010336815681723
      w: 0.9999795491165646
  covariance: [0.0, 0.0, 0.0, 0.0, 0.0, 0.0, 0.0, 0.0, 0.0, 0.0, 0.0, 0.0, 0.0, 0.0, 0.0, 0.0, 0.0, 0.0, 0.0, 0.0, 0.0, 0.0, 0.0, 0.0, 0.0, 0.0, 0.0, 0.0, 0.0, 0.0, 0.0, 0.0, 0.0, 0.0, 0.0, 0.0]
twist: 
  twist: 
    linear: 
      x: 0.03236411448030196
      y: -0.013719573187532454
      z: 0.01570367971575641
    angular: 
      x: 0.0
      y: 0.0
      z: 0.0
  covariance: [0.0, 0.0, 0.0, 0.0, 0.0, 0.0, 0.0, 0.0, 0.0, 0.0, 0.0, 0.0, 0.0, 0.0, 0.0, 0.0, 0.0, 0.0, 0.0, 0.0, 0.0, 0.0, 0.0, 0.0, 0.0, 0.0, 0.0, 0.0, 0.0, 0.0, 0.0, 0.0, 0.0, 0.0, 0.0, 0.0]
---
header: 
  seq: 861
  stamp: 
    secs: 1744093932
    nsecs: 139525414
  frame_id: "world"
child_frame_id: "world"
pose: 
  pose: 
    position: 
      x: 0.45056616910755937
      y: 0.0061152387511718
      z: 0.508403716471991
    orientation: 
      x: -0.0035880120740530304
      y: 0.0031589732536298075
      z: -0.0005605486744674173
      w: 0.999988416354171
  covariance: [0.0, 0.0, 0.0, 0.0, 0.0, 0.0, 0.0, 0.0, 0.0, 0.0, 0.0, 0.0, 0.0, 0.0, 0.0, 0.0, 0.0, 0.0, 0.0, 0.0, 0.0, 0.0, 0.0, 0.0, 0.0, 0.0, 0.0, 0.0, 0.0, 0.0, 0.0, 0.0, 0.0, 0.0, 0.0, 0.0]
twist: 
  twist: 
    linear: 
      x: 0.02460823407342511
      y: -0.028686797766791797
      z: -0.00233485189787975
    angular: 
      x: 0.0
      y: 0.0
      z: 0.0
  covariance: [0.0, 0.0, 0.0, 0.0, 0.0, 0.0, 0.0, 0.0, 0.0, 0.0, 0.0, 0.0, 0.0, 0.0, 0.0, 0.0, 0.0, 0.0, 0.0, 0.0, 0.0, 0.0, 0.0, 0.0, 0.0, 0.0, 0.0, 0.0, 0.0, 0.0, 0.0, 0.0, 0.0, 0.0, 0.0, 0.0]
---
header: 
  seq: 862
  stamp: 
    secs: 1744093932
    nsecs: 272866011
  frame_id: "world"
child_frame_id: "world"
pose: 
  pose: 
    position: 
      x: 0.4508140988670421
      y: 0.0036322166827783414
      z: 0.5092314573400523
    orientation: 
      x: -0.0030578541859719414
      y: 0.005288119205464965
      z: -0.0006822669929935577
      w: 0.9999811097389772
  covariance: [0.0, 0.0, 0.0, 0.0, 0.0, 0.0, 0.0, 0.0, 0.0, 0.0, 0.0, 0.0, 0.0, 0.0, 0.0, 0.0, 0.0, 0.0, 0.0, 0.0, 0.0, 0.0, 0.0, 0.0, 0.0, 0.0, 0.0, 0.0, 0.0, 0.0, 0.0, 0.0, 0.0, 0.0, 0.0, 0.0]
twist: 
  twist: 
    linear: 
      x: 0.02057848056557979
      y: -0.029912559680282738
      z: -0.025031324805290335
    angular: 
      x: 0.0
      y: 0.0
      z: 0.0
  covariance: [0.0, 0.0, 0.0, 0.0, 0.0, 0.0, 0.0, 0.0, 0.0, 0.0, 0.0, 0.0, 0.0, 0.0, 0.0, 0.0, 0.0, 0.0, 0.0, 0.0, 0.0, 0.0, 0.0, 0.0, 0.0, 0.0, 0.0, 0.0, 0.0, 0.0, 0.0, 0.0, 0.0, 0.0, 0.0, 0.0]
---
header: 
  seq: 863
  stamp: 
    secs: 1744093932
    nsecs: 406206608
  frame_id: "world"
child_frame_id: "world"
pose: 
  pose: 
    position: 
      x: 0.4511005961812046
      y: 0.001450815260084018
      z: 0.5096243137902499
    orientation: 
      x: -0.0034956224425349205
      y: 0.007014139438427009
      z: -8.042406232071787e-05
      w: 0.999969287530196
  covariance: [0.0, 0.0, 0.0, 0.0, 0.0, 0.0, 0.0, 0.0, 0.0, 0.0, 0.0, 0.0, 0.0, 0.0, 0.0, 0.0, 0.0, 0.0, 0.0, 0.0, 0.0, 0.0, 0.0, 0.0, 0.0, 0.0, 0.0, 0.0, 0.0, 0.0, 0.0, 0.0, 0.0, 0.0, 0.0, 0.0]
twist: 
  twist: 
    linear: 
      x: 0.024271205739605305
      y: -0.021458179192252264
      z: -0.00959608370293688
    angular: 
      x: 0.0
      y: 0.0
      z: 0.0
  covariance: [0.0, 0.0, 0.0, 0.0, 0.0, 0.0, 0.0, 0.0, 0.0, 0.0, 0.0, 0.0, 0.0, 0.0, 0.0, 0.0, 0.0, 0.0, 0.0, 0.0, 0.0, 0.0, 0.0, 0.0, 0.0, 0.0, 0.0, 0.0, 0.0, 0.0, 0.0, 0.0, 0.0, 0.0, 0.0, 0.0]
---
header: 
  seq: 864
  stamp: 
    secs: 1744093932
    nsecs: 539547205
  frame_id: "world"
child_frame_id: "world"
pose: 
  pose: 
    position: 
      x: 0.45116321283980054
      y: -0.0016977827114852684
      z: 0.5114901299493535
    orientation: 
      x: -0.005321125035708712
      y: 0.006246078639158046
      z: 0.0009278446166607969
      w: 0.9999659050359443
  covariance: [0.0, 0.0, 0.0, 0.0, 0.0, 0.0, 0.0, 0.0, 0.0, 0.0, 0.0, 0.0, 0.0, 0.0, 0.0, 0.0, 0.0, 0.0, 0.0, 0.0, 0.0, 0.0, 0.0, 0.0, 0.0, 0.0, 0.0, 0.0, 0.0, 0.0, 0.0, 0.0, 0.0, 0.0, 0.0, 0.0]
twist: 
  twist: 
    linear: 
      x: 0.02538386251178307
      y: -0.03140010996675358
      z: -0.018918157128326535
    angular: 
      x: 0.0
      y: 0.0
      z: 0.0
  covariance: [0.0, 0.0, 0.0, 0.0, 0.0, 0.0, 0.0, 0.0, 0.0, 0.0, 0.0, 0.0, 0.0, 0.0, 0.0, 0.0, 0.0, 0.0, 0.0, 0.0, 0.0, 0.0, 0.0, 0.0, 0.0, 0.0, 0.0, 0.0, 0.0, 0.0, 0.0, 0.0, 0.0, 0.0, 0.0, 0.0]
---
header: 
  seq: 865
  stamp: 
    secs: 1744093932
    nsecs: 672885180
  frame_id: "world"
child_frame_id: "world"
pose: 
  pose: 
    position: 
      x: 0.4505652440624197
      y: -0.005634234909910121
      z: 0.5147093915088683
    orientation: 
      x: -0.0036105892995734095
      y: 0.005508363407359401
      z: 0.0017291430580023896
      w: 0.9999768155521244
  covariance: [0.0, 0.0, 0.0, 0.0, 0.0, 0.0, 0.0, 0.0, 0.0, 0.0, 0.0, 0.0, 0.0, 0.0, 0.0, 0.0, 0.0, 0.0, 0.0, 0.0, 0.0, 0.0, 0.0, 0.0, 0.0, 0.0, 0.0, 0.0, 0.0, 0.0, 0.0, 0.0, 0.0, 0.0, 0.0, 0.0]
twist: 
  twist: 
    linear: 
      x: 0.02919727055881619
      y: -0.04717620132071325
      z: -0.008305137668291015
    angular: 
      x: 0.0
      y: 0.0
      z: 0.0
  covariance: [0.0, 0.0, 0.0, 0.0, 0.0, 0.0, 0.0, 0.0, 0.0, 0.0, 0.0, 0.0, 0.0, 0.0, 0.0, 0.0, 0.0, 0.0, 0.0, 0.0, 0.0, 0.0, 0.0, 0.0, 0.0, 0.0, 0.0, 0.0, 0.0, 0.0, 0.0, 0.0, 0.0, 0.0, 0.0, 0.0]
---
header: 
  seq: 866
  stamp: 
    secs: 1744093932
    nsecs: 806219578
  frame_id: "world"
child_frame_id: "world"
pose: 
  pose: 
    position: 
      x: 0.4491509646257518
      y: -0.011685867234816225
      z: 0.5192820546743855
    orientation: 
      x: -0.004676214528112059
      y: 0.0036862438156816954
      z: 0.0016193557030951464
      w: 0.9999809609744204
  covariance: [0.0, 0.0, 0.0, 0.0, 0.0, 0.0, 0.0, 0.0, 0.0, 0.0, 0.0, 0.0, 0.0, 0.0, 0.0, 0.0, 0.0, 0.0, 0.0, 0.0, 0.0, 0.0, 0.0, 0.0, 0.0, 0.0, 0.0, 0.0, 0.0, 0.0, 0.0, 0.0, 0.0, 0.0, 0.0, 0.0]
twist: 
  twist: 
    linear: 
      x: 0.02730570143057798
      y: -0.0585970274482865
      z: -0.008700671081770178
    angular: 
      x: 0.0
      y: 0.0
      z: 0.0
  covariance: [0.0, 0.0, 0.0, 0.0, 0.0, 0.0, 0.0, 0.0, 0.0, 0.0, 0.0, 0.0, 0.0, 0.0, 0.0, 0.0, 0.0, 0.0, 0.0, 0.0, 0.0, 0.0, 0.0, 0.0, 0.0, 0.0, 0.0, 0.0, 0.0, 0.0, 0.0, 0.0, 0.0, 0.0, 0.0, 0.0]
---
header: 
  seq: 867
  stamp: 
    secs: 1744093932
    nsecs: 939553499
  frame_id: "world"
child_frame_id: "world"
pose: 
  pose: 
    position: 
      x: 0.44730594459243145
      y: -0.02031465590138233
      z: 0.5235580119079695
    orientation: 
      x: -0.007999925270144941
      y: 0.0038095827611262898
      z: 0.00119678458351866
      w: 0.9999600271918467
  covariance: [0.0, 0.0, 0.0, 0.0, 0.0, 0.0, 0.0, 0.0, 0.0, 0.0, 0.0, 0.0, 0.0, 0.0, 0.0, 0.0, 0.0, 0.0, 0.0, 0.0, 0.0, 0.0, 0.0, 0.0, 0.0, 0.0, 0.0, 0.0, 0.0, 0.0, 0.0, 0.0, 0.0, 0.0, 0.0, 0.0]
twist: 
  twist: 
    linear: 
      x: 0.022223093357939937
      y: -0.0741346168894556
      z: -0.0178588364216909
    angular: 
      x: 0.0
      y: 0.0
      z: 0.0
  covariance: [0.0, 0.0, 0.0, 0.0, 0.0, 0.0, 0.0, 0.0, 0.0, 0.0, 0.0, 0.0, 0.0, 0.0, 0.0, 0.0, 0.0, 0.0, 0.0, 0.0, 0.0, 0.0, 0.0, 0.0, 0.0, 0.0, 0.0, 0.0, 0.0, 0.0, 0.0, 0.0, 0.0, 0.0, 0.0, 0.0]
---
header: 
  seq: 868
  stamp: 
    secs: 1744093933
    nsecs:  72886944
  frame_id: "world"
child_frame_id: "world"
pose: 
  pose: 
    position: 
      x: 0.4459955380850333
      y: -0.02789821869275201
      z: 0.5270844185360575
    orientation: 
      x: -0.014818312896437329
      y: 0.00592347675055903
      z: 0.0007662131230321953
      w: 0.9998723633262092
  covariance: [0.0, 0.0, 0.0, 0.0, 0.0, 0.0, 0.0, 0.0, 0.0, 0.0, 0.0, 0.0, 0.0, 0.0, 0.0, 0.0, 0.0, 0.0, 0.0, 0.0, 0.0, 0.0, 0.0, 0.0, 0.0, 0.0, 0.0, 0.0, 0.0, 0.0, 0.0, 0.0, 0.0, 0.0, 0.0, 0.0]
twist: 
  twist: 
    linear: 
      x: 0.02160746365468106
      y: -0.07435448505943203
      z: -0.000803901343695285
    angular: 
      x: 0.0
      y: 0.0
      z: 0.0
  covariance: [0.0, 0.0, 0.0, 0.0, 0.0, 0.0, 0.0, 0.0, 0.0, 0.0, 0.0, 0.0, 0.0, 0.0, 0.0, 0.0, 0.0, 0.0, 0.0, 0.0, 0.0, 0.0, 0.0, 0.0, 0.0, 0.0, 0.0, 0.0, 0.0, 0.0, 0.0, 0.0, 0.0, 0.0, 0.0, 0.0]
---
header: 
  seq: 869
  stamp: 
    secs: 1744093933
    nsecs: 206220150
  frame_id: "world"
child_frame_id: "world"
pose: 
  pose: 
    position: 
      x: 0.44375498040630623
      y: -0.036750891714380965
      z: 0.5263257391514236
    orientation: 
      x: -0.01947702022001632
      y: 0.005729264866242428
      z: 0.0014893932923617029
      w: 0.9997927799874643
  covariance: [0.0, 0.0, 0.0, 0.0, 0.0, 0.0, 0.0, 0.0, 0.0, 0.0, 0.0, 0.0, 0.0, 0.0, 0.0, 0.0, 0.0, 0.0, 0.0, 0.0, 0.0, 0.0, 0.0, 0.0, 0.0, 0.0, 0.0, 0.0, 0.0, 0.0, 0.0, 0.0, 0.0, 0.0, 0.0, 0.0]
twist: 
  twist: 
    linear: 
      x: 0.0022357120930234895
      y: -0.053397635337605956
      z: -0.0009528417699737799
    angular: 
      x: 0.0
      y: 0.0
      z: 0.0
  covariance: [0.0, 0.0, 0.0, 0.0, 0.0, 0.0, 0.0, 0.0, 0.0, 0.0, 0.0, 0.0, 0.0, 0.0, 0.0, 0.0, 0.0, 0.0, 0.0, 0.0, 0.0, 0.0, 0.0, 0.0, 0.0, 0.0, 0.0, 0.0, 0.0, 0.0, 0.0, 0.0, 0.0, 0.0, 0.0, 0.0]
---
header: 
  seq: 870
  stamp: 
    secs: 1744093933
    nsecs: 339553118
  frame_id: "world"
child_frame_id: "world"
pose: 
  pose: 
    position: 
      x: 0.4400442138358137
      y: -0.04314006880796188
      z: 0.522441144872748
    orientation: 
      x: -0.013911741486577608
      y: 0.004792122116545791
      z: 0.0023323766162707538
      w: 0.9998890233589679
  covariance: [0.0, 0.0, 0.0, 0.0, 0.0, 0.0, 0.0, 0.0, 0.0, 0.0, 0.0, 0.0, 0.0, 0.0, 0.0, 0.0, 0.0, 0.0, 0.0, 0.0, 0.0, 0.0, 0.0, 0.0, 0.0, 0.0, 0.0, 0.0, 0.0, 0.0, 0.0, 0.0, 0.0, 0.0, 0.0, 0.0]
twist: 
  twist: 
    linear: 
      x: -0.016479092064725958
      y: -0.017611389776779448
      z: -0.03162035476139068
    angular: 
      x: 0.0
      y: 0.0
      z: 0.0
  covariance: [0.0, 0.0, 0.0, 0.0, 0.0, 0.0, 0.0, 0.0, 0.0, 0.0, 0.0, 0.0, 0.0, 0.0, 0.0, 0.0, 0.0, 0.0, 0.0, 0.0, 0.0, 0.0, 0.0, 0.0, 0.0, 0.0, 0.0, 0.0, 0.0, 0.0, 0.0, 0.0, 0.0, 0.0, 0.0, 0.0]
---
header: 
  seq: 871
  stamp: 
    secs: 1744093933
    nsecs: 472885847
  frame_id: "world"
child_frame_id: "world"
pose: 
  pose: 
    position: 
      x: 0.4373892335769634
      y: -0.04824632710798049
      z: 0.5183678654459081
    orientation: 
      x: -0.011345807131334661
      y: 0.011586295571283784
      z: 0.002311947307852878
      w: 0.9998658336572558
  covariance: [0.0, 0.0, 0.0, 0.0, 0.0, 0.0, 0.0, 0.0, 0.0, 0.0, 0.0, 0.0, 0.0, 0.0, 0.0, 0.0, 0.0, 0.0, 0.0, 0.0, 0.0, 0.0, 0.0, 0.0, 0.0, 0.0, 0.0, 0.0, 0.0, 0.0, 0.0, 0.0, 0.0, 0.0, 0.0, 0.0]
twist: 
  twist: 
    linear: 
      x: -0.013830460113050974
      y: -0.021463607043626664
      z: -0.012869357114125787
    angular: 
      x: 0.0
      y: 0.0
      z: 0.0
  covariance: [0.0, 0.0, 0.0, 0.0, 0.0, 0.0, 0.0, 0.0, 0.0, 0.0, 0.0, 0.0, 0.0, 0.0, 0.0, 0.0, 0.0, 0.0, 0.0, 0.0, 0.0, 0.0, 0.0, 0.0, 0.0, 0.0, 0.0, 0.0, 0.0, 0.0, 0.0, 0.0, 0.0, 0.0, 0.0, 0.0]
---
header: 
  seq: 872
  stamp: 
    secs: 1744093933
    nsecs: 606218100
  frame_id: "world"
child_frame_id: "world"
pose: 
  pose: 
    position: 
      x: 0.4376759015664763
      y: -0.051541865550343596
      z: 0.5127104506899969
    orientation: 
      x: -0.011170207399083783
      y: 0.013958238953924082
      z: 0.002211468435189428
      w: 0.9998377385552751
  covariance: [0.0, 0.0, 0.0, 0.0, 0.0, 0.0, 0.0, 0.0, 0.0, 0.0, 0.0, 0.0, 0.0, 0.0, 0.0, 0.0, 0.0, 0.0, 0.0, 0.0, 0.0, 0.0, 0.0, 0.0, 0.0, 0.0, 0.0, 0.0, 0.0, 0.0, 0.0, 0.0, 0.0, 0.0, 0.0, 0.0]
twist: 
  twist: 
    linear: 
      x: 0.014077356386224682
      y: -0.003293170483505857
      z: -0.032485034944439294
    angular: 
      x: 0.0
      y: 0.0
      z: 0.0
  covariance: [0.0, 0.0, 0.0, 0.0, 0.0, 0.0, 0.0, 0.0, 0.0, 0.0, 0.0, 0.0, 0.0, 0.0, 0.0, 0.0, 0.0, 0.0, 0.0, 0.0, 0.0, 0.0, 0.0, 0.0, 0.0, 0.0, 0.0, 0.0, 0.0, 0.0, 0.0, 0.0, 0.0, 0.0, 0.0, 0.0]
---
header: 
  seq: 873
  stamp: 
    secs: 1744093933
    nsecs: 739552975
  frame_id: "world"
child_frame_id: "world"
pose: 
  pose: 
    position: 
      x: 0.44163004404325884
      y: -0.050734589975384436
      z: 0.507784516919939
    orientation: 
      x: -0.010564552714644801
      y: 0.010988199278409468
      z: 0.003756812622322257
      w: 0.9998767604367441
  covariance: [0.0, 0.0, 0.0, 0.0, 0.0, 0.0, 0.0, 0.0, 0.0, 0.0, 0.0, 0.0, 0.0, 0.0, 0.0, 0.0, 0.0, 0.0, 0.0, 0.0, 0.0, 0.0, 0.0, 0.0, 0.0, 0.0, 0.0, 0.0, 0.0, 0.0, 0.0, 0.0, 0.0, 0.0, 0.0, 0.0]
twist: 
  twist: 
    linear: 
      x: 0.04519259970421257
      y: 0.006094821015782403
      z: -0.04549919151850316
    angular: 
      x: 0.0
      y: 0.0
      z: 0.0
  covariance: [0.0, 0.0, 0.0, 0.0, 0.0, 0.0, 0.0, 0.0, 0.0, 0.0, 0.0, 0.0, 0.0, 0.0, 0.0, 0.0, 0.0, 0.0, 0.0, 0.0, 0.0, 0.0, 0.0, 0.0, 0.0, 0.0, 0.0, 0.0, 0.0, 0.0, 0.0, 0.0, 0.0, 0.0, 0.0, 0.0]
---
header: 
  seq: 874
  stamp: 
    secs: 1744093933
    nsecs: 872887850
  frame_id: "world"
child_frame_id: "world"
pose: 
  pose: 
    position: 
      x: 0.4462228039993344
      y: -0.058223481163851384
      z: 0.5022150304380422
    orientation: 
      x: -0.008248271588583527
      y: 0.00667404543159906
      z: 0.005152952370923955
      w: 0.999930432687815
  covariance: [0.0, 0.0, 0.0, 0.0, 0.0, 0.0, 0.0, 0.0, 0.0, 0.0, 0.0, 0.0, 0.0, 0.0, 0.0, 0.0, 0.0, 0.0, 0.0, 0.0, 0.0, 0.0, 0.0, 0.0, 0.0, 0.0, 0.0, 0.0, 0.0, 0.0, 0.0, 0.0, 0.0, 0.0, 0.0, 0.0]
twist: 
  twist: 
    linear: 
      x: 0.05447302326319836
      y: -0.015826475184235078
      z: -0.03057560243490406
    angular: 
      x: 0.0
      y: 0.0
      z: 0.0
  covariance: [0.0, 0.0, 0.0, 0.0, 0.0, 0.0, 0.0, 0.0, 0.0, 0.0, 0.0, 0.0, 0.0, 0.0, 0.0, 0.0, 0.0, 0.0, 0.0, 0.0, 0.0, 0.0, 0.0, 0.0, 0.0, 0.0, 0.0, 0.0, 0.0, 0.0, 0.0, 0.0, 0.0, 0.0, 0.0, 0.0]
---
header: 
  seq: 875
  stamp: 
    secs: 1744093934
    nsecs:   6222725
  frame_id: "world"
child_frame_id: "world"
pose: 
  pose: 
    position: 
      x: 0.45099030485193553
      y: -0.06434455993061429
      z: 0.4978701938642664
    orientation: 
      x: -0.005689283595267517
      y: 0.000601129907531701
      z: 0.006234933079693892
      w: 0.9999641975113402
  covariance: [0.0, 0.0, 0.0, 0.0, 0.0, 0.0, 0.0, 0.0, 0.0, 0.0, 0.0, 0.0, 0.0, 0.0, 0.0, 0.0, 0.0, 0.0, 0.0, 0.0, 0.0, 0.0, 0.0, 0.0, 0.0, 0.0, 0.0, 0.0, 0.0, 0.0, 0.0, 0.0, 0.0, 0.0, 0.0, 0.0]
twist: 
  twist: 
    linear: 
      x: 0.05213557730597517
      y: -0.01691672854482512
      z: -0.042110280139599506
    angular: 
      x: 0.0
      y: 0.0
      z: 0.0
  covariance: [0.0, 0.0, 0.0, 0.0, 0.0, 0.0, 0.0, 0.0, 0.0, 0.0, 0.0, 0.0, 0.0, 0.0, 0.0, 0.0, 0.0, 0.0, 0.0, 0.0, 0.0, 0.0, 0.0, 0.0, 0.0, 0.0, 0.0, 0.0, 0.0, 0.0, 0.0, 0.0, 0.0, 0.0, 0.0, 0.0]
---
header: 
  seq: 876
  stamp: 
    secs: 1744093934
    nsecs: 139557123
  frame_id: "world"
child_frame_id: "world"
pose: 
  pose: 
    position: 
      x: 0.45411519078378126
      y: -0.06948292796768622
      z: 0.49278258726164464
    orientation: 
      x: -0.011883068586515699
      y: -0.0007757524267176389
      z: 0.007049850469192559
      w: 0.9999042406638261
  covariance: [0.0, 0.0, 0.0, 0.0, 0.0, 0.0, 0.0, 0.0, 0.0, 0.0, 0.0, 0.0, 0.0, 0.0, 0.0, 0.0, 0.0, 0.0, 0.0, 0.0, 0.0, 0.0, 0.0, 0.0, 0.0, 0.0, 0.0, 0.0, 0.0, 0.0, 0.0, 0.0, 0.0, 0.0, 0.0, 0.0]
twist: 
  twist: 
    linear: 
      x: 0.03672206197864193
      y: -0.015508054439125549
      z: -0.036446931914147836
    angular: 
      x: 0.0
      y: 0.0
      z: 0.0
  covariance: [0.0, 0.0, 0.0, 0.0, 0.0, 0.0, 0.0, 0.0, 0.0, 0.0, 0.0, 0.0, 0.0, 0.0, 0.0, 0.0, 0.0, 0.0, 0.0, 0.0, 0.0, 0.0, 0.0, 0.0, 0.0, 0.0, 0.0, 0.0, 0.0, 0.0, 0.0, 0.0, 0.0, 0.0, 0.0, 0.0]
---
header: 
  seq: 877
  stamp: 
    secs: 1744093934
    nsecs: 272891045
  frame_id: "world"
child_frame_id: "world"
pose: 
  pose: 
    position: 
      x: 0.45412591691207577
      y: -0.07744333550466602
      z: 0.49243905018049594
    orientation: 
      x: -0.010561270864083606
      y: 0.00172483524041891
      z: 0.0076939421604964925
      w: 0.9999131401052592
  covariance: [0.0, 0.0, 0.0, 0.0, 0.0, 0.0, 0.0, 0.0, 0.0, 0.0, 0.0, 0.0, 0.0, 0.0, 0.0, 0.0, 0.0, 0.0, 0.0, 0.0, 0.0, 0.0, 0.0, 0.0, 0.0, 0.0, 0.0, 0.0, 0.0, 0.0, 0.0, 0.0, 0.0, 0.0, 0.0, 0.0]
twist: 
  twist: 
    linear: 
      x: 0.011172671885681782
      y: 0.01630069995658864
      z: -0.015751439462055823
    angular: 
      x: 0.0
      y: 0.0
      z: 0.0
  covariance: [0.0, 0.0, 0.0, 0.0, 0.0, 0.0, 0.0, 0.0, 0.0, 0.0, 0.0, 0.0, 0.0, 0.0, 0.0, 0.0, 0.0, 0.0, 0.0, 0.0, 0.0, 0.0, 0.0, 0.0, 0.0, 0.0, 0.0, 0.0, 0.0, 0.0, 0.0, 0.0, 0.0, 0.0, 0.0, 0.0]
---
header: 
  seq: 878
  stamp: 
    secs: 1744093934
    nsecs: 406225920
  frame_id: "world"
child_frame_id: "world"
pose: 
  pose: 
    position: 
      x: 0.45245443467371604
      y: -0.08597204038800312
      z: 0.4948505256524609
    orientation: 
      x: -0.006492344056152298
      y: 0.006634070165333381
      z: 0.00780502867182565
      w: 0.9999264573503043
  covariance: [0.0, 0.0, 0.0, 0.0, 0.0, 0.0, 0.0, 0.0, 0.0, 0.0, 0.0, 0.0, 0.0, 0.0, 0.0, 0.0, 0.0, 0.0, 0.0, 0.0, 0.0, 0.0, 0.0, 0.0, 0.0, 0.0, 0.0, 0.0, 0.0, 0.0, 0.0, 0.0, 0.0, 0.0, 0.0, 0.0]
twist: 
  twist: 
    linear: 
      x: 0.00315869445755873
      y: 0.011116558415371475
      z: 0.007984718257484114
    angular: 
      x: 0.0
      y: 0.0
      z: 0.0
  covariance: [0.0, 0.0, 0.0, 0.0, 0.0, 0.0, 0.0, 0.0, 0.0, 0.0, 0.0, 0.0, 0.0, 0.0, 0.0, 0.0, 0.0, 0.0, 0.0, 0.0, 0.0, 0.0, 0.0, 0.0, 0.0, 0.0, 0.0, 0.0, 0.0, 0.0, 0.0, 0.0, 0.0, 0.0, 0.0, 0.0]
---
header: 
  seq: 879
  stamp: 
    secs: 1744093934
    nsecs: 539559364
  frame_id: "world"
child_frame_id: "world"
pose: 
  pose: 
    position: 
      x: 0.4508924699733897
      y: -0.09653592270072255
      z: 0.49791209273759784
    orientation: 
      x: -0.006822116700856202
      y: 0.008619599031769594
      z: 0.006823527957294953
      w: 0.9999162968481249
  covariance: [0.0, 0.0, 0.0, 0.0, 0.0, 0.0, 0.0, 0.0, 0.0, 0.0, 0.0, 0.0, 0.0, 0.0, 0.0, 0.0, 0.0, 0.0, 0.0, 0.0, 0.0, 0.0, 0.0, 0.0, 0.0, 0.0, 0.0, 0.0, 0.0, 0.0, 0.0, 0.0, 0.0, 0.0, 0.0, 0.0]
twist: 
  twist: 
    linear: 
      x: -0.0023114925921404656
      y: -0.0020908653831819787
      z: 0.0037120397319714703
    angular: 
      x: 0.0
      y: 0.0
      z: 0.0
  covariance: [0.0, 0.0, 0.0, 0.0, 0.0, 0.0, 0.0, 0.0, 0.0, 0.0, 0.0, 0.0, 0.0, 0.0, 0.0, 0.0, 0.0, 0.0, 0.0, 0.0, 0.0, 0.0, 0.0, 0.0, 0.0, 0.0, 0.0, 0.0, 0.0, 0.0, 0.0, 0.0, 0.0, 0.0, 0.0, 0.0]
---
header: 
  seq: 880
  stamp: 
    secs: 1744093934
    nsecs: 672895193
  frame_id: "world"
child_frame_id: "world"
pose: 
  pose: 
    position: 
      x: 0.45009361019933225
      y: -0.10584965644670931
      z: 0.49887567415409484
    orientation: 
      x: -0.010140389328400291
      y: 0.010258000768307338
      z: 0.006751108493758553
      w: 0.999873176187166
  covariance: [0.0, 0.0, 0.0, 0.0, 0.0, 0.0, 0.0, 0.0, 0.0, 0.0, 0.0, 0.0, 0.0, 0.0, 0.0, 0.0, 0.0, 0.0, 0.0, 0.0, 0.0, 0.0, 0.0, 0.0, 0.0, 0.0, 0.0, 0.0, 0.0, 0.0, 0.0, 0.0, 0.0, 0.0, 0.0, 0.0]
twist: 
  twist: 
    linear: 
      x: -0.002610780258838845
      y: 0.013851094306912054
      z: -0.018411527612034073
    angular: 
      x: 0.0
      y: 0.0
      z: 0.0
  covariance: [0.0, 0.0, 0.0, 0.0, 0.0, 0.0, 0.0, 0.0, 0.0, 0.0, 0.0, 0.0, 0.0, 0.0, 0.0, 0.0, 0.0, 0.0, 0.0, 0.0, 0.0, 0.0, 0.0, 0.0, 0.0, 0.0, 0.0, 0.0, 0.0, 0.0, 0.0, 0.0, 0.0, 0.0, 0.0, 0.0]
---
header: 
  seq: 881
  stamp: 
    secs: 1744093934
    nsecs: 806255817
  frame_id: "world"
child_frame_id: "world"
pose: 
  pose: 
    position: 
      x: 0.4507078518287287
      y: -0.11287281718297955
      z: 0.49785920493465197
    orientation: 
      x: -0.012662120674263836
      y: 0.011577160376275842
      z: 0.006889153700164248
      w: 0.9998290752018306
  covariance: [0.0, 0.0, 0.0, 0.0, 0.0, 0.0, 0.0, 0.0, 0.0, 0.0, 0.0, 0.0, 0.0, 0.0, 0.0, 0.0, 0.0, 0.0, 0.0, 0.0, 0.0, 0.0, 0.0, 0.0, 0.0, 0.0, 0.0, 0.0, 0.0, 0.0, 0.0, 0.0, 0.0, 0.0, 0.0, 0.0]
twist: 
  twist: 
    linear: 
      x: 0.010084609382847838
      y: 0.009784453499700694
      z: 0.0022071515016671202
    angular: 
      x: 0.0
      y: 0.0
      z: 0.0
  covariance: [0.0, 0.0, 0.0, 0.0, 0.0, 0.0, 0.0, 0.0, 0.0, 0.0, 0.0, 0.0, 0.0, 0.0, 0.0, 0.0, 0.0, 0.0, 0.0, 0.0, 0.0, 0.0, 0.0, 0.0, 0.0, 0.0, 0.0, 0.0, 0.0, 0.0, 0.0, 0.0, 0.0, 0.0, 0.0, 0.0]
---
header: 
  seq: 882
  stamp: 
    secs: 1744093934
    nsecs: 939616680
  frame_id: "world"
child_frame_id: "world"
pose: 
  pose: 
    position: 
      x: 0.4518985403192579
      y: -0.11771799583488
      z: 0.49611429790946154
    orientation: 
      x: -0.01203780479080789
      y: 0.010259455434440715
      z: 0.0063748842470351666
      w: 0.9998545872679907
  covariance: [0.0, 0.0, 0.0, 0.0, 0.0, 0.0, 0.0, 0.0, 0.0, 0.0, 0.0, 0.0, 0.0, 0.0, 0.0, 0.0, 0.0, 0.0, 0.0, 0.0, 0.0, 0.0, 0.0, 0.0, 0.0, 0.0, 0.0, 0.0, 0.0, 0.0, 0.0, 0.0, 0.0, 0.0, 0.0, 0.0]
twist: 
  twist: 
    linear: 
      x: 0.016701945866065628
      y: 0.02641117126421979
      z: -0.010005434833319402
    angular: 
      x: 0.0
      y: 0.0
      z: 0.0
  covariance: [0.0, 0.0, 0.0, 0.0, 0.0, 0.0, 0.0, 0.0, 0.0, 0.0, 0.0, 0.0, 0.0, 0.0, 0.0, 0.0, 0.0, 0.0, 0.0, 0.0, 0.0, 0.0, 0.0, 0.0, 0.0, 0.0, 0.0, 0.0, 0.0, 0.0, 0.0, 0.0, 0.0, 0.0, 0.0, 0.0]
---
header: 
  seq: 883
  stamp: 
    secs: 1744093935
    nsecs:  72978258
  frame_id: "world"
child_frame_id: "world"
pose: 
  pose: 
    position: 
      x: 0.4534586905148597
      y: -0.12285939246731527
      z: 0.4933284281543456
    orientation: 
      x: -0.007335327383430274
      y: 0.006712783029923997
      z: 0.005463111880758377
      w: 0.9999356408913272
  covariance: [0.0, 0.0, 0.0, 0.0, 0.0, 0.0, 0.0, 0.0, 0.0, 0.0, 0.0, 0.0, 0.0, 0.0, 0.0, 0.0, 0.0, 0.0, 0.0, 0.0, 0.0, 0.0, 0.0, 0.0, 0.0, 0.0, 0.0, 0.0, 0.0, 0.0, 0.0, 0.0, 0.0, 0.0, 0.0, 0.0]
twist: 
  twist: 
    linear: 
      x: 0.014972890816970749
      y: 0.009453518528461921
      z: -0.024549844819710766
    angular: 
      x: 0.0
      y: 0.0
      z: 0.0
  covariance: [0.0, 0.0, 0.0, 0.0, 0.0, 0.0, 0.0, 0.0, 0.0, 0.0, 0.0, 0.0, 0.0, 0.0, 0.0, 0.0, 0.0, 0.0, 0.0, 0.0, 0.0, 0.0, 0.0, 0.0, 0.0, 0.0, 0.0, 0.0, 0.0, 0.0, 0.0, 0.0, 0.0, 0.0, 0.0, 0.0]
---
header: 
  seq: 884
  stamp: 
    secs: 1744093935
    nsecs: 206340075
  frame_id: "world"
child_frame_id: "world"
pose: 
  pose: 
    position: 
      x: 0.4552829063372665
      y: -0.12519644883786663
      z: 0.49478708400597343
    orientation: 
      x: -0.004854675262702698
      y: 0.004858441893201045
      z: 0.0042249953917914175
      w: 0.9999674880136871
  covariance: [0.0, 0.0, 0.0, 0.0, 0.0, 0.0, 0.0, 0.0, 0.0, 0.0, 0.0, 0.0, 0.0, 0.0, 0.0, 0.0, 0.0, 0.0, 0.0, 0.0, 0.0, 0.0, 0.0, 0.0, 0.0, 0.0, 0.0, 0.0, 0.0, 0.0, 0.0, 0.0, 0.0, 0.0, 0.0, 0.0]
twist: 
  twist: 
    linear: 
      x: 0.014240428599577548
      y: 0.006325000009038889
      z: 0.012090939648012146
    angular: 
      x: 0.0
      y: 0.0
      z: 0.0
  covariance: [0.0, 0.0, 0.0, 0.0, 0.0, 0.0, 0.0, 0.0, 0.0, 0.0, 0.0, 0.0, 0.0, 0.0, 0.0, 0.0, 0.0, 0.0, 0.0, 0.0, 0.0, 0.0, 0.0, 0.0, 0.0, 0.0, 0.0, 0.0, 0.0, 0.0, 0.0, 0.0, 0.0, 0.0, 0.0, 0.0]
---
header: 
  seq: 885
  stamp: 
    secs: 1744093935
    nsecs: 339702606
  frame_id: "world"
child_frame_id: "world"
pose: 
  pose: 
    position: 
      x: 0.4550763489783502
      y: -0.12434577344935228
      z: 0.501232629068762
    orientation: 
      x: -0.015441801835217314
      y: 0.005787832874115791
      z: 0.002977866335851117
      w: 0.9998595821708111
  covariance: [0.0, 0.0, 0.0, 0.0, 0.0, 0.0, 0.0, 0.0, 0.0, 0.0, 0.0, 0.0, 0.0, 0.0, 0.0, 0.0, 0.0, 0.0, 0.0, 0.0, 0.0, 0.0, 0.0, 0.0, 0.0, 0.0, 0.0, 0.0, 0.0, 0.0, 0.0, 0.0, 0.0, 0.0, 0.0, 0.0]
twist: 
  twist: 
    linear: 
      x: 0.002842813488556087
      y: 0.012439482406195593
      z: 0.02043973210167171
    angular: 
      x: 0.0
      y: 0.0
      z: 0.0
  covariance: [0.0, 0.0, 0.0, 0.0, 0.0, 0.0, 0.0, 0.0, 0.0, 0.0, 0.0, 0.0, 0.0, 0.0, 0.0, 0.0, 0.0, 0.0, 0.0, 0.0, 0.0, 0.0, 0.0, 0.0, 0.0, 0.0, 0.0, 0.0, 0.0, 0.0, 0.0, 0.0, 0.0, 0.0, 0.0, 0.0]
---
header: 
  seq: 886
  stamp: 
    secs: 1744093935
    nsecs: 473065615
  frame_id: "world"
child_frame_id: "world"
pose: 
  pose: 
    position: 
      x: 0.45427612558225
      y: -0.12018521199419997
      z: 0.5068099614827071
    orientation: 
      x: -0.018235406886291956
      y: 0.0073845833130699295
      z: 0.001967298037225587
      w: 0.9998045146944559
  covariance: [0.0, 0.0, 0.0, 0.0, 0.0, 0.0, 0.0, 0.0, 0.0, 0.0, 0.0, 0.0, 0.0, 0.0, 0.0, 0.0, 0.0, 0.0, 0.0, 0.0, 0.0, 0.0, 0.0, 0.0, 0.0, 0.0, 0.0, 0.0, 0.0, 0.0, 0.0, 0.0, 0.0, 0.0, 0.0, 0.0]
twist: 
  twist: 
    linear: 
      x: -0.001647393433634184
      y: 0.05087778984444247
      z: 0.02541132511036163
    angular: 
      x: 0.0
      y: 0.0
      z: 0.0
  covariance: [0.0, 0.0, 0.0, 0.0, 0.0, 0.0, 0.0, 0.0, 0.0, 0.0, 0.0, 0.0, 0.0, 0.0, 0.0, 0.0, 0.0, 0.0, 0.0, 0.0, 0.0, 0.0, 0.0, 0.0, 0.0, 0.0, 0.0, 0.0, 0.0, 0.0, 0.0, 0.0, 0.0, 0.0, 0.0, 0.0]
---
header: 
  seq: 887
  stamp: 
    secs: 1744093935
    nsecs: 606428862
  frame_id: "world"
child_frame_id: "world"
pose: 
  pose: 
    position: 
      x: 0.4536630221128881
      y: -0.10950690036482717
      z: 0.5135340424705425
    orientation: 
      x: -0.015179053253721084
      y: 0.007263283504473192
      z: 0.0010987134045592258
      w: 0.9998578068325061
  covariance: [0.0, 0.0, 0.0, 0.0, 0.0, 0.0, 0.0, 0.0, 0.0, 0.0, 0.0, 0.0, 0.0, 0.0, 0.0, 0.0, 0.0, 0.0, 0.0, 0.0, 0.0, 0.0, 0.0, 0.0, 0.0, 0.0, 0.0, 0.0, 0.0, 0.0, 0.0, 0.0, 0.0, 0.0, 0.0, 0.0]
twist: 
  twist: 
    linear: 
      x: -0.011901461051732287
      y: 0.07796322943593052
      z: 0.028158684521808225
    angular: 
      x: 0.0
      y: 0.0
      z: 0.0
  covariance: [0.0, 0.0, 0.0, 0.0, 0.0, 0.0, 0.0, 0.0, 0.0, 0.0, 0.0, 0.0, 0.0, 0.0, 0.0, 0.0, 0.0, 0.0, 0.0, 0.0, 0.0, 0.0, 0.0, 0.0, 0.0, 0.0, 0.0, 0.0, 0.0, 0.0, 0.0, 0.0, 0.0, 0.0, 0.0, 0.0]
---
header: 
  seq: 888
  stamp: 
    secs: 1744093935
    nsecs: 739823580
  frame_id: "world"
child_frame_id: "world"
pose: 
  pose: 
    position: 
      x: 0.4527364404593838
      y: -0.09805108903871042
      z: 0.5173919328255908
    orientation: 
      x: -0.01060490287797376
      y: 0.007752789559364244
      z: 0.0020524956747742674
      w: 0.9999116048684014
  covariance: [0.0, 0.0, 0.0, 0.0, 0.0, 0.0, 0.0, 0.0, 0.0, 0.0, 0.0, 0.0, 0.0, 0.0, 0.0, 0.0, 0.0, 0.0, 0.0, 0.0, 0.0, 0.0, 0.0, 0.0, 0.0, 0.0, 0.0, 0.0, 0.0, 0.0, 0.0, 0.0, 0.0, 0.0, 0.0, 0.0]
twist: 
  twist: 
    linear: 
      x: -0.00556954076710708
      y: 0.09320441073777402
      z: 0.026596655576307
    angular: 
      x: 0.0
      y: 0.0
      z: 0.0
  covariance: [0.0, 0.0, 0.0, 0.0, 0.0, 0.0, 0.0, 0.0, 0.0, 0.0, 0.0, 0.0, 0.0, 0.0, 0.0, 0.0, 0.0, 0.0, 0.0, 0.0, 0.0, 0.0, 0.0, 0.0, 0.0, 0.0, 0.0, 0.0, 0.0, 0.0, 0.0, 0.0, 0.0, 0.0, 0.0, 0.0]
---
header: 
  seq: 889
  stamp: 
    secs: 1744093935
    nsecs: 873250008
  frame_id: "world"
child_frame_id: "world"
pose: 
  pose: 
    position: 
      x: 0.4517502644668212
      y: -0.08603094919269368
      z: 0.5187187395728537
    orientation: 
      x: -0.005193990221937908
      y: 0.01057749634799487
      z: 0.0038419370446931664
      w: 0.9999231863279935
  covariance: [0.0, 0.0, 0.0, 0.0, 0.0, 0.0, 0.0, 0.0, 0.0, 0.0, 0.0, 0.0, 0.0, 0.0, 0.0, 0.0, 0.0, 0.0, 0.0, 0.0, 0.0, 0.0, 0.0, 0.0, 0.0, 0.0, 0.0, 0.0, 0.0, 0.0, 0.0, 0.0, 0.0, 0.0, 0.0, 0.0]
twist: 
  twist: 
    linear: 
      x: -0.008879464234780643
      y: 0.1024612573135879
      z: -0.027483934356532104
    angular: 
      x: 0.0
      y: 0.0
      z: 0.0
  covariance: [0.0, 0.0, 0.0, 0.0, 0.0, 0.0, 0.0, 0.0, 0.0, 0.0, 0.0, 0.0, 0.0, 0.0, 0.0, 0.0, 0.0, 0.0, 0.0, 0.0, 0.0, 0.0, 0.0, 0.0, 0.0, 0.0, 0.0, 0.0, 0.0, 0.0, 0.0, 0.0, 0.0, 0.0, 0.0, 0.0]
---
header: 
  seq: 890
  stamp: 
    secs: 1744093936
    nsecs:   6678820
  frame_id: "world"
child_frame_id: "world"
pose: 
  pose: 
    position: 
      x: 0.4513991579318598
      y: -0.07349291596837511
      z: 0.5127440785788546
    orientation: 
      x: -0.00033916968101108737
      y: 0.012448278169591676
      z: 0.0057651202134528885
      w: 0.9999058399286727
  covariance: [0.0, 0.0, 0.0, 0.0, 0.0, 0.0, 0.0, 0.0, 0.0, 0.0, 0.0, 0.0, 0.0, 0.0, 0.0, 0.0, 0.0, 0.0, 0.0, 0.0, 0.0, 0.0, 0.0, 0.0, 0.0, 0.0, 0.0, 0.0, 0.0, 0.0, 0.0, 0.0, 0.0, 0.0, 0.0, 0.0]
twist: 
  twist: 
    linear: 
      x: 0.0079962950837474
      y: 0.0816495024692712
      z: -0.041497724975064695
    angular: 
      x: 0.0
      y: 0.0
      z: 0.0
  covariance: [0.0, 0.0, 0.0, 0.0, 0.0, 0.0, 0.0, 0.0, 0.0, 0.0, 0.0, 0.0, 0.0, 0.0, 0.0, 0.0, 0.0, 0.0, 0.0, 0.0, 0.0, 0.0, 0.0, 0.0, 0.0, 0.0, 0.0, 0.0, 0.0, 0.0, 0.0, 0.0, 0.0, 0.0, 0.0, 0.0]
---
header: 
  seq: 891
  stamp: 
    secs: 1744093936
    nsecs: 140109301
  frame_id: "world"
child_frame_id: "world"
pose: 
  pose: 
    position: 
      x: 0.45516405753451444
      y: -0.062028317169470715
      z: 0.5061951516211798
    orientation: 
      x: -0.0003763479900959016
      y: 0.009770924768435675
      z: 0.006472199544624035
      w: 0.9999312466486956
  covariance: [0.0, 0.0, 0.0, 0.0, 0.0, 0.0, 0.0, 0.0, 0.0, 0.0, 0.0, 0.0, 0.0, 0.0, 0.0, 0.0, 0.0, 0.0, 0.0, 0.0, 0.0, 0.0, 0.0, 0.0, 0.0, 0.0, 0.0, 0.0, 0.0, 0.0, 0.0, 0.0, 0.0, 0.0, 0.0, 0.0]
twist: 
  twist: 
    linear: 
      x: 0.026334583171481993
      y: 0.050948737165040406
      z: -0.01707726106415522
    angular: 
      x: 0.0
      y: 0.0
      z: 0.0
  covariance: [0.0, 0.0, 0.0, 0.0, 0.0, 0.0, 0.0, 0.0, 0.0, 0.0, 0.0, 0.0, 0.0, 0.0, 0.0, 0.0, 0.0, 0.0, 0.0, 0.0, 0.0, 0.0, 0.0, 0.0, 0.0, 0.0, 0.0, 0.0, 0.0, 0.0, 0.0, 0.0, 0.0, 0.0, 0.0, 0.0]
---
header: 
  seq: 892
  stamp: 
    secs: 1744093936
    nsecs: 273541927
  frame_id: "world"
child_frame_id: "world"
pose: 
  pose: 
    position: 
      x: 0.45877047459955383
      y: -0.05359343029777937
      z: 0.5026993472530584
    orientation: 
      x: -0.003239057311559678
      y: 0.004857550707210163
      z: 0.0079477437846723
      w: 0.999951371856448
  covariance: [0.0, 0.0, 0.0, 0.0, 0.0, 0.0, 0.0, 0.0, 0.0, 0.0, 0.0, 0.0, 0.0, 0.0, 0.0, 0.0, 0.0, 0.0, 0.0, 0.0, 0.0, 0.0, 0.0, 0.0, 0.0, 0.0, 0.0, 0.0, 0.0, 0.0, 0.0, 0.0, 0.0, 0.0, 0.0, 0.0]
twist: 
  twist: 
    linear: 
      x: 0.024553574341986212
      y: 0.06581764238056398
      z: -0.01854268788328411
    angular: 
      x: 0.0
      y: 0.0
      z: 0.0
  covariance: [0.0, 0.0, 0.0, 0.0, 0.0, 0.0, 0.0, 0.0, 0.0, 0.0, 0.0, 0.0, 0.0, 0.0, 0.0, 0.0, 0.0, 0.0, 0.0, 0.0, 0.0, 0.0, 0.0, 0.0, 0.0, 0.0, 0.0, 0.0, 0.0, 0.0, 0.0, 0.0, 0.0, 0.0, 0.0, 0.0]
---
header: 
  seq: 893
  stamp: 
    secs: 1744093936
    nsecs: 406976461
  frame_id: "world"
child_frame_id: "world"
pose: 
  pose: 
    position: 
      x: 0.4558216928282583
      y: -0.044289874826322934
      z: 0.49797538725242385
    orientation: 
      x: -0.005628606395830534
      y: 0.003129781748180173
      z: 0.009618751997147
      w: 0.9999329991885791
  covariance: [0.0, 0.0, 0.0, 0.0, 0.0, 0.0, 0.0, 0.0, 0.0, 0.0, 0.0, 0.0, 0.0, 0.0, 0.0, 0.0, 0.0, 0.0, 0.0, 0.0, 0.0, 0.0, 0.0, 0.0, 0.0, 0.0, 0.0, 0.0, 0.0, 0.0, 0.0, 0.0, 0.0, 0.0, 0.0, 0.0]
twist: 
  twist: 
    linear: 
      x: 0.010952757799324656
      y: 0.04496152064458563
      z: -0.009180653392823358
    angular: 
      x: 0.0
      y: 0.0
      z: 0.0
  covariance: [0.0, 0.0, 0.0, 0.0, 0.0, 0.0, 0.0, 0.0, 0.0, 0.0, 0.0, 0.0, 0.0, 0.0, 0.0, 0.0, 0.0, 0.0, 0.0, 0.0, 0.0, 0.0, 0.0, 0.0, 0.0, 0.0, 0.0, 0.0, 0.0, 0.0, 0.0, 0.0, 0.0, 0.0, 0.0, 0.0]
---
header: 
  seq: 894
  stamp: 
    secs: 1744093936
    nsecs: 540413141
  frame_id: "world"
child_frame_id: "world"
pose: 
  pose: 
    position: 
      x: 0.4564523667748104
      y: -0.03871535560570947
      z: 0.4978840975505483
    orientation: 
      x: -0.005463812679720914
      y: 0.002997908869332854
      z: 0.010847491523017252
      w: 0.9999217425484207
  covariance: [0.0, 0.0, 0.0, 0.0, 0.0, 0.0, 0.0, 0.0, 0.0, 0.0, 0.0, 0.0, 0.0, 0.0, 0.0, 0.0, 0.0, 0.0, 0.0, 0.0, 0.0, 0.0, 0.0, 0.0, 0.0, 0.0, 0.0, 0.0, 0.0, 0.0, 0.0, 0.0, 0.0, 0.0, 0.0, 0.0]
twist: 
  twist: 
    linear: 
      x: 0.0006844151662828657
      y: 0.03225020965022353
      z: 0.005138528203311
    angular: 
      x: 0.0
      y: 0.0
      z: 0.0
  covariance: [0.0, 0.0, 0.0, 0.0, 0.0, 0.0, 0.0, 0.0, 0.0, 0.0, 0.0, 0.0, 0.0, 0.0, 0.0, 0.0, 0.0, 0.0, 0.0, 0.0, 0.0, 0.0, 0.0, 0.0, 0.0, 0.0, 0.0, 0.0, 0.0, 0.0, 0.0, 0.0, 0.0, 0.0, 0.0, 0.0]
---
header: 
  seq: 895
  stamp: 
    secs: 1744093936
    nsecs: 673851490
  frame_id: "world"
child_frame_id: "world"
pose: 
  pose: 
    position: 
      x: 0.4523140914660945
      y: -0.03038523477005619
      z: 0.4902644985970363
    orientation: 
      x: -0.0046819349405982195
      y: 0.005199470644150147
      z: 0.011155432297842502
      w: 0.9999132969015267
  covariance: [0.0, 0.0, 0.0, 0.0, 0.0, 0.0, 0.0, 0.0, 0.0, 0.0, 0.0, 0.0, 0.0, 0.0, 0.0, 0.0, 0.0, 0.0, 0.0, 0.0, 0.0, 0.0, 0.0, 0.0, 0.0, 0.0, 0.0, 0.0, 0.0, 0.0, 0.0, 0.0, 0.0, 0.0, 0.0, 0.0]
twist: 
  twist: 
    linear: 
      x: -0.022690567379356822
      y: 0.049701160997595
      z: -0.018579498881769352
    angular: 
      x: 0.0
      y: 0.0
      z: 0.0
  covariance: [0.0, 0.0, 0.0, 0.0, 0.0, 0.0, 0.0, 0.0, 0.0, 0.0, 0.0, 0.0, 0.0, 0.0, 0.0, 0.0, 0.0, 0.0, 0.0, 0.0, 0.0, 0.0, 0.0, 0.0, 0.0, 0.0, 0.0, 0.0, 0.0, 0.0, 0.0, 0.0, 0.0, 0.0, 0.0, 0.0]
---
header: 
  seq: 896
  stamp: 
    secs: 1744093936
    nsecs: 807201385
  frame_id: "world"
child_frame_id: "world"
pose: 
  pose: 
    position: 
      x: 0.44803052860359566
      y: -0.025672665439675925
      z: 0.4813336206083032
    orientation: 
      x: -0.001274608114736844
      y: 0.007267829690263261
      z: 0.011997217562298023
      w: 0.9999008054784785
  covariance: [0.0, 0.0, 0.0, 0.0, 0.0, 0.0, 0.0, 0.0, 0.0, 0.0, 0.0, 0.0, 0.0, 0.0, 0.0, 0.0, 0.0, 0.0, 0.0, 0.0, 0.0, 0.0, 0.0, 0.0, 0.0, 0.0, 0.0, 0.0, 0.0, 0.0, 0.0, 0.0, 0.0, 0.0, 0.0, 0.0]
twist: 
  twist: 
    linear: 
      x: -0.030538768585418905
      y: 0.041584801542881876
      z: -0.042520496764294265
    angular: 
      x: 0.0
      y: 0.0
      z: 0.0
  covariance: [0.0, 0.0, 0.0, 0.0, 0.0, 0.0, 0.0, 0.0, 0.0, 0.0, 0.0, 0.0, 0.0, 0.0, 0.0, 0.0, 0.0, 0.0, 0.0, 0.0, 0.0, 0.0, 0.0, 0.0, 0.0, 0.0, 0.0, 0.0, 0.0, 0.0, 0.0, 0.0, 0.0, 0.0, 0.0, 0.0]
---
header: 
  seq: 897
  stamp: 
    secs: 1744093936
    nsecs: 940551281
  frame_id: "world"
child_frame_id: "world"
pose: 
  pose: 
    position: 
      x: 0.4455450938926138
      y: -0.02259140022909353
      z: 0.4686412809822843
    orientation: 
      x: 0.001606252146504382
      y: 0.012685558045992718
      z: 0.011722223120016795
      w: 0.9998495317077606
  covariance: [0.0, 0.0, 0.0, 0.0, 0.0, 0.0, 0.0, 0.0, 0.0, 0.0, 0.0, 0.0, 0.0, 0.0, 0.0, 0.0, 0.0, 0.0, 0.0, 0.0, 0.0, 0.0, 0.0, 0.0, 0.0, 0.0, 0.0, 0.0, 0.0, 0.0, 0.0, 0.0, 0.0, 0.0, 0.0, 0.0]
twist: 
  twist: 
    linear: 
      x: -0.017327194778591033
      y: 0.019067376799361307
      z: -0.05370117444958573
    angular: 
      x: 0.0
      y: 0.0
      z: 0.0
  covariance: [0.0, 0.0, 0.0, 0.0, 0.0, 0.0, 0.0, 0.0, 0.0, 0.0, 0.0, 0.0, 0.0, 0.0, 0.0, 0.0, 0.0, 0.0, 0.0, 0.0, 0.0, 0.0, 0.0, 0.0, 0.0, 0.0, 0.0, 0.0, 0.0, 0.0, 0.0, 0.0, 0.0, 0.0, 0.0, 0.0]
---
header: 
  seq: 898
  stamp: 
    secs: 1744093937
    nsecs:  73902607
  frame_id: "world"
child_frame_id: "world"
pose: 
  pose: 
    position: 
      x: 0.44649390555710516
      y: -0.018751168152456057
      z: 0.45953351467537024
    orientation: 
      x: 0.0019850568484138455
      y: 0.013194328048517999
      z: 0.009746731404505556
      w: 0.9998634759223807
  covariance: [0.0, 0.0, 0.0, 0.0, 0.0, 0.0, 0.0, 0.0, 0.0, 0.0, 0.0, 0.0, 0.0, 0.0, 0.0, 0.0, 0.0, 0.0, 0.0, 0.0, 0.0, 0.0, 0.0, 0.0, 0.0, 0.0, 0.0, 0.0, 0.0, 0.0, 0.0, 0.0, 0.0, 0.0, 0.0, 0.0]
twist: 
  twist: 
    linear: 
      x: 0.00522369350967189
      y: 0.017894087173496047
      z: -0.04052907677552714
    angular: 
      x: 0.0
      y: 0.0
      z: 0.0
  covariance: [0.0, 0.0, 0.0, 0.0, 0.0, 0.0, 0.0, 0.0, 0.0, 0.0, 0.0, 0.0, 0.0, 0.0, 0.0, 0.0, 0.0, 0.0, 0.0, 0.0, 0.0, 0.0, 0.0, 0.0, 0.0, 0.0, 0.0, 0.0, 0.0, 0.0, 0.0, 0.0, 0.0, 0.0, 0.0, 0.0]
---
header: 
  seq: 899
  stamp: 
    secs: 1744093937
    nsecs: 207253456
  frame_id: "world"
child_frame_id: "world"
pose: 
  pose: 
    position: 
      x: 0.44818121356391183
      y: -0.01901377608999028
      z: 0.45736829740588764
    orientation: 
      x: 0.0027267676442769384
      y: 0.010205373696279732
      z: 0.009699959722772654
      w: 0.99989715764538
  covariance: [0.0, 0.0, 0.0, 0.0, 0.0, 0.0, 0.0, 0.0, 0.0, 0.0, 0.0, 0.0, 0.0, 0.0, 0.0, 0.0, 0.0, 0.0, 0.0, 0.0, 0.0, 0.0, 0.0, 0.0, 0.0, 0.0, 0.0, 0.0, 0.0, 0.0, 0.0, 0.0, 0.0, 0.0, 0.0, 0.0]
twist: 
  twist: 
    linear: 
      x: 0.019022375747165282
      y: 0.009555928668741094
      z: 0.011002892168771107
    angular: 
      x: 0.0
      y: 0.0
      z: 0.0
  covariance: [0.0, 0.0, 0.0, 0.0, 0.0, 0.0, 0.0, 0.0, 0.0, 0.0, 0.0, 0.0, 0.0, 0.0, 0.0, 0.0, 0.0, 0.0, 0.0, 0.0, 0.0, 0.0, 0.0, 0.0, 0.0, 0.0, 0.0, 0.0, 0.0, 0.0, 0.0, 0.0, 0.0, 0.0, 0.0, 0.0]
---
header: 
  seq: 900
  stamp: 
    secs: 1744093937
    nsecs: 340604305
  frame_id: "world"
child_frame_id: "world"
pose: 
  pose: 
    position: 
      x: 0.4519873657968046
      y: -0.02855345886693673
      z: 0.4590166020646974
    orientation: 
      x: -0.0003361530652746632
      y: 0.0068705084126148225
      z: 0.010497469993054795
      w: 0.9999212400179396
  covariance: [0.0, 0.0, 0.0, 0.0, 0.0, 0.0, 0.0, 0.0, 0.0, 0.0, 0.0, 0.0, 0.0, 0.0, 0.0, 0.0, 0.0, 0.0, 0.0, 0.0, 0.0, 0.0, 0.0, 0.0, 0.0, 0.0, 0.0, 0.0, 0.0, 0.0, 0.0, 0.0, 0.0, 0.0, 0.0, 0.0]
twist: 
  twist: 
    linear: 
      x: 0.028220152306637183
      y: -0.05716878081939049
      z: 0.0211873612434176
    angular: 
      x: 0.0
      y: 0.0
      z: 0.0
  covariance: [0.0, 0.0, 0.0, 0.0, 0.0, 0.0, 0.0, 0.0, 0.0, 0.0, 0.0, 0.0, 0.0, 0.0, 0.0, 0.0, 0.0, 0.0, 0.0, 0.0, 0.0, 0.0, 0.0, 0.0, 0.0, 0.0, 0.0, 0.0, 0.0, 0.0, 0.0, 0.0, 0.0, 0.0, 0.0, 0.0]
---
header: 
  seq: 901
  stamp: 
    secs: 1744093937
    nsecs: 473955631
  frame_id: "world"
child_frame_id: "world"
pose: 
  pose: 
    position: 
      x: 0.4542250640335543
      y: -0.03454258066979629
      z: 0.4607175232142653
    orientation: 
      x: -0.004201978974738952
      y: 0.004317867553376857
      z: 0.009928116596080902
      w: 0.9999325636728419
  covariance: [0.0, 0.0, 0.0, 0.0, 0.0, 0.0, 0.0, 0.0, 0.0, 0.0, 0.0, 0.0, 0.0, 0.0, 0.0, 0.0, 0.0, 0.0, 0.0, 0.0, 0.0, 0.0, 0.0, 0.0, 0.0, 0.0, 0.0, 0.0, 0.0, 0.0, 0.0, 0.0, 0.0, 0.0, 0.0, 0.0]
twist: 
  twist: 
    linear: 
      x: 0.02103540710338239
      y: -0.04622502649907103
      z: 0.010764122494632468
    angular: 
      x: 0.0
      y: 0.0
      z: 0.0
  covariance: [0.0, 0.0, 0.0, 0.0, 0.0, 0.0, 0.0, 0.0, 0.0, 0.0, 0.0, 0.0, 0.0, 0.0, 0.0, 0.0, 0.0, 0.0, 0.0, 0.0, 0.0, 0.0, 0.0, 0.0, 0.0, 0.0, 0.0, 0.0, 0.0, 0.0, 0.0, 0.0, 0.0, 0.0, 0.0, 0.0]
---
header: 
  seq: 902
  stamp: 
    secs: 1744093937
    nsecs: 607307434
  frame_id: "world"
child_frame_id: "world"
pose: 
  pose: 
    position: 
      x: 0.4558195720642482
      y: -0.041126435101615996
      z: 0.4631993322880803
    orientation: 
      x: -0.007279065476456279
      y: 0.003342320302533914
      z: 0.009683268391583719
      w: 0.999921036089371
  covariance: [0.0, 0.0, 0.0, 0.0, 0.0, 0.0, 0.0, 0.0, 0.0, 0.0, 0.0, 0.0, 0.0, 0.0, 0.0, 0.0, 0.0, 0.0, 0.0, 0.0, 0.0, 0.0, 0.0, 0.0, 0.0, 0.0, 0.0, 0.0, 0.0, 0.0, 0.0, 0.0, 0.0, 0.0, 0.0, 0.0]
twist: 
  twist: 
    linear: 
      x: 0.009757693566119548
      y: -0.030482316499698476
      z: 0.009115410710488344
    angular: 
      x: 0.0
      y: 0.0
      z: 0.0
  covariance: [0.0, 0.0, 0.0, 0.0, 0.0, 0.0, 0.0, 0.0, 0.0, 0.0, 0.0, 0.0, 0.0, 0.0, 0.0, 0.0, 0.0, 0.0, 0.0, 0.0, 0.0, 0.0, 0.0, 0.0, 0.0, 0.0, 0.0, 0.0, 0.0, 0.0, 0.0, 0.0, 0.0, 0.0, 0.0, 0.0]
---
header: 
  seq: 903
  stamp: 
    secs: 1744093937
    nsecs: 740651369
  frame_id: "world"
child_frame_id: "world"
pose: 
  pose: 
    position: 
      x: 0.45673464170445627
      y: -0.04523824666295248
      z: 0.4663313354339892
    orientation: 
      x: -0.015215319958193956
      y: 0.004691070768307992
      z: 0.008395722567484084
      w: 0.9998379867439456
  covariance: [0.0, 0.0, 0.0, 0.0, 0.0, 0.0, 0.0, 0.0, 0.0, 0.0, 0.0, 0.0, 0.0, 0.0, 0.0, 0.0, 0.0, 0.0, 0.0, 0.0, 0.0, 0.0, 0.0, 0.0, 0.0, 0.0, 0.0, 0.0, 0.0, 0.0, 0.0, 0.0, 0.0, 0.0, 0.0, 0.0]
twist: 
  twist: 
    linear: 
      x: 0.0034036376536828116
      y: -0.0402452021623571
      z: 0.037168275512070206
    angular: 
      x: 0.0
      y: 0.0
      z: 0.0
  covariance: [0.0, 0.0, 0.0, 0.0, 0.0, 0.0, 0.0, 0.0, 0.0, 0.0, 0.0, 0.0, 0.0, 0.0, 0.0, 0.0, 0.0, 0.0, 0.0, 0.0, 0.0, 0.0, 0.0, 0.0, 0.0, 0.0, 0.0, 0.0, 0.0, 0.0, 0.0, 0.0, 0.0, 0.0, 0.0, 0.0]
---
header: 
  seq: 904
  stamp: 
    secs: 1744093937
    nsecs: 873986959
  frame_id: "world"
child_frame_id: "world"
pose: 
  pose: 
    position: 
      x: 0.45702355033585373
      y: -0.04623867751958967
      z: 0.472342988131558
    orientation: 
      x: -0.016623896538841634
      y: 0.006857207901757722
      z: 0.0075825675300394465
      w: 0.9998095465804027
  covariance: [0.0, 0.0, 0.0, 0.0, 0.0, 0.0, 0.0, 0.0, 0.0, 0.0, 0.0, 0.0, 0.0, 0.0, 0.0, 0.0, 0.0, 0.0, 0.0, 0.0, 0.0, 0.0, 0.0, 0.0, 0.0, 0.0, 0.0, 0.0, 0.0, 0.0, 0.0, 0.0, 0.0, 0.0, 0.0, 0.0]
twist: 
  twist: 
    linear: 
      x: -0.004995405973616518
      y: 0.0013764224285147933
      z: 0.029663110209931568
    angular: 
      x: 0.0
      y: 0.0
      z: 0.0
  covariance: [0.0, 0.0, 0.0, 0.0, 0.0, 0.0, 0.0, 0.0, 0.0, 0.0, 0.0, 0.0, 0.0, 0.0, 0.0, 0.0, 0.0, 0.0, 0.0, 0.0, 0.0, 0.0, 0.0, 0.0, 0.0, 0.0, 0.0, 0.0, 0.0, 0.0, 0.0, 0.0, 0.0, 0.0, 0.0, 0.0]
---
header: 
  seq: 905
  stamp: 
    secs: 1744093938
    nsecs:   7322311
  frame_id: "world"
child_frame_id: "world"
pose: 
  pose: 
    position: 
      x: 0.4563443636240794
      y: -0.04439388577455355
      z: 0.4786439853715985
    orientation: 
      x: -0.013217502155229714
      y: 0.009231648512137135
      z: 0.007152395723327575
      w: 0.9998444466705517
  covariance: [0.0, 0.0, 0.0, 0.0, 0.0, 0.0, 0.0, 0.0, 0.0, 0.0, 0.0, 0.0, 0.0, 0.0, 0.0, 0.0, 0.0, 0.0, 0.0, 0.0, 0.0, 0.0, 0.0, 0.0, 0.0, 0.0, 0.0, 0.0, 0.0, 0.0, 0.0, 0.0, 0.0, 0.0, 0.0, 0.0]
twist: 
  twist: 
    linear: 
      x: -0.0009367117146945491
      y: 0.020901532435340816
      z: 0.038619344031115846
    angular: 
      x: 0.0
      y: 0.0
      z: 0.0
  covariance: [0.0, 0.0, 0.0, 0.0, 0.0, 0.0, 0.0, 0.0, 0.0, 0.0, 0.0, 0.0, 0.0, 0.0, 0.0, 0.0, 0.0, 0.0, 0.0, 0.0, 0.0, 0.0, 0.0, 0.0, 0.0, 0.0, 0.0, 0.0, 0.0, 0.0, 0.0, 0.0, 0.0, 0.0, 0.0, 0.0]
---
header: 
  seq: 906
  stamp: 
    secs: 1744093938
    nsecs: 140657187
  frame_id: "world"
child_frame_id: "world"
pose: 
  pose: 
    position: 
      x: 0.45475118327417857
      y: -0.03102370725890003
      z: 0.4873310715348029
    orientation: 
      x: 0.004975387444509786
      y: 0.017603474441580193
      z: 0.17627024981493133
      w: 0.9841718154049848
  covariance: [0.0, 0.0, 0.0, 0.0, 0.0, 0.0, 0.0, 0.0, 0.0, 0.0, 0.0, 0.0, 0.0, 0.0, 0.0, 0.0, 0.0, 0.0, 0.0, 0.0, 0.0, 0.0, 0.0, 0.0, 0.0, 0.0, 0.0, 0.0, 0.0, 0.0, 0.0, 0.0, 0.0, 0.0, 0.0, 0.0]
twist: 
  twist: 
    linear: 
      x: -0.018440638505122436
      y: 0.12177202957296317
      z: 0.0630864019428368
    angular: 
      x: 0.0
      y: 0.0
      z: 0.0
  covariance: [0.0, 0.0, 0.0, 0.0, 0.0, 0.0, 0.0, 0.0, 0.0, 0.0, 0.0, 0.0, 0.0, 0.0, 0.0, 0.0, 0.0, 0.0, 0.0, 0.0, 0.0, 0.0, 0.0, 0.0, 0.0, 0.0, 0.0, 0.0, 0.0, 0.0, 0.0, 0.0, 0.0, 0.0, 0.0, 0.0]
---
header: 
  seq: 907
  stamp: 
    secs: 1744093938
    nsecs: 273991585
  frame_id: "world"
child_frame_id: "world"
pose: 
  pose: 
    position: 
      x: 0.45148121967582683
      y: -0.02022214999008102
      z: 0.4902982964694328
    orientation: 
      x: 0.016828131930723425
      y: 0.019890535702821392
      z: 0.3560187543235267
      w: 0.9341155320061332
  covariance: [0.0, 0.0, 0.0, 0.0, 0.0, 0.0, 0.0, 0.0, 0.0, 0.0, 0.0, 0.0, 0.0, 0.0, 0.0, 0.0, 0.0, 0.0, 0.0, 0.0, 0.0, 0.0, 0.0, 0.0, 0.0, 0.0, 0.0, 0.0, 0.0, 0.0, 0.0, 0.0, 0.0, 0.0, 0.0, 0.0]
twist: 
  twist: 
    linear: 
      x: -0.007877467178153094
      y: 0.060649758428359866
      z: -0.016526099899690175
    angular: 
      x: 0.0
      y: 0.0
      z: 0.0
  covariance: [0.0, 0.0, 0.0, 0.0, 0.0, 0.0, 0.0, 0.0, 0.0, 0.0, 0.0, 0.0, 0.0, 0.0, 0.0, 0.0, 0.0, 0.0, 0.0, 0.0, 0.0, 0.0, 0.0, 0.0, 0.0, 0.0, 0.0, 0.0, 0.0, 0.0, 0.0, 0.0, 0.0, 0.0, 0.0, 0.0]
---
header: 
  seq: 908
  stamp: 
    secs: 1744093938
    nsecs: 407325983
  frame_id: "world"
child_frame_id: "world"
pose: 
  pose: 
    position: 
      x: 0.45361917297615567
      y: -0.016831837679923536
      z: 0.48783860695796294
    orientation: 
      x: 0.01591682783896763
      y: 0.005562727683349941
      z: 0.4802742070320388
      w: 0.8769563254301846
  covariance: [0.0, 0.0, 0.0, 0.0, 0.0, 0.0, 0.0, 0.0, 0.0, 0.0, 0.0, 0.0, 0.0, 0.0, 0.0, 0.0, 0.0, 0.0, 0.0, 0.0, 0.0, 0.0, 0.0, 0.0, 0.0, 0.0, 0.0, 0.0, 0.0, 0.0, 0.0, 0.0, 0.0, 0.0, 0.0, 0.0]
twist: 
  twist: 
    linear: 
      x: 0.04693274293995476
      y: -0.01200293474844246
      z: -0.02124742852369412
    angular: 
      x: 0.0
      y: 0.0
      z: 0.0
  covariance: [0.0, 0.0, 0.0, 0.0, 0.0, 0.0, 0.0, 0.0, 0.0, 0.0, 0.0, 0.0, 0.0, 0.0, 0.0, 0.0, 0.0, 0.0, 0.0, 0.0, 0.0, 0.0, 0.0, 0.0, 0.0, 0.0, 0.0, 0.0, 0.0, 0.0, 0.0, 0.0, 0.0, 0.0, 0.0, 0.0]
---
header: 
  seq: 909
  stamp: 
    secs: 1744093938
    nsecs: 540659666
  frame_id: "world"
child_frame_id: "world"
pose: 
  pose: 
    position: 
      x: 0.4611234969466813
      y: -0.02150582572313746
      z: 0.4803378953762334
    orientation: 
      x: 0.0033281290523956737
      y: -0.008308552249251934
      z: 0.5604619338985264
      w: 0.8281318205257275
  covariance: [0.0, 0.0, 0.0, 0.0, 0.0, 0.0, 0.0, 0.0, 0.0, 0.0, 0.0, 0.0, 0.0, 0.0, 0.0, 0.0, 0.0, 0.0, 0.0, 0.0, 0.0, 0.0, 0.0, 0.0, 0.0, 0.0, 0.0, 0.0, 0.0, 0.0, 0.0, 0.0, 0.0, 0.0, 0.0, 0.0]
twist: 
  twist: 
    linear: 
      x: 0.05841790735107151
      y: -0.05386302064878432
      z: -0.07434685998489393
    angular: 
      x: 0.0
      y: 0.0
      z: 0.0
  covariance: [0.0, 0.0, 0.0, 0.0, 0.0, 0.0, 0.0, 0.0, 0.0, 0.0, 0.0, 0.0, 0.0, 0.0, 0.0, 0.0, 0.0, 0.0, 0.0, 0.0, 0.0, 0.0, 0.0, 0.0, 0.0, 0.0, 0.0, 0.0, 0.0, 0.0, 0.0, 0.0, 0.0, 0.0, 0.0, 0.0]
---
header: 
  seq: 910
  stamp: 
    secs: 1744093938
    nsecs: 673993111
  frame_id: "world"
child_frame_id: "world"
pose: 
  pose: 
    position: 
      x: 0.4562904243217259
      y: -0.023809296592321096
      z: 0.4765345937295621
    orientation: 
      x: -0.009756845166098446
      y: -0.010788352006231745
      z: 0.6101573405999288
      w: 0.7921467257682866
  covariance: [0.0, 0.0, 0.0, 0.0, 0.0, 0.0, 0.0, 0.0, 0.0, 0.0, 0.0, 0.0, 0.0, 0.0, 0.0, 0.0, 0.0, 0.0, 0.0, 0.0, 0.0, 0.0, 0.0, 0.0, 0.0, 0.0, 0.0, 0.0, 0.0, 0.0, 0.0, 0.0, 0.0, 0.0, 0.0, 0.0]
twist: 
  twist: 
    linear: 
      x: 0.01752136448991239
      y: -0.04932295510243728
      z: -0.03851155964335588
    angular: 
      x: 0.0
      y: 0.0
      z: 0.0
  covariance: [0.0, 0.0, 0.0, 0.0, 0.0, 0.0, 0.0, 0.0, 0.0, 0.0, 0.0, 0.0, 0.0, 0.0, 0.0, 0.0, 0.0, 0.0, 0.0, 0.0, 0.0, 0.0, 0.0, 0.0, 0.0, 0.0, 0.0, 0.0, 0.0, 0.0, 0.0, 0.0, 0.0, 0.0, 0.0, 0.0]
---
header: 
  seq: 911
  stamp: 
    secs: 1744093938
    nsecs: 808131218
  frame_id: "world"
child_frame_id: "world"
pose: 
  pose: 
    position: 
      x: 0.4409909294816989
      y: -0.01688529212298407
      z: 0.48736264747073177
    orientation: 
      x: -0.016658820937361367
      y: -0.01052677703613232
      z: 0.6415619761288519
      w: 0.7668180367178716
  covariance: [0.0, 0.0, 0.0, 0.0, 0.0, 0.0, 0.0, 0.0, 0.0, 0.0, 0.0, 0.0, 0.0, 0.0, 0.0, 0.0, 0.0, 0.0, 0.0, 0.0, 0.0, 0.0, 0.0, 0.0, 0.0, 0.0, 0.0, 0.0, 0.0, 0.0, 0.0, 0.0, 0.0, 0.0, 0.0, 0.0]
twist: 
  twist: 
    linear: 
      x: -0.04781145995415617
      y: -0.004784292858076328
      z: 0.013927364374012223
    angular: 
      x: 0.0
      y: 0.0
      z: 0.0
  covariance: [0.0, 0.0, 0.0, 0.0, 0.0, 0.0, 0.0, 0.0, 0.0, 0.0, 0.0, 0.0, 0.0, 0.0, 0.0, 0.0, 0.0, 0.0, 0.0, 0.0, 0.0, 0.0, 0.0, 0.0, 0.0, 0.0, 0.0, 0.0, 0.0, 0.0, 0.0, 0.0, 0.0, 0.0, 0.0, 0.0]
---
header: 
  seq: 912
  stamp: 
    secs: 1744093938
    nsecs: 942842007
  frame_id: "world"
child_frame_id: "world"
pose: 
  pose: 
    position: 
      x: 0.43166329616583715
      y: -0.008097797251318196
      z: 0.49187573870317525
    orientation: 
      x: -0.012418309154532016
      y: -0.0017327073082000419
      z: 0.6626314980504598
      w: 0.7488406246422064
  covariance: [0.0, 0.0, 0.0, 0.0, 0.0, 0.0, 0.0, 0.0, 0.0, 0.0, 0.0, 0.0, 0.0, 0.0, 0.0, 0.0, 0.0, 0.0, 0.0, 0.0, 0.0, 0.0, 0.0, 0.0, 0.0, 0.0, 0.0, 0.0, 0.0, 0.0, 0.0, 0.0, 0.0, 0.0, 0.0, 0.0]
twist: 
  twist: 
    linear: 
      x: -0.06505669700902485
      y: 0.036791984759409424
      z: -0.0010149101302405247
    angular: 
      x: 0.0
      y: 0.0
      z: 0.0
  covariance: [0.0, 0.0, 0.0, 0.0, 0.0, 0.0, 0.0, 0.0, 0.0, 0.0, 0.0, 0.0, 0.0, 0.0, 0.0, 0.0, 0.0, 0.0, 0.0, 0.0, 0.0, 0.0, 0.0, 0.0, 0.0, 0.0, 0.0, 0.0, 0.0, 0.0, 0.0, 0.0, 0.0, 0.0, 0.0, 0.0]
---
header: 
  seq: 913
  stamp: 
    secs: 1744093939
    nsecs:  77586889
  frame_id: "world"
child_frame_id: "world"
pose: 
  pose: 
    position: 
      x: 0.4196883110286734
      y: 0.0171922294925366
      z: 0.4957938242380791
    orientation: 
      x: 0.0017661925137825677
      y: 0.00701904877004115
      z: 0.6769675519718923
      w: 0.7359772734912075
  covariance: [0.0, 0.0, 0.0, 0.0, 0.0, 0.0, 0.0, 0.0, 0.0, 0.0, 0.0, 0.0, 0.0, 0.0, 0.0, 0.0, 0.0, 0.0, 0.0, 0.0, 0.0, 0.0, 0.0, 0.0, 0.0, 0.0, 0.0, 0.0, 0.0, 0.0, 0.0, 0.0, 0.0, 0.0, 0.0, 0.0]
twist: 
  twist: 
    linear: 
      x: -0.07061425777711787
      y: 0.08508140645521427
      z: -0.057789509245074075
    angular: 
      x: 0.0
      y: 0.0
      z: 0.0
  covariance: [0.0, 0.0, 0.0, 0.0, 0.0, 0.0, 0.0, 0.0, 0.0, 0.0, 0.0, 0.0, 0.0, 0.0, 0.0, 0.0, 0.0, 0.0, 0.0, 0.0, 0.0, 0.0, 0.0, 0.0, 0.0, 0.0, 0.0, 0.0, 0.0, 0.0, 0.0, 0.0, 0.0, 0.0, 0.0, 0.0]
---
header: 
  seq: 914
  stamp: 
    secs: 1744093939
    nsecs: 212365627
  frame_id: "world"
child_frame_id: "world"
pose: 
  pose: 
    position: 
      x: 0.409395602322035
      y: 0.03719057757148471
      z: 0.49334747279059715
    orientation: 
      x: 0.008772884753366097
      y: 0.005993002924002997
      z: 0.6883931020442785
      w: 0.7252599930141691
  covariance: [0.0, 0.0, 0.0, 0.0, 0.0, 0.0, 0.0, 0.0, 0.0, 0.0, 0.0, 0.0, 0.0, 0.0, 0.0, 0.0, 0.0, 0.0, 0.0, 0.0, 0.0, 0.0, 0.0, 0.0, 0.0, 0.0, 0.0, 0.0, 0.0, 0.0, 0.0, 0.0, 0.0, 0.0, 0.0, 0.0]
twist: 
  twist: 
    linear: 
      x: -0.04231963542024675
      y: 0.10735791554727339
      z: -0.036669892925113974
    angular: 
      x: 0.0
      y: 0.0
      z: 0.0
  covariance: [0.0, 0.0, 0.0, 0.0, 0.0, 0.0, 0.0, 0.0, 0.0, 0.0, 0.0, 0.0, 0.0, 0.0, 0.0, 0.0, 0.0, 0.0, 0.0, 0.0, 0.0, 0.0, 0.0, 0.0, 0.0, 0.0, 0.0, 0.0, 0.0, 0.0, 0.0, 0.0, 0.0, 0.0, 0.0, 0.0]
---
header: 
  seq: 915
  stamp: 
    secs: 1744093939
    nsecs: 347178698
  frame_id: "world"
child_frame_id: "world"
pose: 
  pose: 
    position: 
      x: 0.40321014736449995
      y: 0.05955129013427477
      z: 0.4924098850823392
    orientation: 
      x: 0.017395507304394122
      y: -0.0009988866338463114
      z: 0.6985426477765996
      w: 0.7153562523584825
  covariance: [0.0, 0.0, 0.0, 0.0, 0.0, 0.0, 0.0, 0.0, 0.0, 0.0, 0.0, 0.0, 0.0, 0.0, 0.0, 0.0, 0.0, 0.0, 0.0, 0.0, 0.0, 0.0, 0.0, 0.0, 0.0, 0.0, 0.0, 0.0, 0.0, 0.0, 0.0, 0.0, 0.0, 0.0, 0.0, 0.0]
twist: 
  twist: 
    linear: 
      x: -0.0010161232009666574
      y: 0.11752529532100481
      z: -0.006381996437900665
    angular: 
      x: 0.0
      y: 0.0
      z: 0.0
  covariance: [0.0, 0.0, 0.0, 0.0, 0.0, 0.0, 0.0, 0.0, 0.0, 0.0, 0.0, 0.0, 0.0, 0.0, 0.0, 0.0, 0.0, 0.0, 0.0, 0.0, 0.0, 0.0, 0.0, 0.0, 0.0, 0.0, 0.0, 0.0, 0.0, 0.0, 0.0, 0.0, 0.0, 0.0, 0.0, 0.0]
---
header: 
  seq: 916
  stamp: 
    secs: 1744093939
    nsecs: 482025623
  frame_id: "world"
child_frame_id: "world"
pose: 
  pose: 
    position: 
      x: 0.4021705801934231
      y: 0.07798245895673919
      z: 0.492673328682515
    orientation: 
      x: 0.014684302295833394
      y: -0.009723311534682857
      z: 0.707666864256893
      w: 0.7063267216463642
  covariance: [0.0, 0.0, 0.0, 0.0, 0.0, 0.0, 0.0, 0.0, 0.0, 0.0, 0.0, 0.0, 0.0, 0.0, 0.0, 0.0, 0.0, 0.0, 0.0, 0.0, 0.0, 0.0, 0.0, 0.0, 0.0, 0.0, 0.0, 0.0, 0.0, 0.0, 0.0, 0.0, 0.0, 0.0, 0.0, 0.0]
twist: 
  twist: 
    linear: 
      x: 0.03839749896039374
      y: 0.10568605057752076
      z: 0.009919911517561239
    angular: 
      x: 0.0
      y: 0.0
      z: 0.0
  covariance: [0.0, 0.0, 0.0, 0.0, 0.0, 0.0, 0.0, 0.0, 0.0, 0.0, 0.0, 0.0, 0.0, 0.0, 0.0, 0.0, 0.0, 0.0, 0.0, 0.0, 0.0, 0.0, 0.0, 0.0, 0.0, 0.0, 0.0, 0.0, 0.0, 0.0, 0.0, 0.0, 0.0, 0.0, 0.0, 0.0]
---
header: 
  seq: 917
  stamp: 
    secs: 1744093939
    nsecs: 616906643
  frame_id: "world"
child_frame_id: "world"
pose: 
  pose: 
    position: 
      x: 0.40340708206350684
      y: 0.09561974512254734
      z: 0.4888617461030676
    orientation: 
      x: 0.009853328682768834
      y: -0.016588209500255795
      z: 0.7163969382380608
      w: 0.6974261036859586
  covariance: [0.0, 0.0, 0.0, 0.0, 0.0, 0.0, 0.0, 0.0, 0.0, 0.0, 0.0, 0.0, 0.0, 0.0, 0.0, 0.0, 0.0, 0.0, 0.0, 0.0, 0.0, 0.0, 0.0, 0.0, 0.0, 0.0, 0.0, 0.0, 0.0, 0.0, 0.0, 0.0, 0.0, 0.0, 0.0, 0.0]
twist: 
  twist: 
    linear: 
      x: 0.06530868471067636
      y: 0.08905964784043091
      z: 0.014538478840760852
    angular: 
      x: 0.0
      y: 0.0
      z: 0.0
  covariance: [0.0, 0.0, 0.0, 0.0, 0.0, 0.0, 0.0, 0.0, 0.0, 0.0, 0.0, 0.0, 0.0, 0.0, 0.0, 0.0, 0.0, 0.0, 0.0, 0.0, 0.0, 0.0, 0.0, 0.0, 0.0, 0.0, 0.0, 0.0, 0.0, 0.0, 0.0, 0.0, 0.0, 0.0, 0.0, 0.0]
---
header: 
  seq: 918
  stamp: 
    secs: 1744093939
    nsecs: 751688719
  frame_id: "world"
child_frame_id: "world"
pose: 
  pose: 
    position: 
      x: 0.40479653112998304
      y: 0.10802922796420925
      z: 0.4798578817299016
    orientation: 
      x: -9.259190722260497e-06
      y: -0.017457733356017333
      z: 0.7250983940582035
      w: 0.688423958324049
  covariance: [0.0, 0.0, 0.0, 0.0, 0.0, 0.0, 0.0, 0.0, 0.0, 0.0, 0.0, 0.0, 0.0, 0.0, 0.0, 0.0, 0.0, 0.0, 0.0, 0.0, 0.0, 0.0, 0.0, 0.0, 0.0, 0.0, 0.0, 0.0, 0.0, 0.0, 0.0, 0.0, 0.0, 0.0, 0.0, 0.0]
twist: 
  twist: 
    linear: 
      x: 0.04679301986732255
      y: 0.07127047507517235
      z: -0.02813748388426931
    angular: 
      x: 0.0
      y: 0.0
      z: 0.0
  covariance: [0.0, 0.0, 0.0, 0.0, 0.0, 0.0, 0.0, 0.0, 0.0, 0.0, 0.0, 0.0, 0.0, 0.0, 0.0, 0.0, 0.0, 0.0, 0.0, 0.0, 0.0, 0.0, 0.0, 0.0, 0.0, 0.0, 0.0, 0.0, 0.0, 0.0, 0.0, 0.0, 0.0, 0.0, 0.0, 0.0]
---
header: 
  seq: 919
  stamp: 
    secs: 1744093939
    nsecs: 884854078
  frame_id: "world"
child_frame_id: "world"
pose: 
  pose: 
    position: 
      x: 0.4056364865121485
      y: 0.11942670849957107
      z: 0.46803092803327595
    orientation: 
      x: -0.008370567092104922
      y: -0.015830415650840344
      z: 0.7340028746455477
      w: 0.6789102382192734
  covariance: [0.0, 0.0, 0.0, 0.0, 0.0, 0.0, 0.0, 0.0, 0.0, 0.0, 0.0, 0.0, 0.0, 0.0, 0.0, 0.0, 0.0, 0.0, 0.0, 0.0, 0.0, 0.0, 0.0, 0.0, 0.0, 0.0, 0.0, 0.0, 0.0, 0.0, 0.0, 0.0, 0.0, 0.0, 0.0, 0.0]
twist: 
  twist: 
    linear: 
      x: 0.02133836256532818
      y: 0.07834107117259156
      z: -0.06164886087922623
    angular: 
      x: 0.0
      y: 0.0
      z: 0.0
  covariance: [0.0, 0.0, 0.0, 0.0, 0.0, 0.0, 0.0, 0.0, 0.0, 0.0, 0.0, 0.0, 0.0, 0.0, 0.0, 0.0, 0.0, 0.0, 0.0, 0.0, 0.0, 0.0, 0.0, 0.0, 0.0, 0.0, 0.0, 0.0, 0.0, 0.0, 0.0, 0.0, 0.0, 0.0, 0.0, 0.0]
---
header: 
  seq: 920
  stamp: 
    secs: 1744093940
    nsecs:  18038511
  frame_id: "world"
child_frame_id: "world"
pose: 
  pose: 
    position: 
      x: 0.40131370265361715
      y: 0.130037108354895
      z: 0.4488326379030857
    orientation: 
      x: -0.00843448458593226
      y: -0.010173280103111039
      z: 0.744600245680879
      w: 0.6673798303617575
  covariance: [0.0, 0.0, 0.0, 0.0, 0.0, 0.0, 0.0, 0.0, 0.0, 0.0, 0.0, 0.0, 0.0, 0.0, 0.0, 0.0, 0.0, 0.0, 0.0, 0.0, 0.0, 0.0, 0.0, 0.0, 0.0, 0.0, 0.0, 0.0, 0.0, 0.0, 0.0, 0.0, 0.0, 0.0, 0.0, 0.0]
twist: 
  twist: 
    linear: 
      x: -0.00046506606128471
      y: 0.09291953472729016
      z: -0.055742638127116904
    angular: 
      x: 0.0
      y: 0.0
      z: 0.0
  covariance: [0.0, 0.0, 0.0, 0.0, 0.0, 0.0, 0.0, 0.0, 0.0, 0.0, 0.0, 0.0, 0.0, 0.0, 0.0, 0.0, 0.0, 0.0, 0.0, 0.0, 0.0, 0.0, 0.0, 0.0, 0.0, 0.0, 0.0, 0.0, 0.0, 0.0, 0.0, 0.0, 0.0, 0.0, 0.0, 0.0]
---
header: 
  seq: 921
  stamp: 
    secs: 1744093940
    nsecs: 151217699
  frame_id: "world"
child_frame_id: "world"
pose: 
  pose: 
    position: 
      x: 0.3943228858343444
      y: 0.1425866155303373
      z: 0.4358388132085049
    orientation: 
      x: -0.0052387578934799265
      y: -0.007419507890271504
      z: 0.7562082612926744
      w: 0.6542679664106368
  covariance: [0.0, 0.0, 0.0, 0.0, 0.0, 0.0, 0.0, 0.0, 0.0, 0.0, 0.0, 0.0, 0.0, 0.0, 0.0, 0.0, 0.0, 0.0, 0.0, 0.0, 0.0, 0.0, 0.0, 0.0, 0.0, 0.0, 0.0, 0.0, 0.0, 0.0, 0.0, 0.0, 0.0, 0.0, 0.0, 0.0]
twist: 
  twist: 
    linear: 
      x: -0.03303877188057137
      y: 0.10010333258844377
      z: -0.03255620584938774
    angular: 
      x: 0.0
      y: 0.0
      z: 0.0
  covariance: [0.0, 0.0, 0.0, 0.0, 0.0, 0.0, 0.0, 0.0, 0.0, 0.0, 0.0, 0.0, 0.0, 0.0, 0.0, 0.0, 0.0, 0.0, 0.0, 0.0, 0.0, 0.0, 0.0, 0.0, 0.0, 0.0, 0.0, 0.0, 0.0, 0.0, 0.0, 0.0, 0.0, 0.0, 0.0, 0.0]
---
header: 
  seq: 922
  stamp: 
    secs: 1744093940
    nsecs: 284392118
  frame_id: "world"
child_frame_id: "world"
pose: 
  pose: 
    position: 
      x: 0.383314864444985
      y: 0.15638513474743848
      z: 0.42781223945374286
    orientation: 
      x: -0.006116627913944435
      y: -0.005789323090609404
      z: 0.7676713434174157
      w: 0.6407884043089537
  covariance: [0.0, 0.0, 0.0, 0.0, 0.0, 0.0, 0.0, 0.0, 0.0, 0.0, 0.0, 0.0, 0.0, 0.0, 0.0, 0.0, 0.0, 0.0, 0.0, 0.0, 0.0, 0.0, 0.0, 0.0, 0.0, 0.0, 0.0, 0.0, 0.0, 0.0, 0.0, 0.0, 0.0, 0.0, 0.0, 0.0]
twist: 
  twist: 
    linear: 
      x: -0.06195049830339264
      y: 0.11197586730378192
      z: -0.005081956701657553
    angular: 
      x: 0.0
      y: 0.0
      z: 0.0
  covariance: [0.0, 0.0, 0.0, 0.0, 0.0, 0.0, 0.0, 0.0, 0.0, 0.0, 0.0, 0.0, 0.0, 0.0, 0.0, 0.0, 0.0, 0.0, 0.0, 0.0, 0.0, 0.0, 0.0, 0.0, 0.0, 0.0, 0.0, 0.0, 0.0, 0.0, 0.0, 0.0, 0.0, 0.0, 0.0, 0.0]
---
header: 
  seq: 923
  stamp: 
    secs: 1744093940
    nsecs: 417561293
  frame_id: "world"
child_frame_id: "world"
pose: 
  pose: 
    position: 
      x: 0.37196852092197025
      y: 0.17235957662745394
      z: 0.4215758716144406
    orientation: 
      x: -0.0057493295475577215
      y: -0.0035211529131050925
      z: 0.780146247430617
      w: 0.6255608518056759
  covariance: [0.0, 0.0, 0.0, 0.0, 0.0, 0.0, 0.0, 0.0, 0.0, 0.0, 0.0, 0.0, 0.0, 0.0, 0.0, 0.0, 0.0, 0.0, 0.0, 0.0, 0.0, 0.0, 0.0, 0.0, 0.0, 0.0, 0.0, 0.0, 0.0, 0.0, 0.0, 0.0, 0.0, 0.0, 0.0, 0.0]
twist: 
  twist: 
    linear: 
      x: -0.09346272480159035
      y: 0.12652197876472207
      z: -0.024384874001108225
    angular: 
      x: 0.0
      y: 0.0
      z: 0.0
  covariance: [0.0, 0.0, 0.0, 0.0, 0.0, 0.0, 0.0, 0.0, 0.0, 0.0, 0.0, 0.0, 0.0, 0.0, 0.0, 0.0, 0.0, 0.0, 0.0, 0.0, 0.0, 0.0, 0.0, 0.0, 0.0, 0.0, 0.0, 0.0, 0.0, 0.0, 0.0, 0.0, 0.0, 0.0, 0.0, 0.0]
---
header: 
  seq: 924
  stamp: 
    secs: 1744093940
    nsecs: 550724983
  frame_id: "world"
child_frame_id: "world"
pose: 
  pose: 
    position: 
      x: 0.36282034669250235
      y: 0.18993408802462003
      z: 0.41817864900666313
    orientation: 
      x: -0.001804490565809572
      y: 0.004476035965191926
      z: 0.7934818041127362
      w: 0.6085748396523086
  covariance: [0.0, 0.0, 0.0, 0.0, 0.0, 0.0, 0.0, 0.0, 0.0, 0.0, 0.0, 0.0, 0.0, 0.0, 0.0, 0.0, 0.0, 0.0, 0.0, 0.0, 0.0, 0.0, 0.0, 0.0, 0.0, 0.0, 0.0, 0.0, 0.0, 0.0, 0.0, 0.0, 0.0, 0.0, 0.0, 0.0]
twist: 
  twist: 
    linear: 
      x: -0.08631167030330614
      y: 0.137507990641903
      z: 0.005642874928757447
    angular: 
      x: 0.0
      y: 0.0
      z: 0.0
  covariance: [0.0, 0.0, 0.0, 0.0, 0.0, 0.0, 0.0, 0.0, 0.0, 0.0, 0.0, 0.0, 0.0, 0.0, 0.0, 0.0, 0.0, 0.0, 0.0, 0.0, 0.0, 0.0, 0.0, 0.0, 0.0, 0.0, 0.0, 0.0, 0.0, 0.0, 0.0, 0.0, 0.0, 0.0, 0.0, 0.0]
---
header: 
  seq: 925
  stamp: 
    secs: 1744093940
    nsecs: 683884144
  frame_id: "world"
child_frame_id: "world"
pose: 
  pose: 
    position: 
      x: 0.3549722794579916
      y: 0.2097244332903926
      z: 0.4202917934226075
    orientation: 
      x: -0.00234693517999214
      y: 0.005036767138257657
      z: 0.8068998642363822
      w: 0.590662113197862
  covariance: [0.0, 0.0, 0.0, 0.0, 0.0, 0.0, 0.0, 0.0, 0.0, 0.0, 0.0, 0.0, 0.0, 0.0, 0.0, 0.0, 0.0, 0.0, 0.0, 0.0, 0.0, 0.0, 0.0, 0.0, 0.0, 0.0, 0.0, 0.0, 0.0, 0.0, 0.0, 0.0, 0.0, 0.0, 0.0, 0.0]
twist: 
  twist: 
    linear: 
      x: -0.06082289262681808
      y: 0.16572306425683106
      z: 0.03858804466251859
    angular: 
      x: 0.0
      y: 0.0
      z: 0.0
  covariance: [0.0, 0.0, 0.0, 0.0, 0.0, 0.0, 0.0, 0.0, 0.0, 0.0, 0.0, 0.0, 0.0, 0.0, 0.0, 0.0, 0.0, 0.0, 0.0, 0.0, 0.0, 0.0, 0.0, 0.0, 0.0, 0.0, 0.0, 0.0, 0.0, 0.0, 0.0, 0.0, 0.0, 0.0, 0.0, 0.0]
---
header: 
  seq: 926
  stamp: 
    secs: 1744093940
    nsecs: 817059755
  frame_id: "world"
child_frame_id: "world"
pose: 
  pose: 
    position: 
      x: 0.3479699334119946
      y: 0.234773443275362
      z: 0.42774111357757044
    orientation: 
      x: -0.006211585085225559
      y: -0.0006466879350740189
      z: 0.8215905650541026
      w: 0.5700438065793929
  covariance: [0.0, 0.0, 0.0, 0.0, 0.0, 0.0, 0.0, 0.0, 0.0, 0.0, 0.0, 0.0, 0.0, 0.0, 0.0, 0.0, 0.0, 0.0, 0.0, 0.0, 0.0, 0.0, 0.0, 0.0, 0.0, 0.0, 0.0, 0.0, 0.0, 0.0, 0.0, 0.0, 0.0, 0.0, 0.0, 0.0]
twist: 
  twist: 
    linear: 
      x: -0.056681437940473964
      y: 0.1938606397904839
      z: 0.06290274975125464
    angular: 
      x: 0.0
      y: 0.0
      z: 0.0
  covariance: [0.0, 0.0, 0.0, 0.0, 0.0, 0.0, 0.0, 0.0, 0.0, 0.0, 0.0, 0.0, 0.0, 0.0, 0.0, 0.0, 0.0, 0.0, 0.0, 0.0, 0.0, 0.0, 0.0, 0.0, 0.0, 0.0, 0.0, 0.0, 0.0, 0.0, 0.0, 0.0, 0.0, 0.0, 0.0, 0.0]
---
header: 
  seq: 927
  stamp: 
    secs: 1744093940
    nsecs: 950243473
  frame_id: "world"
child_frame_id: "world"
pose: 
  pose: 
    position: 
      x: 0.3397054351640292
      y: 0.2617889026465861
      z: 0.43877235380699553
    orientation: 
      x: -0.009528921768968562
      y: -0.005546456210160396
      z: 0.837294822572612
      w: 0.5466404820048806
  covariance: [0.0, 0.0, 0.0, 0.0, 0.0, 0.0, 0.0, 0.0, 0.0, 0.0, 0.0, 0.0, 0.0, 0.0, 0.0, 0.0, 0.0, 0.0, 0.0, 0.0, 0.0, 0.0, 0.0, 0.0, 0.0, 0.0, 0.0, 0.0, 0.0, 0.0, 0.0, 0.0, 0.0, 0.0, 0.0, 0.0]
twist: 
  twist: 
    linear: 
      x: -0.0829828003462445
      y: 0.20699168198589146
      z: 0.051378663804997095
    angular: 
      x: 0.0
      y: 0.0
      z: 0.0
  covariance: [0.0, 0.0, 0.0, 0.0, 0.0, 0.0, 0.0, 0.0, 0.0, 0.0, 0.0, 0.0, 0.0, 0.0, 0.0, 0.0, 0.0, 0.0, 0.0, 0.0, 0.0, 0.0, 0.0, 0.0, 0.0, 0.0, 0.0, 0.0, 0.0, 0.0, 0.0, 0.0, 0.0, 0.0, 0.0, 0.0]
---
header: 
  seq: 928
  stamp: 
    secs: 1744093941
    nsecs:  83421469
  frame_id: "world"
child_frame_id: "world"
pose: 
  pose: 
    position: 
      x: 0.32765559928742294
      y: 0.291184103572025
      z: 0.44920080868677087
    orientation: 
      x: -0.012094652448310494
      y: -0.011830020594565017
      z: 0.8532945086804592
      w: 0.5211547288959972
  covariance: [0.0, 0.0, 0.0, 0.0, 0.0, 0.0, 0.0, 0.0, 0.0, 0.0, 0.0, 0.0, 0.0, 0.0, 0.0, 0.0, 0.0, 0.0, 0.0, 0.0, 0.0, 0.0, 0.0, 0.0, 0.0, 0.0, 0.0, 0.0, 0.0, 0.0, 0.0, 0.0, 0.0, 0.0, 0.0, 0.0]
twist: 
  twist: 
    linear: 
      x: -0.10804143208934633
      y: 0.2199925430653642
      z: 0.07591594578807649
    angular: 
      x: 0.0
      y: 0.0
      z: 0.0
  covariance: [0.0, 0.0, 0.0, 0.0, 0.0, 0.0, 0.0, 0.0, 0.0, 0.0, 0.0, 0.0, 0.0, 0.0, 0.0, 0.0, 0.0, 0.0, 0.0, 0.0, 0.0, 0.0, 0.0, 0.0, 0.0, 0.0, 0.0, 0.0, 0.0, 0.0, 0.0, 0.0, 0.0, 0.0, 0.0, 0.0]
---
header: 
  seq: 929
  stamp: 
    secs: 1744093941
    nsecs: 216593981
  frame_id: "world"
child_frame_id: "world"
pose: 
  pose: 
    position: 
      x: 0.30967048169265005
      y: 0.320119619511644
      z: 0.45963498361537525
    orientation: 
      x: -0.012507934166387711
      y: -0.016249105680742608
      z: 0.8685967391822244
      w: 0.49509516542728654
  covariance: [0.0, 0.0, 0.0, 0.0, 0.0, 0.0, 0.0, 0.0, 0.0, 0.0, 0.0, 0.0, 0.0, 0.0, 0.0, 0.0, 0.0, 0.0, 0.0, 0.0, 0.0, 0.0, 0.0, 0.0, 0.0, 0.0, 0.0, 0.0, 0.0, 0.0, 0.0, 0.0, 0.0, 0.0, 0.0, 0.0]
twist: 
  twist: 
    linear: 
      x: -0.14937464598602324
      y: 0.21505498988593863
      z: 0.058511726793503256
    angular: 
      x: 0.0
      y: 0.0
      z: 0.0
  covariance: [0.0, 0.0, 0.0, 0.0, 0.0, 0.0, 0.0, 0.0, 0.0, 0.0, 0.0, 0.0, 0.0, 0.0, 0.0, 0.0, 0.0, 0.0, 0.0, 0.0, 0.0, 0.0, 0.0, 0.0, 0.0, 0.0, 0.0, 0.0, 0.0, 0.0, 0.0, 0.0, 0.0, 0.0, 0.0, 0.0]
---
header: 
  seq: 930
  stamp: 
    secs: 1744093941
    nsecs: 349761486
  frame_id: "world"
child_frame_id: "world"
pose: 
  pose: 
    position: 
      x: 0.2855717024857184
      y: 0.3491816673235826
      z: 0.470747172427605
    orientation: 
      x: -0.009743957526973216
      y: -0.014917477897826402
      z: 0.8842701306603739
      w: 0.46663568248341825
  covariance: [0.0, 0.0, 0.0, 0.0, 0.0, 0.0, 0.0, 0.0, 0.0, 0.0, 0.0, 0.0, 0.0, 0.0, 0.0, 0.0, 0.0, 0.0, 0.0, 0.0, 0.0, 0.0, 0.0, 0.0, 0.0, 0.0, 0.0, 0.0, 0.0, 0.0, 0.0, 0.0, 0.0, 0.0, 0.0, 0.0]
twist: 
  twist: 
    linear: 
      x: -0.20699563368161403
      y: 0.19984569968892343
      z: 0.043675748138923866
    angular: 
      x: 0.0
      y: 0.0
      z: 0.0
  covariance: [0.0, 0.0, 0.0, 0.0, 0.0, 0.0, 0.0, 0.0, 0.0, 0.0, 0.0, 0.0, 0.0, 0.0, 0.0, 0.0, 0.0, 0.0, 0.0, 0.0, 0.0, 0.0, 0.0, 0.0, 0.0, 0.0, 0.0, 0.0, 0.0, 0.0, 0.0, 0.0, 0.0, 0.0, 0.0, 0.0]
---
header: 
  seq: 931
  stamp: 
    secs: 1744093941
    nsecs: 482923031
  frame_id: "world"
child_frame_id: "world"
pose: 
  pose: 
    position: 
      x: 0.2563181973484528
      y: 0.37776552589500206
      z: 0.47831855990525357
    orientation: 
      x: -0.005842123077756272
      y: -0.010824408846895275
      z: 0.9004304456506234
      w: 0.4348260736391962
  covariance: [0.0, 0.0, 0.0, 0.0, 0.0, 0.0, 0.0, 0.0, 0.0, 0.0, 0.0, 0.0, 0.0, 0.0, 0.0, 0.0, 0.0, 0.0, 0.0, 0.0, 0.0, 0.0, 0.0, 0.0, 0.0, 0.0, 0.0, 0.0, 0.0, 0.0, 0.0, 0.0, 0.0, 0.0, 0.0, 0.0]
twist: 
  twist: 
    linear: 
      x: -0.2463902154971283
      y: 0.1928062030220155
      z: 0.041058065247861195
    angular: 
      x: 0.0
      y: 0.0
      z: 0.0
  covariance: [0.0, 0.0, 0.0, 0.0, 0.0, 0.0, 0.0, 0.0, 0.0, 0.0, 0.0, 0.0, 0.0, 0.0, 0.0, 0.0, 0.0, 0.0, 0.0, 0.0, 0.0, 0.0, 0.0, 0.0, 0.0, 0.0, 0.0, 0.0, 0.0, 0.0, 0.0, 0.0, 0.0, 0.0, 0.0, 0.0]
---
header: 
  seq: 932
  stamp: 
    secs: 1744093941
    nsecs: 616079569
  frame_id: "world"
child_frame_id: "world"
pose: 
  pose: 
    position: 
      x: 0.22479650977011514
      y: 0.40711023652276185
      z: 0.485137786403337
    orientation: 
      x: -0.001860340387024971
      y: -0.010741874453231303
      z: 0.9168001423073512
      w: 0.39919750792320335
  covariance: [0.0, 0.0, 0.0, 0.0, 0.0, 0.0, 0.0, 0.0, 0.0, 0.0, 0.0, 0.0, 0.0, 0.0, 0.0, 0.0, 0.0, 0.0, 0.0, 0.0, 0.0, 0.0, 0.0, 0.0, 0.0, 0.0, 0.0, 0.0, 0.0, 0.0, 0.0, 0.0, 0.0, 0.0, 0.0, 0.0]
twist: 
  twist: 
    linear: 
      x: -0.2618491129527338
      y: 0.18550465222854093
      z: 0.015883442247485783
    angular: 
      x: 0.0
      y: 0.0
      z: 0.0
  covariance: [0.0, 0.0, 0.0, 0.0, 0.0, 0.0, 0.0, 0.0, 0.0, 0.0, 0.0, 0.0, 0.0, 0.0, 0.0, 0.0, 0.0, 0.0, 0.0, 0.0, 0.0, 0.0, 0.0, 0.0, 0.0, 0.0, 0.0, 0.0, 0.0, 0.0, 0.0, 0.0, 0.0, 0.0, 0.0, 0.0]
---
header: 
  seq: 933
  stamp: 
    secs: 1744093941
    nsecs: 749254704
  frame_id: "world"
child_frame_id: "world"
pose: 
  pose: 
    position: 
      x: 0.19012988682294
      y: 0.4318328527789276
      z: 0.49157495796826656
    orientation: 
      x: -0.000560994382919292
      y: -0.013320596428531234
      z: 0.9324106277215166
      w: 0.36115463212875726
  covariance: [0.0, 0.0, 0.0, 0.0, 0.0, 0.0, 0.0, 0.0, 0.0, 0.0, 0.0, 0.0, 0.0, 0.0, 0.0, 0.0, 0.0, 0.0, 0.0, 0.0, 0.0, 0.0, 0.0, 0.0, 0.0, 0.0, 0.0, 0.0, 0.0, 0.0, 0.0, 0.0, 0.0, 0.0, 0.0, 0.0]
twist: 
  twist: 
    linear: 
      x: -0.2722237092488334
      y: 0.16715505117201765
      z: 0.008175820307175301
    angular: 
      x: 0.0
      y: 0.0
      z: 0.0
  covariance: [0.0, 0.0, 0.0, 0.0, 0.0, 0.0, 0.0, 0.0, 0.0, 0.0, 0.0, 0.0, 0.0, 0.0, 0.0, 0.0, 0.0, 0.0, 0.0, 0.0, 0.0, 0.0, 0.0, 0.0, 0.0, 0.0, 0.0, 0.0, 0.0, 0.0, 0.0, 0.0, 0.0, 0.0, 0.0, 0.0]
---
header: 
  seq: 934
  stamp: 
    secs: 1744093941
    nsecs: 882448912
  frame_id: "world"
child_frame_id: "world"
pose: 
  pose: 
    position: 
      x: 0.15156278903869544
      y: 0.45666862028784516
      z: 0.495364301736791
    orientation: 
      x: -0.0010504940292380505
      y: -0.01898684738838299
      z: 0.9474182025128918
      w: 0.319432536908478
  covariance: [0.0, 0.0, 0.0, 0.0, 0.0, 0.0, 0.0, 0.0, 0.0, 0.0, 0.0, 0.0, 0.0, 0.0, 0.0, 0.0, 0.0, 0.0, 0.0, 0.0, 0.0, 0.0, 0.0, 0.0, 0.0, 0.0, 0.0, 0.0, 0.0, 0.0, 0.0, 0.0, 0.0, 0.0, 0.0, 0.0]
twist: 
  twist: 
    linear: 
      x: -0.29633567853100495
      y: 0.15102214569700012
      z: -0.0010333028860162138
    angular: 
      x: 0.0
      y: 0.0
      z: 0.0
  covariance: [0.0, 0.0, 0.0, 0.0, 0.0, 0.0, 0.0, 0.0, 0.0, 0.0, 0.0, 0.0, 0.0, 0.0, 0.0, 0.0, 0.0, 0.0, 0.0, 0.0, 0.0, 0.0, 0.0, 0.0, 0.0, 0.0, 0.0, 0.0, 0.0, 0.0, 0.0, 0.0, 0.0, 0.0, 0.0, 0.0]
---
header: 
  seq: 935
  stamp: 
    secs: 1744093942
    nsecs:  15656233
  frame_id: "world"
child_frame_id: "world"
pose: 
  pose: 
    position: 
      x: 0.10812866914047897
      y: 0.4773411992432037
      z: 0.4993523063624132
    orientation: 
      x: -0.0024451790072666643
      y: -0.01922909830519105
      z: 0.9608706149604378
      w: 0.2763185194364326
  covariance: [0.0, 0.0, 0.0, 0.0, 0.0, 0.0, 0.0, 0.0, 0.0, 0.0, 0.0, 0.0, 0.0, 0.0, 0.0, 0.0, 0.0, 0.0, 0.0, 0.0, 0.0, 0.0, 0.0, 0.0, 0.0, 0.0, 0.0, 0.0, 0.0, 0.0, 0.0, 0.0, 0.0, 0.0, 0.0, 0.0]
twist: 
  twist: 
    linear: 
      x: -0.31533805938109855
      y: 0.12046807794179953
      z: 0.00013018027536288053
    angular: 
      x: 0.0
      y: 0.0
      z: 0.0
  covariance: [0.0, 0.0, 0.0, 0.0, 0.0, 0.0, 0.0, 0.0, 0.0, 0.0, 0.0, 0.0, 0.0, 0.0, 0.0, 0.0, 0.0, 0.0, 0.0, 0.0, 0.0, 0.0, 0.0, 0.0, 0.0, 0.0, 0.0, 0.0, 0.0, 0.0, 0.0, 0.0, 0.0, 0.0, 0.0, 0.0]
---
header: 
  seq: 936
  stamp: 
    secs: 1744093942
    nsecs: 148859501
  frame_id: "world"
child_frame_id: "world"
pose: 
  pose: 
    position: 
      x: 0.06170222953275328
      y: 0.4910801444090581
      z: 0.5009773017332939
    orientation: 
      x: -0.0022993278965809404
      y: -0.021181524636878415
      z: 0.9724934187225153
      w: 0.23195388905270828
  covariance: [0.0, 0.0, 0.0, 0.0, 0.0, 0.0, 0.0, 0.0, 0.0, 0.0, 0.0, 0.0, 0.0, 0.0, 0.0, 0.0, 0.0, 0.0, 0.0, 0.0, 0.0, 0.0, 0.0, 0.0, 0.0, 0.0, 0.0, 0.0, 0.0, 0.0, 0.0, 0.0, 0.0, 0.0, 0.0, 0.0]
twist: 
  twist: 
    linear: 
      x: -0.3550029958714237
      y: 0.059730192210833914
      z: -0.018605247869760987
    angular: 
      x: 0.0
      y: 0.0
      z: 0.0
  covariance: [0.0, 0.0, 0.0, 0.0, 0.0, 0.0, 0.0, 0.0, 0.0, 0.0, 0.0, 0.0, 0.0, 0.0, 0.0, 0.0, 0.0, 0.0, 0.0, 0.0, 0.0, 0.0, 0.0, 0.0, 0.0, 0.0, 0.0, 0.0, 0.0, 0.0, 0.0, 0.0, 0.0, 0.0, 0.0, 0.0]
---
header: 
  seq: 937
  stamp: 
    secs: 1744093942
    nsecs: 282058477
  frame_id: "world"
child_frame_id: "world"
pose: 
  pose: 
    position: 
      x: 0.010153146373080402
      y: 0.49672286634742613
      z: 0.5005205525415874
    orientation: 
      x: 0.0017107486902184167
      y: -0.018437275807725084
      z: 0.9823747887871188
      w: 0.1860024584653998
  covariance: [0.0, 0.0, 0.0, 0.0, 0.0, 0.0, 0.0, 0.0, 0.0, 0.0, 0.0, 0.0, 0.0, 0.0, 0.0, 0.0, 0.0, 0.0, 0.0, 0.0, 0.0, 0.0, 0.0, 0.0, 0.0, 0.0, 0.0, 0.0, 0.0, 0.0, 0.0, 0.0, 0.0, 0.0, 0.0, 0.0]
twist: 
  twist: 
    linear: 
      x: -0.3802452348402749
      y: 0.00512324394410932
      z: -0.009180987793279836
    angular: 
      x: 0.0
      y: 0.0
      z: 0.0
  covariance: [0.0, 0.0, 0.0, 0.0, 0.0, 0.0, 0.0, 0.0, 0.0, 0.0, 0.0, 0.0, 0.0, 0.0, 0.0, 0.0, 0.0, 0.0, 0.0, 0.0, 0.0, 0.0, 0.0, 0.0, 0.0, 0.0, 0.0, 0.0, 0.0, 0.0, 0.0, 0.0, 0.0, 0.0, 0.0, 0.0]
---
header: 
  seq: 938
  stamp: 
    secs: 1744093942
    nsecs: 415254593
  frame_id: "world"
child_frame_id: "world"
pose: 
  pose: 
    position: 
      x: -0.041070918104262055
      y: 0.4946153232905498
      z: 0.5016765804783175
    orientation: 
      x: 0.007166154823551344
      y: -0.013930703959093588
      z: 0.9898255305501087
      w: 0.14142135900720582
  covariance: [0.0, 0.0, 0.0, 0.0, 0.0, 0.0, 0.0, 0.0, 0.0, 0.0, 0.0, 0.0, 0.0, 0.0, 0.0, 0.0, 0.0, 0.0, 0.0, 0.0, 0.0, 0.0, 0.0, 0.0, 0.0, 0.0, 0.0, 0.0, 0.0, 0.0, 0.0, 0.0, 0.0, 0.0, 0.0, 0.0]
twist: 
  twist: 
    linear: 
      x: -0.3863107543573978
      y: -0.011637358792138138
      z: 0.00045104594398637807
    angular: 
      x: 0.0
      y: 0.0
      z: 0.0
  covariance: [0.0, 0.0, 0.0, 0.0, 0.0, 0.0, 0.0, 0.0, 0.0, 0.0, 0.0, 0.0, 0.0, 0.0, 0.0, 0.0, 0.0, 0.0, 0.0, 0.0, 0.0, 0.0, 0.0, 0.0, 0.0, 0.0, 0.0, 0.0, 0.0, 0.0, 0.0, 0.0, 0.0, 0.0, 0.0, 0.0]
---
header: 
  seq: 939
  stamp: 
    secs: 1744093942
    nsecs: 548445225
  frame_id: "world"
child_frame_id: "world"
pose: 
  pose: 
    position: 
      x: -0.09237944115800018
      y: 0.4909600162338609
      z: 0.503235866392451
    orientation: 
      x: 0.011674524855290578
      y: -0.015007570205987029
      z: 0.9951905322687316
      w: 0.09609517567804596
  covariance: [0.0, 0.0, 0.0, 0.0, 0.0, 0.0, 0.0, 0.0, 0.0, 0.0, 0.0, 0.0, 0.0, 0.0, 0.0, 0.0, 0.0, 0.0, 0.0, 0.0, 0.0, 0.0, 0.0, 0.0, 0.0, 0.0, 0.0, 0.0, 0.0, 0.0, 0.0, 0.0, 0.0, 0.0, 0.0, 0.0]
twist: 
  twist: 
    linear: 
      x: -0.3757619405154448
      y: -0.03067796692143571
      z: 0.011823379925393085
    angular: 
      x: 0.0
      y: 0.0
      z: 0.0
  covariance: [0.0, 0.0, 0.0, 0.0, 0.0, 0.0, 0.0, 0.0, 0.0, 0.0, 0.0, 0.0, 0.0, 0.0, 0.0, 0.0, 0.0, 0.0, 0.0, 0.0, 0.0, 0.0, 0.0, 0.0, 0.0, 0.0, 0.0, 0.0, 0.0, 0.0, 0.0, 0.0, 0.0, 0.0, 0.0, 0.0]
---
header: 
  seq: 940
  stamp: 
    secs: 1744093942
    nsecs: 681632042
  frame_id: "world"
child_frame_id: "world"
pose: 
  pose: 
    position: 
      x: -0.14100578273957565
      y: 0.4804800489554909
      z: 0.5030487300358228
    orientation: 
      x: 0.01139459575967595
      y: -0.01619879786578287
      z: 0.9985609287406191
      w: 0.04983807508170556
  covariance: [0.0, 0.0, 0.0, 0.0, 0.0, 0.0, 0.0, 0.0, 0.0, 0.0, 0.0, 0.0, 0.0, 0.0, 0.0, 0.0, 0.0, 0.0, 0.0, 0.0, 0.0, 0.0, 0.0, 0.0, 0.0, 0.0, 0.0, 0.0, 0.0, 0.0, 0.0, 0.0, 0.0, 0.0, 0.0, 0.0]
twist: 
  twist: 
    linear: 
      x: -0.35785698324218185
      y: -0.08828342017665813
      z: -0.02823074520578125
    angular: 
      x: 0.0
      y: 0.0
      z: 0.0
  covariance: [0.0, 0.0, 0.0, 0.0, 0.0, 0.0, 0.0, 0.0, 0.0, 0.0, 0.0, 0.0, 0.0, 0.0, 0.0, 0.0, 0.0, 0.0, 0.0, 0.0, 0.0, 0.0, 0.0, 0.0, 0.0, 0.0, 0.0, 0.0, 0.0, 0.0, 0.0, 0.0, 0.0, 0.0, 0.0, 0.0]
---
header: 
  seq: 941
  stamp: 
    secs: 1744093942
    nsecs: 814825058
  frame_id: "world"
child_frame_id: "world"
pose: 
  pose: 
    position: 
      x: -0.18690749835594972
      y: 0.4630179082610404
      z: 0.49591428417106903
    orientation: 
      x: 0.008234016507434142
      y: -0.013141800126958852
      z: 0.9998765455575392
      w: 0.002527391046250991
  covariance: [0.0, 0.0, 0.0, 0.0, 0.0, 0.0, 0.0, 0.0, 0.0, 0.0, 0.0, 0.0, 0.0, 0.0, 0.0, 0.0, 0.0, 0.0, 0.0, 0.0, 0.0, 0.0, 0.0, 0.0, 0.0, 0.0, 0.0, 0.0, 0.0, 0.0, 0.0, 0.0, 0.0, 0.0, 0.0, 0.0]
twist: 
  twist: 
    linear: 
      x: -0.3439368018899206
      y: -0.1273236902012813
      z: -0.04859879776306703
    angular: 
      x: 0.0
      y: 0.0
      z: 0.0
  covariance: [0.0, 0.0, 0.0, 0.0, 0.0, 0.0, 0.0, 0.0, 0.0, 0.0, 0.0, 0.0, 0.0, 0.0, 0.0, 0.0, 0.0, 0.0, 0.0, 0.0, 0.0, 0.0, 0.0, 0.0, 0.0, 0.0, 0.0, 0.0, 0.0, 0.0, 0.0, 0.0, 0.0, 0.0, 0.0, 0.0]
---
header: 
  seq: 942
  stamp: 
    secs: 1744093942
    nsecs: 948018551
  frame_id: "world"
child_frame_id: "world"
pose: 
  pose: 
    position: 
      x: -0.2311345924677039
      y: 0.4423445395719526
      z: 0.4870879767987483
    orientation: 
      x: 0.008913187018744944
      y: -0.013004190449788367
      z: 0.9988610953277371
      w: -0.04503285876543612
  covariance: [0.0, 0.0, 0.0, 0.0, 0.0, 0.0, 0.0, 0.0, 0.0, 0.0, 0.0, 0.0, 0.0, 0.0, 0.0, 0.0, 0.0, 0.0, 0.0, 0.0, 0.0, 0.0, 0.0, 0.0, 0.0, 0.0, 0.0, 0.0, 0.0, 0.0, 0.0, 0.0, 0.0, 0.0, 0.0, 0.0]
twist: 
  twist: 
    linear: 
      x: -0.3288206228111918
      y: -0.1586246408505436
      z: -0.05017005369962859
    angular: 
      x: 0.0
      y: 0.0
      z: 0.0
  covariance: [0.0, 0.0, 0.0, 0.0, 0.0, 0.0, 0.0, 0.0, 0.0, 0.0, 0.0, 0.0, 0.0, 0.0, 0.0, 0.0, 0.0, 0.0, 0.0, 0.0, 0.0, 0.0, 0.0, 0.0, 0.0, 0.0, 0.0, 0.0, 0.0, 0.0, 0.0, 0.0, 0.0, 0.0, 0.0, 0.0]
---
header: 
  seq: 943
  stamp: 
    secs: 1744093943
    nsecs:  81206799
  frame_id: "world"
child_frame_id: "world"
pose: 
  pose: 
    position: 
      x: -0.2769366644265408
      y: 0.4191650952953034
      z: 0.47752700973196005
    orientation: 
      x: 0.008737557162147311
      y: -0.008647170335635014
      z: 0.9956234062564943
      w: -0.0926440200673558
  covariance: [0.0, 0.0, 0.0, 0.0, 0.0, 0.0, 0.0, 0.0, 0.0, 0.0, 0.0, 0.0, 0.0, 0.0, 0.0, 0.0, 0.0, 0.0, 0.0, 0.0, 0.0, 0.0, 0.0, 0.0, 0.0, 0.0, 0.0, 0.0, 0.0, 0.0, 0.0, 0.0, 0.0, 0.0, 0.0, 0.0]
twist: 
  twist: 
    linear: 
      x: -0.3238762886601269
      y: -0.1779175165784083
      z: -0.06644884736455857
    angular: 
      x: 0.0
      y: 0.0
      z: 0.0
  covariance: [0.0, 0.0, 0.0, 0.0, 0.0, 0.0, 0.0, 0.0, 0.0, 0.0, 0.0, 0.0, 0.0, 0.0, 0.0, 0.0, 0.0, 0.0, 0.0, 0.0, 0.0, 0.0, 0.0, 0.0, 0.0, 0.0, 0.0, 0.0, 0.0, 0.0, 0.0, 0.0, 0.0, 0.0, 0.0, 0.0]
---
header: 
  seq: 944
  stamp: 
    secs: 1744093943
    nsecs: 214390039
  frame_id: "world"
child_frame_id: "world"
pose: 
  pose: 
    position: 
      x: -0.3257066064466095
      y: 0.39306802881314706
      z: 0.4688376199121945
    orientation: 
      x: 0.010170969393098965
      y: -0.007341993340719388
      z: 0.9901062893453706
      w: -0.13975758410236988
  covariance: [0.0, 0.0, 0.0, 0.0, 0.0, 0.0, 0.0, 0.0, 0.0, 0.0, 0.0, 0.0, 0.0, 0.0, 0.0, 0.0, 0.0, 0.0, 0.0, 0.0, 0.0, 0.0, 0.0, 0.0, 0.0, 0.0, 0.0, 0.0, 0.0, 0.0, 0.0, 0.0, 0.0, 0.0, 0.0, 0.0]
twist: 
  twist: 
    linear: 
      x: -0.33327149686061674
      y: -0.17645669154982824
      z: -0.04890244644292808
    angular: 
      x: 0.0
      y: 0.0
      z: 0.0
  covariance: [0.0, 0.0, 0.0, 0.0, 0.0, 0.0, 0.0, 0.0, 0.0, 0.0, 0.0, 0.0, 0.0, 0.0, 0.0, 0.0, 0.0, 0.0, 0.0, 0.0, 0.0, 0.0, 0.0, 0.0, 0.0, 0.0, 0.0, 0.0, 0.0, 0.0, 0.0, 0.0, 0.0, 0.0, 0.0, 0.0]
---
header: 
  seq: 945
  stamp: 
    secs: 1744093943
    nsecs: 347568274
  frame_id: "world"
child_frame_id: "world"
pose: 
  pose: 
    position: 
      x: -0.3725887514379246
      y: 0.36576557477199273
      z: 0.46839577754092837
    orientation: 
      x: 0.016007381786224347
      y: -0.010829141434556494
      z: 0.9823764098008648
      w: -0.18591149208939226
  covariance: [0.0, 0.0, 0.0, 0.0, 0.0, 0.0, 0.0, 0.0, 0.0, 0.0, 0.0, 0.0, 0.0, 0.0, 0.0, 0.0, 0.0, 0.0, 0.0, 0.0, 0.0, 0.0, 0.0, 0.0, 0.0, 0.0, 0.0, 0.0, 0.0, 0.0, 0.0, 0.0, 0.0, 0.0, 0.0, 0.0]
twist: 
  twist: 
    linear: 
      x: -0.32035030882538174
      y: -0.18101312449583648
      z: -0.015989140938637226
    angular: 
      x: 0.0
      y: 0.0
      z: 0.0
  covariance: [0.0, 0.0, 0.0, 0.0, 0.0, 0.0, 0.0, 0.0, 0.0, 0.0, 0.0, 0.0, 0.0, 0.0, 0.0, 0.0, 0.0, 0.0, 0.0, 0.0, 0.0, 0.0, 0.0, 0.0, 0.0, 0.0, 0.0, 0.0, 0.0, 0.0, 0.0, 0.0, 0.0, 0.0, 0.0, 0.0]
---
header: 
  seq: 946
  stamp: 
    secs: 1744093943
    nsecs: 480741501
  frame_id: "world"
child_frame_id: "world"
pose: 
  pose: 
    position: 
      x: -0.41355036833284087
      y: 0.3359131477133947
      z: 0.46833697842665045
    orientation: 
      x: 0.020143383927807287
      y: -0.015988297062778493
      z: 0.9723869970981087
      w: -0.23195289676029496
  covariance: [0.0, 0.0, 0.0, 0.0, 0.0, 0.0, 0.0, 0.0, 0.0, 0.0, 0.0, 0.0, 0.0, 0.0, 0.0, 0.0, 0.0, 0.0, 0.0, 0.0, 0.0, 0.0, 0.0, 0.0, 0.0, 0.0, 0.0, 0.0, 0.0, 0.0, 0.0, 0.0, 0.0, 0.0, 0.0, 0.0]
twist: 
  twist: 
    linear: 
      x: -0.29025937369640253
      y: -0.19802590347427934
      z: 0.008778476188943353
    angular: 
      x: 0.0
      y: 0.0
      z: 0.0
  covariance: [0.0, 0.0, 0.0, 0.0, 0.0, 0.0, 0.0, 0.0, 0.0, 0.0, 0.0, 0.0, 0.0, 0.0, 0.0, 0.0, 0.0, 0.0, 0.0, 0.0, 0.0, 0.0, 0.0, 0.0, 0.0, 0.0, 0.0, 0.0, 0.0, 0.0, 0.0, 0.0, 0.0, 0.0, 0.0, 0.0]
---
header: 
  seq: 947
  stamp: 
    secs: 1744093943
    nsecs: 613909483
  frame_id: "world"
child_frame_id: "world"
pose: 
  pose: 
    position: 
      x: -0.4514139425097646
      y: 0.3009924307420447
      z: 0.46724596178153854
    orientation: 
      x: 0.020865948311771132
      y: -0.017502881486060422
      z: 0.9600687847811797
      w: -0.2784352524906359
  covariance: [0.0, 0.0, 0.0, 0.0, 0.0, 0.0, 0.0, 0.0, 0.0, 0.0, 0.0, 0.0, 0.0, 0.0, 0.0, 0.0, 0.0, 0.0, 0.0, 0.0, 0.0, 0.0, 0.0, 0.0, 0.0, 0.0, 0.0, 0.0, 0.0, 0.0, 0.0, 0.0, 0.0, 0.0, 0.0, 0.0]
twist: 
  twist: 
    linear: 
      x: -0.24674866117110314
      y: -0.24867790357673794
      z: 0.00208422450227538
    angular: 
      x: 0.0
      y: 0.0
      z: 0.0
  covariance: [0.0, 0.0, 0.0, 0.0, 0.0, 0.0, 0.0, 0.0, 0.0, 0.0, 0.0, 0.0, 0.0, 0.0, 0.0, 0.0, 0.0, 0.0, 0.0, 0.0, 0.0, 0.0, 0.0, 0.0, 0.0, 0.0, 0.0, 0.0, 0.0, 0.0, 0.0, 0.0, 0.0, 0.0, 0.0, 0.0]
---
header: 
  seq: 948
  stamp: 
    secs: 1744093943
    nsecs: 747090101
  frame_id: "world"
child_frame_id: "world"
pose: 
  pose: 
    position: 
      x: -0.48529625661895504
      y: 0.26218846807902596
      z: 0.4669025080937944
    orientation: 
      x: 0.01688901467906761
      y: -0.012776335809989938
      z: 0.9460662530742955
      w: -0.3232803291578438
  covariance: [0.0, 0.0, 0.0, 0.0, 0.0, 0.0, 0.0, 0.0, 0.0, 0.0, 0.0, 0.0, 0.0, 0.0, 0.0, 0.0, 0.0, 0.0, 0.0, 0.0, 0.0, 0.0, 0.0, 0.0, 0.0, 0.0, 0.0, 0.0, 0.0, 0.0, 0.0, 0.0, 0.0, 0.0, 0.0, 0.0]
twist: 
  twist: 
    linear: 
      x: -0.20605479536879617
      y: -0.27629774641168214
      z: 0.00577926232936095
    angular: 
      x: 0.0
      y: 0.0
      z: 0.0
  covariance: [0.0, 0.0, 0.0, 0.0, 0.0, 0.0, 0.0, 0.0, 0.0, 0.0, 0.0, 0.0, 0.0, 0.0, 0.0, 0.0, 0.0, 0.0, 0.0, 0.0, 0.0, 0.0, 0.0, 0.0, 0.0, 0.0, 0.0, 0.0, 0.0, 0.0, 0.0, 0.0, 0.0, 0.0, 0.0, 0.0]
---
header: 
  seq: 949
  stamp: 
    secs: 1744093943
    nsecs: 880278826
  frame_id: "world"
child_frame_id: "world"
pose: 
  pose: 
    position: 
      x: -0.518036351886386
      y: 0.22088479823949847
      z: 0.4658083801898426
    orientation: 
      x: 0.014119759540238535
      y: -0.00836430134256481
      z: 0.9297598331803321
      w: -0.36780065722896405
  covariance: [0.0, 0.0, 0.0, 0.0, 0.0, 0.0, 0.0, 0.0, 0.0, 0.0, 0.0, 0.0, 0.0, 0.0, 0.0, 0.0, 0.0, 0.0, 0.0, 0.0, 0.0, 0.0, 0.0, 0.0, 0.0, 0.0, 0.0, 0.0, 0.0, 0.0, 0.0, 0.0, 0.0, 0.0, 0.0, 0.0]
twist: 
  twist: 
    linear: 
      x: -0.18928465026957167
      y: -0.2921966453703732
      z: 0.005999099736022421
    angular: 
      x: 0.0
      y: 0.0
      z: 0.0
  covariance: [0.0, 0.0, 0.0, 0.0, 0.0, 0.0, 0.0, 0.0, 0.0, 0.0, 0.0, 0.0, 0.0, 0.0, 0.0, 0.0, 0.0, 0.0, 0.0, 0.0, 0.0, 0.0, 0.0, 0.0, 0.0, 0.0, 0.0, 0.0, 0.0, 0.0, 0.0, 0.0, 0.0, 0.0, 0.0, 0.0]
---
header: 
  seq: 950
  stamp: 
    secs: 1744093944
    nsecs:  13475895
  frame_id: "world"
child_frame_id: "world"
pose: 
  pose: 
    position: 
      x: -0.5468720653382131
      y: 0.1795855239798561
      z: 0.46766381273145713
    orientation: 
      x: 0.015113470871514715
      y: -0.006745889754080154
      z: 0.9116818529246579
      w: -0.410563362975198
  covariance: [0.0, 0.0, 0.0, 0.0, 0.0, 0.0, 0.0, 0.0, 0.0, 0.0, 0.0, 0.0, 0.0, 0.0, 0.0, 0.0, 0.0, 0.0, 0.0, 0.0, 0.0, 0.0, 0.0, 0.0, 0.0, 0.0, 0.0, 0.0, 0.0, 0.0, 0.0, 0.0, 0.0, 0.0, 0.0, 0.0]
twist: 
  twist: 
    linear: 
      x: -0.16337042737749521
      y: -0.2955090652688978
      z: 0.006095064209792713
    angular: 
      x: 0.0
      y: 0.0
      z: 0.0
  covariance: [0.0, 0.0, 0.0, 0.0, 0.0, 0.0, 0.0, 0.0, 0.0, 0.0, 0.0, 0.0, 0.0, 0.0, 0.0, 0.0, 0.0, 0.0, 0.0, 0.0, 0.0, 0.0, 0.0, 0.0, 0.0, 0.0, 0.0, 0.0, 0.0, 0.0, 0.0, 0.0, 0.0, 0.0, 0.0, 0.0]
---
header: 
  seq: 951
  stamp: 
    secs: 1744093944
    nsecs: 146667957
  frame_id: "world"
child_frame_id: "world"
pose: 
  pose: 
    position: 
      x: -0.56937677577007
      y: 0.14013579773351054
      z: 0.47047382091821527
    orientation: 
      x: 0.01747854878762933
      y: -0.010801146043158582
      z: 0.8916970977253492
      w: -0.4521660330947271
  covariance: [0.0, 0.0, 0.0, 0.0, 0.0, 0.0, 0.0, 0.0, 0.0, 0.0, 0.0, 0.0, 0.0, 0.0, 0.0, 0.0, 0.0, 0.0, 0.0, 0.0, 0.0, 0.0, 0.0, 0.0, 0.0, 0.0, 0.0, 0.0, 0.0, 0.0, 0.0, 0.0, 0.0, 0.0, 0.0, 0.0]
twist: 
  twist: 
    linear: 
      x: -0.1359904324494345
      y: -0.2936528454696725
      z: 0.014473975211015769
    angular: 
      x: 0.0
      y: 0.0
      z: 0.0
  covariance: [0.0, 0.0, 0.0, 0.0, 0.0, 0.0, 0.0, 0.0, 0.0, 0.0, 0.0, 0.0, 0.0, 0.0, 0.0, 0.0, 0.0, 0.0, 0.0, 0.0, 0.0, 0.0, 0.0, 0.0, 0.0, 0.0, 0.0, 0.0, 0.0, 0.0, 0.0, 0.0, 0.0, 0.0, 0.0, 0.0]
---
header: 
  seq: 952
  stamp: 
    secs: 1744093944
    nsecs: 279855251
  frame_id: "world"
child_frame_id: "world"
pose: 
  pose: 
    position: 
      x: -0.592845629564104
      y: 0.09904355390546249
      z: 0.47507129035878737
    orientation: 
      x: 0.016655660560625157
      y: -0.013763039928084581
      z: 0.8698475302750851
      w: -0.49284728037959413
  covariance: [0.0, 0.0, 0.0, 0.0, 0.0, 0.0, 0.0, 0.0, 0.0, 0.0, 0.0, 0.0, 0.0, 0.0, 0.0, 0.0, 0.0, 0.0, 0.0, 0.0, 0.0, 0.0, 0.0, 0.0, 0.0, 0.0, 0.0, 0.0, 0.0, 0.0, 0.0, 0.0, 0.0, 0.0, 0.0, 0.0]
twist: 
  twist: 
    linear: 
      x: -0.11701513334202304
      y: -0.2937657317271005
      z: 0.030843924678313286
    angular: 
      x: 0.0
      y: 0.0
      z: 0.0
  covariance: [0.0, 0.0, 0.0, 0.0, 0.0, 0.0, 0.0, 0.0, 0.0, 0.0, 0.0, 0.0, 0.0, 0.0, 0.0, 0.0, 0.0, 0.0, 0.0, 0.0, 0.0, 0.0, 0.0, 0.0, 0.0, 0.0, 0.0, 0.0, 0.0, 0.0, 0.0, 0.0, 0.0, 0.0, 0.0, 0.0]
---
header: 
  seq: 953
  stamp: 
    secs: 1744093944
    nsecs: 413037539
  frame_id: "world"
child_frame_id: "world"
pose: 
  pose: 
    position: 
      x: -0.6082602267573731
      y: 0.05915030427875284
      z: 0.4780329440215881
    orientation: 
      x: -0.016648084077582916
      y: 0.016457292182992935
      z: -0.8460178832722002
      w: 0.5326403477152061
  covariance: [0.0, 0.0, 0.0, 0.0, 0.0, 0.0, 0.0, 0.0, 0.0, 0.0, 0.0, 0.0, 0.0, 0.0, 0.0, 0.0, 0.0, 0.0, 0.0, 0.0, 0.0, 0.0, 0.0, 0.0, 0.0, 0.0, 0.0, 0.0, 0.0, 0.0, 0.0, 0.0, 0.0, 0.0, 0.0, 0.0]
twist: 
  twist: 
    linear: 
      x: -0.07734075987886774
      y: -0.29630741061478516
      z: 0.023481469454850808
    angular: 
      x: 0.0
      y: 0.0
      z: 0.0
  covariance: [0.0, 0.0, 0.0, 0.0, 0.0, 0.0, 0.0, 0.0, 0.0, 0.0, 0.0, 0.0, 0.0, 0.0, 0.0, 0.0, 0.0, 0.0, 0.0, 0.0, 0.0, 0.0, 0.0, 0.0, 0.0, 0.0, 0.0, 0.0, 0.0, 0.0, 0.0, 0.0, 0.0, 0.0, 0.0, 0.0]
---
header: 
  seq: 954
  stamp: 
    secs: 1744093944
    nsecs: 546215057
  frame_id: "world"
child_frame_id: "world"
pose: 
  pose: 
    position: 
      x: -0.6178889665542395
      y: 0.018214886262828467
      z: 0.4777231301329486
    orientation: 
      x: -0.018673732243977555
      y: 0.01822944571951504
      z: -0.8201729949082822
      w: 0.5715201111562206
  covariance: [0.0, 0.0, 0.0, 0.0, 0.0, 0.0, 0.0, 0.0, 0.0, 0.0, 0.0, 0.0, 0.0, 0.0, 0.0, 0.0, 0.0, 0.0, 0.0, 0.0, 0.0, 0.0, 0.0, 0.0, 0.0, 0.0, 0.0, 0.0, 0.0, 0.0, 0.0, 0.0, 0.0, 0.0, 0.0, 0.0]
twist: 
  twist: 
    linear: 
      x: -0.026306230390605128
      y: -0.30914605632656605
      z: 0.005412849904024506
    angular: 
      x: 0.0
      y: 0.0
      z: 0.0
  covariance: [0.0, 0.0, 0.0, 0.0, 0.0, 0.0, 0.0, 0.0, 0.0, 0.0, 0.0, 0.0, 0.0, 0.0, 0.0, 0.0, 0.0, 0.0, 0.0, 0.0, 0.0, 0.0, 0.0, 0.0, 0.0, 0.0, 0.0, 0.0, 0.0, 0.0, 0.0, 0.0, 0.0, 0.0, 0.0, 0.0]
---
header: 
  seq: 955
  stamp: 
    secs: 1744093944
    nsecs: 679387569
  frame_id: "world"
child_frame_id: "world"
pose: 
  pose: 
    position: 
      x: -0.6229736788383599
      y: -0.02625903489359188
      z: 0.4768482547598835
    orientation: 
      x: -0.016352341747695398
      y: 0.01770292629324226
      z: -0.7927221977779464
      w: 0.6091064968214716
  covariance: [0.0, 0.0, 0.0, 0.0, 0.0, 0.0, 0.0, 0.0, 0.0, 0.0, 0.0, 0.0, 0.0, 0.0, 0.0, 0.0, 0.0, 0.0, 0.0, 0.0, 0.0, 0.0, 0.0, 0.0, 0.0, 0.0, 0.0, 0.0, 0.0, 0.0, 0.0, 0.0, 0.0, 0.0, 0.0, 0.0]
twist: 
  twist: 
    linear: 
      x: 0.011827215015906415
      y: -0.3202384915619879
      z: -0.008850374938863873
    angular: 
      x: 0.0
      y: 0.0
      z: 0.0
  covariance: [0.0, 0.0, 0.0, 0.0, 0.0, 0.0, 0.0, 0.0, 0.0, 0.0, 0.0, 0.0, 0.0, 0.0, 0.0, 0.0, 0.0, 0.0, 0.0, 0.0, 0.0, 0.0, 0.0, 0.0, 0.0, 0.0, 0.0, 0.0, 0.0, 0.0, 0.0, 0.0, 0.0, 0.0, 0.0, 0.0]
---
header: 
  seq: 956
  stamp: 
    secs: 1744093944
    nsecs: 812624693
  frame_id: "world"
child_frame_id: "world"
pose: 
  pose: 
    position: 
      x: -0.622591654449937
      y: -0.07081968369672786
      z: 0.47291495223696867
    orientation: 
      x: -0.014097181839700277
      y: 0.01899456695235611
      z: -0.7634239248853196
      w: 0.645464473695621
  covariance: [0.0, 0.0, 0.0, 0.0, 0.0, 0.0, 0.0, 0.0, 0.0, 0.0, 0.0, 0.0, 0.0, 0.0, 0.0, 0.0, 0.0, 0.0, 0.0, 0.0, 0.0, 0.0, 0.0, 0.0, 0.0, 0.0, 0.0, 0.0, 0.0, 0.0, 0.0, 0.0, 0.0, 0.0, 0.0, 0.0]
twist: 
  twist: 
    linear: 
      x: 0.054973502084389315
      y: -0.3261147345591716
      z: -0.024676039902798853
    angular: 
      x: 0.0
      y: 0.0
      z: 0.0
  covariance: [0.0, 0.0, 0.0, 0.0, 0.0, 0.0, 0.0, 0.0, 0.0, 0.0, 0.0, 0.0, 0.0, 0.0, 0.0, 0.0, 0.0, 0.0, 0.0, 0.0, 0.0, 0.0, 0.0, 0.0, 0.0, 0.0, 0.0, 0.0, 0.0, 0.0, 0.0, 0.0, 0.0, 0.0, 0.0, 0.0]
---
header: 
  seq: 957
  stamp: 
    secs: 1744093944
    nsecs: 945831776
  frame_id: "world"
child_frame_id: "world"
pose: 
  pose: 
    position: 
      x: -0.6126540021191587
      y: -0.11883894970630415
      z: 0.4697925829651069
    orientation: 
      x: -0.014492547026333057
      y: 0.01840497907644348
      z: -0.7333992733473491
      w: 0.6793943837561992
  covariance: [0.0, 0.0, 0.0, 0.0, 0.0, 0.0, 0.0, 0.0, 0.0, 0.0, 0.0, 0.0, 0.0, 0.0, 0.0, 0.0, 0.0, 0.0, 0.0, 0.0, 0.0, 0.0, 0.0, 0.0, 0.0, 0.0, 0.0, 0.0, 0.0, 0.0, 0.0, 0.0, 0.0, 0.0, 0.0, 0.0]
twist: 
  twist: 
    linear: 
      x: 0.08801075970934202
      y: -0.35183663575378643
      z: -0.022642706613464784
    angular: 
      x: 0.0
      y: 0.0
      z: 0.0
  covariance: [0.0, 0.0, 0.0, 0.0, 0.0, 0.0, 0.0, 0.0, 0.0, 0.0, 0.0, 0.0, 0.0, 0.0, 0.0, 0.0, 0.0, 0.0, 0.0, 0.0, 0.0, 0.0, 0.0, 0.0, 0.0, 0.0, 0.0, 0.0, 0.0, 0.0, 0.0, 0.0, 0.0, 0.0, 0.0, 0.0]
---
header: 
  seq: 958
  stamp: 
    secs: 1744093945
    nsecs:  79035282
  frame_id: "world"
child_frame_id: "world"
pose: 
  pose: 
    position: 
      x: -0.5957352892480963
      y: -0.16580997090341243
      z: 0.46658154704695687
    orientation: 
      x: -0.01667620430755699
      y: 0.013610959358000127
      z: -0.7022775941773608
      w: 0.711577702511613
  covariance: [0.0, 0.0, 0.0, 0.0, 0.0, 0.0, 0.0, 0.0, 0.0, 0.0, 0.0, 0.0, 0.0, 0.0, 0.0, 0.0, 0.0, 0.0, 0.0, 0.0, 0.0, 0.0, 0.0, 0.0, 0.0, 0.0, 0.0, 0.0, 0.0, 0.0, 0.0, 0.0, 0.0, 0.0, 0.0, 0.0]
twist: 
  twist: 
    linear: 
      x: 0.1458791620530376
      y: -0.355704707667281
      z: -0.015257505584500964
    angular: 
      x: 0.0
      y: 0.0
      z: 0.0
  covariance: [0.0, 0.0, 0.0, 0.0, 0.0, 0.0, 0.0, 0.0, 0.0, 0.0, 0.0, 0.0, 0.0, 0.0, 0.0, 0.0, 0.0, 0.0, 0.0, 0.0, 0.0, 0.0, 0.0, 0.0, 0.0, 0.0, 0.0, 0.0, 0.0, 0.0, 0.0, 0.0, 0.0, 0.0, 0.0, 0.0]
---
header: 
  seq: 959
  stamp: 
    secs: 1744093945
    nsecs: 212233067
  frame_id: "world"
child_frame_id: "world"
pose: 
  pose: 
    position: 
      x: -0.5720940908504197
      y: -0.21635968743532677
      z: 0.46642463047953087
    orientation: 
      x: -0.017619827577295116
      y: 0.008177378261325311
      z: -0.6701076976660524
      w: 0.7420096668437819
  covariance: [0.0, 0.0, 0.0, 0.0, 0.0, 0.0, 0.0, 0.0, 0.0, 0.0, 0.0, 0.0, 0.0, 0.0, 0.0, 0.0, 0.0, 0.0, 0.0, 0.0, 0.0, 0.0, 0.0, 0.0, 0.0, 0.0, 0.0, 0.0, 0.0, 0.0, 0.0, 0.0, 0.0, 0.0, 0.0, 0.0]
twist: 
  twist: 
    linear: 
      x: 0.19750123515949994
      y: -0.3510472163977191
      z: -0.005846191043597603
    angular: 
      x: 0.0
      y: 0.0
      z: 0.0
  covariance: [0.0, 0.0, 0.0, 0.0, 0.0, 0.0, 0.0, 0.0, 0.0, 0.0, 0.0, 0.0, 0.0, 0.0, 0.0, 0.0, 0.0, 0.0, 0.0, 0.0, 0.0, 0.0, 0.0, 0.0, 0.0, 0.0, 0.0, 0.0, 0.0, 0.0, 0.0, 0.0, 0.0, 0.0, 0.0, 0.0]
---
header: 
  seq: 960
  stamp: 
    secs: 1744093945
    nsecs: 345426321
  frame_id: "world"
child_frame_id: "world"
pose: 
  pose: 
    position: 
      x: -0.5436120990442103
      y: -0.2685210774904307
      z: 0.46744825064741735
    orientation: 
      x: -0.016069472342318293
      y: 0.006031662594273552
      z: -0.6371495226694278
      w: 0.7705490749245687
  covariance: [0.0, 0.0, 0.0, 0.0, 0.0, 0.0, 0.0, 0.0, 0.0, 0.0, 0.0, 0.0, 0.0, 0.0, 0.0, 0.0, 0.0, 0.0, 0.0, 0.0, 0.0, 0.0, 0.0, 0.0, 0.0, 0.0, 0.0, 0.0, 0.0, 0.0, 0.0, 0.0, 0.0, 0.0, 0.0, 0.0]
twist: 
  twist: 
    linear: 
      x: 0.2198849308863081
      y: -0.343818864370429
      z: 0.009052959417469156
    angular: 
      x: 0.0
      y: 0.0
      z: 0.0
  covariance: [0.0, 0.0, 0.0, 0.0, 0.0, 0.0, 0.0, 0.0, 0.0, 0.0, 0.0, 0.0, 0.0, 0.0, 0.0, 0.0, 0.0, 0.0, 0.0, 0.0, 0.0, 0.0, 0.0, 0.0, 0.0, 0.0, 0.0, 0.0, 0.0, 0.0, 0.0, 0.0, 0.0, 0.0, 0.0, 0.0]
---
header: 
  seq: 961
  stamp: 
    secs: 1744093945
    nsecs: 478614807
  frame_id: "world"
child_frame_id: "world"
pose: 
  pose: 
    position: 
      x: -0.5110691282740996
      y: -0.3163245819543949
      z: 0.4721311516529198
    orientation: 
      x: -0.014307811443466064
      y: 0.0008131014167554352
      z: -0.6036309138040625
      w: 0.7971350859784412
  covariance: [0.0, 0.0, 0.0, 0.0, 0.0, 0.0, 0.0, 0.0, 0.0, 0.0, 0.0, 0.0, 0.0, 0.0, 0.0, 0.0, 0.0, 0.0, 0.0, 0.0, 0.0, 0.0, 0.0, 0.0, 0.0, 0.0, 0.0, 0.0, 0.0, 0.0, 0.0, 0.0, 0.0, 0.0, 0.0, 0.0]
twist: 
  twist: 
    linear: 
      x: 0.25150101520227003
      y: -0.32190227385183634
      z: 0.03004452302035007
    angular: 
      x: 0.0
      y: 0.0
      z: 0.0
  covariance: [0.0, 0.0, 0.0, 0.0, 0.0, 0.0, 0.0, 0.0, 0.0, 0.0, 0.0, 0.0, 0.0, 0.0, 0.0, 0.0, 0.0, 0.0, 0.0, 0.0, 0.0, 0.0, 0.0, 0.0, 0.0, 0.0, 0.0, 0.0, 0.0, 0.0, 0.0, 0.0, 0.0, 0.0, 0.0, 0.0]
---
header: 
  seq: 962
  stamp: 
    secs: 1744093945
    nsecs: 611798286
  frame_id: "world"
child_frame_id: "world"
pose: 
  pose: 
    position: 
      x: -0.47477610291075384
      y: -0.35850362447979434
      z: 0.478477605165081
    orientation: 
      x: -0.01647452596718158
      y: -0.003482265793773464
      z: -0.5691417670159836
      w: 0.8220669758949218
  covariance: [0.0, 0.0, 0.0, 0.0, 0.0, 0.0, 0.0, 0.0, 0.0, 0.0, 0.0, 0.0, 0.0, 0.0, 0.0, 0.0, 0.0, 0.0, 0.0, 0.0, 0.0, 0.0, 0.0, 0.0, 0.0, 0.0, 0.0, 0.0, 0.0, 0.0, 0.0, 0.0, 0.0, 0.0, 0.0, 0.0]
twist: 
  twist: 
    linear: 
      x: 0.26627547027653525
      y: -0.2886928242335842
      z: 0.07042173002240062
    angular: 
      x: 0.0
      y: 0.0
      z: 0.0
  covariance: [0.0, 0.0, 0.0, 0.0, 0.0, 0.0, 0.0, 0.0, 0.0, 0.0, 0.0, 0.0, 0.0, 0.0, 0.0, 0.0, 0.0, 0.0, 0.0, 0.0, 0.0, 0.0, 0.0, 0.0, 0.0, 0.0, 0.0, 0.0, 0.0, 0.0, 0.0, 0.0, 0.0, 0.0, 0.0, 0.0]
---
header: 
  seq: 963
  stamp: 
    secs: 1744093945
    nsecs: 744977236
  frame_id: "world"
child_frame_id: "world"
pose: 
  pose: 
    position: 
      x: -0.4394199080290617
      y: -0.393796407777229
      z: 0.487040642456202
    orientation: 
      x: -0.016643588927309983
      y: -0.0037128918647117005
      z: -0.5328690106943007
      w: 0.8460258996173208
  covariance: [0.0, 0.0, 0.0, 0.0, 0.0, 0.0, 0.0, 0.0, 0.0, 0.0, 0.0, 0.0, 0.0, 0.0, 0.0, 0.0, 0.0, 0.0, 0.0, 0.0, 0.0, 0.0, 0.0, 0.0, 0.0, 0.0, 0.0, 0.0, 0.0, 0.0, 0.0, 0.0, 0.0, 0.0, 0.0, 0.0]
twist: 
  twist: 
    linear: 
      x: 0.2788028451777756
      y: -0.24097081815366653
      z: 0.015824176241734413
    angular: 
      x: 0.0
      y: 0.0
      z: 0.0
  covariance: [0.0, 0.0, 0.0, 0.0, 0.0, 0.0, 0.0, 0.0, 0.0, 0.0, 0.0, 0.0, 0.0, 0.0, 0.0, 0.0, 0.0, 0.0, 0.0, 0.0, 0.0, 0.0, 0.0, 0.0, 0.0, 0.0, 0.0, 0.0, 0.0, 0.0, 0.0, 0.0, 0.0, 0.0, 0.0, 0.0]
---
header: 
  seq: 964
  stamp: 
    secs: 1744093945
    nsecs: 878187895
  frame_id: "world"
child_frame_id: "world"
pose: 
  pose: 
    position: 
      x: -0.3988554919323017
      y: -0.4257126611830465
      z: 0.4848499752389434
    orientation: 
      x: -0.012527445164431848
      y: -0.002386356889185405
      z: -0.49413357351134723
      w: 0.8692924593871476
  covariance: [0.0, 0.0, 0.0, 0.0, 0.0, 0.0, 0.0, 0.0, 0.0, 0.0, 0.0, 0.0, 0.0, 0.0, 0.0, 0.0, 0.0, 0.0, 0.0, 0.0, 0.0, 0.0, 0.0, 0.0, 0.0, 0.0, 0.0, 0.0, 0.0, 0.0, 0.0, 0.0, 0.0, 0.0, 0.0, 0.0]
twist: 
  twist: 
    linear: 
      x: 0.3010459038110901
      y: -0.20332209629078005
      z: 0.010614059981548237
    angular: 
      x: 0.0
      y: 0.0
      z: 0.0
  covariance: [0.0, 0.0, 0.0, 0.0, 0.0, 0.0, 0.0, 0.0, 0.0, 0.0, 0.0, 0.0, 0.0, 0.0, 0.0, 0.0, 0.0, 0.0, 0.0, 0.0, 0.0, 0.0, 0.0, 0.0, 0.0, 0.0, 0.0, 0.0, 0.0, 0.0, 0.0, 0.0, 0.0, 0.0, 0.0, 0.0]
---
header: 
  seq: 965
  stamp: 
    secs: 1744093946
    nsecs:  11401415
  frame_id: "world"
child_frame_id: "world"
pose: 
  pose: 
    position: 
      x: -0.3584015910684223
      y: -0.45173968387080327
      z: 0.48730345242479817
    orientation: 
      x: -0.008598559764814717
      y: -5.320490277518573e-05
      z: -0.4534841335636629
      w: 0.8912228691776392
  covariance: [0.0, 0.0, 0.0, 0.0, 0.0, 0.0, 0.0, 0.0, 0.0, 0.0, 0.0, 0.0, 0.0, 0.0, 0.0, 0.0, 0.0, 0.0, 0.0, 0.0, 0.0, 0.0, 0.0, 0.0, 0.0, 0.0, 0.0, 0.0, 0.0, 0.0, 0.0, 0.0, 0.0, 0.0, 0.0, 0.0]
twist: 
  twist: 
    linear: 
      x: 0.30423116965408165
      y: -0.17186094953152128
      z: 0.0018756837104766805
    angular: 
      x: 0.0
      y: 0.0
      z: 0.0
  covariance: [0.0, 0.0, 0.0, 0.0, 0.0, 0.0, 0.0, 0.0, 0.0, 0.0, 0.0, 0.0, 0.0, 0.0, 0.0, 0.0, 0.0, 0.0, 0.0, 0.0, 0.0, 0.0, 0.0, 0.0, 0.0, 0.0, 0.0, 0.0, 0.0, 0.0, 0.0, 0.0, 0.0, 0.0, 0.0, 0.0]
---
header: 
  seq: 966
  stamp: 
    secs: 1744093946
    nsecs: 144610167
  frame_id: "world"
child_frame_id: "world"
pose: 
  pose: 
    position: 
      x: -0.31776395525256407
      y: -0.47386635416761785
      z: 0.48672296361316064
    orientation: 
      x: -0.007520577154178778
      y: 0.0020342741477424983
      z: -0.41190085369076884
      w: 0.9111953629034641
  covariance: [0.0, 0.0, 0.0, 0.0, 0.0, 0.0, 0.0, 0.0, 0.0, 0.0, 0.0, 0.0, 0.0, 0.0, 0.0, 0.0, 0.0, 0.0, 0.0, 0.0, 0.0, 0.0, 0.0, 0.0, 0.0, 0.0, 0.0, 0.0, 0.0, 0.0, 0.0, 0.0, 0.0, 0.0, 0.0, 0.0]
twist: 
  twist: 
    linear: 
      x: 0.3109952868905763
      y: -0.15245697305445208
      z: -0.01867949100554654
    angular: 
      x: 0.0
      y: 0.0
      z: 0.0
  covariance: [0.0, 0.0, 0.0, 0.0, 0.0, 0.0, 0.0, 0.0, 0.0, 0.0, 0.0, 0.0, 0.0, 0.0, 0.0, 0.0, 0.0, 0.0, 0.0, 0.0, 0.0, 0.0, 0.0, 0.0, 0.0, 0.0, 0.0, 0.0, 0.0, 0.0, 0.0, 0.0, 0.0, 0.0, 0.0, 0.0]
---
header: 
  seq: 967
  stamp: 
    secs: 1744093946
    nsecs: 277814388
  frame_id: "world"
child_frame_id: "world"
pose: 
  pose: 
    position: 
      x: -0.27726229845367
      y: -0.4921142085608925
      z: 0.48702766987486196
    orientation: 
      x: -0.007556462730454224
      y: 0.0031768199768879165
      z: -0.3694160574831723
      w: 0.929227950590934
  covariance: [0.0, 0.0, 0.0, 0.0, 0.0, 0.0, 0.0, 0.0, 0.0, 0.0, 0.0, 0.0, 0.0, 0.0, 0.0, 0.0, 0.0, 0.0, 0.0, 0.0, 0.0, 0.0, 0.0, 0.0, 0.0, 0.0, 0.0, 0.0, 0.0, 0.0, 0.0, 0.0, 0.0, 0.0, 0.0, 0.0]
twist: 
  twist: 
    linear: 
      x: 0.316875691455429
      y: -0.11905041632936443
      z: -0.003914188511174079
    angular: 
      x: 0.0
      y: 0.0
      z: 0.0
  covariance: [0.0, 0.0, 0.0, 0.0, 0.0, 0.0, 0.0, 0.0, 0.0, 0.0, 0.0, 0.0, 0.0, 0.0, 0.0, 0.0, 0.0, 0.0, 0.0, 0.0, 0.0, 0.0, 0.0, 0.0, 0.0, 0.0, 0.0, 0.0, 0.0, 0.0, 0.0, 0.0, 0.0, 0.0, 0.0, 0.0]
---
header: 
  seq: 968
  stamp: 
    secs: 1744093946
    nsecs: 411014080
  frame_id: "world"
child_frame_id: "world"
pose: 
  pose: 
    position: 
      x: -0.23696551957256595
      y: -0.5089456750456935
      z: 0.4892380893467311
    orientation: 
      x: -0.006805694232320444
      y: 0.0056100783867008295
      z: -0.3280455343949044
      w: 0.9446207370739184
  covariance: [0.0, 0.0, 0.0, 0.0, 0.0, 0.0, 0.0, 0.0, 0.0, 0.0, 0.0, 0.0, 0.0, 0.0, 0.0, 0.0, 0.0, 0.0, 0.0, 0.0, 0.0, 0.0, 0.0, 0.0, 0.0, 0.0, 0.0, 0.0, 0.0, 0.0, 0.0, 0.0, 0.0, 0.0, 0.0, 0.0]
twist: 
  twist: 
    linear: 
      x: 0.30719395680404127
      y: -0.1114320126376572
      z: 0.016946923136440504
    angular: 
      x: 0.0
      y: 0.0
      z: 0.0
  covariance: [0.0, 0.0, 0.0, 0.0, 0.0, 0.0, 0.0, 0.0, 0.0, 0.0, 0.0, 0.0, 0.0, 0.0, 0.0, 0.0, 0.0, 0.0, 0.0, 0.0, 0.0, 0.0, 0.0, 0.0, 0.0, 0.0, 0.0, 0.0, 0.0, 0.0, 0.0, 0.0, 0.0, 0.0, 0.0, 0.0]
---
header: 
  seq: 969
  stamp: 
    secs: 1744093946
    nsecs: 544209242
  frame_id: "world"
child_frame_id: "world"
pose: 
  pose: 
    position: 
      x: -0.19279784723768606
      y: -0.5244892559886407
      z: 0.4933741248578019
    orientation: 
      x: -0.0074615620892317155
      y: 0.005617571524174204
      z: -0.28576141680481804
      w: 0.9582552794777927
  covariance: [0.0, 0.0, 0.0, 0.0, 0.0, 0.0, 0.0, 0.0, 0.0, 0.0, 0.0, 0.0, 0.0, 0.0, 0.0, 0.0, 0.0, 0.0, 0.0, 0.0, 0.0, 0.0, 0.0, 0.0, 0.0, 0.0, 0.0, 0.0, 0.0, 0.0, 0.0, 0.0, 0.0, 0.0, 0.0, 0.0]
twist: 
  twist: 
    linear: 
      x: 0.330608929910219
      y: -0.07196248830397914
      z: 0.02657585675167652
    angular: 
      x: 0.0
      y: 0.0
      z: 0.0
  covariance: [0.0, 0.0, 0.0, 0.0, 0.0, 0.0, 0.0, 0.0, 0.0, 0.0, 0.0, 0.0, 0.0, 0.0, 0.0, 0.0, 0.0, 0.0, 0.0, 0.0, 0.0, 0.0, 0.0, 0.0, 0.0, 0.0, 0.0, 0.0, 0.0, 0.0, 0.0, 0.0, 0.0, 0.0, 0.0, 0.0]
---
header: 
  seq: 970
  stamp: 
    secs: 1744093946
    nsecs: 677399635
  frame_id: "world"
child_frame_id: "world"
pose: 
  pose: 
    position: 
      x: -0.14476944705739125
      y: -0.5253217606819938
      z: 0.487676672886357
    orientation: 
      x: -0.005112247762059011
      y: 0.005304583264691184
      z: -0.24285737226215653
      w: 0.9700340319066788
  covariance: [0.0, 0.0, 0.0, 0.0, 0.0, 0.0, 0.0, 0.0, 0.0, 0.0, 0.0, 0.0, 0.0, 0.0, 0.0, 0.0, 0.0, 0.0, 0.0, 0.0, 0.0, 0.0, 0.0, 0.0, 0.0, 0.0, 0.0, 0.0, 0.0, 0.0, 0.0, 0.0, 0.0, 0.0, 0.0, 0.0]
twist: 
  twist: 
    linear: 
      x: 0.34097327436497843
      y: -0.05653352832834988
      z: -0.002367091428783048
    angular: 
      x: 0.0
      y: 0.0
      z: 0.0
  covariance: [0.0, 0.0, 0.0, 0.0, 0.0, 0.0, 0.0, 0.0, 0.0, 0.0, 0.0, 0.0, 0.0, 0.0, 0.0, 0.0, 0.0, 0.0, 0.0, 0.0, 0.0, 0.0, 0.0, 0.0, 0.0, 0.0, 0.0, 0.0, 0.0, 0.0, 0.0, 0.0, 0.0, 0.0, 0.0, 0.0]
---
header: 
  seq: 971
  stamp: 
    secs: 1744093946
    nsecs: 810594559
  frame_id: "world"
child_frame_id: "world"
pose: 
  pose: 
    position: 
      x: -0.07022679211305088
      y: -0.5451774563811942
      z: 0.49157934830551625
    orientation: 
      x: -0.009427002563375792
      y: 0.0014844928457167506
      z: -0.1984537653236026
      w: 0.9800637892160621
  covariance: [0.0, 0.0, 0.0, 0.0, 0.0, 0.0, 0.0, 0.0, 0.0, 0.0, 0.0, 0.0, 0.0, 0.0, 0.0, 0.0, 0.0, 0.0, 0.0, 0.0, 0.0, 0.0, 0.0, 0.0, 0.0, 0.0, 0.0, 0.0, 0.0, 0.0, 0.0, 0.0, 0.0, 0.0, 0.0, 0.0]
twist: 
  twist: 
    linear: 
      x: 0.3896058862096302
      y: -0.026604070706431313
      z: -0.008176674005305718
    angular: 
      x: 0.0
      y: 0.0
      z: 0.0
  covariance: [0.0, 0.0, 0.0, 0.0, 0.0, 0.0, 0.0, 0.0, 0.0, 0.0, 0.0, 0.0, 0.0, 0.0, 0.0, 0.0, 0.0, 0.0, 0.0, 0.0, 0.0, 0.0, 0.0, 0.0, 0.0, 0.0, 0.0, 0.0, 0.0, 0.0, 0.0, 0.0, 0.0, 0.0, 0.0, 0.0]
---
header: 
  seq: 972
  stamp: 
    secs: 1744093946
    nsecs: 943801641
  frame_id: "world"
child_frame_id: "world"
pose: 
  pose: 
    position: 
      x: -0.00889344138295195
      y: -0.5548726245302474
      z: 0.4900299980756355
    orientation: 
      x: 0.0013443013757026383
      y: 0.0005924665108930314
      z: -0.15267092638027216
      w: 0.9882759888186267
  covariance: [0.0, 0.0, 0.0, 0.0, 0.0, 0.0, 0.0, 0.0, 0.0, 0.0, 0.0, 0.0, 0.0, 0.0, 0.0, 0.0, 0.0, 0.0, 0.0, 0.0, 0.0, 0.0, 0.0, 0.0, 0.0, 0.0, 0.0, 0.0, 0.0, 0.0, 0.0, 0.0, 0.0, 0.0, 0.0, 0.0]
twist: 
  twist: 
    linear: 
      x: 0.3951437961530927
      y: -0.0030129740741191603
      z: -0.0025227132773707485
    angular: 
      x: 0.0
      y: 0.0
      z: 0.0
  covariance: [0.0, 0.0, 0.0, 0.0, 0.0, 0.0, 0.0, 0.0, 0.0, 0.0, 0.0, 0.0, 0.0, 0.0, 0.0, 0.0, 0.0, 0.0, 0.0, 0.0, 0.0, 0.0, 0.0, 0.0, 0.0, 0.0, 0.0, 0.0, 0.0, 0.0, 0.0, 0.0, 0.0, 0.0, 0.0, 0.0]
---
header: 
  seq: 973
  stamp: 
    secs: 1744093947
    nsecs:  77004194
  frame_id: "world"
child_frame_id: "world"
pose: 
  pose: 
    position: 
      x: 0.04373832145591411
      y: -0.5575716426303734
      z: 0.4927430343939345
    orientation: 
      x: 0.0011932676603794178
      y: -0.011102059817553482
      z: -0.10640608265564436
      w: 0.9942600595186243
  covariance: [0.0, 0.0, 0.0, 0.0, 0.0, 0.0, 0.0, 0.0, 0.0, 0.0, 0.0, 0.0, 0.0, 0.0, 0.0, 0.0, 0.0, 0.0, 0.0, 0.0, 0.0, 0.0, 0.0, 0.0, 0.0, 0.0, 0.0, 0.0, 0.0, 0.0, 0.0, 0.0, 0.0, 0.0, 0.0, 0.0]
twist: 
  twist: 
    linear: 
      x: 0.3762246082701087
      y: 0.024646837597876305
      z: 0.0001569987537296644
    angular: 
      x: 0.0
      y: 0.0
      z: 0.0
  covariance: [0.0, 0.0, 0.0, 0.0, 0.0, 0.0, 0.0, 0.0, 0.0, 0.0, 0.0, 0.0, 0.0, 0.0, 0.0, 0.0, 0.0, 0.0, 0.0, 0.0, 0.0, 0.0, 0.0, 0.0, 0.0, 0.0, 0.0, 0.0, 0.0, 0.0, 0.0, 0.0, 0.0, 0.0, 0.0, 0.0]
---
header: 
  seq: 974
  stamp: 
    secs: 1744093947
    nsecs: 210201979
  frame_id: "world"
child_frame_id: "world"
pose: 
  pose: 
    position: 
      x: 0.09735443932098053
      y: -0.5584944128463708
      z: 0.49745482568739924
    orientation: 
      x: -0.00015532197914065976
      y: -0.01605448467063192
      z: -0.05868502612163151
      w: 0.9981474325499949
  covariance: [0.0, 0.0, 0.0, 0.0, 0.0, 0.0, 0.0, 0.0, 0.0, 0.0, 0.0, 0.0, 0.0, 0.0, 0.0, 0.0, 0.0, 0.0, 0.0, 0.0, 0.0, 0.0, 0.0, 0.0, 0.0, 0.0, 0.0, 0.0, 0.0, 0.0, 0.0, 0.0, 0.0, 0.0, 0.0, 0.0]
twist: 
  twist: 
    linear: 
      x: 0.35167888323970475
      y: 0.019940787085331202
      z: 0.039540702838945695
    angular: 
      x: 0.0
      y: 0.0
      z: 0.0
  covariance: [0.0, 0.0, 0.0, 0.0, 0.0, 0.0, 0.0, 0.0, 0.0, 0.0, 0.0, 0.0, 0.0, 0.0, 0.0, 0.0, 0.0, 0.0, 0.0, 0.0, 0.0, 0.0, 0.0, 0.0, 0.0, 0.0, 0.0, 0.0, 0.0, 0.0, 0.0, 0.0, 0.0, 0.0, 0.0, 0.0]
---
header: 
  seq: 975
  stamp: 
    secs: 1744093947
    nsecs: 343394756
  frame_id: "world"
child_frame_id: "world"
pose: 
  pose: 
    position: 
      x: 0.14924189502368818
      y: -0.5554331282174453
      z: 0.4973823762654016
    orientation: 
      x: -0.012859418375718478
      y: -0.01544282580080292
      z: -0.010367869026218583
      w: 0.9997442981993843
  covariance: [0.0, 0.0, 0.0, 0.0, 0.0, 0.0, 0.0, 0.0, 0.0, 0.0, 0.0, 0.0, 0.0, 0.0, 0.0, 0.0, 0.0, 0.0, 0.0, 0.0, 0.0, 0.0, 0.0, 0.0, 0.0, 0.0, 0.0, 0.0, 0.0, 0.0, 0.0, 0.0, 0.0, 0.0, 0.0, 0.0]
twist: 
  twist: 
    linear: 
      x: 0.3193175902730693
      y: 0.06467393718796213
      z: 0.023554923721441298
    angular: 
      x: 0.0
      y: 0.0
      z: 0.0
  covariance: [0.0, 0.0, 0.0, 0.0, 0.0, 0.0, 0.0, 0.0, 0.0, 0.0, 0.0, 0.0, 0.0, 0.0, 0.0, 0.0, 0.0, 0.0, 0.0, 0.0, 0.0, 0.0, 0.0, 0.0, 0.0, 0.0, 0.0, 0.0, 0.0, 0.0, 0.0, 0.0, 0.0, 0.0, 0.0, 0.0]
---
header: 
  seq: 976
  stamp: 
    secs: 1744093947
    nsecs: 476582766
  frame_id: "world"
child_frame_id: "world"
pose: 
  pose: 
    position: 
      x: 0.18193144850513432
      y: -0.5443461208375118
      z: 0.49111003669596087
    orientation: 
      x: -0.015240059750931609
      y: -0.010203143352834468
      z: 0.03683350299872628
      w: 0.9991531061360678
  covariance: [0.0, 0.0, 0.0, 0.0, 0.0, 0.0, 0.0, 0.0, 0.0, 0.0, 0.0, 0.0, 0.0, 0.0, 0.0, 0.0, 0.0, 0.0, 0.0, 0.0, 0.0, 0.0, 0.0, 0.0, 0.0, 0.0, 0.0, 0.0, 0.0, 0.0, 0.0, 0.0, 0.0, 0.0, 0.0, 0.0]
twist: 
  twist: 
    linear: 
      x: 0.26883387346504245
      y: 0.1304543464492227
      z: -0.052264735621830385
    angular: 
      x: 0.0
      y: 0.0
      z: 0.0
  covariance: [0.0, 0.0, 0.0, 0.0, 0.0, 0.0, 0.0, 0.0, 0.0, 0.0, 0.0, 0.0, 0.0, 0.0, 0.0, 0.0, 0.0, 0.0, 0.0, 0.0, 0.0, 0.0, 0.0, 0.0, 0.0, 0.0, 0.0, 0.0, 0.0, 0.0, 0.0, 0.0, 0.0, 0.0, 0.0, 0.0]
---
header: 
  seq: 977
  stamp: 
    secs: 1744093947
    nsecs: 609765768
  frame_id: "world"
child_frame_id: "world"
pose: 
  pose: 
    position: 
      x: 0.21253216690818166
      y: -0.5251664831609906
      z: 0.48117213504538253
    orientation: 
      x: -0.010855936389957776
      y: -0.006842247162497453
      z: 0.08309612569653867
      w: 0.9964589134495659
  covariance: [0.0, 0.0, 0.0, 0.0, 0.0, 0.0, 0.0, 0.0, 0.0, 0.0, 0.0, 0.0, 0.0, 0.0, 0.0, 0.0, 0.0, 0.0, 0.0, 0.0, 0.0, 0.0, 0.0, 0.0, 0.0, 0.0, 0.0, 0.0, 0.0, 0.0, 0.0, 0.0, 0.0, 0.0, 0.0, 0.0]
twist: 
  twist: 
    linear: 
      x: 0.2294516292001188
      y: 0.19656406965002943
      z: -0.055348066320868555
    angular: 
      x: 0.0
      y: 0.0
      z: 0.0
  covariance: [0.0, 0.0, 0.0, 0.0, 0.0, 0.0, 0.0, 0.0, 0.0, 0.0, 0.0, 0.0, 0.0, 0.0, 0.0, 0.0, 0.0, 0.0, 0.0, 0.0, 0.0, 0.0, 0.0, 0.0, 0.0, 0.0, 0.0, 0.0, 0.0, 0.0, 0.0, 0.0, 0.0, 0.0, 0.0, 0.0]
---
header: 
  seq: 978
  stamp: 
    secs: 1744093947
    nsecs: 742945194
  frame_id: "world"
child_frame_id: "world"
pose: 
  pose: 
    position: 
      x: 0.2477718510259375
      y: -0.5000385687792157
      z: 0.4737604678432442
    orientation: 
      x: -0.00555450849701176
      y: 0.00033339604027631973
      z: 0.12951645081977609
      w: 0.9915616598323503
  covariance: [0.0, 0.0, 0.0, 0.0, 0.0, 0.0, 0.0, 0.0, 0.0, 0.0, 0.0, 0.0, 0.0, 0.0, 0.0, 0.0, 0.0, 0.0, 0.0, 0.0, 0.0, 0.0, 0.0, 0.0, 0.0, 0.0, 0.0, 0.0, 0.0, 0.0, 0.0, 0.0, 0.0, 0.0, 0.0, 0.0]
twist: 
  twist: 
    linear: 
      x: 0.21979307418721705
      y: 0.2314473115600682
      z: -0.03012928409451706
    angular: 
      x: 0.0
      y: 0.0
      z: 0.0
  covariance: [0.0, 0.0, 0.0, 0.0, 0.0, 0.0, 0.0, 0.0, 0.0, 0.0, 0.0, 0.0, 0.0, 0.0, 0.0, 0.0, 0.0, 0.0, 0.0, 0.0, 0.0, 0.0, 0.0, 0.0, 0.0, 0.0, 0.0, 0.0, 0.0, 0.0, 0.0, 0.0, 0.0, 0.0, 0.0, 0.0]
---
header: 
  seq: 979
  stamp: 
    secs: 1744093947
    nsecs: 876147270
  frame_id: "world"
child_frame_id: "world"
pose: 
  pose: 
    position: 
      x: 0.27860463812496195
      y: -0.46781144983683376
      z: 0.47083209120648023
    orientation: 
      x: -0.004825368438790642
      y: 0.005619879304380317
      z: 0.17490998800542526
      w: 0.9845565645873152
  covariance: [0.0, 0.0, 0.0, 0.0, 0.0, 0.0, 0.0, 0.0, 0.0, 0.0, 0.0, 0.0, 0.0, 0.0, 0.0, 0.0, 0.0, 0.0, 0.0, 0.0, 0.0, 0.0, 0.0, 0.0, 0.0, 0.0, 0.0, 0.0, 0.0, 0.0, 0.0, 0.0, 0.0, 0.0, 0.0, 0.0]
twist: 
  twist: 
    linear: 
      x: 0.22444097725495007
      y: 0.26583746147150716
      z: -0.0007298824240926264
    angular: 
      x: 0.0
      y: 0.0
      z: 0.0
  covariance: [0.0, 0.0, 0.0, 0.0, 0.0, 0.0, 0.0, 0.0, 0.0, 0.0, 0.0, 0.0, 0.0, 0.0, 0.0, 0.0, 0.0, 0.0, 0.0, 0.0, 0.0, 0.0, 0.0, 0.0, 0.0, 0.0, 0.0, 0.0, 0.0, 0.0, 0.0, 0.0, 0.0, 0.0, 0.0, 0.0]
---
header: 
  seq: 980
  stamp: 
    secs: 1744093948
    nsecs:   9350300
  frame_id: "world"
child_frame_id: "world"
pose: 
  pose: 
    position: 
      x: 0.31063873787399277
      y: -0.43002258088222256
      z: 0.47101208734536104
    orientation: 
      x: -0.0006276744021279895
      y: 0.003485069270233257
      z: 0.21999870119446843
      w: 0.9754937374426212
  covariance: [0.0, 0.0, 0.0, 0.0, 0.0, 0.0, 0.0, 0.0, 0.0, 0.0, 0.0, 0.0, 0.0, 0.0, 0.0, 0.0, 0.0, 0.0, 0.0, 0.0, 0.0, 0.0, 0.0, 0.0, 0.0, 0.0, 0.0, 0.0, 0.0, 0.0, 0.0, 0.0, 0.0, 0.0, 0.0, 0.0]
twist: 
  twist: 
    linear: 
      x: 0.2286349221071837
      y: 0.30882420225579155
      z: 0.012832826382216923
    angular: 
      x: 0.0
      y: 0.0
      z: 0.0
  covariance: [0.0, 0.0, 0.0, 0.0, 0.0, 0.0, 0.0, 0.0, 0.0, 0.0, 0.0, 0.0, 0.0, 0.0, 0.0, 0.0, 0.0, 0.0, 0.0, 0.0, 0.0, 0.0, 0.0, 0.0, 0.0, 0.0, 0.0, 0.0, 0.0, 0.0, 0.0, 0.0, 0.0, 0.0, 0.0, 0.0]
---
header: 
  seq: 981
  stamp: 
    secs: 1744093948
    nsecs: 142548561
  frame_id: "world"
child_frame_id: "world"
pose: 
  pose: 
    position: 
      x: 0.3401360981089993
      y: -0.3882459558708481
      z: 0.46946657217336907
    orientation: 
      x: 0.002402862592243078
      y: -0.003963421532127612
      z: 0.264725630693708
      w: 0.9643126349866727
  covariance: [0.0, 0.0, 0.0, 0.0, 0.0, 0.0, 0.0, 0.0, 0.0, 0.0, 0.0, 0.0, 0.0, 0.0, 0.0, 0.0, 0.0, 0.0, 0.0, 0.0, 0.0, 0.0, 0.0, 0.0, 0.0, 0.0, 0.0, 0.0, 0.0, 0.0, 0.0, 0.0, 0.0, 0.0, 0.0, 0.0]
twist: 
  twist: 
    linear: 
      x: 0.2147331519697814
      y: 0.32586451872828176
      z: -0.014867464935736846
    angular: 
      x: 0.0
      y: 0.0
      z: 0.0
  covariance: [0.0, 0.0, 0.0, 0.0, 0.0, 0.0, 0.0, 0.0, 0.0, 0.0, 0.0, 0.0, 0.0, 0.0, 0.0, 0.0, 0.0, 0.0, 0.0, 0.0, 0.0, 0.0, 0.0, 0.0, 0.0, 0.0, 0.0, 0.0, 0.0, 0.0, 0.0, 0.0, 0.0, 0.0, 0.0, 0.0]
---
header: 
  seq: 982
  stamp: 
    secs: 1744093948
    nsecs: 275742292
  frame_id: "world"
child_frame_id: "world"
pose: 
  pose: 
    position: 
      x: 0.3686308634050633
      y: -0.3429936999631289
      z: 0.4689915787244906
    orientation: 
      x: 0.006576389900097497
      y: -0.010984905197515688
      z: 0.30824057124560705
      w: 0.9512222837969395
  covariance: [0.0, 0.0, 0.0, 0.0, 0.0, 0.0, 0.0, 0.0, 0.0, 0.0, 0.0, 0.0, 0.0, 0.0, 0.0, 0.0, 0.0, 0.0, 0.0, 0.0, 0.0, 0.0, 0.0, 0.0, 0.0, 0.0, 0.0, 0.0, 0.0, 0.0, 0.0, 0.0, 0.0, 0.0, 0.0, 0.0]
twist: 
  twist: 
    linear: 
      x: 0.18991795489646313
      y: 0.3503635520276345
      z: -0.010847249436915288
    angular: 
      x: 0.0
      y: 0.0
      z: 0.0
  covariance: [0.0, 0.0, 0.0, 0.0, 0.0, 0.0, 0.0, 0.0, 0.0, 0.0, 0.0, 0.0, 0.0, 0.0, 0.0, 0.0, 0.0, 0.0, 0.0, 0.0, 0.0, 0.0, 0.0, 0.0, 0.0, 0.0, 0.0, 0.0, 0.0, 0.0, 0.0, 0.0, 0.0, 0.0, 0.0, 0.0]
---
header: 
  seq: 983
  stamp: 
    secs: 1744093948
    nsecs: 408930779
  frame_id: "world"
child_frame_id: "world"
pose: 
  pose: 
    position: 
      x: 0.39254864158108804
      y: -0.29666332518488214
      z: 0.47164462098167015
    orientation: 
      x: 0.007715636297211959
      y: -0.011442395731593162
      z: 0.35280524081108167
      w: 0.9355949992345435
  covariance: [0.0, 0.0, 0.0, 0.0, 0.0, 0.0, 0.0, 0.0, 0.0, 0.0, 0.0, 0.0, 0.0, 0.0, 0.0, 0.0, 0.0, 0.0, 0.0, 0.0, 0.0, 0.0, 0.0, 0.0, 0.0, 0.0, 0.0, 0.0, 0.0, 0.0, 0.0, 0.0, 0.0, 0.0, 0.0, 0.0]
twist: 
  twist: 
    linear: 
      x: 0.17170176356507735
      y: 0.3450734925442779
      z: -0.002534293291061967
    angular: 
      x: 0.0
      y: 0.0
      z: 0.0
  covariance: [0.0, 0.0, 0.0, 0.0, 0.0, 0.0, 0.0, 0.0, 0.0, 0.0, 0.0, 0.0, 0.0, 0.0, 0.0, 0.0, 0.0, 0.0, 0.0, 0.0, 0.0, 0.0, 0.0, 0.0, 0.0, 0.0, 0.0, 0.0, 0.0, 0.0, 0.0, 0.0, 0.0, 0.0, 0.0, 0.0]
---
header: 
  seq: 984
  stamp: 
    secs: 1744093948
    nsecs: 542114496
  frame_id: "world"
child_frame_id: "world"
pose: 
  pose: 
    position: 
      x: 0.41558801568974235
      y: -0.2515519365564109
      z: 0.4780364549852826
    orientation: 
      x: 0.002035278234732458
      y: -0.013355134309872348
      z: 0.39705510926903126
      w: 0.91769534064058
  covariance: [0.0, 0.0, 0.0, 0.0, 0.0, 0.0, 0.0, 0.0, 0.0, 0.0, 0.0, 0.0, 0.0, 0.0, 0.0, 0.0, 0.0, 0.0, 0.0, 0.0, 0.0, 0.0, 0.0, 0.0, 0.0, 0.0, 0.0, 0.0, 0.0, 0.0, 0.0, 0.0, 0.0, 0.0, 0.0, 0.0]
twist: 
  twist: 
    linear: 
      x: 0.14536286838149784
      y: 0.3265633800883321
      z: 0.018360903624136088
    angular: 
      x: 0.0
      y: 0.0
      z: 0.0
  covariance: [0.0, 0.0, 0.0, 0.0, 0.0, 0.0, 0.0, 0.0, 0.0, 0.0, 0.0, 0.0, 0.0, 0.0, 0.0, 0.0, 0.0, 0.0, 0.0, 0.0, 0.0, 0.0, 0.0, 0.0, 0.0, 0.0, 0.0, 0.0, 0.0, 0.0, 0.0, 0.0, 0.0, 0.0, 0.0, 0.0]
---
header: 
  seq: 985
  stamp: 
    secs: 1744093948
    nsecs: 675293684
  frame_id: "world"
child_frame_id: "world"
pose: 
  pose: 
    position: 
      x: 0.4404601949545982
      y: -0.20584153785063214
      z: 0.4872570935410655
    orientation: 
      x: 0.00019332373984995056
      y: -0.010656628774115808
      z: 0.44105067379950214
      w: 0.8974189111168248
  covariance: [0.0, 0.0, 0.0, 0.0, 0.0, 0.0, 0.0, 0.0, 0.0, 0.0, 0.0, 0.0, 0.0, 0.0, 0.0, 0.0, 0.0, 0.0, 0.0, 0.0, 0.0, 0.0, 0.0, 0.0, 0.0, 0.0, 0.0, 0.0, 0.0, 0.0, 0.0, 0.0, 0.0, 0.0, 0.0, 0.0]
twist: 
  twist: 
    linear: 
      x: 0.13294855546632714
      y: 0.30803061056516373
      z: 0.019058160085750994
    angular: 
      x: 0.0
      y: 0.0
      z: 0.0
  covariance: [0.0, 0.0, 0.0, 0.0, 0.0, 0.0, 0.0, 0.0, 0.0, 0.0, 0.0, 0.0, 0.0, 0.0, 0.0, 0.0, 0.0, 0.0, 0.0, 0.0, 0.0, 0.0, 0.0, 0.0, 0.0, 0.0, 0.0, 0.0, 0.0, 0.0, 0.0, 0.0, 0.0, 0.0, 0.0, 0.0]
---
header: 
  seq: 986
  stamp: 
    secs: 1744093948
    nsecs: 808475018
  frame_id: "world"
child_frame_id: "world"
pose: 
  pose: 
    position: 
      x: 0.4577207692229978
      y: -0.16375543207800336
      z: 0.4926306110215792
    orientation: 
      x: -0.008286895006646068
      y: -0.011047426186041714
      z: 0.48333600094798634
      w: 0.8753259918072929
  covariance: [0.0, 0.0, 0.0, 0.0, 0.0, 0.0, 0.0, 0.0, 0.0, 0.0, 0.0, 0.0, 0.0, 0.0, 0.0, 0.0, 0.0, 0.0, 0.0, 0.0, 0.0, 0.0, 0.0, 0.0, 0.0, 0.0, 0.0, 0.0, 0.0, 0.0, 0.0, 0.0, 0.0, 0.0, 0.0, 0.0]
twist: 
  twist: 
    linear: 
      x: 0.11366559245213766
      y: 0.3110020230622156
      z: 0.045789540776909415
    angular: 
      x: 0.0
      y: 0.0
      z: 0.0
  covariance: [0.0, 0.0, 0.0, 0.0, 0.0, 0.0, 0.0, 0.0, 0.0, 0.0, 0.0, 0.0, 0.0, 0.0, 0.0, 0.0, 0.0, 0.0, 0.0, 0.0, 0.0, 0.0, 0.0, 0.0, 0.0, 0.0, 0.0, 0.0, 0.0, 0.0, 0.0, 0.0, 0.0, 0.0, 0.0, 0.0]
---
header: 
  seq: 987
  stamp: 
    secs: 1744093948
    nsecs: 941666365
  frame_id: "world"
child_frame_id: "world"
pose: 
  pose: 
    position: 
      x: 0.47031283313623284
      y: -0.11976048077747226
      z: 0.5003903697847
    orientation: 
      x: -0.013555944142871925
      y: -0.01767874591976472
      z: 0.5245292101575386
      w: 0.8511009376170423
  covariance: [0.0, 0.0, 0.0, 0.0, 0.0, 0.0, 0.0, 0.0, 0.0, 0.0, 0.0, 0.0, 0.0, 0.0, 0.0, 0.0, 0.0, 0.0, 0.0, 0.0, 0.0, 0.0, 0.0, 0.0, 0.0, 0.0, 0.0, 0.0, 0.0, 0.0, 0.0, 0.0, 0.0, 0.0, 0.0, 0.0]
twist: 
  twist: 
    linear: 
      x: 0.07532532057893868
      y: 0.3265825515585996
      z: 0.037325133362844126
    angular: 
      x: 0.0
      y: 0.0
      z: 0.0
  covariance: [0.0, 0.0, 0.0, 0.0, 0.0, 0.0, 0.0, 0.0, 0.0, 0.0, 0.0, 0.0, 0.0, 0.0, 0.0, 0.0, 0.0, 0.0, 0.0, 0.0, 0.0, 0.0, 0.0, 0.0, 0.0, 0.0, 0.0, 0.0, 0.0, 0.0, 0.0, 0.0, 0.0, 0.0, 0.0, 0.0]
---
header: 
  seq: 988
  stamp: 
    secs: 1744093949
    nsecs:  74852228
  frame_id: "world"
child_frame_id: "world"
pose: 
  pose: 
    position: 
      x: 0.4689287719712226
      y: -0.07520073342106881
      z: 0.5061320655329371
    orientation: 
      x: -0.011603071622658502
      y: -0.017926838993252727
      z: 0.5641337878716222
      w: 0.8254072125649528
  covariance: [0.0, 0.0, 0.0, 0.0, 0.0, 0.0, 0.0, 0.0, 0.0, 0.0, 0.0, 0.0, 0.0, 0.0, 0.0, 0.0, 0.0, 0.0, 0.0, 0.0, 0.0, 0.0, 0.0, 0.0, 0.0, 0.0, 0.0, 0.0, 0.0, 0.0, 0.0, 0.0, 0.0, 0.0, 0.0, 0.0]
twist: 
  twist: 
    linear: 
      x: 0.005503327048641542
      y: 0.3401219821240168
      z: 0.022595988376809758
    angular: 
      x: 0.0
      y: 0.0
      z: 0.0
  covariance: [0.0, 0.0, 0.0, 0.0, 0.0, 0.0, 0.0, 0.0, 0.0, 0.0, 0.0, 0.0, 0.0, 0.0, 0.0, 0.0, 0.0, 0.0, 0.0, 0.0, 0.0, 0.0, 0.0, 0.0, 0.0, 0.0, 0.0, 0.0, 0.0, 0.0, 0.0, 0.0, 0.0, 0.0, 0.0, 0.0]
---
header: 
  seq: 989
  stamp: 
    secs: 1744093949
    nsecs: 208032846
  frame_id: "world"
child_frame_id: "world"
pose: 
  pose: 
    position: 
      x: 0.4602679092426778
      y: -0.02518557422476214
      z: 0.5082625341475604
    orientation: 
      x: -0.008886693157448698
      y: -0.01572179713858095
      z: 0.602366427868315
      w: 0.7980153747620562
  covariance: [0.0, 0.0, 0.0, 0.0, 0.0, 0.0, 0.0, 0.0, 0.0, 0.0, 0.0, 0.0, 0.0, 0.0, 0.0, 0.0, 0.0, 0.0, 0.0, 0.0, 0.0, 0.0, 0.0, 0.0, 0.0, 0.0, 0.0, 0.0, 0.0, 0.0, 0.0, 0.0, 0.0, 0.0, 0.0, 0.0]
twist: 
  twist: 
    linear: 
      x: -0.047187431868005565
      y: 0.34813371045144326
      z: 0.016449749307392885
    angular: 
      x: 0.0
      y: 0.0
      z: 0.0
  covariance: [0.0, 0.0, 0.0, 0.0, 0.0, 0.0, 0.0, 0.0, 0.0, 0.0, 0.0, 0.0, 0.0, 0.0, 0.0, 0.0, 0.0, 0.0, 0.0, 0.0, 0.0, 0.0, 0.0, 0.0, 0.0, 0.0, 0.0, 0.0, 0.0, 0.0, 0.0, 0.0, 0.0, 0.0, 0.0, 0.0]
---
header: 
  seq: 990
  stamp: 
    secs: 1744093949
    nsecs: 341208458
  frame_id: "world"
child_frame_id: "world"
pose: 
  pose: 
    position: 
      x: 0.44640595848680875
      y: 0.025582456530575837
      z: 0.5092026677974475
    orientation: 
      x: -0.0027286922021468357
      y: -0.007528156329632625
      z: 0.640508699736292
      w: 0.767909165633063
  covariance: [0.0, 0.0, 0.0, 0.0, 0.0, 0.0, 0.0, 0.0, 0.0, 0.0, 0.0, 0.0, 0.0, 0.0, 0.0, 0.0, 0.0, 0.0, 0.0, 0.0, 0.0, 0.0, 0.0, 0.0, 0.0, 0.0, 0.0, 0.0, 0.0, 0.0, 0.0, 0.0, 0.0, 0.0, 0.0, 0.0]
twist: 
  twist: 
    linear: 
      x: -0.11681826935278908
      y: 0.363530316065031
      z: -0.013180697492586319
    angular: 
      x: 0.0
      y: 0.0
      z: 0.0
  covariance: [0.0, 0.0, 0.0, 0.0, 0.0, 0.0, 0.0, 0.0, 0.0, 0.0, 0.0, 0.0, 0.0, 0.0, 0.0, 0.0, 0.0, 0.0, 0.0, 0.0, 0.0, 0.0, 0.0, 0.0, 0.0, 0.0, 0.0, 0.0, 0.0, 0.0, 0.0, 0.0, 0.0, 0.0, 0.0, 0.0]
---
header: 
  seq: 991
  stamp: 
    secs: 1744093949
    nsecs: 474378586
  frame_id: "world"
child_frame_id: "world"
pose: 
  pose: 
    position: 
      x: 0.43359918130377273
      y: 0.07734399808658382
      z: 0.5029272375338254
    orientation: 
      x: 0.0050878220863918655
      y: -0.002865111482072032
      z: 0.6780157060176168
      w: 0.7350242224553183
  covariance: [0.0, 0.0, 0.0, 0.0, 0.0, 0.0, 0.0, 0.0, 0.0, 0.0, 0.0, 0.0, 0.0, 0.0, 0.0, 0.0, 0.0, 0.0, 0.0, 0.0, 0.0, 0.0, 0.0, 0.0, 0.0, 0.0, 0.0, 0.0, 0.0, 0.0, 0.0, 0.0, 0.0, 0.0, 0.0, 0.0]
twist: 
  twist: 
    linear: 
      x: -0.12013416930172204
      y: 0.3666818690966256
      z: -0.019365076806482993
    angular: 
      x: 0.0
      y: 0.0
      z: 0.0
  covariance: [0.0, 0.0, 0.0, 0.0, 0.0, 0.0, 0.0, 0.0, 0.0, 0.0, 0.0, 0.0, 0.0, 0.0, 0.0, 0.0, 0.0, 0.0, 0.0, 0.0, 0.0, 0.0, 0.0, 0.0, 0.0, 0.0, 0.0, 0.0, 0.0, 0.0, 0.0, 0.0, 0.0, 0.0, 0.0, 0.0]
---
header: 
  seq: 992
  stamp: 
    secs: 1744093949
    nsecs: 607543468
  frame_id: "world"
child_frame_id: "world"
pose: 
  pose: 
    position: 
      x: 0.41838597921903836
      y: 0.12976114312554543
      z: 0.49733227566412835
    orientation: 
      x: 0.010645053409107156
      y: -0.004964949133935655
      z: 0.7145157217358562
      w: 0.6995207756102055
  covariance: [0.0, 0.0, 0.0, 0.0, 0.0, 0.0, 0.0, 0.0, 0.0, 0.0, 0.0, 0.0, 0.0, 0.0, 0.0, 0.0, 0.0, 0.0, 0.0, 0.0, 0.0, 0.0, 0.0, 0.0, 0.0, 0.0, 0.0, 0.0, 0.0, 0.0, 0.0, 0.0, 0.0, 0.0, 0.0, 0.0]
twist: 
  twist: 
    linear: 
      x: -0.13761678799834182
      y: 0.36294481802367257
      z: -0.04879214576627207
    angular: 
      x: 0.0
      y: 0.0
      z: 0.0
  covariance: [0.0, 0.0, 0.0, 0.0, 0.0, 0.0, 0.0, 0.0, 0.0, 0.0, 0.0, 0.0, 0.0, 0.0, 0.0, 0.0, 0.0, 0.0, 0.0, 0.0, 0.0, 0.0, 0.0, 0.0, 0.0, 0.0, 0.0, 0.0, 0.0, 0.0, 0.0, 0.0, 0.0, 0.0, 0.0, 0.0]
---
header: 
  seq: 993
  stamp: 
    secs: 1744093949
    nsecs: 740703344
  frame_id: "world"
child_frame_id: "world"
pose: 
  pose: 
    position: 
      x: 0.40257847640055433
      y: 0.1812815859752389
      z: 0.4949151567010023
    orientation: 
      x: 0.012443028235482066
      y: -0.009391795550595132
      z: 0.7487656258266024
      w: 0.6626514942299334
  covariance: [0.0, 0.0, 0.0, 0.0, 0.0, 0.0, 0.0, 0.0, 0.0, 0.0, 0.0, 0.0, 0.0, 0.0, 0.0, 0.0, 0.0, 0.0, 0.0, 0.0, 0.0, 0.0, 0.0, 0.0, 0.0, 0.0, 0.0, 0.0, 0.0, 0.0, 0.0, 0.0, 0.0, 0.0, 0.0, 0.0]
twist: 
  twist: 
    linear: 
      x: -0.12356545328649504
      y: 0.34435613737731446
      z: -0.02802892120727466
    angular: 
      x: 0.0
      y: 0.0
      z: 0.0
  covariance: [0.0, 0.0, 0.0, 0.0, 0.0, 0.0, 0.0, 0.0, 0.0, 0.0, 0.0, 0.0, 0.0, 0.0, 0.0, 0.0, 0.0, 0.0, 0.0, 0.0, 0.0, 0.0, 0.0, 0.0, 0.0, 0.0, 0.0, 0.0, 0.0, 0.0, 0.0, 0.0, 0.0, 0.0, 0.0, 0.0]
---
header: 
  seq: 994
  stamp: 
    secs: 1744093949
    nsecs: 873892069
  frame_id: "world"
child_frame_id: "world"
pose: 
  pose: 
    position: 
      x: 0.3855350905562131
      y: 0.22947328194191374
      z: 0.4942014040692464
    orientation: 
      x: 0.008065949146483571
      y: -0.017369352397192655
      z: 0.7805246889202772
      w: 0.624831542135617
  covariance: [0.0, 0.0, 0.0, 0.0, 0.0, 0.0, 0.0, 0.0, 0.0, 0.0, 0.0, 0.0, 0.0, 0.0, 0.0, 0.0, 0.0, 0.0, 0.0, 0.0, 0.0, 0.0, 0.0, 0.0, 0.0, 0.0, 0.0, 0.0, 0.0, 0.0, 0.0, 0.0, 0.0, 0.0, 0.0, 0.0]
twist: 
  twist: 
    linear: 
      x: -0.14519155030101003
      y: 0.3136076770999808
      z: -0.02314974158731622
    angular: 
      x: 0.0
      y: 0.0
      z: 0.0
  covariance: [0.0, 0.0, 0.0, 0.0, 0.0, 0.0, 0.0, 0.0, 0.0, 0.0, 0.0, 0.0, 0.0, 0.0, 0.0, 0.0, 0.0, 0.0, 0.0, 0.0, 0.0, 0.0, 0.0, 0.0, 0.0, 0.0, 0.0, 0.0, 0.0, 0.0, 0.0, 0.0, 0.0, 0.0, 0.0, 0.0]
---
header: 
  seq: 995
  stamp: 
    secs: 1744093950
    nsecs:   7083893
  frame_id: "world"
child_frame_id: "world"
pose: 
  pose: 
    position: 
      x: 0.36406237789129997
      y: 0.26875294032435715
      z: 0.4964932086532273
    orientation: 
      x: 0.004374675707370091
      y: -0.017558005499379577
      z: 0.810453377651621
      w: 0.5855236129383842
  covariance: [0.0, 0.0, 0.0, 0.0, 0.0, 0.0, 0.0, 0.0, 0.0, 0.0, 0.0, 0.0, 0.0, 0.0, 0.0, 0.0, 0.0, 0.0, 0.0, 0.0, 0.0, 0.0, 0.0, 0.0, 0.0, 0.0, 0.0, 0.0, 0.0, 0.0, 0.0, 0.0, 0.0, 0.0, 0.0, 0.0]
twist: 
  twist: 
    linear: 
      x: -0.1839105864628763
      y: 0.26967723598697146
      z: -0.008445223251741423
    angular: 
      x: 0.0
      y: 0.0
      z: 0.0
  covariance: [0.0, 0.0, 0.0, 0.0, 0.0, 0.0, 0.0, 0.0, 0.0, 0.0, 0.0, 0.0, 0.0, 0.0, 0.0, 0.0, 0.0, 0.0, 0.0, 0.0, 0.0, 0.0, 0.0, 0.0, 0.0, 0.0, 0.0, 0.0, 0.0, 0.0, 0.0, 0.0, 0.0, 0.0, 0.0, 0.0]
---
header: 
  seq: 996
  stamp: 
    secs: 1744093950
    nsecs: 140270710
  frame_id: "world"
child_frame_id: "world"
pose: 
  pose: 
    position: 
      x: 0.33959948501244813
      y: 0.30838466209978643
      z: 0.5015563186786617
    orientation: 
      x: 0.002908704937387683
      y: -0.01354955902270789
      z: 0.8375788438284468
      w: 0.5461406680122621
  covariance: [0.0, 0.0, 0.0, 0.0, 0.0, 0.0, 0.0, 0.0, 0.0, 0.0, 0.0, 0.0, 0.0, 0.0, 0.0, 0.0, 0.0, 0.0, 0.0, 0.0, 0.0, 0.0, 0.0, 0.0, 0.0, 0.0, 0.0, 0.0, 0.0, 0.0, 0.0, 0.0, 0.0, 0.0, 0.0, 0.0]
twist: 
  twist: 
    linear: 
      x: -0.20049642921128166
      y: 0.24624743257902265
      z: -0.011215444899474961
    angular: 
      x: 0.0
      y: 0.0
      z: 0.0
  covariance: [0.0, 0.0, 0.0, 0.0, 0.0, 0.0, 0.0, 0.0, 0.0, 0.0, 0.0, 0.0, 0.0, 0.0, 0.0, 0.0, 0.0, 0.0, 0.0, 0.0, 0.0, 0.0, 0.0, 0.0, 0.0, 0.0, 0.0, 0.0, 0.0, 0.0, 0.0, 0.0, 0.0, 0.0, 0.0, 0.0]
---
header: 
  seq: 997
  stamp: 
    secs: 1744093950
    nsecs: 273452282
  frame_id: "world"
child_frame_id: "world"
pose: 
  pose: 
    position: 
      x: 0.31388276658482195
      y: 0.3447256938009955
      z: 0.5068868755325571
    orientation: 
      x: -0.0009275709378965015
      y: -0.015376404921775659
      z: 0.862593016630284
      w: 0.5056639135280502
  covariance: [0.0, 0.0, 0.0, 0.0, 0.0, 0.0, 0.0, 0.0, 0.0, 0.0, 0.0, 0.0, 0.0, 0.0, 0.0, 0.0, 0.0, 0.0, 0.0, 0.0, 0.0, 0.0, 0.0, 0.0, 0.0, 0.0, 0.0, 0.0, 0.0, 0.0, 0.0, 0.0, 0.0, 0.0, 0.0, 0.0]
twist: 
  twist: 
    linear: 
      x: -0.2108494390776545
      y: 0.24510906876188623
      z: 0.010243497269255388
    angular: 
      x: 0.0
      y: 0.0
      z: 0.0
  covariance: [0.0, 0.0, 0.0, 0.0, 0.0, 0.0, 0.0, 0.0, 0.0, 0.0, 0.0, 0.0, 0.0, 0.0, 0.0, 0.0, 0.0, 0.0, 0.0, 0.0, 0.0, 0.0, 0.0, 0.0, 0.0, 0.0, 0.0, 0.0, 0.0, 0.0, 0.0, 0.0, 0.0, 0.0, 0.0, 0.0]
---
header: 
  seq: 998
  stamp: 
    secs: 1744093950
    nsecs: 406629801
  frame_id: "world"
child_frame_id: "world"
pose: 
  pose: 
    position: 
      x: 0.28357240929872984
      y: 0.3738455716478021
      z: 0.5096090084253276
    orientation: 
      x: 0.000938182064801753
      y: -0.018636148588076815
      z: 0.8853691785377626
      w: 0.464513973391096
  covariance: [0.0, 0.0, 0.0, 0.0, 0.0, 0.0, 0.0, 0.0, 0.0, 0.0, 0.0, 0.0, 0.0, 0.0, 0.0, 0.0, 0.0, 0.0, 0.0, 0.0, 0.0, 0.0, 0.0, 0.0, 0.0, 0.0, 0.0, 0.0, 0.0, 0.0, 0.0, 0.0, 0.0, 0.0, 0.0, 0.0]
twist: 
  twist: 
    linear: 
      x: -0.24728069394893298
      y: 0.20892203138292706
      z: 0.01069551002030838
    angular: 
      x: 0.0
      y: 0.0
      z: 0.0
  covariance: [0.0, 0.0, 0.0, 0.0, 0.0, 0.0, 0.0, 0.0, 0.0, 0.0, 0.0, 0.0, 0.0, 0.0, 0.0, 0.0, 0.0, 0.0, 0.0, 0.0, 0.0, 0.0, 0.0, 0.0, 0.0, 0.0, 0.0, 0.0, 0.0, 0.0, 0.0, 0.0, 0.0, 0.0, 0.0, 0.0]
---
header: 
  seq: 999
  stamp: 
    secs: 1744093950
    nsecs: 539801121
  frame_id: "world"
child_frame_id: "world"
pose: 
  pose: 
    position: 
      x: 0.24754157004633975
      y: 0.40109124937595814
      z: 0.51067326953269
    orientation: 
      x: -0.0005447545698301051
      y: -0.023117865529971436
      z: 0.9060982315210075
      w: 0.4224349208698298
  covariance: [0.0, 0.0, 0.0, 0.0, 0.0, 0.0, 0.0, 0.0, 0.0, 0.0, 0.0, 0.0, 0.0, 0.0, 0.0, 0.0, 0.0, 0.0, 0.0, 0.0, 0.0, 0.0, 0.0, 0.0, 0.0, 0.0, 0.0, 0.0, 0.0, 0.0, 0.0, 0.0, 0.0, 0.0, 0.0, 0.0]
twist: 
  twist: 
    linear: 
      x: -0.25542469204837853
      y: 0.20400674846646696
      z: 0.02782666350472056
    angular: 
      x: 0.0
      y: 0.0
      z: 0.0
  covariance: [0.0, 0.0, 0.0, 0.0, 0.0, 0.0, 0.0, 0.0, 0.0, 0.0, 0.0, 0.0, 0.0, 0.0, 0.0, 0.0, 0.0, 0.0, 0.0, 0.0, 0.0, 0.0, 0.0, 0.0, 0.0, 0.0, 0.0, 0.0, 0.0, 0.0, 0.0, 0.0, 0.0, 0.0, 0.0, 0.0]
---
header: 
  seq: 1000
  stamp: 
    secs: 1744093950
    nsecs: 672967196
  frame_id: "world"
child_frame_id: "world"
pose: 
  pose: 
    position: 
      x: 0.20949546978084957
      y: 0.4231435501606801
      z: 0.5065370335861722
    orientation: 
      x: -0.001406020847675709
      y: -0.025141484558289726
      z: 0.9247680801977797
      w: 0.37969715130205306
  covariance: [0.0, 0.0, 0.0, 0.0, 0.0, 0.0, 0.0, 0.0, 0.0, 0.0, 0.0, 0.0, 0.0, 0.0, 0.0, 0.0, 0.0, 0.0, 0.0, 0.0, 0.0, 0.0, 0.0, 0.0, 0.0, 0.0, 0.0, 0.0, 0.0, 0.0, 0.0, 0.0, 0.0, 0.0, 0.0, 0.0]
twist: 
  twist: 
    linear: 
      x: -0.28944922477727675
      y: 0.14931839050435977
      z: -0.05142626295920359
    angular: 
      x: 0.0
      y: 0.0
      z: 0.0
  covariance: [0.0, 0.0, 0.0, 0.0, 0.0, 0.0, 0.0, 0.0, 0.0, 0.0, 0.0, 0.0, 0.0, 0.0, 0.0, 0.0, 0.0, 0.0, 0.0, 0.0, 0.0, 0.0, 0.0, 0.0, 0.0, 0.0, 0.0, 0.0, 0.0, 0.0, 0.0, 0.0, 0.0, 0.0, 0.0, 0.0]
---
header: 
  seq: 1001
  stamp: 
    secs: 1744093950
    nsecs: 806141138
  frame_id: "world"
child_frame_id: "world"
pose: 
  pose: 
    position: 
      x: 0.1661637010958747
      y: 0.4415851921028416
      z: 0.4979541875090169
    orientation: 
      x: -0.0017096605255430117
      y: -0.02144398071626893
      z: 0.9416536371193062
      w: 0.33589531174446313
  covariance: [0.0, 0.0, 0.0, 0.0, 0.0, 0.0, 0.0, 0.0, 0.0, 0.0, 0.0, 0.0, 0.0, 0.0, 0.0, 0.0, 0.0, 0.0, 0.0, 0.0, 0.0, 0.0, 0.0, 0.0, 0.0, 0.0, 0.0, 0.0, 0.0, 0.0, 0.0, 0.0, 0.0, 0.0, 0.0, 0.0]
twist: 
  twist: 
    linear: 
      x: -0.3173164325271985
      y: 0.12753271895565493
      z: -0.0334681211168847
    angular: 
      x: 0.0
      y: 0.0
      z: 0.0
  covariance: [0.0, 0.0, 0.0, 0.0, 0.0, 0.0, 0.0, 0.0, 0.0, 0.0, 0.0, 0.0, 0.0, 0.0, 0.0, 0.0, 0.0, 0.0, 0.0, 0.0, 0.0, 0.0, 0.0, 0.0, 0.0, 0.0, 0.0, 0.0, 0.0, 0.0, 0.0, 0.0, 0.0, 0.0, 0.0, 0.0]
---
header: 
  seq: 1002
  stamp: 
    secs: 1744093950
    nsecs: 939340591
  frame_id: "world"
child_frame_id: "world"
pose: 
  pose: 
    position: 
      x: 0.11897179794773993
      y: 0.459249096024493
      z: 0.49134223783845393
    orientation: 
      x: 0.001970515048571072
      y: -0.01884187328251125
      z: 0.9562103292241197
      w: 0.2920666142624826
  covariance: [0.0, 0.0, 0.0, 0.0, 0.0, 0.0, 0.0, 0.0, 0.0, 0.0, 0.0, 0.0, 0.0, 0.0, 0.0, 0.0, 0.0, 0.0, 0.0, 0.0, 0.0, 0.0, 0.0, 0.0, 0.0, 0.0, 0.0, 0.0, 0.0, 0.0, 0.0, 0.0, 0.0, 0.0, 0.0, 0.0]
twist: 
  twist: 
    linear: 
      x: -0.34211946846761504
      y: 0.10362458887644917
      z: -0.02173026952538672
    angular: 
      x: 0.0
      y: 0.0
      z: 0.0
  covariance: [0.0, 0.0, 0.0, 0.0, 0.0, 0.0, 0.0, 0.0, 0.0, 0.0, 0.0, 0.0, 0.0, 0.0, 0.0, 0.0, 0.0, 0.0, 0.0, 0.0, 0.0, 0.0, 0.0, 0.0, 0.0, 0.0, 0.0, 0.0, 0.0, 0.0, 0.0, 0.0, 0.0, 0.0, 0.0, 0.0]
---
header: 
  seq: 1003
  stamp: 
    secs: 1744093951
    nsecs:  72535038
  frame_id: "world"
child_frame_id: "world"
pose: 
  pose: 
    position: 
      x: 0.068897607184642
      y: 0.4727815111189795
      z: 0.48508073446325733
    orientation: 
      x: 0.005300563175073281
      y: -0.014455810740262347
      z: 0.9687392638556859
      w: 0.24760285182164743
  covariance: [0.0, 0.0, 0.0, 0.0, 0.0, 0.0, 0.0, 0.0, 0.0, 0.0, 0.0, 0.0, 0.0, 0.0, 0.0, 0.0, 0.0, 0.0, 0.0, 0.0, 0.0, 0.0, 0.0, 0.0, 0.0, 0.0, 0.0, 0.0, 0.0, 0.0, 0.0, 0.0, 0.0, 0.0, 0.0, 0.0]
twist: 
  twist: 
    linear: 
      x: -0.3659017493939223
      y: 0.06329969691950936
      z: -0.02031445436226512
    angular: 
      x: 0.0
      y: 0.0
      z: 0.0
  covariance: [0.0, 0.0, 0.0, 0.0, 0.0, 0.0, 0.0, 0.0, 0.0, 0.0, 0.0, 0.0, 0.0, 0.0, 0.0, 0.0, 0.0, 0.0, 0.0, 0.0, 0.0, 0.0, 0.0, 0.0, 0.0, 0.0, 0.0, 0.0, 0.0, 0.0, 0.0, 0.0, 0.0, 0.0, 0.0, 0.0]
---
header: 
  seq: 1004
  stamp: 
    secs: 1744093951
    nsecs: 205725193
  frame_id: "world"
child_frame_id: "world"
pose: 
  pose: 
    position: 
      x: 0.017770124143496935
      y: 0.4783780914090737
      z: 0.4780520723680189
    orientation: 
      x: 0.006514113738715405
      y: -0.011445504671483748
      z: 0.9791234544591737
      w: 0.2028394135096742
  covariance: [0.0, 0.0, 0.0, 0.0, 0.0, 0.0, 0.0, 0.0, 0.0, 0.0, 0.0, 0.0, 0.0, 0.0, 0.0, 0.0, 0.0, 0.0, 0.0, 0.0, 0.0, 0.0, 0.0, 0.0, 0.0, 0.0, 0.0, 0.0, 0.0, 0.0, 0.0, 0.0, 0.0, 0.0, 0.0, 0.0]
twist: 
  twist: 
    linear: 
      x: -0.37108095864523166
      y: 0.03659857418539203
      z: -0.03322483214793149
    angular: 
      x: 0.0
      y: 0.0
      z: 0.0
  covariance: [0.0, 0.0, 0.0, 0.0, 0.0, 0.0, 0.0, 0.0, 0.0, 0.0, 0.0, 0.0, 0.0, 0.0, 0.0, 0.0, 0.0, 0.0, 0.0, 0.0, 0.0, 0.0, 0.0, 0.0, 0.0, 0.0, 0.0, 0.0, 0.0, 0.0, 0.0, 0.0, 0.0, 0.0, 0.0, 0.0]
---
header: 
  seq: 1005
  stamp: 
    secs: 1744093951
    nsecs: 338910341
  frame_id: "world"
child_frame_id: "world"
pose: 
  pose: 
    position: 
      x: -0.03467817918828514
      y: 0.484968042900483
      z: 0.4710648520593437
    orientation: 
      x: 0.008490604989178582
      y: -0.013125063591122331
      z: 0.9873611750049941
      w: 0.15771351376912557
  covariance: [0.0, 0.0, 0.0, 0.0, 0.0, 0.0, 0.0, 0.0, 0.0, 0.0, 0.0, 0.0, 0.0, 0.0, 0.0, 0.0, 0.0, 0.0, 0.0, 0.0, 0.0, 0.0, 0.0, 0.0, 0.0, 0.0, 0.0, 0.0, 0.0, 0.0, 0.0, 0.0, 0.0, 0.0, 0.0, 0.0]
twist: 
  twist: 
    linear: 
      x: -0.36729487548991746
      y: 0.04354761113598834
      z: -0.017233982550291366
    angular: 
      x: 0.0
      y: 0.0
      z: 0.0
  covariance: [0.0, 0.0, 0.0, 0.0, 0.0, 0.0, 0.0, 0.0, 0.0, 0.0, 0.0, 0.0, 0.0, 0.0, 0.0, 0.0, 0.0, 0.0, 0.0, 0.0, 0.0, 0.0, 0.0, 0.0, 0.0, 0.0, 0.0, 0.0, 0.0, 0.0, 0.0, 0.0, 0.0, 0.0, 0.0, 0.0]
---
header: 
  seq: 1006
  stamp: 
    secs: 1744093951
    nsecs: 472090721
  frame_id: "world"
child_frame_id: "world"
pose: 
  pose: 
    position: 
      x: -0.08337918444355646
      y: 0.488196166989763
      z: 0.4660872253652895
    orientation: 
      x: 0.011376277720449407
      y: -0.017376835559207403
      z: 0.9932475514831219
      w: 0.11413994639896591
  covariance: [0.0, 0.0, 0.0, 0.0, 0.0, 0.0, 0.0, 0.0, 0.0, 0.0, 0.0, 0.0, 0.0, 0.0, 0.0, 0.0, 0.0, 0.0, 0.0, 0.0, 0.0, 0.0, 0.0, 0.0, 0.0, 0.0, 0.0, 0.0, 0.0, 0.0, 0.0, 0.0, 0.0, 0.0, 0.0, 0.0]
twist: 
  twist: 
    linear: 
      x: -0.35284785559257437
      y: 0.019869475387212284
      z: -0.0018604443649983507
    angular: 
      x: 0.0
      y: 0.0
      z: 0.0
  covariance: [0.0, 0.0, 0.0, 0.0, 0.0, 0.0, 0.0, 0.0, 0.0, 0.0, 0.0, 0.0, 0.0, 0.0, 0.0, 0.0, 0.0, 0.0, 0.0, 0.0, 0.0, 0.0, 0.0, 0.0, 0.0, 0.0, 0.0, 0.0, 0.0, 0.0, 0.0, 0.0, 0.0, 0.0, 0.0, 0.0]
---
header: 
  seq: 1007
  stamp: 
    secs: 1744093951
    nsecs: 605266333
  frame_id: "world"
child_frame_id: "world"
pose: 
  pose: 
    position: 
      x: -0.12989400246433713
      y: 0.48719439189673663
      z: 0.46126754435367767
    orientation: 
      x: 0.011284195138254696
      y: -0.024753235778086035
      z: 0.9972604685091065
      w: 0.06878591576473703
  covariance: [0.0, 0.0, 0.0, 0.0, 0.0, 0.0, 0.0, 0.0, 0.0, 0.0, 0.0, 0.0, 0.0, 0.0, 0.0, 0.0, 0.0, 0.0, 0.0, 0.0, 0.0, 0.0, 0.0, 0.0, 0.0, 0.0, 0.0, 0.0, 0.0, 0.0, 0.0, 0.0, 0.0, 0.0, 0.0, 0.0]
twist: 
  twist: 
    linear: 
      x: -0.34618316865957743
      y: -0.02253776498696383
      z: 0.006623110107671814
    angular: 
      x: 0.0
      y: 0.0
      z: 0.0
  covariance: [0.0, 0.0, 0.0, 0.0, 0.0, 0.0, 0.0, 0.0, 0.0, 0.0, 0.0, 0.0, 0.0, 0.0, 0.0, 0.0, 0.0, 0.0, 0.0, 0.0, 0.0, 0.0, 0.0, 0.0, 0.0, 0.0, 0.0, 0.0, 0.0, 0.0, 0.0, 0.0, 0.0, 0.0, 0.0, 0.0]
---
header: 
  seq: 1008
  stamp: 
    secs: 1744093951
    nsecs: 738437176
  frame_id: "world"
child_frame_id: "world"
pose: 
  pose: 
    position: 
      x: -0.17735549226333863
      y: 0.4799359526775738
      z: 0.4534256909998012
    orientation: 
      x: 0.011772234584887215
      y: -0.023303359041265757
      z: 0.9993913996308879
      w: 0.02313435311581744
  covariance: [0.0, 0.0, 0.0, 0.0, 0.0, 0.0, 0.0, 0.0, 0.0, 0.0, 0.0, 0.0, 0.0, 0.0, 0.0, 0.0, 0.0, 0.0, 0.0, 0.0, 0.0, 0.0, 0.0, 0.0, 0.0, 0.0, 0.0, 0.0, 0.0, 0.0, 0.0, 0.0, 0.0, 0.0, 0.0, 0.0]
twist: 
  twist: 
    linear: 
      x: -0.3326502651733107
      y: -0.10698920478346179
      z: -0.05205904097305483
    angular: 
      x: 0.0
      y: 0.0
      z: 0.0
  covariance: [0.0, 0.0, 0.0, 0.0, 0.0, 0.0, 0.0, 0.0, 0.0, 0.0, 0.0, 0.0, 0.0, 0.0, 0.0, 0.0, 0.0, 0.0, 0.0, 0.0, 0.0, 0.0, 0.0, 0.0, 0.0, 0.0, 0.0, 0.0, 0.0, 0.0, 0.0, 0.0, 0.0, 0.0, 0.0, 0.0]
---
header: 
  seq: 1009
  stamp: 
    secs: 1744093951
    nsecs: 871665716
  frame_id: "world"
child_frame_id: "world"
pose: 
  pose: 
    position: 
      x: -0.22461989664537146
      y: 0.4666972768371779
      z: 0.44208862257718967
    orientation: 
      x: 0.007924561434491398
      y: -0.015964808721027613
      z: 0.9995953740953707
      w: -0.022167866286768156
  covariance: [0.0, 0.0, 0.0, 0.0, 0.0, 0.0, 0.0, 0.0, 0.0, 0.0, 0.0, 0.0, 0.0, 0.0, 0.0, 0.0, 0.0, 0.0, 0.0, 0.0, 0.0, 0.0, 0.0, 0.0, 0.0, 0.0, 0.0, 0.0, 0.0, 0.0, 0.0, 0.0, 0.0, 0.0, 0.0, 0.0]
twist: 
  twist: 
    linear: 
      x: -0.33395629778674807
      y: -0.13568438414754488
      z: -0.012284472449935172
    angular: 
      x: 0.0
      y: 0.0
      z: 0.0
  covariance: [0.0, 0.0, 0.0, 0.0, 0.0, 0.0, 0.0, 0.0, 0.0, 0.0, 0.0, 0.0, 0.0, 0.0, 0.0, 0.0, 0.0, 0.0, 0.0, 0.0, 0.0, 0.0, 0.0, 0.0, 0.0, 0.0, 0.0, 0.0, 0.0, 0.0, 0.0, 0.0, 0.0, 0.0, 0.0, 0.0]
---
header: 
  seq: 1010
  stamp: 
    secs: 1744093952
    nsecs:   4908800
  frame_id: "world"
child_frame_id: "world"
pose: 
  pose: 
    position: 
      x: -0.2722997352199971
      y: 0.4513830328088214
      z: 0.43775500519028965
    orientation: 
      x: 0.008740020019242798
      y: -0.010013086416789791
      z: 0.9975420130207311
      w: -0.06879885470718797
  covariance: [0.0, 0.0, 0.0, 0.0, 0.0, 0.0, 0.0, 0.0, 0.0, 0.0, 0.0, 0.0, 0.0, 0.0, 0.0, 0.0, 0.0, 0.0, 0.0, 0.0, 0.0, 0.0, 0.0, 0.0, 0.0, 0.0, 0.0, 0.0, 0.0, 0.0, 0.0, 0.0, 0.0, 0.0, 0.0, 0.0]
twist: 
  twist: 
    linear: 
      x: -0.33042782741494275
      y: -0.1575804230021919
      z: 0.021974053429510535
    angular: 
      x: 0.0
      y: 0.0
      z: 0.0
  covariance: [0.0, 0.0, 0.0, 0.0, 0.0, 0.0, 0.0, 0.0, 0.0, 0.0, 0.0, 0.0, 0.0, 0.0, 0.0, 0.0, 0.0, 0.0, 0.0, 0.0, 0.0, 0.0, 0.0, 0.0, 0.0, 0.0, 0.0, 0.0, 0.0, 0.0, 0.0, 0.0, 0.0, 0.0, 0.0, 0.0]
---
header: 
  seq: 1011
  stamp: 
    secs: 1744093952
    nsecs: 138149023
  frame_id: "world"
child_frame_id: "world"
pose: 
  pose: 
    position: 
      x: -0.31815961002425197
      y: 0.4332856944961881
      z: 0.43639263227774205
    orientation: 
      x: 0.01239819591127919
      y: -0.007146135020819021
      z: 0.993233384634807
      w: -0.11525042793541147
  covariance: [0.0, 0.0, 0.0, 0.0, 0.0, 0.0, 0.0, 0.0, 0.0, 0.0, 0.0, 0.0, 0.0, 0.0, 0.0, 0.0, 0.0, 0.0, 0.0, 0.0, 0.0, 0.0, 0.0, 0.0, 0.0, 0.0, 0.0, 0.0, 0.0, 0.0, 0.0, 0.0, 0.0, 0.0, 0.0, 0.0]
twist: 
  twist: 
    linear: 
      x: -0.3256116745218002
      y: -0.15990943505104352
      z: 0.008444051402443234
    angular: 
      x: 0.0
      y: 0.0
      z: 0.0
  covariance: [0.0, 0.0, 0.0, 0.0, 0.0, 0.0, 0.0, 0.0, 0.0, 0.0, 0.0, 0.0, 0.0, 0.0, 0.0, 0.0, 0.0, 0.0, 0.0, 0.0, 0.0, 0.0, 0.0, 0.0, 0.0, 0.0, 0.0, 0.0, 0.0, 0.0, 0.0, 0.0, 0.0, 0.0, 0.0, 0.0]
---
header: 
  seq: 1012
  stamp: 
    secs: 1744093952
    nsecs: 271386623
  frame_id: "world"
child_frame_id: "world"
pose: 
  pose: 
    position: 
      x: -0.3672964998127432
      y: 0.4138766316001461
      z: 0.43100440895790676
    orientation: 
      x: 0.015313843325731522
      y: -0.011896481425816853
      z: 0.9868743933904421
      w: -0.1603212138256416
  covariance: [0.0, 0.0, 0.0, 0.0, 0.0, 0.0, 0.0, 0.0, 0.0, 0.0, 0.0, 0.0, 0.0, 0.0, 0.0, 0.0, 0.0, 0.0, 0.0, 0.0, 0.0, 0.0, 0.0, 0.0, 0.0, 0.0, 0.0, 0.0, 0.0, 0.0, 0.0, 0.0, 0.0, 0.0, 0.0, 0.0]
twist: 
  twist: 
    linear: 
      x: -0.31699340069532217
      y: -0.16704995758069163
      z: -0.011886402459285317
    angular: 
      x: 0.0
      y: 0.0
      z: 0.0
  covariance: [0.0, 0.0, 0.0, 0.0, 0.0, 0.0, 0.0, 0.0, 0.0, 0.0, 0.0, 0.0, 0.0, 0.0, 0.0, 0.0, 0.0, 0.0, 0.0, 0.0, 0.0, 0.0, 0.0, 0.0, 0.0, 0.0, 0.0, 0.0, 0.0, 0.0, 0.0, 0.0, 0.0, 0.0, 0.0, 0.0]
---
header: 
  seq: 1013
  stamp: 
    secs: 1744093952
    nsecs: 404621840
  frame_id: "world"
child_frame_id: "world"
pose: 
  pose: 
    position: 
      x: -0.40875546568376087
      y: 0.3917858926096244
      z: 0.4288199175921586
    orientation: 
      x: 0.018742630761914406
      y: -0.01924545000921957
      z: 0.9781812849960043
      w: -0.20600898070140347
  covariance: [0.0, 0.0, 0.0, 0.0, 0.0, 0.0, 0.0, 0.0, 0.0, 0.0, 0.0, 0.0, 0.0, 0.0, 0.0, 0.0, 0.0, 0.0, 0.0, 0.0, 0.0, 0.0, 0.0, 0.0, 0.0, 0.0, 0.0, 0.0, 0.0, 0.0, 0.0, 0.0, 0.0, 0.0, 0.0, 0.0]
twist: 
  twist: 
    linear: 
      x: -0.28886113407187364
      y: -0.18579175207221652
      z: 0.014960607438381358
    angular: 
      x: 0.0
      y: 0.0
      z: 0.0
  covariance: [0.0, 0.0, 0.0, 0.0, 0.0, 0.0, 0.0, 0.0, 0.0, 0.0, 0.0, 0.0, 0.0, 0.0, 0.0, 0.0, 0.0, 0.0, 0.0, 0.0, 0.0, 0.0, 0.0, 0.0, 0.0, 0.0, 0.0, 0.0, 0.0, 0.0, 0.0, 0.0, 0.0, 0.0, 0.0, 0.0]
---
header: 
  seq: 1014
  stamp: 
    secs: 1744093952
    nsecs: 537854433
  frame_id: "world"
child_frame_id: "world"
pose: 
  pose: 
    position: 
      x: -0.4448744604232318
      y: 0.36565240214542316
      z: 0.42890796789568275
    orientation: 
      x: 0.020862422548241836
      y: -0.02282559921573563
      z: 0.9675087518413309
      w: -0.25093936808777406
  covariance: [0.0, 0.0, 0.0, 0.0, 0.0, 0.0, 0.0, 0.0, 0.0, 0.0, 0.0, 0.0, 0.0, 0.0, 0.0, 0.0, 0.0, 0.0, 0.0, 0.0, 0.0, 0.0, 0.0, 0.0, 0.0, 0.0, 0.0, 0.0, 0.0, 0.0, 0.0, 0.0, 0.0, 0.0, 0.0, 0.0]
twist: 
  twist: 
    linear: 
      x: -0.2408748549689842
      y: -0.21786162415856397
      z: 0.009579755768671594
    angular: 
      x: 0.0
      y: 0.0
      z: 0.0
  covariance: [0.0, 0.0, 0.0, 0.0, 0.0, 0.0, 0.0, 0.0, 0.0, 0.0, 0.0, 0.0, 0.0, 0.0, 0.0, 0.0, 0.0, 0.0, 0.0, 0.0, 0.0, 0.0, 0.0, 0.0, 0.0, 0.0, 0.0, 0.0, 0.0, 0.0, 0.0, 0.0, 0.0, 0.0, 0.0, 0.0]
---
header: 
  seq: 1015
  stamp: 
    secs: 1744093952
    nsecs: 671084404
  frame_id: "world"
child_frame_id: "world"
pose: 
  pose: 
    position: 
      x: -0.47577225850217414
      y: 0.3339207265472864
      z: 0.42942290342360173
    orientation: 
      x: 0.01624517192231117
      y: -0.022500938475221444
      z: 0.9546315199854878
      w: -0.2964936141085441
  covariance: [0.0, 0.0, 0.0, 0.0, 0.0, 0.0, 0.0, 0.0, 0.0, 0.0, 0.0, 0.0, 0.0, 0.0, 0.0, 0.0, 0.0, 0.0, 0.0, 0.0, 0.0, 0.0, 0.0, 0.0, 0.0, 0.0, 0.0, 0.0, 0.0, 0.0, 0.0, 0.0, 0.0, 0.0, 0.0, 0.0]
twist: 
  twist: 
    linear: 
      x: -0.20270939585751377
      y: -0.2581038924829318
      z: -0.008017000056669518
    angular: 
      x: 0.0
      y: 0.0
      z: 0.0
  covariance: [0.0, 0.0, 0.0, 0.0, 0.0, 0.0, 0.0, 0.0, 0.0, 0.0, 0.0, 0.0, 0.0, 0.0, 0.0, 0.0, 0.0, 0.0, 0.0, 0.0, 0.0, 0.0, 0.0, 0.0, 0.0, 0.0, 0.0, 0.0, 0.0, 0.0, 0.0, 0.0, 0.0, 0.0, 0.0, 0.0]
---
header: 
  seq: 1016
  stamp: 
    secs: 1744093952
    nsecs: 804307461
  frame_id: "world"
child_frame_id: "world"
pose: 
  pose: 
    position: 
      x: -0.5002426372126736
      y: 0.2975992672374
      z: 0.4283714769255736
    orientation: 
      x: 0.012151249530641868
      y: -0.018815443164051517
      z: 0.9398576831939536
      w: -0.3408311335172866
  covariance: [0.0, 0.0, 0.0, 0.0, 0.0, 0.0, 0.0, 0.0, 0.0, 0.0, 0.0, 0.0, 0.0, 0.0, 0.0, 0.0, 0.0, 0.0, 0.0, 0.0, 0.0, 0.0, 0.0, 0.0, 0.0, 0.0, 0.0, 0.0, 0.0, 0.0, 0.0, 0.0, 0.0, 0.0, 0.0, 0.0]
twist: 
  twist: 
    linear: 
      x: -0.17504572818938394
      y: -0.29737756112287345
      z: 0.009274194843511642
    angular: 
      x: 0.0
      y: 0.0
      z: 0.0
  covariance: [0.0, 0.0, 0.0, 0.0, 0.0, 0.0, 0.0, 0.0, 0.0, 0.0, 0.0, 0.0, 0.0, 0.0, 0.0, 0.0, 0.0, 0.0, 0.0, 0.0, 0.0, 0.0, 0.0, 0.0, 0.0, 0.0, 0.0, 0.0, 0.0, 0.0, 0.0, 0.0, 0.0, 0.0, 0.0, 0.0]
---
header: 
  seq: 1017
  stamp: 
    secs: 1744093952
    nsecs: 937514305
  frame_id: "world"
child_frame_id: "world"
pose: 
  pose: 
    position: 
      x: -0.5231143258768713
      y: 0.2568377696418529
      z: 0.4326259292831445
    orientation: 
      x: 0.011109823808266453
      y: -0.011417225156122921
      z: 0.9231302537686583
      w: -0.38415719876334015
  covariance: [0.0, 0.0, 0.0, 0.0, 0.0, 0.0, 0.0, 0.0, 0.0, 0.0, 0.0, 0.0, 0.0, 0.0, 0.0, 0.0, 0.0, 0.0, 0.0, 0.0, 0.0, 0.0, 0.0, 0.0, 0.0, 0.0, 0.0, 0.0, 0.0, 0.0, 0.0, 0.0, 0.0, 0.0, 0.0, 0.0]
twist: 
  twist: 
    linear: 
      x: -0.1578512653892015
      y: -0.3226921909062372
      z: 0.026335508479287898
    angular: 
      x: 0.0
      y: 0.0
      z: 0.0
  covariance: [0.0, 0.0, 0.0, 0.0, 0.0, 0.0, 0.0, 0.0, 0.0, 0.0, 0.0, 0.0, 0.0, 0.0, 0.0, 0.0, 0.0, 0.0, 0.0, 0.0, 0.0, 0.0, 0.0, 0.0, 0.0, 0.0, 0.0, 0.0, 0.0, 0.0, 0.0, 0.0, 0.0, 0.0, 0.0, 0.0]
---
header: 
  seq: 1018
  stamp: 
    secs: 1744093953
    nsecs:  70717812
  frame_id: "world"
child_frame_id: "world"
pose: 
  pose: 
    position: 
      x: -0.544022509438356
      y: 0.21393078006164756
      z: 0.4409644251563493
    orientation: 
      x: 0.012296703864451076
      y: -0.008571941190693065
      z: 0.9044404273813943
      w: -0.4263365175732125
  covariance: [0.0, 0.0, 0.0, 0.0, 0.0, 0.0, 0.0, 0.0, 0.0, 0.0, 0.0, 0.0, 0.0, 0.0, 0.0, 0.0, 0.0, 0.0, 0.0, 0.0, 0.0, 0.0, 0.0, 0.0, 0.0, 0.0, 0.0, 0.0, 0.0, 0.0, 0.0, 0.0, 0.0, 0.0, 0.0, 0.0]
twist: 
  twist: 
    linear: 
      x: -0.14259151385168278
      y: -0.32754386396345214
      z: 0.05447023814566608
    angular: 
      x: 0.0
      y: 0.0
      z: 0.0
  covariance: [0.0, 0.0, 0.0, 0.0, 0.0, 0.0, 0.0, 0.0, 0.0, 0.0, 0.0, 0.0, 0.0, 0.0, 0.0, 0.0, 0.0, 0.0, 0.0, 0.0, 0.0, 0.0, 0.0, 0.0, 0.0, 0.0, 0.0, 0.0, 0.0, 0.0, 0.0, 0.0, 0.0, 0.0, 0.0, 0.0]
---
header: 
  seq: 1019
  stamp: 
    secs: 1744093953
    nsecs: 203915596
  frame_id: "world"
child_frame_id: "world"
pose: 
  pose: 
    position: 
      x: -0.5641968721464299
      y: 0.16742460005968196
      z: 0.4450988367625613
    orientation: 
      x: 0.015468144190051363
      y: -0.01252678044848076
      z: 0.8838844291282566
      w: -0.46728164123098936
  covariance: [0.0, 0.0, 0.0, 0.0, 0.0, 0.0, 0.0, 0.0, 0.0, 0.0, 0.0, 0.0, 0.0, 0.0, 0.0, 0.0, 0.0, 0.0, 0.0, 0.0, 0.0, 0.0, 0.0, 0.0, 0.0, 0.0, 0.0, 0.0, 0.0, 0.0, 0.0, 0.0, 0.0, 0.0, 0.0, 0.0]
twist: 
  twist: 
    linear: 
      x: -0.1293842552875588
      y: -0.33800022474264063
      z: 0.033896820453969474
    angular: 
      x: 0.0
      y: 0.0
      z: 0.0
  covariance: [0.0, 0.0, 0.0, 0.0, 0.0, 0.0, 0.0, 0.0, 0.0, 0.0, 0.0, 0.0, 0.0, 0.0, 0.0, 0.0, 0.0, 0.0, 0.0, 0.0, 0.0, 0.0, 0.0, 0.0, 0.0, 0.0, 0.0, 0.0, 0.0, 0.0, 0.0, 0.0, 0.0, 0.0, 0.0, 0.0]
---
header: 
  seq: 1020
  stamp: 
    secs: 1744093953
    nsecs: 337108850
  frame_id: "world"
child_frame_id: "world"
pose: 
  pose: 
    position: 
      x: -0.5797983800073216
      y: 0.12184403851957293
      z: 0.44762545594244735
    orientation: 
      x: -0.018427239449208488
      y: 0.016059181089114662
      z: -0.8613026399728918
      w: 0.5075039920283935
  covariance: [0.0, 0.0, 0.0, 0.0, 0.0, 0.0, 0.0, 0.0, 0.0, 0.0, 0.0, 0.0, 0.0, 0.0, 0.0, 0.0, 0.0, 0.0, 0.0, 0.0, 0.0, 0.0, 0.0, 0.0, 0.0, 0.0, 0.0, 0.0, 0.0, 0.0, 0.0, 0.0, 0.0, 0.0, 0.0, 0.0]
twist: 
  twist: 
    linear: 
      x: -0.09009575713433435
      y: -0.34382547894392806
      z: 0.03182820330496238
    angular: 
      x: 0.0
      y: 0.0
      z: 0.0
  covariance: [0.0, 0.0, 0.0, 0.0, 0.0, 0.0, 0.0, 0.0, 0.0, 0.0, 0.0, 0.0, 0.0, 0.0, 0.0, 0.0, 0.0, 0.0, 0.0, 0.0, 0.0, 0.0, 0.0, 0.0, 0.0, 0.0, 0.0, 0.0, 0.0, 0.0, 0.0, 0.0, 0.0, 0.0, 0.0, 0.0]
---
header: 
  seq: 1021
  stamp: 
    secs: 1744093953
    nsecs: 470297337
  frame_id: "world"
child_frame_id: "world"
pose: 
  pose: 
    position: 
      x: -0.5864432708704098
      y: 0.07569266874122749
      z: 0.4480409286076256
    orientation: 
      x: -0.01909806571069848
      y: 0.01673369911517032
      z: -0.8371705431850667
      w: 0.5463522021766297
  covariance: [0.0, 0.0, 0.0, 0.0, 0.0, 0.0, 0.0, 0.0, 0.0, 0.0, 0.0, 0.0, 0.0, 0.0, 0.0, 0.0, 0.0, 0.0, 0.0, 0.0, 0.0, 0.0, 0.0, 0.0, 0.0, 0.0, 0.0, 0.0, 0.0, 0.0, 0.0, 0.0, 0.0, 0.0, 0.0, 0.0]
twist: 
  twist: 
    linear: 
      x: -0.03269383612633087
      y: -0.3580300819813596
      z: 0.011186196500976952
    angular: 
      x: 0.0
      y: 0.0
      z: 0.0
  covariance: [0.0, 0.0, 0.0, 0.0, 0.0, 0.0, 0.0, 0.0, 0.0, 0.0, 0.0, 0.0, 0.0, 0.0, 0.0, 0.0, 0.0, 0.0, 0.0, 0.0, 0.0, 0.0, 0.0, 0.0, 0.0, 0.0, 0.0, 0.0, 0.0, 0.0, 0.0, 0.0, 0.0, 0.0, 0.0, 0.0]
---
header: 
  seq: 1022
  stamp: 
    secs: 1744093953
    nsecs: 603481293
  frame_id: "world"
child_frame_id: "world"
pose: 
  pose: 
    position: 
      x: -0.5875908997533656
      y: 0.029815652211556132
      z: 0.4461629049822288
    orientation: 
      x: -0.017802847915307066
      y: 0.013176907440313902
      z: -0.8114031462057282
      w: 0.5840670869376733
  covariance: [0.0, 0.0, 0.0, 0.0, 0.0, 0.0, 0.0, 0.0, 0.0, 0.0, 0.0, 0.0, 0.0, 0.0, 0.0, 0.0, 0.0, 0.0, 0.0, 0.0, 0.0, 0.0, 0.0, 0.0, 0.0, 0.0, 0.0, 0.0, 0.0, 0.0, 0.0, 0.0, 0.0, 0.0, 0.0, 0.0]
twist: 
  twist: 
    linear: 
      x: 0.01824566892784723
      y: -0.3632961809793849
      z: 0.012798763481747709
    angular: 
      x: 0.0
      y: 0.0
      z: 0.0
  covariance: [0.0, 0.0, 0.0, 0.0, 0.0, 0.0, 0.0, 0.0, 0.0, 0.0, 0.0, 0.0, 0.0, 0.0, 0.0, 0.0, 0.0, 0.0, 0.0, 0.0, 0.0, 0.0, 0.0, 0.0, 0.0, 0.0, 0.0, 0.0, 0.0, 0.0, 0.0, 0.0, 0.0, 0.0, 0.0, 0.0]
---
header: 
  seq: 1023
  stamp: 
    secs: 1744093953
    nsecs: 736660719
  frame_id: "world"
child_frame_id: "world"
pose: 
  pose: 
    position: 
      x: -0.5825568321633304
      y: -0.01796926230013518
      z: 0.4443598818428305
    orientation: 
      x: -0.012758430289086263
      y: 0.008901000230744093
      z: -0.7841014221309731
      w: 0.6204377119934253
  covariance: [0.0, 0.0, 0.0, 0.0, 0.0, 0.0, 0.0, 0.0, 0.0, 0.0, 0.0, 0.0, 0.0, 0.0, 0.0, 0.0, 0.0, 0.0, 0.0, 0.0, 0.0, 0.0, 0.0, 0.0, 0.0, 0.0, 0.0, 0.0, 0.0, 0.0, 0.0, 0.0, 0.0, 0.0, 0.0, 0.0]
twist: 
  twist: 
    linear: 
      x: 0.05800978385110041
      y: -0.36066208600155664
      z: -0.02104658547825454
    angular: 
      x: 0.0
      y: 0.0
      z: 0.0
  covariance: [0.0, 0.0, 0.0, 0.0, 0.0, 0.0, 0.0, 0.0, 0.0, 0.0, 0.0, 0.0, 0.0, 0.0, 0.0, 0.0, 0.0, 0.0, 0.0, 0.0, 0.0, 0.0, 0.0, 0.0, 0.0, 0.0, 0.0, 0.0, 0.0, 0.0, 0.0, 0.0, 0.0, 0.0, 0.0, 0.0]
---
header: 
  seq: 1024
  stamp: 
    secs: 1744093953
    nsecs: 869859457
  frame_id: "world"
child_frame_id: "world"
pose: 
  pose: 
    position: 
      x: -0.5730625552619936
      y: -0.06554890864514068
      z: 0.4446180143092147
    orientation: 
      x: -0.009933071323935623
      y: 0.008168011379484188
      z: -0.754910297315914
      w: 0.65570196026135
  covariance: [0.0, 0.0, 0.0, 0.0, 0.0, 0.0, 0.0, 0.0, 0.0, 0.0, 0.0, 0.0, 0.0, 0.0, 0.0, 0.0, 0.0, 0.0, 0.0, 0.0, 0.0, 0.0, 0.0, 0.0, 0.0, 0.0, 0.0, 0.0, 0.0, 0.0, 0.0, 0.0, 0.0, 0.0, 0.0, 0.0]
twist: 
  twist: 
    linear: 
      x: 0.06902940358897618
      y: -0.36122132758867403
      z: 0.02672520105452951
    angular: 
      x: 0.0
      y: 0.0
      z: 0.0
  covariance: [0.0, 0.0, 0.0, 0.0, 0.0, 0.0, 0.0, 0.0, 0.0, 0.0, 0.0, 0.0, 0.0, 0.0, 0.0, 0.0, 0.0, 0.0, 0.0, 0.0, 0.0, 0.0, 0.0, 0.0, 0.0, 0.0, 0.0, 0.0, 0.0, 0.0, 0.0, 0.0, 0.0, 0.0, 0.0, 0.0]
---
header: 
  seq: 1025
  stamp: 
    secs: 1744093954
    nsecs:   3060579
  frame_id: "world"
child_frame_id: "world"
pose: 
  pose: 
    position: 
      x: -0.5627574629769038
      y: -0.11406042449997478
      z: 0.4480361957256791
    orientation: 
      x: -0.011902840746944093
      y: 0.00972748539803253
      z: -0.7238725606374996
      w: 0.6897624332812664
  covariance: [0.0, 0.0, 0.0, 0.0, 0.0, 0.0, 0.0, 0.0, 0.0, 0.0, 0.0, 0.0, 0.0, 0.0, 0.0, 0.0, 0.0, 0.0, 0.0, 0.0, 0.0, 0.0, 0.0, 0.0, 0.0, 0.0, 0.0, 0.0, 0.0, 0.0, 0.0, 0.0, 0.0, 0.0, 0.0, 0.0]
twist: 
  twist: 
    linear: 
      x: 0.07751556058921152
      y: -0.36822339754260003
      z: 0.01639025709414319
    angular: 
      x: 0.0
      y: 0.0
      z: 0.0
  covariance: [0.0, 0.0, 0.0, 0.0, 0.0, 0.0, 0.0, 0.0, 0.0, 0.0, 0.0, 0.0, 0.0, 0.0, 0.0, 0.0, 0.0, 0.0, 0.0, 0.0, 0.0, 0.0, 0.0, 0.0, 0.0, 0.0, 0.0, 0.0, 0.0, 0.0, 0.0, 0.0, 0.0, 0.0, 0.0, 0.0]
---
header: 
  seq: 1026
  stamp: 
    secs: 1744093954
    nsecs: 136256695
  frame_id: "world"
child_frame_id: "world"
pose: 
  pose: 
    position: 
      x: -0.5515638968756011
      y: -0.16292693741859982
      z: 0.44742652372621333
    orientation: 
      x: -0.016672985023143426
      y: 0.010605800782616548
      z: -0.6910594292505805
      w: 0.7225277806451733
  covariance: [0.0, 0.0, 0.0, 0.0, 0.0, 0.0, 0.0, 0.0, 0.0, 0.0, 0.0, 0.0, 0.0, 0.0, 0.0, 0.0, 0.0, 0.0, 0.0, 0.0, 0.0, 0.0, 0.0, 0.0, 0.0, 0.0, 0.0, 0.0, 0.0, 0.0, 0.0, 0.0, 0.0, 0.0, 0.0, 0.0]
twist: 
  twist: 
    linear: 
      x: 0.09364567920007837
      y: -0.3585572714735521
      z: 0.04008457250290519
    angular: 
      x: 0.0
      y: 0.0
      z: 0.0
  covariance: [0.0, 0.0, 0.0, 0.0, 0.0, 0.0, 0.0, 0.0, 0.0, 0.0, 0.0, 0.0, 0.0, 0.0, 0.0, 0.0, 0.0, 0.0, 0.0, 0.0, 0.0, 0.0, 0.0, 0.0, 0.0, 0.0, 0.0, 0.0, 0.0, 0.0, 0.0, 0.0, 0.0, 0.0, 0.0, 0.0]
---
header: 
  seq: 1027
  stamp: 
    secs: 1744093954
    nsecs: 269448280
  frame_id: "world"
child_frame_id: "world"
pose: 
  pose: 
    position: 
      x: -0.5355571477700339
      y: -0.21080157436962738
      z: 0.44616475082719603
    orientation: 
      x: -0.02004774696627109
      y: 0.01011223262252627
      z: -0.6571640797268478
      w: 0.7534130360630413
  covariance: [0.0, 0.0, 0.0, 0.0, 0.0, 0.0, 0.0, 0.0, 0.0, 0.0, 0.0, 0.0, 0.0, 0.0, 0.0, 0.0, 0.0, 0.0, 0.0, 0.0, 0.0, 0.0, 0.0, 0.0, 0.0, 0.0, 0.0, 0.0, 0.0, 0.0, 0.0, 0.0, 0.0, 0.0, 0.0, 0.0]
twist: 
  twist: 
    linear: 
      x: 0.1255822624101923
      y: -0.3495608771660568
      z: 0.010269795056282092
    angular: 
      x: 0.0
      y: 0.0
      z: 0.0
  covariance: [0.0, 0.0, 0.0, 0.0, 0.0, 0.0, 0.0, 0.0, 0.0, 0.0, 0.0, 0.0, 0.0, 0.0, 0.0, 0.0, 0.0, 0.0, 0.0, 0.0, 0.0, 0.0, 0.0, 0.0, 0.0, 0.0, 0.0, 0.0, 0.0, 0.0, 0.0, 0.0, 0.0, 0.0, 0.0, 0.0]
---
header: 
  seq: 1028
  stamp: 
    secs: 1744093954
    nsecs: 402635098
  frame_id: "world"
child_frame_id: "world"
pose: 
  pose: 
    position: 
      x: -0.5138317996259737
      y: -0.2549398613669531
      z: 0.44273150860072136
    orientation: 
      x: -0.021675904457538506
      y: 0.008314028367409338
      z: -0.6218115075166888
      w: 0.7828227648823688
  covariance: [0.0, 0.0, 0.0, 0.0, 0.0, 0.0, 0.0, 0.0, 0.0, 0.0, 0.0, 0.0, 0.0, 0.0, 0.0, 0.0, 0.0, 0.0, 0.0, 0.0, 0.0, 0.0, 0.0, 0.0, 0.0, 0.0, 0.0, 0.0, 0.0, 0.0, 0.0, 0.0, 0.0, 0.0, 0.0, 0.0]
twist: 
  twist: 
    linear: 
      x: 0.16079851865118497
      y: -0.32088893203664265
      z: 0.015161605603662144
    angular: 
      x: 0.0
      y: 0.0
      z: 0.0
  covariance: [0.0, 0.0, 0.0, 0.0, 0.0, 0.0, 0.0, 0.0, 0.0, 0.0, 0.0, 0.0, 0.0, 0.0, 0.0, 0.0, 0.0, 0.0, 0.0, 0.0, 0.0, 0.0, 0.0, 0.0, 0.0, 0.0, 0.0, 0.0, 0.0, 0.0, 0.0, 0.0, 0.0, 0.0, 0.0, 0.0]
---
header: 
  seq: 1029
  stamp: 
    secs: 1744093954
    nsecs: 535817146
  frame_id: "world"
child_frame_id: "world"
pose: 
  pose: 
    position: 
      x: -0.48567424680466054
      y: -0.29786143336146215
      z: 0.4413482844093481
    orientation: 
      x: -0.02137013786244745
      y: 0.008897666882701594
      z: -0.5844811954734878
      w: 0.8110769882506019
  covariance: [0.0, 0.0, 0.0, 0.0, 0.0, 0.0, 0.0, 0.0, 0.0, 0.0, 0.0, 0.0, 0.0, 0.0, 0.0, 0.0, 0.0, 0.0, 0.0, 0.0, 0.0, 0.0, 0.0, 0.0, 0.0, 0.0, 0.0, 0.0, 0.0, 0.0, 0.0, 0.0, 0.0, 0.0, 0.0, 0.0]
twist: 
  twist: 
    linear: 
      x: 0.19535964393607583
      y: -0.30295822727910654
      z: 0.026910677442928507
    angular: 
      x: 0.0
      y: 0.0
      z: 0.0
  covariance: [0.0, 0.0, 0.0, 0.0, 0.0, 0.0, 0.0, 0.0, 0.0, 0.0, 0.0, 0.0, 0.0, 0.0, 0.0, 0.0, 0.0, 0.0, 0.0, 0.0, 0.0, 0.0, 0.0, 0.0, 0.0, 0.0, 0.0, 0.0, 0.0, 0.0, 0.0, 0.0, 0.0, 0.0, 0.0, 0.0]
---
header: 
  seq: 1030
  stamp: 
    secs: 1744093954
    nsecs: 668994427
  frame_id: "world"
child_frame_id: "world"
pose: 
  pose: 
    position: 
      x: -0.4548986320124686
      y: -0.3372017684064422
      z: 0.43932781838769563
    orientation: 
      x: -0.020847535827019526
      y: 0.00891642181744995
      z: -0.5451373887347913
      w: 0.8380400378712985
  covariance: [0.0, 0.0, 0.0, 0.0, 0.0, 0.0, 0.0, 0.0, 0.0, 0.0, 0.0, 0.0, 0.0, 0.0, 0.0, 0.0, 0.0, 0.0, 0.0, 0.0, 0.0, 0.0, 0.0, 0.0, 0.0, 0.0, 0.0, 0.0, 0.0, 0.0, 0.0, 0.0, 0.0, 0.0, 0.0, 0.0]
twist: 
  twist: 
    linear: 
      x: 0.24669638626495732
      y: -0.27549363444055924
      z: 0.007528881018338634
    angular: 
      x: 0.0
      y: 0.0
      z: 0.0
  covariance: [0.0, 0.0, 0.0, 0.0, 0.0, 0.0, 0.0, 0.0, 0.0, 0.0, 0.0, 0.0, 0.0, 0.0, 0.0, 0.0, 0.0, 0.0, 0.0, 0.0, 0.0, 0.0, 0.0, 0.0, 0.0, 0.0, 0.0, 0.0, 0.0, 0.0, 0.0, 0.0, 0.0, 0.0, 0.0, 0.0]
---
header: 
  seq: 1031
  stamp: 
    secs: 1744093954
    nsecs: 802373886
  frame_id: "world"
child_frame_id: "world"
pose: 
  pose: 
    position: 
      x: -0.4174272769484403
      y: -0.37240972022132046
      z: 0.43722416720671387
    orientation: 
      x: -0.018922157197823756
      y: 0.006341311332412006
      z: -0.5050136807394412
      w: 0.8628805954496648
  covariance: [0.0, 0.0, 0.0, 0.0, 0.0, 0.0, 0.0, 0.0, 0.0, 0.0, 0.0, 0.0, 0.0, 0.0, 0.0, 0.0, 0.0, 0.0, 0.0, 0.0, 0.0, 0.0, 0.0, 0.0, 0.0, 0.0, 0.0, 0.0, 0.0, 0.0, 0.0, 0.0, 0.0, 0.0, 0.0, 0.0]
twist: 
  twist: 
    linear: 
      x: 0.2795982923686632
      y: -0.24795292555815093
      z: 0.023810334453981733
    angular: 
      x: 0.0
      y: 0.0
      z: 0.0
  covariance: [0.0, 0.0, 0.0, 0.0, 0.0, 0.0, 0.0, 0.0, 0.0, 0.0, 0.0, 0.0, 0.0, 0.0, 0.0, 0.0, 0.0, 0.0, 0.0, 0.0, 0.0, 0.0, 0.0, 0.0, 0.0, 0.0, 0.0, 0.0, 0.0, 0.0, 0.0, 0.0, 0.0, 0.0, 0.0, 0.0]
---
header: 
  seq: 1032
  stamp: 
    secs: 1744093954
    nsecs: 936348200
  frame_id: "world"
child_frame_id: "world"
pose: 
  pose: 
    position: 
      x: -0.3772651741234949
      y: -0.40449835903179776
      z: 0.4331452051088496
    orientation: 
      x: -0.016147102131347676
      y: 0.004481386752883274
      z: -0.46389815802060175
      w: 0.8857300306812589
  covariance: [0.0, 0.0, 0.0, 0.0, 0.0, 0.0, 0.0, 0.0, 0.0, 0.0, 0.0, 0.0, 0.0, 0.0, 0.0, 0.0, 0.0, 0.0, 0.0, 0.0, 0.0, 0.0, 0.0, 0.0, 0.0, 0.0, 0.0, 0.0, 0.0, 0.0, 0.0, 0.0, 0.0, 0.0, 0.0, 0.0]
twist: 
  twist: 
    linear: 
      x: 0.29952995541491223
      y: -0.2247948821371775
      z: 0.012218382883274792
    angular: 
      x: 0.0
      y: 0.0
      z: 0.0
  covariance: [0.0, 0.0, 0.0, 0.0, 0.0, 0.0, 0.0, 0.0, 0.0, 0.0, 0.0, 0.0, 0.0, 0.0, 0.0, 0.0, 0.0, 0.0, 0.0, 0.0, 0.0, 0.0, 0.0, 0.0, 0.0, 0.0, 0.0, 0.0, 0.0, 0.0, 0.0, 0.0, 0.0, 0.0, 0.0, 0.0]
---
header: 
  seq: 1033
  stamp: 
    secs: 1744093955
    nsecs:  70356846
  frame_id: "world"
child_frame_id: "world"
pose: 
  pose: 
    position: 
      x: -0.33559775695671784
      y: -0.42993330094864923
      z: 0.4319388391433973
    orientation: 
      x: -0.013986754333562139
      y: 0.002946761564924367
      z: -0.4222864628360966
      w: 0.906349728639486
  covariance: [0.0, 0.0, 0.0, 0.0, 0.0, 0.0, 0.0, 0.0, 0.0, 0.0, 0.0, 0.0, 0.0, 0.0, 0.0, 0.0, 0.0, 0.0, 0.0, 0.0, 0.0, 0.0, 0.0, 0.0, 0.0, 0.0, 0.0, 0.0, 0.0, 0.0, 0.0, 0.0, 0.0, 0.0, 0.0, 0.0]
twist: 
  twist: 
    linear: 
      x: 0.3107779998804196
      y: -0.19942216533199253
      z: 0.05208082947993037
    angular: 
      x: 0.0
      y: 0.0
      z: 0.0
  covariance: [0.0, 0.0, 0.0, 0.0, 0.0, 0.0, 0.0, 0.0, 0.0, 0.0, 0.0, 0.0, 0.0, 0.0, 0.0, 0.0, 0.0, 0.0, 0.0, 0.0, 0.0, 0.0, 0.0, 0.0, 0.0, 0.0, 0.0, 0.0, 0.0, 0.0, 0.0, 0.0, 0.0, 0.0, 0.0, 0.0]
---
header: 
  seq: 1034
  stamp: 
    secs: 1744093955
    nsecs: 204400539
  frame_id: "world"
child_frame_id: "world"
pose: 
  pose: 
    position: 
      x: -0.2920839071955265
      y: -0.45326173687068666
      z: 0.43124016680394867
    orientation: 
      x: -0.010332431010357072
      y: 0.00042241226799385003
      z: -0.3792149528853865
      w: 0.9252508210995688
  covariance: [0.0, 0.0, 0.0, 0.0, 0.0, 0.0, 0.0, 0.0, 0.0, 0.0, 0.0, 0.0, 0.0, 0.0, 0.0, 0.0, 0.0, 0.0, 0.0, 0.0, 0.0, 0.0, 0.0, 0.0, 0.0, 0.0, 0.0, 0.0, 0.0, 0.0, 0.0, 0.0, 0.0, 0.0, 0.0, 0.0]
twist: 
  twist: 
    linear: 
      x: 0.33459364999008956
      y: -0.15053266392224945
      z: -0.00145203212899546
    angular: 
      x: 0.0
      y: 0.0
      z: 0.0
  covariance: [0.0, 0.0, 0.0, 0.0, 0.0, 0.0, 0.0, 0.0, 0.0, 0.0, 0.0, 0.0, 0.0, 0.0, 0.0, 0.0, 0.0, 0.0, 0.0, 0.0, 0.0, 0.0, 0.0, 0.0, 0.0, 0.0, 0.0, 0.0, 0.0, 0.0, 0.0, 0.0, 0.0, 0.0, 0.0, 0.0]
---
header: 
  seq: 1035
  stamp: 
    secs: 1744093955
    nsecs: 338479042
  frame_id: "world"
child_frame_id: "world"
pose: 
  pose: 
    position: 
      x: -0.24710678284086024
      y: -0.48518057024567485
      z: 0.4287907722048956
    orientation: 
      x: -0.0023509821837198928
      y: 0.0013883472872652416
      z: -0.33596929793131364
      w: 0.9418689803906497
  covariance: [0.0, 0.0, 0.0, 0.0, 0.0, 0.0, 0.0, 0.0, 0.0, 0.0, 0.0, 0.0, 0.0, 0.0, 0.0, 0.0, 0.0, 0.0, 0.0, 0.0, 0.0, 0.0, 0.0, 0.0, 0.0, 0.0, 0.0, 0.0, 0.0, 0.0, 0.0, 0.0, 0.0, 0.0, 0.0, 0.0]
twist: 
  twist: 
    linear: 
      x: 0.3311902528470649
      y: -0.1463212969055388
      z: 0.013551277850449525
    angular: 
      x: 0.0
      y: 0.0
      z: 0.0
  covariance: [0.0, 0.0, 0.0, 0.0, 0.0, 0.0, 0.0, 0.0, 0.0, 0.0, 0.0, 0.0, 0.0, 0.0, 0.0, 0.0, 0.0, 0.0, 0.0, 0.0, 0.0, 0.0, 0.0, 0.0, 0.0, 0.0, 0.0, 0.0, 0.0, 0.0, 0.0, 0.0, 0.0, 0.0, 0.0, 0.0]
---
header: 
  seq: 1036
  stamp: 
    secs: 1744093955
    nsecs: 472591877
  frame_id: "world"
child_frame_id: "world"
pose: 
  pose: 
    position: 
      x: -0.20376280189559498
      y: -0.48793947277285576
      z: 0.4310248909290839
    orientation: 
      x: -0.0004070334191999623
      y: 0.0008333462119246292
      z: -0.2927819035619494
      w: 0.9561787996000162
  covariance: [0.0, 0.0, 0.0, 0.0, 0.0, 0.0, 0.0, 0.0, 0.0, 0.0, 0.0, 0.0, 0.0, 0.0, 0.0, 0.0, 0.0, 0.0, 0.0, 0.0, 0.0, 0.0, 0.0, 0.0, 0.0, 0.0, 0.0, 0.0, 0.0, 0.0, 0.0, 0.0, 0.0, 0.0, 0.0, 0.0]
twist: 
  twist: 
    linear: 
      x: 0.33111612948022057
      y: -0.0977971692395956
      z: 0.019169630343476792
    angular: 
      x: 0.0
      y: 0.0
      z: 0.0
  covariance: [0.0, 0.0, 0.0, 0.0, 0.0, 0.0, 0.0, 0.0, 0.0, 0.0, 0.0, 0.0, 0.0, 0.0, 0.0, 0.0, 0.0, 0.0, 0.0, 0.0, 0.0, 0.0, 0.0, 0.0, 0.0, 0.0, 0.0, 0.0, 0.0, 0.0, 0.0, 0.0, 0.0, 0.0, 0.0, 0.0]
---
header: 
  seq: 1037
  stamp: 
    secs: 1744093955
    nsecs: 606739521
  frame_id: "world"
child_frame_id: "world"
pose: 
  pose: 
    position: 
      x: -0.14893357479999975
      y: -0.5039794013468443
      z: 0.42321837685384944
    orientation: 
      x: -0.004627599309458896
      y: -0.002112185266292434
      z: -0.2495171976742676
      w: 0.9683570065129969
  covariance: [0.0, 0.0, 0.0, 0.0, 0.0, 0.0, 0.0, 0.0, 0.0, 0.0, 0.0, 0.0, 0.0, 0.0, 0.0, 0.0, 0.0, 0.0, 0.0, 0.0, 0.0, 0.0, 0.0, 0.0, 0.0, 0.0, 0.0, 0.0, 0.0, 0.0, 0.0, 0.0, 0.0, 0.0, 0.0, 0.0]
twist: 
  twist: 
    linear: 
      x: 0.3331763091919346
      y: -0.07083787989803902
      z: 0.0008803950216478694
    angular: 
      x: 0.0
      y: 0.0
      z: 0.0
  covariance: [0.0, 0.0, 0.0, 0.0, 0.0, 0.0, 0.0, 0.0, 0.0, 0.0, 0.0, 0.0, 0.0, 0.0, 0.0, 0.0, 0.0, 0.0, 0.0, 0.0, 0.0, 0.0, 0.0, 0.0, 0.0, 0.0, 0.0, 0.0, 0.0, 0.0, 0.0, 0.0, 0.0, 0.0, 0.0, 0.0]
---
header: 
  seq: 1038
  stamp: 
    secs: 1744093955
    nsecs: 740922689
  frame_id: "world"
child_frame_id: "world"
pose: 
  pose: 
    position: 
      x: -0.11051803508612917
      y: -0.5248261775836287
      z: 0.4272801979534254
    orientation: 
      x: -0.0006807147074302611
      y: -0.00033612815245244503
      z: -0.20804429835240099
      w: 0.978119110113083
  covariance: [0.0, 0.0, 0.0, 0.0, 0.0, 0.0, 0.0, 0.0, 0.0, 0.0, 0.0, 0.0, 0.0, 0.0, 0.0, 0.0, 0.0, 0.0, 0.0, 0.0, 0.0, 0.0, 0.0, 0.0, 0.0, 0.0, 0.0, 0.0, 0.0, 0.0, 0.0, 0.0, 0.0, 0.0, 0.0, 0.0]
twist: 
  twist: 
    linear: 
      x: 0.3037403865693394
      y: -0.07210918164649001
      z: 0.04804574838231498
    angular: 
      x: 0.0
      y: 0.0
      z: 0.0
  covariance: [0.0, 0.0, 0.0, 0.0, 0.0, 0.0, 0.0, 0.0, 0.0, 0.0, 0.0, 0.0, 0.0, 0.0, 0.0, 0.0, 0.0, 0.0, 0.0, 0.0, 0.0, 0.0, 0.0, 0.0, 0.0, 0.0, 0.0, 0.0, 0.0, 0.0, 0.0, 0.0, 0.0, 0.0, 0.0, 0.0]
---
header: 
  seq: 1039
  stamp: 
    secs: 1744093955
    nsecs: 874463081
  frame_id: "world"
child_frame_id: "world"
pose: 
  pose: 
    position: 
      x: -0.06656498703827624
      y: -0.5366140059767035
      z: 0.43138967388043165
    orientation: 
      x: 0.0007390966254583766
      y: -0.0038789013148699475
      z: -0.1685704912413276
      w: 0.9856816916953592
  covariance: [0.0, 0.0, 0.0, 0.0, 0.0, 0.0, 0.0, 0.0, 0.0, 0.0, 0.0, 0.0, 0.0, 0.0, 0.0, 0.0, 0.0, 0.0, 0.0, 0.0, 0.0, 0.0, 0.0, 0.0, 0.0, 0.0, 0.0, 0.0, 0.0, 0.0, 0.0, 0.0, 0.0, 0.0, 0.0, 0.0]
twist: 
  twist: 
    linear: 
      x: 0.291490842154505
      y: -0.04334624005866023
      z: 0.0488388916993539
    angular: 
      x: 0.0
      y: 0.0
      z: 0.0
  covariance: [0.0, 0.0, 0.0, 0.0, 0.0, 0.0, 0.0, 0.0, 0.0, 0.0, 0.0, 0.0, 0.0, 0.0, 0.0, 0.0, 0.0, 0.0, 0.0, 0.0, 0.0, 0.0, 0.0, 0.0, 0.0, 0.0, 0.0, 0.0, 0.0, 0.0, 0.0, 0.0, 0.0, 0.0, 0.0, 0.0]
---
header: 
  seq: 1040
  stamp: 
    secs: 1744093956
    nsecs:   7800579
  frame_id: "world"
child_frame_id: "world"
pose: 
  pose: 
    position: 
      x: -0.033309110204183034
      y: -0.5403522618140683
      z: 0.43589786292153265
    orientation: 
      x: -0.0027386378450485562
      y: -0.003924674364496594
      z: -0.13069611048898466
      w: 0.9914109256493684
  covariance: [0.0, 0.0, 0.0, 0.0, 0.0, 0.0, 0.0, 0.0, 0.0, 0.0, 0.0, 0.0, 0.0, 0.0, 0.0, 0.0, 0.0, 0.0, 0.0, 0.0, 0.0, 0.0, 0.0, 0.0, 0.0, 0.0, 0.0, 0.0, 0.0, 0.0, 0.0, 0.0, 0.0, 0.0, 0.0, 0.0]
twist: 
  twist: 
    linear: 
      x: 0.2619606423226657
      y: -0.01780994588051553
      z: 0.04138580576095091
    angular: 
      x: 0.0
      y: 0.0
      z: 0.0
  covariance: [0.0, 0.0, 0.0, 0.0, 0.0, 0.0, 0.0, 0.0, 0.0, 0.0, 0.0, 0.0, 0.0, 0.0, 0.0, 0.0, 0.0, 0.0, 0.0, 0.0, 0.0, 0.0, 0.0, 0.0, 0.0, 0.0, 0.0, 0.0, 0.0, 0.0, 0.0, 0.0, 0.0, 0.0, 0.0, 0.0]
---
header: 
  seq: 1041
  stamp: 
    secs: 1744093956
    nsecs: 141137362
  frame_id: "world"
child_frame_id: "world"
pose: 
  pose: 
    position: 
      x: 0.007490929899644061
      y: -0.5393263207237667
      z: 0.4364897178984428
    orientation: 
      x: -0.006520581676901599
      y: -0.003514053559897743
      z: -0.0937059815084526
      w: 0.9955723592344811
  covariance: [0.0, 0.0, 0.0, 0.0, 0.0, 0.0, 0.0, 0.0, 0.0, 0.0, 0.0, 0.0, 0.0, 0.0, 0.0, 0.0, 0.0, 0.0, 0.0, 0.0, 0.0, 0.0, 0.0, 0.0, 0.0, 0.0, 0.0, 0.0, 0.0, 0.0, 0.0, 0.0, 0.0, 0.0, 0.0, 0.0]
twist: 
  twist: 
    linear: 
      x: 0.24868346833816313
      y: 0.011629375846589256
      z: 0.021176440246963985
    angular: 
      x: 0.0
      y: 0.0
      z: 0.0
  covariance: [0.0, 0.0, 0.0, 0.0, 0.0, 0.0, 0.0, 0.0, 0.0, 0.0, 0.0, 0.0, 0.0, 0.0, 0.0, 0.0, 0.0, 0.0, 0.0, 0.0, 0.0, 0.0, 0.0, 0.0, 0.0, 0.0, 0.0, 0.0, 0.0, 0.0, 0.0, 0.0, 0.0, 0.0, 0.0, 0.0]
---
header: 
  seq: 1042
  stamp: 
    secs: 1744093956
    nsecs: 274474382
  frame_id: "world"
child_frame_id: "world"
pose: 
  pose: 
    position: 
      x: 0.03283972907598276
      y: -0.5313420989935144
      z: 0.4393668664660001
    orientation: 
      x: -0.005561437750519887
      y: -0.0006665373247549934
      z: -0.05839212171474815
      w: 0.9982780105059872
  covariance: [0.0, 0.0, 0.0, 0.0, 0.0, 0.0, 0.0, 0.0, 0.0, 0.0, 0.0, 0.0, 0.0, 0.0, 0.0, 0.0, 0.0, 0.0, 0.0, 0.0, 0.0, 0.0, 0.0, 0.0, 0.0, 0.0, 0.0, 0.0, 0.0, 0.0, 0.0, 0.0, 0.0, 0.0, 0.0, 0.0]
twist: 
  twist: 
    linear: 
      x: 0.23277795140620614
      y: 0.057317582065233866
      z: 0.015327071854635225
    angular: 
      x: 0.0
      y: 0.0
      z: 0.0
  covariance: [0.0, 0.0, 0.0, 0.0, 0.0, 0.0, 0.0, 0.0, 0.0, 0.0, 0.0, 0.0, 0.0, 0.0, 0.0, 0.0, 0.0, 0.0, 0.0, 0.0, 0.0, 0.0, 0.0, 0.0, 0.0, 0.0, 0.0, 0.0, 0.0, 0.0, 0.0, 0.0, 0.0, 0.0, 0.0, 0.0]
---
header: 
  seq: 1043
  stamp: 
    secs: 1744093956
    nsecs: 407810926
  frame_id: "world"
child_frame_id: "world"
pose: 
  pose: 
    position: 
      x: 0.0730902600696674
      y: -0.5204997826902021
      z: 0.43977184787608653
    orientation: 
      x: 0.0010014248306216074
      y: -0.003307976229249021
      z: -0.02499437081651227
      w: 0.9996816172507436
  covariance: [0.0, 0.0, 0.0, 0.0, 0.0, 0.0, 0.0, 0.0, 0.0, 0.0, 0.0, 0.0, 0.0, 0.0, 0.0, 0.0, 0.0, 0.0, 0.0, 0.0, 0.0, 0.0, 0.0, 0.0, 0.0, 0.0, 0.0, 0.0, 0.0, 0.0, 0.0, 0.0, 0.0, 0.0, 0.0, 0.0]
twist: 
  twist: 
    linear: 
      x: 0.23036308301816616
      y: 0.08301010617099801
      z: 0.011947169536238117
    angular: 
      x: 0.0
      y: 0.0
      z: 0.0
  covariance: [0.0, 0.0, 0.0, 0.0, 0.0, 0.0, 0.0, 0.0, 0.0, 0.0, 0.0, 0.0, 0.0, 0.0, 0.0, 0.0, 0.0, 0.0, 0.0, 0.0, 0.0, 0.0, 0.0, 0.0, 0.0, 0.0, 0.0, 0.0, 0.0, 0.0, 0.0, 0.0, 0.0, 0.0, 0.0, 0.0]
---
header: 
  seq: 1044
  stamp: 
    secs: 1744093956
    nsecs: 541147232
  frame_id: "world"
child_frame_id: "world"
pose: 
  pose: 
    position: 
      x: 0.09608975214718346
      y: -0.509808009853226
      z: 0.446028462232309
    orientation: 
      x: 0.007664465589144243
      y: -0.0029377823323180857
      z: 0.006846637635113147
      w: 0.9999428728458912
  covariance: [0.0, 0.0, 0.0, 0.0, 0.0, 0.0, 0.0, 0.0, 0.0, 0.0, 0.0, 0.0, 0.0, 0.0, 0.0, 0.0, 0.0, 0.0, 0.0, 0.0, 0.0, 0.0, 0.0, 0.0, 0.0, 0.0, 0.0, 0.0, 0.0, 0.0, 0.0, 0.0, 0.0, 0.0, 0.0, 0.0]
twist: 
  twist: 
    linear: 
      x: 0.21238811150935027
      y: 0.06536770433152639
      z: 0.05126473282950571
    angular: 
      x: 0.0
      y: 0.0
      z: 0.0
  covariance: [0.0, 0.0, 0.0, 0.0, 0.0, 0.0, 0.0, 0.0, 0.0, 0.0, 0.0, 0.0, 0.0, 0.0, 0.0, 0.0, 0.0, 0.0, 0.0, 0.0, 0.0, 0.0, 0.0, 0.0, 0.0, 0.0, 0.0, 0.0, 0.0, 0.0, 0.0, 0.0, 0.0, 0.0, 0.0, 0.0]
---
header: 
  seq: 1045
  stamp: 
    secs: 1744093956
    nsecs: 674483299
  frame_id: "world"
child_frame_id: "world"
pose: 
  pose: 
    position: 
      x: 0.12983762762394166
      y: -0.500718891215446
      z: 0.4487769302077664
    orientation: 
      x: 0.009562935751851711
      y: -0.010835490240441807
      z: 0.03597965740370359
      w: 0.9992480205955714
  covariance: [0.0, 0.0, 0.0, 0.0, 0.0, 0.0, 0.0, 0.0, 0.0, 0.0, 0.0, 0.0, 0.0, 0.0, 0.0, 0.0, 0.0, 0.0, 0.0, 0.0, 0.0, 0.0, 0.0, 0.0, 0.0, 0.0, 0.0, 0.0, 0.0, 0.0, 0.0, 0.0, 0.0, 0.0, 0.0, 0.0]
twist: 
  twist: 
    linear: 
      x: 0.2128167686868713
      y: 0.059339012737551704
      z: 0.03199252479585861
    angular: 
      x: 0.0
      y: 0.0
      z: 0.0
  covariance: [0.0, 0.0, 0.0, 0.0, 0.0, 0.0, 0.0, 0.0, 0.0, 0.0, 0.0, 0.0, 0.0, 0.0, 0.0, 0.0, 0.0, 0.0, 0.0, 0.0, 0.0, 0.0, 0.0, 0.0, 0.0, 0.0, 0.0, 0.0, 0.0, 0.0, 0.0, 0.0, 0.0, 0.0, 0.0, 0.0]
---
header: 
  seq: 1046
  stamp: 
    secs: 1744093956
    nsecs: 807822227
  frame_id: "world"
child_frame_id: "world"
pose: 
  pose: 
    position: 
      x: 0.15788250023812211
      y: -0.4922354544625376
      z: 0.4484542777486552
    orientation: 
      x: 0.007137337280833621
      y: -0.013096806139978295
      z: 0.062866754481955
      w: 0.9979104685623741
  covariance: [0.0, 0.0, 0.0, 0.0, 0.0, 0.0, 0.0, 0.0, 0.0, 0.0, 0.0, 0.0, 0.0, 0.0, 0.0, 0.0, 0.0, 0.0, 0.0, 0.0, 0.0, 0.0, 0.0, 0.0, 0.0, 0.0, 0.0, 0.0, 0.0, 0.0, 0.0, 0.0, 0.0, 0.0, 0.0, 0.0]
twist: 
  twist: 
    linear: 
      x: 0.1890161702407833
      y: 0.05278558103241249
      z: 0.02025448192903733
    angular: 
      x: 0.0
      y: 0.0
      z: 0.0
  covariance: [0.0, 0.0, 0.0, 0.0, 0.0, 0.0, 0.0, 0.0, 0.0, 0.0, 0.0, 0.0, 0.0, 0.0, 0.0, 0.0, 0.0, 0.0, 0.0, 0.0, 0.0, 0.0, 0.0, 0.0, 0.0, 0.0, 0.0, 0.0, 0.0, 0.0, 0.0, 0.0, 0.0, 0.0, 0.0, 0.0]
---
header: 
  seq: 1047
  stamp: 
    secs: 1744093956
    nsecs: 941169262
  frame_id: "world"
child_frame_id: "world"
pose: 
  pose: 
    position: 
      x: 0.18248982302135347
      y: -0.4848776347910959
      z: 0.44972848853656583
    orientation: 
      x: 0.0071215313207496946
      y: -0.015880331639615382
      z: 0.08833099961824772
      w: 0.995939121314704
  covariance: [0.0, 0.0, 0.0, 0.0, 0.0, 0.0, 0.0, 0.0, 0.0, 0.0, 0.0, 0.0, 0.0, 0.0, 0.0, 0.0, 0.0, 0.0, 0.0, 0.0, 0.0, 0.0, 0.0, 0.0, 0.0, 0.0, 0.0, 0.0, 0.0, 0.0, 0.0, 0.0, 0.0, 0.0, 0.0, 0.0]
twist: 
  twist: 
    linear: 
      x: 0.1631808359537653
      y: 0.051860409662950725
      z: 0.021332527947768132
    angular: 
      x: 0.0
      y: 0.0
      z: 0.0
  covariance: [0.0, 0.0, 0.0, 0.0, 0.0, 0.0, 0.0, 0.0, 0.0, 0.0, 0.0, 0.0, 0.0, 0.0, 0.0, 0.0, 0.0, 0.0, 0.0, 0.0, 0.0, 0.0, 0.0, 0.0, 0.0, 0.0, 0.0, 0.0, 0.0, 0.0, 0.0, 0.0, 0.0, 0.0, 0.0, 0.0]
---
header: 
  seq: 1048
  stamp: 
    secs: 1744093957
    nsecs:  74516296
  frame_id: "world"
child_frame_id: "world"
pose: 
  pose: 
    position: 
      x: 0.19823995589728743
      y: -0.48150391407964094
      z: 0.4488235766303252
    orientation: 
      x: 0.008891305930270899
      y: -0.015940393067463962
      z: 0.1112288659910736
      w: 0.993627187590018
  covariance: [0.0, 0.0, 0.0, 0.0, 0.0, 0.0, 0.0, 0.0, 0.0, 0.0, 0.0, 0.0, 0.0, 0.0, 0.0, 0.0, 0.0, 0.0, 0.0, 0.0, 0.0, 0.0, 0.0, 0.0, 0.0, 0.0, 0.0, 0.0, 0.0, 0.0, 0.0, 0.0, 0.0, 0.0, 0.0, 0.0]
twist: 
  twist: 
    linear: 
      x: 0.12001533887550013
      y: 0.03568637557409866
      z: 0.014562328502829753
    angular: 
      x: 0.0
      y: 0.0
      z: 0.0
  covariance: [0.0, 0.0, 0.0, 0.0, 0.0, 0.0, 0.0, 0.0, 0.0, 0.0, 0.0, 0.0, 0.0, 0.0, 0.0, 0.0, 0.0, 0.0, 0.0, 0.0, 0.0, 0.0, 0.0, 0.0, 0.0, 0.0, 0.0, 0.0, 0.0, 0.0, 0.0, 0.0, 0.0, 0.0, 0.0, 0.0]
---
header: 
  seq: 1049
  stamp: 
    secs: 1744093957
    nsecs: 207863331
  frame_id: "world"
child_frame_id: "world"
pose: 
  pose: 
    position: 
      x: 0.21676297456009266
      y: -0.4760752056856005
      z: 0.44862295734660895
    orientation: 
      x: 0.007402244955093546
      y: -0.014921715659035615
      z: 0.13022424988170808
      w: 0.9913446393228553
  covariance: [0.0, 0.0, 0.0, 0.0, 0.0, 0.0, 0.0, 0.0, 0.0, 0.0, 0.0, 0.0, 0.0, 0.0, 0.0, 0.0, 0.0, 0.0, 0.0, 0.0, 0.0, 0.0, 0.0, 0.0, 0.0, 0.0, 0.0, 0.0, 0.0, 0.0, 0.0, 0.0, 0.0, 0.0, 0.0, 0.0]
twist: 
  twist: 
    linear: 
      x: 0.0970908905809615
      y: 0.025274991839703997
      z: 0.01662495272078018
    angular: 
      x: 0.0
      y: 0.0
      z: 0.0
  covariance: [0.0, 0.0, 0.0, 0.0, 0.0, 0.0, 0.0, 0.0, 0.0, 0.0, 0.0, 0.0, 0.0, 0.0, 0.0, 0.0, 0.0, 0.0, 0.0, 0.0, 0.0, 0.0, 0.0, 0.0, 0.0, 0.0, 0.0, 0.0, 0.0, 0.0, 0.0, 0.0, 0.0, 0.0, 0.0, 0.0]
---
header: 
  seq: 1050
  stamp: 
    secs: 1744093957
    nsecs: 341210365
  frame_id: "world"
child_frame_id: "world"
pose: 
  pose: 
    position: 
      x: 0.22116547298829642
      y: -0.4752195900675537
      z: 0.44561230658317463
    orientation: 
      x: 0.005189607161193393
      y: -0.010776347655801615
      z: 0.14672457305089762
      w: 0.9891050692276052
  covariance: [0.0, 0.0, 0.0, 0.0, 0.0, 0.0, 0.0, 0.0, 0.0, 0.0, 0.0, 0.0, 0.0, 0.0, 0.0, 0.0, 0.0, 0.0, 0.0, 0.0, 0.0, 0.0, 0.0, 0.0, 0.0, 0.0, 0.0, 0.0, 0.0, 0.0, 0.0, 0.0, 0.0, 0.0, 0.0, 0.0]
twist: 
  twist: 
    linear: 
      x: 0.05501898545539986
      y: 0.028474453107679498
      z: -0.013987729035475011
    angular: 
      x: 0.0
      y: 0.0
      z: 0.0
  covariance: [0.0, 0.0, 0.0, 0.0, 0.0, 0.0, 0.0, 0.0, 0.0, 0.0, 0.0, 0.0, 0.0, 0.0, 0.0, 0.0, 0.0, 0.0, 0.0, 0.0, 0.0, 0.0, 0.0, 0.0, 0.0, 0.0, 0.0, 0.0, 0.0, 0.0, 0.0, 0.0, 0.0, 0.0, 0.0, 0.0]
---
header: 
  seq: 1051
  stamp: 
    secs: 1744093957
    nsecs: 474557638
  frame_id: "world"
child_frame_id: "world"
pose: 
  pose: 
    position: 
      x: 0.22741250357702905
      y: -0.4701700121901756
      z: 0.44172797313520923
    orientation: 
      x: 0.007643606042827943
      y: -0.00872223928653541
      z: 0.16134102398095668
      w: 0.9868305689475103
  covariance: [0.0, 0.0, 0.0, 0.0, 0.0, 0.0, 0.0, 0.0, 0.0, 0.0, 0.0, 0.0, 0.0, 0.0, 0.0, 0.0, 0.0, 0.0, 0.0, 0.0, 0.0, 0.0, 0.0, 0.0, 0.0, 0.0, 0.0, 0.0, 0.0, 0.0, 0.0, 0.0, 0.0, 0.0, 0.0, 0.0]
twist: 
  twist: 
    linear: 
      x: 0.035318727012778946
      y: 0.03818411940354082
      z: -0.026168355339201293
    angular: 
      x: 0.0
      y: 0.0
      z: 0.0
  covariance: [0.0, 0.0, 0.0, 0.0, 0.0, 0.0, 0.0, 0.0, 0.0, 0.0, 0.0, 0.0, 0.0, 0.0, 0.0, 0.0, 0.0, 0.0, 0.0, 0.0, 0.0, 0.0, 0.0, 0.0, 0.0, 0.0, 0.0, 0.0, 0.0, 0.0, 0.0, 0.0, 0.0, 0.0, 0.0, 0.0]
---
header: 
  seq: 1052
  stamp: 
    secs: 1744093957
    nsecs: 607904673
  frame_id: "world"
child_frame_id: "world"
pose: 
  pose: 
    position: 
      x: 0.22885407788299778
      y: -0.4674020566742371
      z: 0.4394267829268414
    orientation: 
      x: 0.009601222144709116
      y: -0.00388120786594655
      z: 0.1736044907684203
      w: 0.9847610032611297
  covariance: [0.0, 0.0, 0.0, 0.0, 0.0, 0.0, 0.0, 0.0, 0.0, 0.0, 0.0, 0.0, 0.0, 0.0, 0.0, 0.0, 0.0, 0.0, 0.0, 0.0, 0.0, 0.0, 0.0, 0.0, 0.0, 0.0, 0.0, 0.0, 0.0, 0.0, 0.0, 0.0, 0.0, 0.0, 0.0, 0.0]
twist: 
  twist: 
    linear: 
      x: 0.016910929497784798
      y: 0.046526043508924614
      z: -0.023838669373417415
    angular: 
      x: 0.0
      y: 0.0
      z: 0.0
  covariance: [0.0, 0.0, 0.0, 0.0, 0.0, 0.0, 0.0, 0.0, 0.0, 0.0, 0.0, 0.0, 0.0, 0.0, 0.0, 0.0, 0.0, 0.0, 0.0, 0.0, 0.0, 0.0, 0.0, 0.0, 0.0, 0.0, 0.0, 0.0, 0.0, 0.0, 0.0, 0.0, 0.0, 0.0, 0.0, 0.0]
---
header: 
  seq: 1053
  stamp: 
    secs: 1744093957
    nsecs: 741251945
  frame_id: "world"
child_frame_id: "world"
pose: 
  pose: 
    position: 
      x: 0.23255065664547508
      y: -0.4639932199109813
      z: 0.4387587295919524
    orientation: 
      x: 0.012370824812449223
      y: -0.00408509266467612
      z: 0.18427190934431795
      w: 0.9827889591046391
  covariance: [0.0, 0.0, 0.0, 0.0, 0.0, 0.0, 0.0, 0.0, 0.0, 0.0, 0.0, 0.0, 0.0, 0.0, 0.0, 0.0, 0.0, 0.0, 0.0, 0.0, 0.0, 0.0, 0.0, 0.0, 0.0, 0.0, 0.0, 0.0, 0.0, 0.0, 0.0, 0.0, 0.0, 0.0, 0.0, 0.0]
twist: 
  twist: 
    linear: 
      x: 0.01851050207305617
      y: 0.03581032107753018
      z: 0.007428600750254647
    angular: 
      x: 0.0
      y: 0.0
      z: 0.0
  covariance: [0.0, 0.0, 0.0, 0.0, 0.0, 0.0, 0.0, 0.0, 0.0, 0.0, 0.0, 0.0, 0.0, 0.0, 0.0, 0.0, 0.0, 0.0, 0.0, 0.0, 0.0, 0.0, 0.0, 0.0, 0.0, 0.0, 0.0, 0.0, 0.0, 0.0, 0.0, 0.0, 0.0, 0.0, 0.0, 0.0]
---
header: 
  seq: 1054
  stamp: 
    secs: 1744093957
    nsecs: 874595881
  frame_id: "world"
child_frame_id: "world"
pose: 
  pose: 
    position: 
      x: 0.23159656673146856
      y: -0.4606959298880403
      z: 0.4423631164494508
    orientation: 
      x: 0.01483864129048652
      y: -0.005580913885365368
      z: 0.1933924471840201
      w: 0.9809933891199433
  covariance: [0.0, 0.0, 0.0, 0.0, 0.0, 0.0, 0.0, 0.0, 0.0, 0.0, 0.0, 0.0, 0.0, 0.0, 0.0, 0.0, 0.0, 0.0, 0.0, 0.0, 0.0, 0.0, 0.0, 0.0, 0.0, 0.0, 0.0, 0.0, 0.0, 0.0, 0.0, 0.0, 0.0, 0.0, 0.0, 0.0]
twist: 
  twist: 
    linear: 
      x: 0.00420247392118492
      y: 0.029769071506917724
      z: -9.323705757832918e-05
    angular: 
      x: 0.0
      y: 0.0
      z: 0.0
  covariance: [0.0, 0.0, 0.0, 0.0, 0.0, 0.0, 0.0, 0.0, 0.0, 0.0, 0.0, 0.0, 0.0, 0.0, 0.0, 0.0, 0.0, 0.0, 0.0, 0.0, 0.0, 0.0, 0.0, 0.0, 0.0, 0.0, 0.0, 0.0, 0.0, 0.0, 0.0, 0.0, 0.0, 0.0, 0.0, 0.0]
---
header: 
  seq: 1055
  stamp: 
    secs: 1744093958
    nsecs:   7939100
  frame_id: "world"
child_frame_id: "world"
pose: 
  pose: 
    position: 
      x: 0.23121776919782377
      y: -0.45955235649974135
      z: 0.44671093015324276
    orientation: 
      x: 0.014609029276217402
      y: -0.0072914951003620575
      z: 0.20105578109764033
      w: 0.9794437111187277
  covariance: [0.0, 0.0, 0.0, 0.0, 0.0, 0.0, 0.0, 0.0, 0.0, 0.0, 0.0, 0.0, 0.0, 0.0, 0.0, 0.0, 0.0, 0.0, 0.0, 0.0, 0.0, 0.0, 0.0, 0.0, 0.0, 0.0, 0.0, 0.0, 0.0, 0.0, 0.0, 0.0, 0.0, 0.0, 0.0, 0.0]
twist: 
  twist: 
    linear: 
      x: -0.0012766107180788426
      y: 0.014337588600290352
      z: 0.02730411626527436
    angular: 
      x: 0.0
      y: 0.0
      z: 0.0
  covariance: [0.0, 0.0, 0.0, 0.0, 0.0, 0.0, 0.0, 0.0, 0.0, 0.0, 0.0, 0.0, 0.0, 0.0, 0.0, 0.0, 0.0, 0.0, 0.0, 0.0, 0.0, 0.0, 0.0, 0.0, 0.0, 0.0, 0.0, 0.0, 0.0, 0.0, 0.0, 0.0, 0.0, 0.0, 0.0, 0.0]
---
header: 
  seq: 1056
  stamp: 
    secs: 1744093958
    nsecs: 141282320
  frame_id: "world"
child_frame_id: "world"
pose: 
  pose: 
    position: 
      x: 0.23043531961799868
      y: -0.4600641168934726
      z: 0.4542566388843384
    orientation: 
      x: 0.010711350321381588
      y: -0.007339024859471085
      z: 0.20730915929346416
      w: 0.9781893058919842
  covariance: [0.0, 0.0, 0.0, 0.0, 0.0, 0.0, 0.0, 0.0, 0.0, 0.0, 0.0, 0.0, 0.0, 0.0, 0.0, 0.0, 0.0, 0.0, 0.0, 0.0, 0.0, 0.0, 0.0, 0.0, 0.0, 0.0, 0.0, 0.0, 0.0, 0.0, 0.0, 0.0, 0.0, 0.0, 0.0, 0.0]
twist: 
  twist: 
    linear: 
      x: -0.0056884832421408805
      y: -0.009359032172122377
      z: 0.0654671720543939
    angular: 
      x: 0.0
      y: 0.0
      z: 0.0
  covariance: [0.0, 0.0, 0.0, 0.0, 0.0, 0.0, 0.0, 0.0, 0.0, 0.0, 0.0, 0.0, 0.0, 0.0, 0.0, 0.0, 0.0, 0.0, 0.0, 0.0, 0.0, 0.0, 0.0, 0.0, 0.0, 0.0, 0.0, 0.0, 0.0, 0.0, 0.0, 0.0, 0.0, 0.0, 0.0, 0.0]
---
header: 
  seq: 1057
  stamp: 
    secs: 1744093958
    nsecs: 274625540
  frame_id: "world"
child_frame_id: "world"
pose: 
  pose: 
    position: 
      x: 0.2294702103810264
      y: -0.4589555594249332
      z: 0.4576736094435252
    orientation: 
      x: 0.007511720073866736
      y: -0.00648409846290571
      z: 0.2137490413847713
      w: 0.9768382045332515
  covariance: [0.0, 0.0, 0.0, 0.0, 0.0, 0.0, 0.0, 0.0, 0.0, 0.0, 0.0, 0.0, 0.0, 0.0, 0.0, 0.0, 0.0, 0.0, 0.0, 0.0, 0.0, 0.0, 0.0, 0.0, 0.0, 0.0, 0.0, 0.0, 0.0, 0.0, 0.0, 0.0, 0.0, 0.0, 0.0, 0.0]
twist: 
  twist: 
    linear: 
      x: -0.00997717001875413
      y: -0.0022458307509872428
      z: 0.019669686495541603
    angular: 
      x: 0.0
      y: 0.0
      z: 0.0
  covariance: [0.0, 0.0, 0.0, 0.0, 0.0, 0.0, 0.0, 0.0, 0.0, 0.0, 0.0, 0.0, 0.0, 0.0, 0.0, 0.0, 0.0, 0.0, 0.0, 0.0, 0.0, 0.0, 0.0, 0.0, 0.0, 0.0, 0.0, 0.0, 0.0, 0.0, 0.0, 0.0, 0.0, 0.0, 0.0, 0.0]
---
header: 
  seq: 1058
  stamp: 
    secs: 1744093958
    nsecs: 407969475
  frame_id: "world"
child_frame_id: "world"
pose: 
  pose: 
    position: 
      x: 0.2275034319474154
      y: -0.4572363735642135
      z: 0.4598169644119855
    orientation: 
      x: 0.004399804225942386
      y: -0.005300468460830665
      z: 0.21817495864542585
      w: 0.9758853591364797
  covariance: [0.0, 0.0, 0.0, 0.0, 0.0, 0.0, 0.0, 0.0, 0.0, 0.0, 0.0, 0.0, 0.0, 0.0, 0.0, 0.0, 0.0, 0.0, 0.0, 0.0, 0.0, 0.0, 0.0, 0.0, 0.0, 0.0, 0.0, 0.0, 0.0, 0.0, 0.0, 0.0, 0.0, 0.0, 0.0, 0.0]
twist: 
  twist: 
    linear: 
      x: -0.013650919155163407
      y: 0.0038365896971146642
      z: 0.011795583958721453
    angular: 
      x: 0.0
      y: 0.0
      z: 0.0
  covariance: [0.0, 0.0, 0.0, 0.0, 0.0, 0.0, 0.0, 0.0, 0.0, 0.0, 0.0, 0.0, 0.0, 0.0, 0.0, 0.0, 0.0, 0.0, 0.0, 0.0, 0.0, 0.0, 0.0, 0.0, 0.0, 0.0, 0.0, 0.0, 0.0, 0.0, 0.0, 0.0, 0.0, 0.0, 0.0, 0.0]
---
header: 
  seq: 1059
  stamp: 
    secs: 1744093958
    nsecs: 541312218
  frame_id: "world"
child_frame_id: "world"
pose: 
  pose: 
    position: 
      x: 0.2231311230430056
      y: -0.45419706033834273
      z: 0.4583803549816934
    orientation: 
      x: 0.005348245971541626
      y: -0.004431817562045293
      z: 0.22150405016363953
      w: 0.975134714292968
  covariance: [0.0, 0.0, 0.0, 0.0, 0.0, 0.0, 0.0, 0.0, 0.0, 0.0, 0.0, 0.0, 0.0, 0.0, 0.0, 0.0, 0.0, 0.0, 0.0, 0.0, 0.0, 0.0, 0.0, 0.0, 0.0, 0.0, 0.0, 0.0, 0.0, 0.0, 0.0, 0.0, 0.0, 0.0, 0.0, 0.0]
twist: 
  twist: 
    linear: 
      x: -0.030803828841499705
      y: 0.01849192373624971
      z: -0.012554916541077132
    angular: 
      x: 0.0
      y: 0.0
      z: 0.0
  covariance: [0.0, 0.0, 0.0, 0.0, 0.0, 0.0, 0.0, 0.0, 0.0, 0.0, 0.0, 0.0, 0.0, 0.0, 0.0, 0.0, 0.0, 0.0, 0.0, 0.0, 0.0, 0.0, 0.0, 0.0, 0.0, 0.0, 0.0, 0.0, 0.0, 0.0, 0.0, 0.0, 0.0, 0.0, 0.0, 0.0]
---
header: 
  seq: 1060
  stamp: 
    secs: 1744093958
    nsecs: 674654961
  frame_id: "world"
child_frame_id: "world"
pose: 
  pose: 
    position: 
      x: 0.21929091107530896
      y: -0.45000073070935087
      z: 0.45832188755231146
    orientation: 
      x: 0.011350520974192754
      y: -0.003454845580480843
      z: 0.2240304646145351
      w: 0.9745099181846355
  covariance: [0.0, 0.0, 0.0, 0.0, 0.0, 0.0, 0.0, 0.0, 0.0, 0.0, 0.0, 0.0, 0.0, 0.0, 0.0, 0.0, 0.0, 0.0, 0.0, 0.0, 0.0, 0.0, 0.0, 0.0, 0.0, 0.0, 0.0, 0.0, 0.0, 0.0, 0.0, 0.0, 0.0, 0.0, 0.0, 0.0]
twist: 
  twist: 
    linear: 
      x: -0.025965955390175606
      y: 0.020402741657079757
      z: 0.009370296147999446
    angular: 
      x: 0.0
      y: 0.0
      z: 0.0
  covariance: [0.0, 0.0, 0.0, 0.0, 0.0, 0.0, 0.0, 0.0, 0.0, 0.0, 0.0, 0.0, 0.0, 0.0, 0.0, 0.0, 0.0, 0.0, 0.0, 0.0, 0.0, 0.0, 0.0, 0.0, 0.0, 0.0, 0.0, 0.0, 0.0, 0.0, 0.0, 0.0, 0.0, 0.0, 0.0, 0.0]
---
header: 
  seq: 1061
  stamp: 
    secs: 1744093958
    nsecs: 807996273
  frame_id: "world"
child_frame_id: "world"
pose: 
  pose: 
    position: 
      x: 0.21688773385055107
      y: -0.4464509107751362
      z: 0.4580439914657583
    orientation: 
      x: 0.012568173725818784
      y: -0.0036170720170511546
      z: 0.22637123028856285
      w: 0.9739532965686104
  covariance: [0.0, 0.0, 0.0, 0.0, 0.0, 0.0, 0.0, 0.0, 0.0, 0.0, 0.0, 0.0, 0.0, 0.0, 0.0, 0.0, 0.0, 0.0, 0.0, 0.0, 0.0, 0.0, 0.0, 0.0, 0.0, 0.0, 0.0, 0.0, 0.0, 0.0, 0.0, 0.0, 0.0, 0.0, 0.0, 0.0]
twist: 
  twist: 
    linear: 
      x: -0.023956310816531715
      y: 0.011761768797891991
      z: 0.021312589670721093
    angular: 
      x: 0.0
      y: 0.0
      z: 0.0
  covariance: [0.0, 0.0, 0.0, 0.0, 0.0, 0.0, 0.0, 0.0, 0.0, 0.0, 0.0, 0.0, 0.0, 0.0, 0.0, 0.0, 0.0, 0.0, 0.0, 0.0, 0.0, 0.0, 0.0, 0.0, 0.0, 0.0, 0.0, 0.0, 0.0, 0.0, 0.0, 0.0, 0.0, 0.0, 0.0, 0.0]
---
header: 
  seq: 1062
  stamp: 
    secs: 1744093958
    nsecs: 941332102
  frame_id: "world"
child_frame_id: "world"
pose: 
  pose: 
    position: 
      x: 0.2151476473181827
      y: -0.4443902922925661
      z: 0.4581646153544292
    orientation: 
      x: 0.00499033928945722
      y: -0.0051376639655629506
      z: 0.2019654685228491
      w: 0.979366453605135
  covariance: [0.0, 0.0, 0.0, 0.0, 0.0, 0.0, 0.0, 0.0, 0.0, 0.0, 0.0, 0.0, 0.0, 0.0, 0.0, 0.0, 0.0, 0.0, 0.0, 0.0, 0.0, 0.0, 0.0, 0.0, 0.0, 0.0, 0.0, 0.0, 0.0, 0.0, 0.0, 0.0, 0.0, 0.0, 0.0, 0.0]
twist: 
  twist: 
    linear: 
      x: -0.01632409689248908
      y: 0.006259026607333408
      z: 0.00022324057740388554
    angular: 
      x: 0.0
      y: 0.0
      z: 0.0
  covariance: [0.0, 0.0, 0.0, 0.0, 0.0, 0.0, 0.0, 0.0, 0.0, 0.0, 0.0, 0.0, 0.0, 0.0, 0.0, 0.0, 0.0, 0.0, 0.0, 0.0, 0.0, 0.0, 0.0, 0.0, 0.0, 0.0, 0.0, 0.0, 0.0, 0.0, 0.0, 0.0, 0.0, 0.0, 0.0, 0.0]
---
header: 
  seq: 1063
  stamp: 
    secs: 1744093959
    nsecs:  74667692
  frame_id: "world"
child_frame_id: "world"
pose: 
  pose: 
    position: 
      x: 0.21434289140278887
      y: -0.44505530254661996
      z: 0.45571832643342775
    orientation: 
      x: 0.00627174082197438
      y: -0.004021976281036327
      z: 0.14442714782384433
      w: 0.9894873864508462
  covariance: [0.0, 0.0, 0.0, 0.0, 0.0, 0.0, 0.0, 0.0, 0.0, 0.0, 0.0, 0.0, 0.0, 0.0, 0.0, 0.0, 0.0, 0.0, 0.0, 0.0, 0.0, 0.0, 0.0, 0.0, 0.0, 0.0, 0.0, 0.0, 0.0, 0.0, 0.0, 0.0, 0.0, 0.0, 0.0, 0.0]
twist: 
  twist: 
    linear: 
      x: -0.012170870867606733
      y: 0.0187081190731926
      z: -0.027184782093753163
    angular: 
      x: 0.0
      y: 0.0
      z: 0.0
  covariance: [0.0, 0.0, 0.0, 0.0, 0.0, 0.0, 0.0, 0.0, 0.0, 0.0, 0.0, 0.0, 0.0, 0.0, 0.0, 0.0, 0.0, 0.0, 0.0, 0.0, 0.0, 0.0, 0.0, 0.0, 0.0, 0.0, 0.0, 0.0, 0.0, 0.0, 0.0, 0.0, 0.0, 0.0, 0.0, 0.0]
---
header: 
  seq: 1064
  stamp: 
    secs: 1744093959
    nsecs: 208003283
  frame_id: "world"
child_frame_id: "world"
pose: 
  pose: 
    position: 
      x: 0.2132841812917553
      y: -0.44410106411698635
      z: 0.4536036787405199
    orientation: 
      x: 0.013217990483484598
      y: -0.003444782065181692
      z: 0.1019345068907568
      w: 0.9946973280898266
  covariance: [0.0, 0.0, 0.0, 0.0, 0.0, 0.0, 0.0, 0.0, 0.0, 0.0, 0.0, 0.0, 0.0, 0.0, 0.0, 0.0, 0.0, 0.0, 0.0, 0.0, 0.0, 0.0, 0.0, 0.0, 0.0, 0.0, 0.0, 0.0, 0.0, 0.0, 0.0, 0.0, 0.0, 0.0, 0.0, 0.0]
twist: 
  twist: 
    linear: 
      x: -0.011952022744983557
      y: 0.03058599754094454
      z: -0.033240386621655196
    angular: 
      x: 0.0
      y: 0.0
      z: 0.0
  covariance: [0.0, 0.0, 0.0, 0.0, 0.0, 0.0, 0.0, 0.0, 0.0, 0.0, 0.0, 0.0, 0.0, 0.0, 0.0, 0.0, 0.0, 0.0, 0.0, 0.0, 0.0, 0.0, 0.0, 0.0, 0.0, 0.0, 0.0, 0.0, 0.0, 0.0, 0.0, 0.0, 0.0, 0.0, 0.0, 0.0]
---
header: 
  seq: 1065
  stamp: 
    secs: 1744093959
    nsecs: 341338158
  frame_id: "world"
child_frame_id: "world"
pose: 
  pose: 
    position: 
      x: 0.21251387171528047
      y: -0.4400528744944289
      z: 0.4184775767890753
    orientation: 
      x: 0.006410084960966287
      y: 0.00010527181289991226
      z: 0.09849166430126119
      w: 0.995117225150789
  covariance: [0.0, 0.0, 0.0, 0.0, 0.0, 0.0, 0.0, 0.0, 0.0, 0.0, 0.0, 0.0, 0.0, 0.0, 0.0, 0.0, 0.0, 0.0, 0.0, 0.0, 0.0, 0.0, 0.0, 0.0, 0.0, 0.0, 0.0, 0.0, 0.0, 0.0, 0.0, 0.0, 0.0, 0.0, 0.0, 0.0]
twist: 
  twist: 
    linear: 
      x: -0.0061559890162738275
      y: 0.05429534343159718
      z: -0.5618777777343968
    angular: 
      x: 0.0
      y: 0.0
      z: 0.0
  covariance: [0.0, 0.0, 0.0, 0.0, 0.0, 0.0, 0.0, 0.0, 0.0, 0.0, 0.0, 0.0, 0.0, 0.0, 0.0, 0.0, 0.0, 0.0, 0.0, 0.0, 0.0, 0.0, 0.0, 0.0, 0.0, 0.0, 0.0, 0.0, 0.0, 0.0, 0.0, 0.0, 0.0, 0.0, 0.0, 0.0]
---
header: 
  seq: 1066
  stamp: 
    secs: 1744093959
    nsecs: 474673033
  frame_id: "world"
child_frame_id: "world"
pose: 
  pose: 
    position: 
      x: 0.21484406747858367
      y: -0.4363258803335465
      z: 0.3056167448475701
    orientation: 
      x: 0.004358502745599767
      y: 0.0016945009973742071
      z: 0.10006867618143934
      w: 0.9949695433366194
  covariance: [0.0, 0.0, 0.0, 0.0, 0.0, 0.0, 0.0, 0.0, 0.0, 0.0, 0.0, 0.0, 0.0, 0.0, 0.0, 0.0, 0.0, 0.0, 0.0, 0.0, 0.0, 0.0, 0.0, 0.0, 0.0, 0.0, 0.0, 0.0, 0.0, 0.0, 0.0, 0.0, 0.0, 0.0, 0.0, 0.0]
twist: 
  twist: 
    linear: 
      x: 0.008869013805731622
      y: 0.04482463468137262
      z: -1.1580794999889672
    angular: 
      x: 0.0
      y: 0.0
      z: 0.0
  covariance: [0.0, 0.0, 0.0, 0.0, 0.0, 0.0, 0.0, 0.0, 0.0, 0.0, 0.0, 0.0, 0.0, 0.0, 0.0, 0.0, 0.0, 0.0, 0.0, 0.0, 0.0, 0.0, 0.0, 0.0, 0.0, 0.0, 0.0, 0.0, 0.0, 0.0, 0.0, 0.0, 0.0, 0.0, 0.0, 0.0]
---
header: 
  seq: 1067
  stamp: 
    secs: 1744093959
    nsecs: 608007669
  frame_id: "world"
child_frame_id: "world"
pose: 
  pose: 
    position: 
      x: 0.21753047286811303
      y: -0.4315761705703593
      z: 0.11513193254756221
    orientation: 
      x: -0.00010466153819327565
      y: 0.004417053671016914
      z: 0.10227171155904433
      w: 0.9947466892116874
  covariance: [0.0, 0.0, 0.0, 0.0, 0.0, 0.0, 0.0, 0.0, 0.0, 0.0, 0.0, 0.0, 0.0, 0.0, 0.0, 0.0, 0.0, 0.0, 0.0, 0.0, 0.0, 0.0, 0.0, 0.0, 0.0, 0.0, 0.0, 0.0, 0.0, 0.0, 0.0, 0.0, 0.0, 0.0, 0.0, 0.0]
twist: 
  twist: 
    linear: 
      x: 0.024580615493307104
      y: 0.058949392981780264
      z: -1.6946150491010585
    angular: 
      x: 0.0
      y: 0.0
      z: 0.0
  covariance: [0.0, 0.0, 0.0, 0.0, 0.0, 0.0, 0.0, 0.0, 0.0, 0.0, 0.0, 0.0, 0.0, 0.0, 0.0, 0.0, 0.0, 0.0, 0.0, 0.0, 0.0, 0.0, 0.0, 0.0, 0.0, 0.0, 0.0, 0.0, 0.0, 0.0, 0.0, 0.0, 0.0, 0.0, 0.0, 0.0]
---
header: 
  seq: 1068
  stamp: 
    secs: 1744093959
    nsecs: 741342068
  frame_id: "world"
child_frame_id: "world"
pose: 
  pose: 
    position: 
      x: 0.23041603882421635
      y: -0.4279681486765025
      z: -0.0007878768651087831
    orientation: 
      x: -0.025742629446134622
      y: 0.01018540770727614
      z: 0.1195922567199514
      w: 0.9924370340891481
  covariance: [0.0, 0.0, 0.0, 0.0, 0.0, 0.0, 0.0, 0.0, 0.0, 0.0, 0.0, 0.0, 0.0, 0.0, 0.0, 0.0, 0.0, 0.0, 0.0, 0.0, 0.0, 0.0, 0.0, 0.0, 0.0, 0.0, 0.0, 0.0, 0.0, 0.0, 0.0, 0.0, 0.0, 0.0, 0.0, 0.0]
twist: 
  twist: 
    linear: 
      x: 0.1577860054274853
      y: 0.05248273652523128
      z: -0.38534611776270455
    angular: 
      x: 0.0
      y: 0.0
      z: 0.0
  covariance: [0.0, 0.0, 0.0, 0.0, 0.0, 0.0, 0.0, 0.0, 0.0, 0.0, 0.0, 0.0, 0.0, 0.0, 0.0, 0.0, 0.0, 0.0, 0.0, 0.0, 0.0, 0.0, 0.0, 0.0, 0.0, 0.0, 0.0, 0.0, 0.0, 0.0, 0.0, 0.0, 0.0, 0.0, 0.0, 0.0]
---
header: 
  seq: 1069
  stamp: 
    secs: 1744093959
    nsecs: 874680758
  frame_id: "world"
child_frame_id: "world"
pose: 
  pose: 
    position: 
      x: 0.24418367456545828
      y: -0.4202677827581936
      z: -0.0928287521537709
    orientation: 
      x: -0.011738694501474774
      y: -0.011060086182848669
      z: 0.12025471215440028
      w: 0.9926120499720379
  covariance: [0.0, 0.0, 0.0, 0.0, 0.0, 0.0, 0.0, 0.0, 0.0, 0.0, 0.0, 0.0, 0.0, 0.0, 0.0, 0.0, 0.0, 0.0, 0.0, 0.0, 0.0, 0.0, 0.0, 0.0, 0.0, 0.0, 0.0, 0.0, 0.0, 0.0, 0.0, 0.0, 0.0, 0.0, 0.0, 0.0]
twist: 
  twist: 
    linear: 
      x: 0.11471807034154302
      y: 0.08690754287877964
      z: -1.0058482895550231
    angular: 
      x: 0.0
      y: 0.0
      z: 0.0
  covariance: [0.0, 0.0, 0.0, 0.0, 0.0, 0.0, 0.0, 0.0, 0.0, 0.0, 0.0, 0.0, 0.0, 0.0, 0.0, 0.0, 0.0, 0.0, 0.0, 0.0, 0.0, 0.0, 0.0, 0.0, 0.0, 0.0, 0.0, 0.0, 0.0, 0.0, 0.0, 0.0, 0.0, 0.0, 0.0, 0.0]
---
header: 
  seq: 1070
  stamp: 
    secs: 1744093960
    nsecs:   8020401
  frame_id: "world"
child_frame_id: "world"
pose: 
  pose: 
    position: 
      x: 0.25766559298621583
      y: -0.41224721762647076
      z: -0.2673297990559877
    orientation: 
      x: -0.005379321862721732
      y: -0.016724379190475255
      z: 0.11887541353084129
      w: 0.9927537429266444
  covariance: [0.0, 0.0, 0.0, 0.0, 0.0, 0.0, 0.0, 0.0, 0.0, 0.0, 0.0, 0.0, 0.0, 0.0, 0.0, 0.0, 0.0, 0.0, 0.0, 0.0, 0.0, 0.0, 0.0, 0.0, 0.0, 0.0, 0.0, 0.0, 0.0, 0.0, 0.0, 0.0, 0.0, 0.0, 0.0, 0.0]
twist: 
  twist: 
    linear: 
      x: 0.08897474461984047
      y: 0.07405127149647103
      z: -1.616341638508598
    angular: 
      x: 0.0
      y: 0.0
      z: 0.0
  covariance: [0.0, 0.0, 0.0, 0.0, 0.0, 0.0, 0.0, 0.0, 0.0, 0.0, 0.0, 0.0, 0.0, 0.0, 0.0, 0.0, 0.0, 0.0, 0.0, 0.0, 0.0, 0.0, 0.0, 0.0, 0.0, 0.0, 0.0, 0.0, 0.0, 0.0, 0.0, 0.0, 0.0, 0.0, 0.0, 0.0]
---
header: 
  seq: 1071
  stamp: 
    secs: 1744093960
    nsecs: 141360521
  frame_id: "world"
child_frame_id: "world"
pose: 
  pose: 
    position: 
      x: 0.2679699471151088
      y: -0.40570918420223845
      z: -0.524111847794668
    orientation: 
      x: -0.000684251633029422
      y: -0.015902504050743442
      z: 0.1192506564618055
      w: 0.9927365829352957
  covariance: [0.0, 0.0, 0.0, 0.0, 0.0, 0.0, 0.0, 0.0, 0.0, 0.0, 0.0, 0.0, 0.0, 0.0, 0.0, 0.0, 0.0, 0.0, 0.0, 0.0, 0.0, 0.0, 0.0, 0.0, 0.0, 0.0, 0.0, 0.0, 0.0, 0.0, 0.0, 0.0, 0.0, 0.0, 0.0, 0.0]
twist: 
  twist: 
    linear: 
      x: 0.07499397858823302
      y: 0.02830564629111288
      z: -2.194268256684925
    angular: 
      x: 0.0
      y: 0.0
      z: 0.0
  covariance: [0.0, 0.0, 0.0, 0.0, 0.0, 0.0, 0.0, 0.0, 0.0, 0.0, 0.0, 0.0, 0.0, 0.0, 0.0, 0.0, 0.0, 0.0, 0.0, 0.0, 0.0, 0.0, 0.0, 0.0, 0.0, 0.0, 0.0, 0.0, 0.0, 0.0, 0.0, 0.0, 0.0, 0.0, 0.0, 0.0]
---
header: 
  seq: 1072
  stamp: 
    secs: 1744093960
    nsecs: 274700165
  frame_id: "world"
child_frame_id: "world"
pose: 
  pose: 
    position: 
      x: 0.27612747202551124
      y: -0.4042035142595897
      z: -0.7695238441698693
    orientation: 
      x: -0.011306865404225193
      y: -0.008322722223877284
      z: 0.11226509380512288
      w: 0.9935791039481667
  covariance: [0.0, 0.0, 0.0, 0.0, 0.0, 0.0, 0.0, 0.0, 0.0, 0.0, 0.0, 0.0, 0.0, 0.0, 0.0, 0.0, 0.0, 0.0, 0.0, 0.0, 0.0, 0.0, 0.0, 0.0, 0.0, 0.0, 0.0, 0.0, 0.0, 0.0, 0.0, 0.0, 0.0, 0.0, 0.0, 0.0]
twist: 
  twist: 
    linear: 
      x: 0.008241630495042167
      y: -0.019675964192175713
      z: -0.9225717065253405
    angular: 
      x: 0.0
      y: 0.0
      z: 0.0
  covariance: [0.0, 0.0, 0.0, 0.0, 0.0, 0.0, 0.0, 0.0, 0.0, 0.0, 0.0, 0.0, 0.0, 0.0, 0.0, 0.0, 0.0, 0.0, 0.0, 0.0, 0.0, 0.0, 0.0, 0.0, 0.0, 0.0, 0.0, 0.0, 0.0, 0.0, 0.0, 0.0, 0.0, 0.0, 0.0, 0.0]
---
header: 
  seq: 1073
  stamp: 
    secs: 1744093960
    nsecs: 408040047
  frame_id: "world"
child_frame_id: "world"
pose: 
  pose: 
    position: 
      x: 0.2719374171401498
      y: -0.4025849438681698
      z: -0.921683863432625
    orientation: 
      x: -0.005652413364810034
      y: -0.015415133981048842
      z: 0.10767918887684669
      w: 0.9940501074645705
  covariance: [0.0, 0.0, 0.0, 0.0, 0.0, 0.0, 0.0, 0.0, 0.0, 0.0, 0.0, 0.0, 0.0, 0.0, 0.0, 0.0, 0.0, 0.0, 0.0, 0.0, 0.0, 0.0, 0.0, 0.0, 0.0, 0.0, 0.0, 0.0, 0.0, 0.0, 0.0, 0.0, 0.0, 0.0, 0.0, 0.0]
twist: 
  twist: 
    linear: 
      x: -0.025176508419158274
      y: 0.009911811957010708
      z: -1.4060079649888584
    angular: 
      x: 0.0
      y: 0.0
      z: 0.0
  covariance: [0.0, 0.0, 0.0, 0.0, 0.0, 0.0, 0.0, 0.0, 0.0, 0.0, 0.0, 0.0, 0.0, 0.0, 0.0, 0.0, 0.0, 0.0, 0.0, 0.0, 0.0, 0.0, 0.0, 0.0, 0.0, 0.0, 0.0, 0.0, 0.0, 0.0, 0.0, 0.0, 0.0, 0.0, 0.0, 0.0]
---
header: 
  seq: 1074
  stamp: 
    secs: 1744093960
    nsecs: 541379690
  frame_id: "world"
child_frame_id: "world"
pose: 
  pose: 
    position: 
      x: 0.26621873642431565
      y: -0.396249151025042
      z: -1.145764305109365
    orientation: 
      x: -0.003316642327174902
      y: -0.018001781026879556
      z: 0.10767347773092825
      w: 0.9940177855334688
  covariance: [0.0, 0.0, 0.0, 0.0, 0.0, 0.0, 0.0, 0.0, 0.0, 0.0, 0.0, 0.0, 0.0, 0.0, 0.0, 0.0, 0.0, 0.0, 0.0, 0.0, 0.0, 0.0, 0.0, 0.0, 0.0, 0.0, 0.0, 0.0, 0.0, 0.0, 0.0, 0.0, 0.0, 0.0, 0.0, 0.0]
twist: 
  twist: 
    linear: 
      x: -0.0619207182003848
      y: 0.01377582743290411
      z: -1.9624468934603057
    angular: 
      x: 0.0
      y: 0.0
      z: 0.0
  covariance: [0.0, 0.0, 0.0, 0.0, 0.0, 0.0, 0.0, 0.0, 0.0, 0.0, 0.0, 0.0, 0.0, 0.0, 0.0, 0.0, 0.0, 0.0, 0.0, 0.0, 0.0, 0.0, 0.0, 0.0, 0.0, 0.0, 0.0, 0.0, 0.0, 0.0, 0.0, 0.0, 0.0, 0.0, 0.0, 0.0]
---
header: 
  seq: 1075
  stamp: 
    secs: 1744093960
    nsecs: 674719334
  frame_id: "world"
child_frame_id: "world"
pose: 
  pose: 
    position: 
      x: 0.24936129608374016
      y: -0.3922508782920851
      z: -1.3828768933443798
    orientation: 
      x: -0.01120126455446561
      y: -0.015856372846022804
      z: 0.10902776151779159
      w: 0.9938491104443211
  covariance: [0.0, 0.0, 0.0, 0.0, 0.0, 0.0, 0.0, 0.0, 0.0, 0.0, 0.0, 0.0, 0.0, 0.0, 0.0, 0.0, 0.0, 0.0, 0.0, 0.0, 0.0, 0.0, 0.0, 0.0, 0.0, 0.0, 0.0, 0.0, 0.0, 0.0, 0.0, 0.0, 0.0, 0.0, 0.0, 0.0]
twist: 
  twist: 
    linear: 
      x: -0.2181119228171551
      y: 0.010233681573576124
      z: -1.1655344788532762
    angular: 
      x: 0.0
      y: 0.0
      z: 0.0
  covariance: [0.0, 0.0, 0.0, 0.0, 0.0, 0.0, 0.0, 0.0, 0.0, 0.0, 0.0, 0.0, 0.0, 0.0, 0.0, 0.0, 0.0, 0.0, 0.0, 0.0, 0.0, 0.0, 0.0, 0.0, 0.0, 0.0, 0.0, 0.0, 0.0, 0.0, 0.0, 0.0, 0.0, 0.0, 0.0, 0.0]
---
header: 
  seq: 1076
  stamp: 
    secs: 1744093960
    nsecs: 808058500
  frame_id: "world"
child_frame_id: "world"
pose: 
  pose: 
    position: 
      x: 0.22303400556816302
      y: -0.39384229734873955
      z: -1.5787304543938796
    orientation: 
      x: -0.004752795650285659
      y: -0.017964496560516168
      z: 0.10403204948526275
      w: 0.9944003320980588
  covariance: [0.0, 0.0, 0.0, 0.0, 0.0, 0.0, 0.0, 0.0, 0.0, 0.0, 0.0, 0.0, 0.0, 0.0, 0.0, 0.0, 0.0, 0.0, 0.0, 0.0, 0.0, 0.0, 0.0, 0.0, 0.0, 0.0, 0.0, 0.0, 0.0, 0.0, 0.0, 0.0, 0.0, 0.0, 0.0, 0.0]
twist: 
  twist: 
    linear: 
      x: -0.2065608758299918
      y: -0.036349752281069944
      z: -1.9029096395421088
    angular: 
      x: 0.0
      y: 0.0
      z: 0.0
  covariance: [0.0, 0.0, 0.0, 0.0, 0.0, 0.0, 0.0, 0.0, 0.0, 0.0, 0.0, 0.0, 0.0, 0.0, 0.0, 0.0, 0.0, 0.0, 0.0, 0.0, 0.0, 0.0, 0.0, 0.0, 0.0, 0.0, 0.0, 0.0, 0.0, 0.0, 0.0, 0.0, 0.0, 0.0, 0.0, 0.0]
---
header: 
  seq: 1077
  stamp: 
    secs: 1744093960
    nsecs: 941396713
  frame_id: "world"
child_frame_id: "world"
pose: 
  pose: 
    position: 
      x: 0.1969020257090216
      y: -0.3990081073167204
      z: -1.794918947051968
    orientation: 
      x: -0.02687199212809818
      y: -0.001052093087246609
      z: 0.10540731429577192
      w: 0.9940654340797468
  covariance: [0.0, 0.0, 0.0, 0.0, 0.0, 0.0, 0.0, 0.0, 0.0, 0.0, 0.0, 0.0, 0.0, 0.0, 0.0, 0.0, 0.0, 0.0, 0.0, 0.0, 0.0, 0.0, 0.0, 0.0, 0.0, 0.0, 0.0, 0.0, 0.0, 0.0, 0.0, 0.0, 0.0, 0.0, 0.0, 0.0]
twist: 
  twist: 
    linear: 
      x: -0.21516489333621122
      y: -0.07039396810186985
      z: -1.6969468762050752
    angular: 
      x: 0.0
      y: 0.0
      z: 0.0
  covariance: [0.0, 0.0, 0.0, 0.0, 0.0, 0.0, 0.0, 0.0, 0.0, 0.0, 0.0, 0.0, 0.0, 0.0, 0.0, 0.0, 0.0, 0.0, 0.0, 0.0, 0.0, 0.0, 0.0, 0.0, 0.0, 0.0, 0.0, 0.0, 0.0, 0.0, 0.0, 0.0, 0.0, 0.0, 0.0, 0.0]
---
header: 
  seq: 1078
  stamp: 
    secs: 1744093961
    nsecs:  74735880
  frame_id: "world"
child_frame_id: "world"
pose: 
  pose: 
    position: 
      x: 0.160799622122895
      y: -0.41286564676897725
      z: -1.9938723837818162
    orientation: 
      x: -0.021796651464029457
      y: -0.006822161238199051
      z: 0.10395848002509148
      w: 0.9943193644558413
  covariance: [0.0, 0.0, 0.0, 0.0, 0.0, 0.0, 0.0, 0.0, 0.0, 0.0, 0.0, 0.0, 0.0, 0.0, 0.0, 0.0, 0.0, 0.0, 0.0, 0.0, 0.0, 0.0, 0.0, 0.0, 0.0, 0.0, 0.0, 0.0, 0.0, 0.0, 0.0, 0.0, 0.0, 0.0, 0.0, 0.0]
twist: 
  twist: 
    linear: 
      x: -0.2566792333434281
      y: -0.02645809545481767
      z: -1.5050611981948077
    angular: 
      x: 0.0
      y: 0.0
      z: 0.0
  covariance: [0.0, 0.0, 0.0, 0.0, 0.0, 0.0, 0.0, 0.0, 0.0, 0.0, 0.0, 0.0, 0.0, 0.0, 0.0, 0.0, 0.0, 0.0, 0.0, 0.0, 0.0, 0.0, 0.0, 0.0, 0.0, 0.0, 0.0, 0.0, 0.0, 0.0, 0.0, 0.0, 0.0, 0.0, 0.0, 0.0]
---
header: 
  seq: 1079
  stamp: 
    secs: 1744093961
    nsecs: 208073616
  frame_id: "world"
child_frame_id: "world"
pose: 
  pose: 
    position: 
      x: 0.12334233633074812
      y: -0.41373839683043884
      z: -2.1938726508285047
    orientation: 
      x: -0.02303366142405688
      y: -0.00581649659386401
      z: 0.10416763039390645
      w: 0.994275979588612
  covariance: [0.0, 0.0, 0.0, 0.0, 0.0, 0.0, 0.0, 0.0, 0.0, 0.0, 0.0, 0.0, 0.0, 0.0, 0.0, 0.0, 0.0, 0.0, 0.0, 0.0, 0.0, 0.0, 0.0, 0.0, 0.0, 0.0, 0.0, 0.0, 0.0, 0.0, 0.0, 0.0, 0.0, 0.0, 0.0, 0.0]
twist: 
  twist: 
    linear: 
      x: -0.3147207849044222
      y: -0.029834294945474793
      z: -1.4994265150441801
    angular: 
      x: 0.0
      y: 0.0
      z: 0.0
  covariance: [0.0, 0.0, 0.0, 0.0, 0.0, 0.0, 0.0, 0.0, 0.0, 0.0, 0.0, 0.0, 0.0, 0.0, 0.0, 0.0, 0.0, 0.0, 0.0, 0.0, 0.0, 0.0, 0.0, 0.0, 0.0, 0.0, 0.0, 0.0, 0.0, 0.0, 0.0, 0.0, 0.0, 0.0, 0.0, 0.0]
---
header: 
  seq: 1080
  stamp: 
    secs: 1744093961
    nsecs: 341411829
  frame_id: "world"
child_frame_id: "world"
pose: 
  pose: 
    position: 
      x: 0.0767600179099614
      y: -0.43405539722967484
      z: -2.3939540743667806
    orientation: 
      x: -0.023105710278186583
      y: -0.005664356639714769
      z: 0.10284150296767998
      w: 0.9944132272268643
  covariance: [0.0, 0.0, 0.0, 0.0, 0.0, 0.0, 0.0, 0.0, 0.0, 0.0, 0.0, 0.0, 0.0, 0.0, 0.0, 0.0, 0.0, 0.0, 0.0, 0.0, 0.0, 0.0, 0.0, 0.0, 0.0, 0.0, 0.0, 0.0, 0.0, 0.0, 0.0, 0.0, 0.0, 0.0, 0.0, 0.0]
twist: 
  twist: 
    linear: 
      x: -0.36601220342952956
      y: -0.04279531077868954
      z: -1.4956177904369385
    angular: 
      x: 0.0
      y: 0.0
      z: 0.0
  covariance: [0.0, 0.0, 0.0, 0.0, 0.0, 0.0, 0.0, 0.0, 0.0, 0.0, 0.0, 0.0, 0.0, 0.0, 0.0, 0.0, 0.0, 0.0, 0.0, 0.0, 0.0, 0.0, 0.0, 0.0, 0.0, 0.0, 0.0, 0.0, 0.0, 0.0, 0.0, 0.0, 0.0, 0.0, 0.0, 0.0]
---
header: 
  seq: 1081
  stamp: 
    secs: 1744093961
    nsecs: 474749804
  frame_id: "world"
child_frame_id: "world"
pose: 
  pose: 
    position: 
      x: 0.02153482636068918
      y: -0.42904467985271266
      z: -2.593320104396
    orientation: 
      x: -0.022926234433684595
      y: -0.005701204057171316
      z: 0.1036678305151713
      w: 0.9943313657746435
  covariance: [0.0, 0.0, 0.0, 0.0, 0.0, 0.0, 0.0, 0.0, 0.0, 0.0, 0.0, 0.0, 0.0, 0.0, 0.0, 0.0, 0.0, 0.0, 0.0, 0.0, 0.0, 0.0, 0.0, 0.0, 0.0, 0.0, 0.0, 0.0, 0.0, 0.0, 0.0, 0.0, 0.0, 0.0, 0.0, 0.0]
twist: 
  twist: 
    linear: 
      x: -0.42033861432615033
      y: -0.02943636130380754
      z: -1.4942547976435423
    angular: 
      x: 0.0
      y: 0.0
      z: 0.0
  covariance: [0.0, 0.0, 0.0, 0.0, 0.0, 0.0, 0.0, 0.0, 0.0, 0.0, 0.0, 0.0, 0.0, 0.0, 0.0, 0.0, 0.0, 0.0, 0.0, 0.0, 0.0, 0.0, 0.0, 0.0, 0.0, 0.0, 0.0, 0.0, 0.0, 0.0, 0.0, 0.0, 0.0, 0.0, 0.0, 0.0]
---
header: 
  seq: 1082
  stamp: 
    secs: 1744093961
    nsecs: 608087778
  frame_id: "world"
child_frame_id: "world"
pose: 
  pose: 
    position: 
      x: -0.03551132513561084
      y: -0.4419343962816525
      z: -2.792429778316789
    orientation: 
      x: -0.021890853296914363
      y: -0.00574288201385278
      z: 0.10398598555248766
      w: 0.9943212381603773
  covariance: [0.0, 0.0, 0.0, 0.0, 0.0, 0.0, 0.0, 0.0, 0.0, 0.0, 0.0, 0.0, 0.0, 0.0, 0.0, 0.0, 0.0, 0.0, 0.0, 0.0, 0.0, 0.0, 0.0, 0.0, 0.0, 0.0, 0.0, 0.0, 0.0, 0.0, 0.0, 0.0, 0.0, 0.0, 0.0, 0.0]
twist: 
  twist: 
    linear: 
      x: -0.46246260234309355
      y: -0.03841222831043504
      z: -1.4922310859101868
    angular: 
      x: 0.0
      y: 0.0
      z: 0.0
  covariance: [0.0, 0.0, 0.0, 0.0, 0.0, 0.0, 0.0, 0.0, 0.0, 0.0, 0.0, 0.0, 0.0, 0.0, 0.0, 0.0, 0.0, 0.0, 0.0, 0.0, 0.0, 0.0, 0.0, 0.0, 0.0, 0.0, 0.0, 0.0, 0.0, 0.0, 0.0, 0.0, 0.0, 0.0, 0.0, 0.0]
---
header: 
  seq: 1083
  stamp: 
    secs: 1744093961
    nsecs: 741425753
  frame_id: "world"
child_frame_id: "world"
pose: 
  pose: 
    position: 
      x: -0.10222940062259844
      y: -0.4362906098332853
      z: -2.9913096209446133
    orientation: 
      x: -0.02266407700952639
      y: -0.005773200632509061
      z: 0.10351548126437952
      w: 0.994352832201109
  covariance: [0.0, 0.0, 0.0, 0.0, 0.0, 0.0, 0.0, 0.0, 0.0, 0.0, 0.0, 0.0, 0.0, 0.0, 0.0, 0.0, 0.0, 0.0, 0.0, 0.0, 0.0, 0.0, 0.0, 0.0, 0.0, 0.0, 0.0, 0.0, 0.0, 0.0, 0.0, 0.0, 0.0, 0.0, 0.0, 0.0]
twist: 
  twist: 
    linear: 
      x: -0.5119077837834762
      y: -0.025632473684322005
      z: -1.4906095011360228
    angular: 
      x: 0.0
      y: 0.0
      z: 0.0
  covariance: [0.0, 0.0, 0.0, 0.0, 0.0, 0.0, 0.0, 0.0, 0.0, 0.0, 0.0, 0.0, 0.0, 0.0, 0.0, 0.0, 0.0, 0.0, 0.0, 0.0, 0.0, 0.0, 0.0, 0.0, 0.0, 0.0, 0.0, 0.0, 0.0, 0.0, 0.0, 0.0, 0.0, 0.0, 0.0, 0.0]
---
header: 
  seq: 1084
  stamp: 
    secs: 1744093961
    nsecs: 874780655
  frame_id: "world"
child_frame_id: "world"
pose: 
  pose: 
    position: 
      x: -0.17371826463778856
      y: -0.44209284507375324
      z: -3.1898292977245895
    orientation: 
      x: -0.022279400530144086
      y: -0.00597867148602475
      z: 0.10301586019303528
      w: 0.9944121963994451
  covariance: [0.0, 0.0, 0.0, 0.0, 0.0, 0.0, 0.0, 0.0, 0.0, 0.0, 0.0, 0.0, 0.0, 0.0, 0.0, 0.0, 0.0, 0.0, 0.0, 0.0, 0.0, 0.0, 0.0, 0.0, 0.0, 0.0, 0.0, 0.0, 0.0, 0.0, 0.0, 0.0, 0.0, 0.0, 0.0, 0.0]
twist: 
  twist: 
    linear: 
      x: -0.5585362393244221
      y: -0.025326308942813174
      z: -1.490161358070648
    angular: 
      x: 0.0
      y: 0.0
      z: 0.0
  covariance: [0.0, 0.0, 0.0, 0.0, 0.0, 0.0, 0.0, 0.0, 0.0, 0.0, 0.0, 0.0, 0.0, 0.0, 0.0, 0.0, 0.0, 0.0, 0.0, 0.0, 0.0, 0.0, 0.0, 0.0, 0.0, 0.0, 0.0, 0.0, 0.0, 0.0, 0.0, 0.0, 0.0, 0.0, 0.0, 0.0]
---
header: 
  seq: 1085
  stamp: 
    secs: 1744093962
    nsecs:   8152246
  frame_id: "world"
child_frame_id: "world"
pose: 
  pose: 
    position: 
      x: -0.25081618316962667
      y: -0.4426980389777879
      z: -3.3885955723816847
    orientation: 
      x: -0.02235919080205429
      y: -0.005746691017909341
      z: 0.10325679604789485
      w: 0.9943867840025558
  covariance: [0.0, 0.0, 0.0, 0.0, 0.0, 0.0, 0.0, 0.0, 0.0, 0.0, 0.0, 0.0, 0.0, 0.0, 0.0, 0.0, 0.0, 0.0, 0.0, 0.0, 0.0, 0.0, 0.0, 0.0, 0.0, 0.0, 0.0, 0.0, 0.0, 0.0, 0.0, 0.0, 0.0, 0.0, 0.0, 0.0]
twist: 
  twist: 
    linear: 
      x: -0.6046143356889165
      y: -0.02120460116517392
      z: -1.487931489783955
    angular: 
      x: 0.0
      y: 0.0
      z: 0.0
  covariance: [0.0, 0.0, 0.0, 0.0, 0.0, 0.0, 0.0, 0.0, 0.0, 0.0, 0.0, 0.0, 0.0, 0.0, 0.0, 0.0, 0.0, 0.0, 0.0, 0.0, 0.0, 0.0, 0.0, 0.0, 0.0, 0.0, 0.0, 0.0, 0.0, 0.0, 0.0, 0.0, 0.0, 0.0, 0.0, 0.0]
---
header: 
  seq: 1086
  stamp: 
    secs: 1744093962
    nsecs: 141525030
  frame_id: "world"
child_frame_id: "world"
pose: 
  pose: 
    position: 
      x: -0.33433730332600925
      y: -0.4472255173554546
      z: -3.586731342894212
    orientation: 
      x: -0.022140242888144465
      y: -0.005924589437941089
      z: 0.10307336104685759
      w: 0.9944096696670592
  covariance: [0.0, 0.0, 0.0, 0.0, 0.0, 0.0, 0.0, 0.0, 0.0, 0.0, 0.0, 0.0, 0.0, 0.0, 0.0, 0.0, 0.0, 0.0, 0.0, 0.0, 0.0, 0.0, 0.0, 0.0, 0.0, 0.0, 0.0, 0.0, 0.0, 0.0, 0.0, 0.0, 0.0, 0.0, 0.0, 0.0]
twist: 
  twist: 
    linear: 
      x: -0.6522399844065287
      y: -0.022625077659546
      z: -1.484788208968439
    angular: 
      x: 0.0
      y: 0.0
      z: 0.0
  covariance: [0.0, 0.0, 0.0, 0.0, 0.0, 0.0, 0.0, 0.0, 0.0, 0.0, 0.0, 0.0, 0.0, 0.0, 0.0, 0.0, 0.0, 0.0, 0.0, 0.0, 0.0, 0.0, 0.0, 0.0, 0.0, 0.0, 0.0, 0.0, 0.0, 0.0, 0.0, 0.0, 0.0, 0.0, 0.0, 0.0]
---
header: 
  seq: 1087
  stamp: 
    secs: 1744093962
    nsecs: 274898767
  frame_id: "world"
child_frame_id: "world"
pose: 
  pose: 
    position: 
      x: -0.4246595817029318
      y: -0.44866869175784574
      z: -3.78471839228924
    orientation: 
      x: -0.02211649091419584
      y: -0.0057783028127659005
      z: 0.10313864427948269
      w: 0.9944042900663878
  covariance: [0.0, 0.0, 0.0, 0.0, 0.0, 0.0, 0.0, 0.0, 0.0, 0.0, 0.0, 0.0, 0.0, 0.0, 0.0, 0.0, 0.0, 0.0, 0.0, 0.0, 0.0, 0.0, 0.0, 0.0, 0.0, 0.0, 0.0, 0.0, 0.0, 0.0, 0.0, 0.0, 0.0, 0.0, 0.0, 0.0]
twist: 
  twist: 
    linear: 
      x: -0.6988955477806537
      y: -0.020265083250181816
      z: -1.482674550559778
    angular: 
      x: 0.0
      y: 0.0
      z: 0.0
  covariance: [0.0, 0.0, 0.0, 0.0, 0.0, 0.0, 0.0, 0.0, 0.0, 0.0, 0.0, 0.0, 0.0, 0.0, 0.0, 0.0, 0.0, 0.0, 0.0, 0.0, 0.0, 0.0, 0.0, 0.0, 0.0, 0.0, 0.0, 0.0, 0.0, 0.0, 0.0, 0.0, 0.0, 0.0, 0.0, 0.0]
---
header: 
  seq: 1088
  stamp: 
    secs: 1744093962
    nsecs: 408273220
  frame_id: "world"
child_frame_id: "world"
pose: 
  pose: 
    position: 
      x: -0.5219368675921132
      y: -0.45110615411725896
      z: -3.9822791623566127
    orientation: 
      x: -0.02207993794178423
      y: -0.0060572880801296304
      z: 0.10304574367737827
      w: 0.9944130732807053
  covariance: [0.0, 0.0, 0.0, 0.0, 0.0, 0.0, 0.0, 0.0, 0.0, 0.0, 0.0, 0.0, 0.0, 0.0, 0.0, 0.0, 0.0, 0.0, 0.0, 0.0, 0.0, 0.0, 0.0, 0.0, 0.0, 0.0, 0.0, 0.0, 0.0, 0.0, 0.0, 0.0, 0.0, 0.0, 0.0, 0.0]
twist: 
  twist: 
    linear: 
      x: -0.7470446797757455
      y: -0.01922929068237226
      z: -1.4796319492741548
    angular: 
      x: 0.0
      y: 0.0
      z: 0.0
  covariance: [0.0, 0.0, 0.0, 0.0, 0.0, 0.0, 0.0, 0.0, 0.0, 0.0, 0.0, 0.0, 0.0, 0.0, 0.0, 0.0, 0.0, 0.0, 0.0, 0.0, 0.0, 0.0, 0.0, 0.0, 0.0, 0.0, 0.0, 0.0, 0.0, 0.0, 0.0, 0.0, 0.0, 0.0, 0.0, 0.0]
---
header: 
  seq: 1089
  stamp: 
    secs: 1744093962
    nsecs: 541648865
  frame_id: "world"
child_frame_id: "world"
pose: 
  pose: 
    position: 
      x: -0.6246160584944864
      y: -0.454004708332866
      z: -4.179387408787085
    orientation: 
      x: -0.02196223476851313
      y: -0.006055080096392598
      z: 0.10307535284511513
      w: 0.9944126245602748
  covariance: [0.0, 0.0, 0.0, 0.0, 0.0, 0.0, 0.0, 0.0, 0.0, 0.0, 0.0, 0.0, 0.0, 0.0, 0.0, 0.0, 0.0, 0.0, 0.0, 0.0, 0.0, 0.0, 0.0, 0.0, 0.0, 0.0, 0.0, 0.0, 0.0, 0.0, 0.0, 0.0, 0.0, 0.0, 0.0, 0.0]
twist: 
  twist: 
    linear: 
      x: -0.794533587236104
      y: -0.01964362133204231
      z: -1.4765921584710602
    angular: 
      x: 0.0
      y: 0.0
      z: 0.0
  covariance: [0.0, 0.0, 0.0, 0.0, 0.0, 0.0, 0.0, 0.0, 0.0, 0.0, 0.0, 0.0, 0.0, 0.0, 0.0, 0.0, 0.0, 0.0, 0.0, 0.0, 0.0, 0.0, 0.0, 0.0, 0.0, 0.0, 0.0, 0.0, 0.0, 0.0, 0.0, 0.0, 0.0, 0.0, 0.0, 0.0]
---
header: 
  seq: 1090
  stamp: 
    secs: 1744093962
    nsecs: 675025463
  frame_id: "world"
child_frame_id: "world"
pose: 
  pose: 
    position: 
      x: -0.7336542169553428
      y: -0.4563330060247883
      z: -4.3761795828570795
    orientation: 
      x: -0.02188964761557213
      y: -0.006050967995738498
      z: 0.10299192535642991
      w: 0.9944228941576899
  covariance: [0.0, 0.0, 0.0, 0.0, 0.0, 0.0, 0.0, 0.0, 0.0, 0.0, 0.0, 0.0, 0.0, 0.0, 0.0, 0.0, 0.0, 0.0, 0.0, 0.0, 0.0, 0.0, 0.0, 0.0, 0.0, 0.0, 0.0, 0.0, 0.0, 0.0, 0.0, 0.0, 0.0, 0.0, 0.0, 0.0]
twist: 
  twist: 
    linear: 
      x: -0.8430803050673461
      y: -0.017662674300618266
      z: -1.4745171273982824
    angular: 
      x: 0.0
      y: 0.0
      z: 0.0
  covariance: [0.0, 0.0, 0.0, 0.0, 0.0, 0.0, 0.0, 0.0, 0.0, 0.0, 0.0, 0.0, 0.0, 0.0, 0.0, 0.0, 0.0, 0.0, 0.0, 0.0, 0.0, 0.0, 0.0, 0.0, 0.0, 0.0, 0.0, 0.0, 0.0, 0.0, 0.0, 0.0, 0.0, 0.0, 0.0, 0.0]
---
header: 
  seq: 1091
  stamp: 
    secs: 1744093962
    nsecs: 808402777
  frame_id: "world"
child_frame_id: "world"
pose: 
  pose: 
    position: 
      x: -0.8489391665286621
      y: -0.458574421452301
      z: -4.572664886716766
    orientation: 
      x: -0.021901710526936867
      y: -0.006023438120212117
      z: 0.10302667328985306
      w: 0.9944191962447386
  covariance: [0.0, 0.0, 0.0, 0.0, 0.0, 0.0, 0.0, 0.0, 0.0, 0.0, 0.0, 0.0, 0.0, 0.0, 0.0, 0.0, 0.0, 0.0, 0.0, 0.0, 0.0, 0.0, 0.0, 0.0, 0.0, 0.0, 0.0, 0.0, 0.0, 0.0, 0.0, 0.0, 0.0, 0.0, 0.0, 0.0]
twist: 
  twist: 
    linear: 
      x: -0.8904851943557809
      y: -0.017718299498920134
      z: -1.4726460144570832
    angular: 
      x: 0.0
      y: 0.0
      z: 0.0
  covariance: [0.0, 0.0, 0.0, 0.0, 0.0, 0.0, 0.0, 0.0, 0.0, 0.0, 0.0, 0.0, 0.0, 0.0, 0.0, 0.0, 0.0, 0.0, 0.0, 0.0, 0.0, 0.0, 0.0, 0.0, 0.0, 0.0, 0.0, 0.0, 0.0, 0.0, 0.0, 0.0, 0.0, 0.0, 0.0, 0.0]
---
header: 
  seq: 1092
  stamp: 
    secs: 1744093962
    nsecs: 941745281
  frame_id: "world"
child_frame_id: "world"
pose: 
  pose: 
    position: 
      x: -0.9704612510065542
      y: -0.4608594639117033
      z: -4.768893958126116
    orientation: 
      x: -0.02188879326574495
      y: -0.006016300143724418
      z: 0.10303252733597601
      w: 0.9944189173445522
  covariance: [0.0, 0.0, 0.0, 0.0, 0.0, 0.0, 0.0, 0.0, 0.0, 0.0, 0.0, 0.0, 0.0, 0.0, 0.0, 0.0, 0.0, 0.0, 0.0, 0.0, 0.0, 0.0, 0.0, 0.0, 0.0, 0.0, 0.0, 0.0, 0.0, 0.0, 0.0, 0.0, 0.0, 0.0, 0.0, 0.0]
twist: 
  twist: 
    linear: 
      x: -0.9378575211482246
      y: -0.016745832910495622
      z: -1.4704976988491698
    angular: 
      x: 0.0
      y: 0.0
      z: 0.0
  covariance: [0.0, 0.0, 0.0, 0.0, 0.0, 0.0, 0.0, 0.0, 0.0, 0.0, 0.0, 0.0, 0.0, 0.0, 0.0, 0.0, 0.0, 0.0, 0.0, 0.0, 0.0, 0.0, 0.0, 0.0, 0.0, 0.0, 0.0, 0.0, 0.0, 0.0, 0.0, 0.0, 0.0, 0.0, 0.0, 0.0]
---
header: 
  seq: 1093
  stamp: 
    secs: 1744093963
    nsecs:  75087786
  frame_id: "world"
child_frame_id: "world"
pose: 
  pose: 
    position: 
      x: -1.0986070485997341
      y: -0.4629688760920461
      z: -4.964823742948743
    orientation: 
      x: -0.021929351732576402
      y: -0.006092840236242116
      z: 0.10303500579830593
      w: 0.9944173009409016
  covariance: [0.0, 0.0, 0.0, 0.0, 0.0, 0.0, 0.0, 0.0, 0.0, 0.0, 0.0, 0.0, 0.0, 0.0, 0.0, 0.0, 0.0, 0.0, 0.0, 0.0, 0.0, 0.0, 0.0, 0.0, 0.0, 0.0, 0.0, 0.0, 0.0, 0.0, 0.0, 0.0, 0.0, 0.0, 0.0, 0.0]
twist: 
  twist: 
    linear: 
      x: -0.9853367022390762
      y: -0.015758694915485757
      z: -1.4681341291380383
    angular: 
      x: 0.0
      y: 0.0
      z: 0.0
  covariance: [0.0, 0.0, 0.0, 0.0, 0.0, 0.0, 0.0, 0.0, 0.0, 0.0, 0.0, 0.0, 0.0, 0.0, 0.0, 0.0, 0.0, 0.0, 0.0, 0.0, 0.0, 0.0, 0.0, 0.0, 0.0, 0.0, 0.0, 0.0, 0.0, 0.0, 0.0, 0.0, 0.0, 0.0, 0.0, 0.0]
---
header: 
  seq: 1094
  stamp: 
    secs: 1744093963
    nsecs: 208430529
  frame_id: "world"
child_frame_id: "world"
pose: 
  pose: 
    position: 
      x: -1.2327616446347986
      y: -0.4647633301313618
      z: -5.160486864481965
    orientation: 
      x: -0.021897645618240934
      y: -0.006110816408989191
      z: 0.1030356437984626
      w: 0.9944178232243376
  covariance: [0.0, 0.0, 0.0, 0.0, 0.0, 0.0, 0.0, 0.0, 0.0, 0.0, 0.0, 0.0, 0.0, 0.0, 0.0, 0.0, 0.0, 0.0, 0.0, 0.0, 0.0, 0.0, 0.0, 0.0, 0.0, 0.0, 0.0, 0.0, 0.0, 0.0, 0.0, 0.0, 0.0, 0.0, 0.0, 0.0]
twist: 
  twist: 
    linear: 
      x: -1.0314470518245127
      y: -0.01505416176025623
      z: -1.4660253974772444
    angular: 
      x: 0.0
      y: 0.0
      z: 0.0
  covariance: [0.0, 0.0, 0.0, 0.0, 0.0, 0.0, 0.0, 0.0, 0.0, 0.0, 0.0, 0.0, 0.0, 0.0, 0.0, 0.0, 0.0, 0.0, 0.0, 0.0, 0.0, 0.0, 0.0, 0.0, 0.0, 0.0, 0.0, 0.0, 0.0, 0.0, 0.0, 0.0, 0.0, 0.0, 0.0, 0.0]
---
header: 
  seq: 1095
  stamp: 
    secs: 1744093963
    nsecs: 341773272
  frame_id: "world"
child_frame_id: "world"
pose: 
  pose: 
    position: 
      x: -1.3727971858060168
      y: -0.46622580619569626
      z: -5.355823179118009
    orientation: 
      x: -0.021929820690531183
      y: -0.006107172351043298
      z: 0.10304352616747565
      w: 0.9944163198204907
  covariance: [0.0, 0.0, 0.0, 0.0, 0.0, 0.0, 0.0, 0.0, 0.0, 0.0, 0.0, 0.0, 0.0, 0.0, 0.0, 0.0, 0.0, 0.0, 0.0, 0.0, 0.0, 0.0, 0.0, 0.0, 0.0, 0.0, 0.0, 0.0, 0.0, 0.0, 0.0, 0.0, 0.0, 0.0, 0.0, 0.0]
twist: 
  twist: 
    linear: 
      x: -1.0782090944680498
      y: -0.013705509693432833
      z: -1.463882348851926
    angular: 
      x: 0.0
      y: 0.0
      z: 0.0
  covariance: [0.0, 0.0, 0.0, 0.0, 0.0, 0.0, 0.0, 0.0, 0.0, 0.0, 0.0, 0.0, 0.0, 0.0, 0.0, 0.0, 0.0, 0.0, 0.0, 0.0, 0.0, 0.0, 0.0, 0.0, 0.0, 0.0, 0.0, 0.0, 0.0, 0.0, 0.0, 0.0, 0.0, 0.0, 0.0, 0.0]
---
header: 
  seq: 1096
  stamp: 
    secs: 1744093963
    nsecs: 475116014
  frame_id: "world"
child_frame_id: "world"
pose: 
  pose: 
    position: 
      x: -1.5192721458199807
      y: -0.4677302926321406
      z: -5.550743758220401
    orientation: 
      x: -0.021919103031264237
      y: -0.006084218100481734
      z: 0.10300618681235872
      w: 0.994420565299606
  covariance: [0.0, 0.0, 0.0, 0.0, 0.0, 0.0, 0.0, 0.0, 0.0, 0.0, 0.0, 0.0, 0.0, 0.0, 0.0, 0.0, 0.0, 0.0, 0.0, 0.0, 0.0, 0.0, 0.0, 0.0, 0.0, 0.0, 0.0, 0.0, 0.0, 0.0, 0.0, 0.0, 0.0, 0.0, 0.0, 0.0]
twist: 
  twist: 
    linear: 
      x: -1.124294804497222
      y: -0.01305739582353415
      z: -1.460248939183653
    angular: 
      x: 0.0
      y: 0.0
      z: 0.0
  covariance: [0.0, 0.0, 0.0, 0.0, 0.0, 0.0, 0.0, 0.0, 0.0, 0.0, 0.0, 0.0, 0.0, 0.0, 0.0, 0.0, 0.0, 0.0, 0.0, 0.0, 0.0, 0.0, 0.0, 0.0, 0.0, 0.0, 0.0, 0.0, 0.0, 0.0, 0.0, 0.0, 0.0, 0.0, 0.0, 0.0]
---
header: 
  seq: 1097
  stamp: 
    secs: 1744093963
    nsecs: 608458996
  frame_id: "world"
child_frame_id: "world"
pose: 
  pose: 
    position: 
      x: -1.6723369487288555
      y: -0.469613765894799
      z: -5.745199890174899
    orientation: 
      x: -0.021916990958174364
      y: -0.006119783178319523
      z: 0.10300993907144824
      w: 0.9944200049343769
  covariance: [0.0, 0.0, 0.0, 0.0, 0.0, 0.0, 0.0, 0.0, 0.0, 0.0, 0.0, 0.0, 0.0, 0.0, 0.0, 0.0, 0.0, 0.0, 0.0, 0.0, 0.0, 0.0, 0.0, 0.0, 0.0, 0.0, 0.0, 0.0, 0.0, 0.0, 0.0, 0.0, 0.0, 0.0, 0.0, 0.0]
twist: 
  twist: 
    linear: 
      x: -1.171197437398174
      y: -0.012001919573189348
      z: -1.4565081665645785
    angular: 
      x: 0.0
      y: 0.0
      z: 0.0
  covariance: [0.0, 0.0, 0.0, 0.0, 0.0, 0.0, 0.0, 0.0, 0.0, 0.0, 0.0, 0.0, 0.0, 0.0, 0.0, 0.0, 0.0, 0.0, 0.0, 0.0, 0.0, 0.0, 0.0, 0.0, 0.0, 0.0, 0.0, 0.0, 0.0, 0.0, 0.0, 0.0, 0.0, 0.0, 0.0, 0.0]
---
header: 
  seq: 1098
  stamp: 
    secs: 1744093963
    nsecs: 741803169
  frame_id: "world"
child_frame_id: "world"
pose: 
  pose: 
    position: 
      x: -1.8312083657516551
      y: -0.4706814085864829
      z: -5.939265963008454
    orientation: 
      x: -0.02184829582285355
      y: -0.00600831422198689
      z: 0.10298121446310528
      w: 0.9944251714420502
  covariance: [0.0, 0.0, 0.0, 0.0, 0.0, 0.0, 0.0, 0.0, 0.0, 0.0, 0.0, 0.0, 0.0, 0.0, 0.0, 0.0, 0.0, 0.0, 0.0, 0.0, 0.0, 0.0, 0.0, 0.0, 0.0, 0.0, 0.0, 0.0, 0.0, 0.0, 0.0, 0.0, 0.0, 0.0, 0.0, 0.0]
twist: 
  twist: 
    linear: 
      x: -1.2195533751955498
      y: -0.010180967559205379
      z: -1.454708291654037
    angular: 
      x: 0.0
      y: 0.0
      z: 0.0
  covariance: [0.0, 0.0, 0.0, 0.0, 0.0, 0.0, 0.0, 0.0, 0.0, 0.0, 0.0, 0.0, 0.0, 0.0, 0.0, 0.0, 0.0, 0.0, 0.0, 0.0, 0.0, 0.0, 0.0, 0.0, 0.0, 0.0, 0.0, 0.0, 0.0, 0.0, 0.0, 0.0, 0.0, 0.0, 0.0, 0.0]
---
header: 
  seq: 1099
  stamp: 
    secs: 1744093963
    nsecs: 875149965
  frame_id: "world"
child_frame_id: "world"
pose: 
  pose: 
    position: 
      x: -1.9957818687222904
      y: -0.47147561901425006
      z: -6.13304748957189
    orientation: 
      x: -0.02187060314405858
      y: -0.006050047903365146
      z: 0.10302851945880717
      w: 0.9944195280748505
  covariance: [0.0, 0.0, 0.0, 0.0, 0.0, 0.0, 0.0, 0.0, 0.0, 0.0, 0.0, 0.0, 0.0, 0.0, 0.0, 0.0, 0.0, 0.0, 0.0, 0.0, 0.0, 0.0, 0.0, 0.0, 0.0, 0.0, 0.0, 0.0, 0.0, 0.0, 0.0, 0.0, 0.0, 0.0, 0.0, 0.0]
twist: 
  twist: 
    linear: 
      x: -1.2652002289215178
      y: -0.009351520190564774
      z: -1.4524292110608532
    angular: 
      x: 0.0
      y: 0.0
      z: 0.0
  covariance: [0.0, 0.0, 0.0, 0.0, 0.0, 0.0, 0.0, 0.0, 0.0, 0.0, 0.0, 0.0, 0.0, 0.0, 0.0, 0.0, 0.0, 0.0, 0.0, 0.0, 0.0, 0.0, 0.0, 0.0, 0.0, 0.0, 0.0, 0.0, 0.0, 0.0, 0.0, 0.0, 0.0, 0.0, 0.0, 0.0]
---
header: 
  seq: 1100
  stamp: 
    secs: 1744093964
    nsecs:   8500814
  frame_id: "world"
child_frame_id: "world"
pose: 
  pose: 
    position: 
      x: -2.166093825615613
      y: -0.4710088856445861
      z: -6.326528844490683
    orientation: 
      x: -0.02182652667170962
      y: -0.0059511196985663544
      z: 0.10301906621525549
      w: 0.9944220728161254
  covariance: [0.0, 0.0, 0.0, 0.0, 0.0, 0.0, 0.0, 0.0, 0.0, 0.0, 0.0, 0.0, 0.0, 0.0, 0.0, 0.0, 0.0, 0.0, 0.0, 0.0, 0.0, 0.0, 0.0, 0.0, 0.0, 0.0, 0.0, 0.0, 0.0, 0.0, 0.0, 0.0, 0.0, 0.0, 0.0, 0.0]
twist: 
  twist: 
    linear: 
      x: -1.3118421388689616
      y: -0.007477200507201035
      z: -1.4506400366910461
    angular: 
      x: 0.0
      y: 0.0
      z: 0.0
  covariance: [0.0, 0.0, 0.0, 0.0, 0.0, 0.0, 0.0, 0.0, 0.0, 0.0, 0.0, 0.0, 0.0, 0.0, 0.0, 0.0, 0.0, 0.0, 0.0, 0.0, 0.0, 0.0, 0.0, 0.0, 0.0, 0.0, 0.0, 0.0, 0.0, 0.0, 0.0, 0.0, 0.0, 0.0, 0.0, 0.0]
---
header: 
  seq: 1101
  stamp: 
    secs: 1744093964
    nsecs: 141851902
  frame_id: "world"
child_frame_id: "world"
pose: 
  pose: 
    position: 
      x: -2.343138835818362
      y: -0.47136818184847695
      z: -6.519683862159082
    orientation: 
      x: -0.02180100963719908
      y: -0.005813462197292557
      z: 0.10301311598894553
      w: 0.9944240632498429
  covariance: [0.0, 0.0, 0.0, 0.0, 0.0, 0.0, 0.0, 0.0, 0.0, 0.0, 0.0, 0.0, 0.0, 0.0, 0.0, 0.0, 0.0, 0.0, 0.0, 0.0, 0.0, 0.0, 0.0, 0.0, 0.0, 0.0, 0.0, 0.0, 0.0, 0.0, 0.0, 0.0, 0.0, 0.0, 0.0, 0.0]
twist: 
  twist: 
    linear: 
      x: -1.3581596915462357
      y: -0.007922895214185077
      z: -1.4474178487809761
    angular: 
      x: 0.0
      y: 0.0
      z: 0.0
  covariance: [0.0, 0.0, 0.0, 0.0, 0.0, 0.0, 0.0, 0.0, 0.0, 0.0, 0.0, 0.0, 0.0, 0.0, 0.0, 0.0, 0.0, 0.0, 0.0, 0.0, 0.0, 0.0, 0.0, 0.0, 0.0, 0.0, 0.0, 0.0, 0.0, 0.0, 0.0, 0.0, 0.0, 0.0, 0.0, 0.0]
---
header: 
  seq: 1102
  stamp: 
    secs: 1744093964
    nsecs: 275203466
  frame_id: "world"
child_frame_id: "world"
pose: 
  pose: 
    position: 
      x: -2.5285261529102936
      y: -0.47430038421514953
      z: -6.712520772667419
    orientation: 
      x: -0.021736134952959264
      y: -0.005847114165568549
      z: 0.10298166519415325
      w: 0.9944285436003338
  covariance: [0.0, 0.0, 0.0, 0.0, 0.0, 0.0, 0.0, 0.0, 0.0, 0.0, 0.0, 0.0, 0.0, 0.0, 0.0, 0.0, 0.0, 0.0, 0.0, 0.0, 0.0, 0.0, 0.0, 0.0, 0.0, 0.0, 0.0, 0.0, 0.0, 0.0, 0.0, 0.0, 0.0, 0.0, 0.0, 0.0]
twist: 
  twist: 
    linear: 
      x: -1.407435089190711
      y: -0.009533521953182088
      z: -1.4445579806779438
    angular: 
      x: 0.0
      y: 0.0
      z: 0.0
  covariance: [0.0, 0.0, 0.0, 0.0, 0.0, 0.0, 0.0, 0.0, 0.0, 0.0, 0.0, 0.0, 0.0, 0.0, 0.0, 0.0, 0.0, 0.0, 0.0, 0.0, 0.0, 0.0, 0.0, 0.0, 0.0, 0.0, 0.0, 0.0, 0.0, 0.0, 0.0, 0.0, 0.0, 0.0, 0.0, 0.0]
---
header: 
  seq: 1103
  stamp: 
    secs: 1744093964
    nsecs: 408555031
  frame_id: "world"
child_frame_id: "world"
pose: 
  pose: 
    position: 
      x: -2.7210949065673784
      y: -0.4761373888944655
      z: -6.905058583161489
    orientation: 
      x: -0.02167975015287592
      y: -0.005884698736595404
      z: 0.10299392637446751
      w: 0.9944282829264558
  covariance: [0.0, 0.0, 0.0, 0.0, 0.0, 0.0, 0.0, 0.0, 0.0, 0.0, 0.0, 0.0, 0.0, 0.0, 0.0, 0.0, 0.0, 0.0, 0.0, 0.0, 0.0, 0.0, 0.0, 0.0, 0.0, 0.0, 0.0, 0.0, 0.0, 0.0, 0.0, 0.0, 0.0, 0.0, 0.0, 0.0]
twist: 
  twist: 
    linear: 
      x: -1.4551966249750132
      y: -0.009625228789970606
      z: -1.4421739280011268
    angular: 
      x: 0.0
      y: 0.0
      z: 0.0
  covariance: [0.0, 0.0, 0.0, 0.0, 0.0, 0.0, 0.0, 0.0, 0.0, 0.0, 0.0, 0.0, 0.0, 0.0, 0.0, 0.0, 0.0, 0.0, 0.0, 0.0, 0.0, 0.0, 0.0, 0.0, 0.0, 0.0, 0.0, 0.0, 0.0, 0.0, 0.0, 0.0, 0.0, 0.0, 0.0, 0.0]
---
header: 
  seq: 1104
  stamp: 
    secs: 1744093964
    nsecs: 541907072
  frame_id: "world"
child_frame_id: "world"
pose: 
  pose: 
    position: 
      x: -2.9172084974349923
      y: -0.4766836325236617
      z: -7.097136896008593
    orientation: 
      x: -0.021619663999146853
      y: -0.005766460664883612
      z: 0.10302124540783385
      w: 0.99442745389223
  covariance: [0.0, 0.0, 0.0, 0.0, 0.0, 0.0, 0.0, 0.0, 0.0, 0.0, 0.0, 0.0, 0.0, 0.0, 0.0, 0.0, 0.0, 0.0, 0.0, 0.0, 0.0, 0.0, 0.0, 0.0, 0.0, 0.0, 0.0, 0.0, 0.0, 0.0, 0.0, 0.0, 0.0, 0.0, 0.0, 0.0]
twist: 
  twist: 
    linear: 
      x: -1.50221495800392
      y: -0.008564930731872162
      z: -1.4388246826639637
    angular: 
      x: 0.0
      y: 0.0
      z: 0.0
  covariance: [0.0, 0.0, 0.0, 0.0, 0.0, 0.0, 0.0, 0.0, 0.0, 0.0, 0.0, 0.0, 0.0, 0.0, 0.0, 0.0, 0.0, 0.0, 0.0, 0.0, 0.0, 0.0, 0.0, 0.0, 0.0, 0.0, 0.0, 0.0, 0.0, 0.0, 0.0, 0.0, 0.0, 0.0, 0.0, 0.0]
---
