header: 
  seq: 890
  stamp: 
    secs: 1744093073
    nsecs: 507585764
  frame_id: "world"
child_frame_id: "world"
pose: 
  pose: 
    position: 
      x: 0.5432955838402717
      y: 0.03043779637964878
      z: 0.47934678279036863
    orientation: 
      x: 0.000591501558450731
      y: -0.0026793442886846666
      z: 0.009086950115887726
      w: 0.9999549482740112
  covariance: [0.0, 0.0, 0.0, 0.0, 0.0, 0.0, 0.0, 0.0, 0.0, 0.0, 0.0, 0.0, 0.0, 0.0, 0.0, 0.0, 0.0, 0.0, 0.0, 0.0, 0.0, 0.0, 0.0, 0.0, 0.0, 0.0, 0.0, 0.0, 0.0, 0.0, 0.0, 0.0, 0.0, 0.0, 0.0, 0.0]
twist: 
  twist: 
    linear: 
      x: -0.028052255481841412
      y: -0.027254326491174746
      z: -0.018905762064113187
    angular: 
      x: 0.0
      y: 0.0
      z: 0.0
  covariance: [0.0, 0.0, 0.0, 0.0, 0.0, 0.0, 0.0, 0.0, 0.0, 0.0, 0.0, 0.0, 0.0, 0.0, 0.0, 0.0, 0.0, 0.0, 0.0, 0.0, 0.0, 0.0, 0.0, 0.0, 0.0, 0.0, 0.0, 0.0, 0.0, 0.0, 0.0, 0.0, 0.0, 0.0, 0.0, 0.0]
---
header: 
  seq: 891
  stamp: 
    secs: 1744093073
    nsecs: 640924692
  frame_id: "world"
child_frame_id: "world"
pose: 
  pose: 
    position: 
      x: 0.5402044068160717
      y: 0.028856948409948846
      z: 0.47624386424413123
    orientation: 
      x: -0.0012657005820340679
      y: -0.003314676810658439
      z: 0.008529169475383427
      w: 0.9999573311835549
  covariance: [0.0, 0.0, 0.0, 0.0, 0.0, 0.0, 0.0, 0.0, 0.0, 0.0, 0.0, 0.0, 0.0, 0.0, 0.0, 0.0, 0.0, 0.0, 0.0, 0.0, 0.0, 0.0, 0.0, 0.0, 0.0, 0.0, 0.0, 0.0, 0.0, 0.0, 0.0, 0.0, 0.0, 0.0, 0.0, 0.0]
twist: 
  twist: 
    linear: 
      x: -0.017086476353394397
      y: -0.03994110240660072
      z: -0.009584046208036054
    angular: 
      x: 0.0
      y: 0.0
      z: 0.0
  covariance: [0.0, 0.0, 0.0, 0.0, 0.0, 0.0, 0.0, 0.0, 0.0, 0.0, 0.0, 0.0, 0.0, 0.0, 0.0, 0.0, 0.0, 0.0, 0.0, 0.0, 0.0, 0.0, 0.0, 0.0, 0.0, 0.0, 0.0, 0.0, 0.0, 0.0, 0.0, 0.0, 0.0, 0.0, 0.0, 0.0]
---
header: 
  seq: 892
  stamp: 
    secs: 1744093073
    nsecs: 774263144
  frame_id: "world"
child_frame_id: "world"
pose: 
  pose: 
    position: 
      x: 0.5375153286034654
      y: 0.028589177847894928
      z: 0.4739059464036016
    orientation: 
      x: -0.008129652739091242
      y: -0.004686503816472289
      z: 0.007877449444840113
      w: 0.9999249427924898
  covariance: [0.0, 0.0, 0.0, 0.0, 0.0, 0.0, 0.0, 0.0, 0.0, 0.0, 0.0, 0.0, 0.0, 0.0, 0.0, 0.0, 0.0, 0.0, 0.0, 0.0, 0.0, 0.0, 0.0, 0.0, 0.0, 0.0, 0.0, 0.0, 0.0, 0.0, 0.0, 0.0, 0.0, 0.0, 0.0, 0.0]
twist: 
  twist: 
    linear: 
      x: -0.015993247967753664
      y: -0.03375853759529144
      z: -0.001677892513155753
    angular: 
      x: 0.0
      y: 0.0
      z: 0.0
  covariance: [0.0, 0.0, 0.0, 0.0, 0.0, 0.0, 0.0, 0.0, 0.0, 0.0, 0.0, 0.0, 0.0, 0.0, 0.0, 0.0, 0.0, 0.0, 0.0, 0.0, 0.0, 0.0, 0.0, 0.0, 0.0, 0.0, 0.0, 0.0, 0.0, 0.0, 0.0, 0.0, 0.0, 0.0, 0.0, 0.0]
---
header: 
  seq: 893
  stamp: 
    secs: 1744093073
    nsecs: 907601118
  frame_id: "world"
child_frame_id: "world"
pose: 
  pose: 
    position: 
      x: 0.5347109569617855
      y: 0.029213125719512754
      z: 0.4714572317650753
    orientation: 
      x: -0.005205425646287166
      y: -0.0051751867638478
      z: 0.007840095859329326
      w: 0.9999423252781716
  covariance: [0.0, 0.0, 0.0, 0.0, 0.0, 0.0, 0.0, 0.0, 0.0, 0.0, 0.0, 0.0, 0.0, 0.0, 0.0, 0.0, 0.0, 0.0, 0.0, 0.0, 0.0, 0.0, 0.0, 0.0, 0.0, 0.0, 0.0, 0.0, 0.0, 0.0, 0.0, 0.0, 0.0, 0.0, 0.0, 0.0]
twist: 
  twist: 
    linear: 
      x: -0.019965114893294417
      y: -0.015222901330025974
      z: 0.005196360928002322
    angular: 
      x: 0.0
      y: 0.0
      z: 0.0
  covariance: [0.0, 0.0, 0.0, 0.0, 0.0, 0.0, 0.0, 0.0, 0.0, 0.0, 0.0, 0.0, 0.0, 0.0, 0.0, 0.0, 0.0, 0.0, 0.0, 0.0, 0.0, 0.0, 0.0, 0.0, 0.0, 0.0, 0.0, 0.0, 0.0, 0.0, 0.0, 0.0, 0.0, 0.0, 0.0, 0.0]
---
header: 
  seq: 894
  stamp: 
    secs: 1744093074
    nsecs:  40938377
  frame_id: "world"
child_frame_id: "world"
pose: 
  pose: 
    position: 
      x: 0.5311503934777426
      y: 0.03046758105604054
      z: 0.47077524296678075
    orientation: 
      x: -0.0030064081994526097
      y: -0.0030393391319732187
      z: 0.007708066479840079
      w: 0.9999611540647574
  covariance: [0.0, 0.0, 0.0, 0.0, 0.0, 0.0, 0.0, 0.0, 0.0, 0.0, 0.0, 0.0, 0.0, 0.0, 0.0, 0.0, 0.0, 0.0, 0.0, 0.0, 0.0, 0.0, 0.0, 0.0, 0.0, 0.0, 0.0, 0.0, 0.0, 0.0, 0.0, 0.0, 0.0, 0.0, 0.0, 0.0]
twist: 
  twist: 
    linear: 
      x: -0.024640275059328528
      y: -0.012772085159391901
      z: 0.011617951329936876
    angular: 
      x: 0.0
      y: 0.0
      z: 0.0
  covariance: [0.0, 0.0, 0.0, 0.0, 0.0, 0.0, 0.0, 0.0, 0.0, 0.0, 0.0, 0.0, 0.0, 0.0, 0.0, 0.0, 0.0, 0.0, 0.0, 0.0, 0.0, 0.0, 0.0, 0.0, 0.0, 0.0, 0.0, 0.0, 0.0, 0.0, 0.0, 0.0, 0.0, 0.0, 0.0, 0.0]
---
header: 
  seq: 895
  stamp: 
    secs: 1744093074
    nsecs: 174274921
  frame_id: "world"
child_frame_id: "world"
pose: 
  pose: 
    position: 
      x: 0.5294540538689174
      y: 0.033006908672663766
      z: 0.4688906551801326
    orientation: 
      x: -0.0012152273481176158
      y: 4.640563090589064e-06
      z: 0.006987478690705872
      w: 0.9999748488549622
  covariance: [0.0, 0.0, 0.0, 0.0, 0.0, 0.0, 0.0, 0.0, 0.0, 0.0, 0.0, 0.0, 0.0, 0.0, 0.0, 0.0, 0.0, 0.0, 0.0, 0.0, 0.0, 0.0, 0.0, 0.0, 0.0, 0.0, 0.0, 0.0, 0.0, 0.0, 0.0, 0.0, 0.0, 0.0, 0.0, 0.0]
twist: 
  twist: 
    linear: 
      x: -0.012360377208686182
      y: -0.010026457123868382
      z: 0.0023469149868481512
    angular: 
      x: 0.0
      y: 0.0
      z: 0.0
  covariance: [0.0, 0.0, 0.0, 0.0, 0.0, 0.0, 0.0, 0.0, 0.0, 0.0, 0.0, 0.0, 0.0, 0.0, 0.0, 0.0, 0.0, 0.0, 0.0, 0.0, 0.0, 0.0, 0.0, 0.0, 0.0, 0.0, 0.0, 0.0, 0.0, 0.0, 0.0, 0.0, 0.0, 0.0, 0.0, 0.0]
---
header: 
  seq: 896
  stamp: 
    secs: 1744093074
    nsecs: 307614088
  frame_id: "world"
child_frame_id: "world"
pose: 
  pose: 
    position: 
      x: 0.5307216101396242
      y: 0.03563471862079812
      z: 0.4661624696588202
    orientation: 
      x: 0.0011689040887783528
      y: -0.0007955271847651812
      z: 0.005716891417729565
      w: 0.9999826588257655
  covariance: [0.0, 0.0, 0.0, 0.0, 0.0, 0.0, 0.0, 0.0, 0.0, 0.0, 0.0, 0.0, 0.0, 0.0, 0.0, 0.0, 0.0, 0.0, 0.0, 0.0, 0.0, 0.0, 0.0, 0.0, 0.0, 0.0, 0.0, 0.0, 0.0, 0.0, 0.0, 0.0, 0.0, 0.0, 0.0, 0.0]
twist: 
  twist: 
    linear: 
      x: 0.0020853370689318767
      y: -0.028239143685438953
      z: -0.012776953034237348
    angular: 
      x: 0.0
      y: 0.0
      z: 0.0
  covariance: [0.0, 0.0, 0.0, 0.0, 0.0, 0.0, 0.0, 0.0, 0.0, 0.0, 0.0, 0.0, 0.0, 0.0, 0.0, 0.0, 0.0, 0.0, 0.0, 0.0, 0.0, 0.0, 0.0, 0.0, 0.0, 0.0, 0.0, 0.0, 0.0, 0.0, 0.0, 0.0, 0.0, 0.0, 0.0, 0.0]
---
header: 
  seq: 897
  stamp: 
    secs: 1744093074
    nsecs: 440955877
  frame_id: "world"
child_frame_id: "world"
pose: 
  pose: 
    position: 
      x: 0.5330080072388577
      y: 0.033538731985085946
      z: 0.4571959486535548
    orientation: 
      x: -0.0030688454275195993
      y: -0.00456435516596567
      z: 0.005941156237959761
      w: 0.9999672252190154
  covariance: [0.0, 0.0, 0.0, 0.0, 0.0, 0.0, 0.0, 0.0, 0.0, 0.0, 0.0, 0.0, 0.0, 0.0, 0.0, 0.0, 0.0, 0.0, 0.0, 0.0, 0.0, 0.0, 0.0, 0.0, 0.0, 0.0, 0.0, 0.0, 0.0, 0.0, 0.0, 0.0, 0.0, 0.0, 0.0, 0.0]
twist: 
  twist: 
    linear: 
      x: 0.0064333162123901355
      y: -0.03486394916533213
      z: -0.018930531273649857
    angular: 
      x: 0.0
      y: 0.0
      z: 0.0
  covariance: [0.0, 0.0, 0.0, 0.0, 0.0, 0.0, 0.0, 0.0, 0.0, 0.0, 0.0, 0.0, 0.0, 0.0, 0.0, 0.0, 0.0, 0.0, 0.0, 0.0, 0.0, 0.0, 0.0, 0.0, 0.0, 0.0, 0.0, 0.0, 0.0, 0.0, 0.0, 0.0, 0.0, 0.0, 0.0, 0.0]
---
header: 
  seq: 898
  stamp: 
    secs: 1744093074
    nsecs: 574297190
  frame_id: "world"
child_frame_id: "world"
pose: 
  pose: 
    position: 
      x: 0.5332472464052483
      y: 0.04022366488340884
      z: 0.45683967939310827
    orientation: 
      x: -0.0071053768899056015
      y: -0.00727539444911293
      z: 0.004096469982385695
      w: 0.999939898788195
  covariance: [0.0, 0.0, 0.0, 0.0, 0.0, 0.0, 0.0, 0.0, 0.0, 0.0, 0.0, 0.0, 0.0, 0.0, 0.0, 0.0, 0.0, 0.0, 0.0, 0.0, 0.0, 0.0, 0.0, 0.0, 0.0, 0.0, 0.0, 0.0, 0.0, 0.0, 0.0, 0.0, 0.0, 0.0, 0.0, 0.0]
twist: 
  twist: 
    linear: 
      x: 0.009976851851658974
      y: -0.0191814705963038
      z: -0.013743897583021693
    angular: 
      x: 0.0
      y: 0.0
      z: 0.0
  covariance: [0.0, 0.0, 0.0, 0.0, 0.0, 0.0, 0.0, 0.0, 0.0, 0.0, 0.0, 0.0, 0.0, 0.0, 0.0, 0.0, 0.0, 0.0, 0.0, 0.0, 0.0, 0.0, 0.0, 0.0, 0.0, 0.0, 0.0, 0.0, 0.0, 0.0, 0.0, 0.0, 0.0, 0.0, 0.0, 0.0]
---
header: 
  seq: 899
  stamp: 
    secs: 1744093074
    nsecs: 707637787
  frame_id: "world"
child_frame_id: "world"
pose: 
  pose: 
    position: 
      x: 0.5332608764900869
      y: 0.04182534702016004
      z: 0.45393162736808684
    orientation: 
      x: -0.008346629232696785
      y: -0.006777113718611651
      z: 0.0029546869802398305
      w: 0.9999378352352438
  covariance: [0.0, 0.0, 0.0, 0.0, 0.0, 0.0, 0.0, 0.0, 0.0, 0.0, 0.0, 0.0, 0.0, 0.0, 0.0, 0.0, 0.0, 0.0, 0.0, 0.0, 0.0, 0.0, 0.0, 0.0, 0.0, 0.0, 0.0, 0.0, 0.0, 0.0, 0.0, 0.0, 0.0, 0.0, 0.0, 0.0]
twist: 
  twist: 
    linear: 
      x: 0.0015432344059705784
      y: -0.008250294984647043
      z: 0.0018467096777910793
    angular: 
      x: 0.0
      y: 0.0
      z: 0.0
  covariance: [0.0, 0.0, 0.0, 0.0, 0.0, 0.0, 0.0, 0.0, 0.0, 0.0, 0.0, 0.0, 0.0, 0.0, 0.0, 0.0, 0.0, 0.0, 0.0, 0.0, 0.0, 0.0, 0.0, 0.0, 0.0, 0.0, 0.0, 0.0, 0.0, 0.0, 0.0, 0.0, 0.0, 0.0, 0.0, 0.0]
---
header: 
  seq: 900
  stamp: 
    secs: 1744093074
    nsecs: 840977669
  frame_id: "world"
child_frame_id: "world"
pose: 
  pose: 
    position: 
      x: 0.5342182228863518
      y: 0.045177434568519526
      z: 0.4538940081735864
    orientation: 
      x: -0.005183485589559951
      y: -0.007272674141007951
      z: 0.00232345103605736
      w: 0.9999574197250923
  covariance: [0.0, 0.0, 0.0, 0.0, 0.0, 0.0, 0.0, 0.0, 0.0, 0.0, 0.0, 0.0, 0.0, 0.0, 0.0, 0.0, 0.0, 0.0, 0.0, 0.0, 0.0, 0.0, 0.0, 0.0, 0.0, 0.0, 0.0, 0.0, 0.0, 0.0, 0.0, 0.0, 0.0, 0.0, 0.0, 0.0]
twist: 
  twist: 
    linear: 
      x: 0.00209567745137657
      y: -0.008100116645680095
      z: 0.0047641513862277185
    angular: 
      x: 0.0
      y: 0.0
      z: 0.0
  covariance: [0.0, 0.0, 0.0, 0.0, 0.0, 0.0, 0.0, 0.0, 0.0, 0.0, 0.0, 0.0, 0.0, 0.0, 0.0, 0.0, 0.0, 0.0, 0.0, 0.0, 0.0, 0.0, 0.0, 0.0, 0.0, 0.0, 0.0, 0.0, 0.0, 0.0, 0.0, 0.0, 0.0, 0.0, 0.0, 0.0]
---
header: 
  seq: 901
  stamp: 
    secs: 1744093074
    nsecs: 974317312
  frame_id: "world"
child_frame_id: "world"
pose: 
  pose: 
    position: 
      x: 0.5343603764127207
      y: 0.049860473364985655
      z: 0.45164458537800983
    orientation: 
      x: -0.002125684646967559
      y: -0.0057442966235660455
      z: 0.0026672895719039337
      w: 0.9999776847947267
  covariance: [0.0, 0.0, 0.0, 0.0, 0.0, 0.0, 0.0, 0.0, 0.0, 0.0, 0.0, 0.0, 0.0, 0.0, 0.0, 0.0, 0.0, 0.0, 0.0, 0.0, 0.0, 0.0, 0.0, 0.0, 0.0, 0.0, 0.0, 0.0, 0.0, 0.0, 0.0, 0.0, 0.0, 0.0, 0.0, 0.0]
twist: 
  twist: 
    linear: 
      x: -0.00364496460179532
      y: 0.0037594639509680177
      z: -0.0024933651079842804
    angular: 
      x: 0.0
      y: 0.0
      z: 0.0
  covariance: [0.0, 0.0, 0.0, 0.0, 0.0, 0.0, 0.0, 0.0, 0.0, 0.0, 0.0, 0.0, 0.0, 0.0, 0.0, 0.0, 0.0, 0.0, 0.0, 0.0, 0.0, 0.0, 0.0, 0.0, 0.0, 0.0, 0.0, 0.0, 0.0, 0.0, 0.0, 0.0, 0.0, 0.0, 0.0, 0.0]
---
header: 
  seq: 902
  stamp: 
    secs: 1744093075
    nsecs: 107656240
  frame_id: "world"
child_frame_id: "world"
pose: 
  pose: 
    position: 
      x: 0.5339408763321913
      y: 0.05147757528911077
      z: 0.45069397530721156
    orientation: 
      x: 0.003745637342497724
      y: -0.00495802514066514
      z: 0.00289570298878573
      w: 0.9999765012698066
  covariance: [0.0, 0.0, 0.0, 0.0, 0.0, 0.0, 0.0, 0.0, 0.0, 0.0, 0.0, 0.0, 0.0, 0.0, 0.0, 0.0, 0.0, 0.0, 0.0, 0.0, 0.0, 0.0, 0.0, 0.0, 0.0, 0.0, 0.0, 0.0, 0.0, 0.0, 0.0, 0.0, 0.0, 0.0, 0.0, 0.0]
twist: 
  twist: 
    linear: 
      x: -0.013760589141335794
      y: 0.0005483401926983908
      z: 0.005095196605902624
    angular: 
      x: 0.0
      y: 0.0
      z: 0.0
  covariance: [0.0, 0.0, 0.0, 0.0, 0.0, 0.0, 0.0, 0.0, 0.0, 0.0, 0.0, 0.0, 0.0, 0.0, 0.0, 0.0, 0.0, 0.0, 0.0, 0.0, 0.0, 0.0, 0.0, 0.0, 0.0, 0.0, 0.0, 0.0, 0.0, 0.0, 0.0, 0.0, 0.0, 0.0, 0.0, 0.0]
---
header: 
  seq: 903
  stamp: 
    secs: 1744093075
    nsecs: 240994692
  frame_id: "world"
child_frame_id: "world"
pose: 
  pose: 
    position: 
      x: 0.5342712905325804
      y: 0.05227238616214799
      z: 0.45069703370560965
    orientation: 
      x: 0.0013064788844727052
      y: -0.0039442200903579624
      z: 0.0024095831938109775
      w: 0.9999884650082896
  covariance: [0.0, 0.0, 0.0, 0.0, 0.0, 0.0, 0.0, 0.0, 0.0, 0.0, 0.0, 0.0, 0.0, 0.0, 0.0, 0.0, 0.0, 0.0, 0.0, 0.0, 0.0, 0.0, 0.0, 0.0, 0.0, 0.0, 0.0, 0.0, 0.0, 0.0, 0.0, 0.0, 0.0, 0.0, 0.0, 0.0]
twist: 
  twist: 
    linear: 
      x: -0.0022541447739867914
      y: -0.016099227693656373
      z: 0.0034931072649198413
    angular: 
      x: 0.0
      y: 0.0
      z: 0.0
  covariance: [0.0, 0.0, 0.0, 0.0, 0.0, 0.0, 0.0, 0.0, 0.0, 0.0, 0.0, 0.0, 0.0, 0.0, 0.0, 0.0, 0.0, 0.0, 0.0, 0.0, 0.0, 0.0, 0.0, 0.0, 0.0, 0.0, 0.0, 0.0, 0.0, 0.0, 0.0, 0.0, 0.0, 0.0, 0.0, 0.0]
---
header: 
  seq: 904
  stamp: 
    secs: 1744093075
    nsecs: 374343395
  frame_id: "world"
child_frame_id: "world"
pose: 
  pose: 
    position: 
      x: 0.5339180390235299
      y: 0.04957934261950442
      z: 0.4508581067453005
    orientation: 
      x: 0.0017624462160850663
      y: -0.0051979649490526076
      z: 0.0028844161084215325
      w: 0.9999807773589636
  covariance: [0.0, 0.0, 0.0, 0.0, 0.0, 0.0, 0.0, 0.0, 0.0, 0.0, 0.0, 0.0, 0.0, 0.0, 0.0, 0.0, 0.0, 0.0, 0.0, 0.0, 0.0, 0.0, 0.0, 0.0, 0.0, 0.0, 0.0, 0.0, 0.0, 0.0, 0.0, 0.0, 0.0, 0.0, 0.0, 0.0]
twist: 
  twist: 
    linear: 
      x: -0.007369936730680974
      y: -0.02728097061735185
      z: 0.011456915778588905
    angular: 
      x: 0.0
      y: 0.0
      z: 0.0
  covariance: [0.0, 0.0, 0.0, 0.0, 0.0, 0.0, 0.0, 0.0, 0.0, 0.0, 0.0, 0.0, 0.0, 0.0, 0.0, 0.0, 0.0, 0.0, 0.0, 0.0, 0.0, 0.0, 0.0, 0.0, 0.0, 0.0, 0.0, 0.0, 0.0, 0.0, 0.0, 0.0, 0.0, 0.0, 0.0, 0.0]
---
header: 
  seq: 905
  stamp: 
    secs: 1744093075
    nsecs: 507691622
  frame_id: "world"
child_frame_id: "world"
pose: 
  pose: 
    position: 
      x: 0.5346946899717122
      y: 0.04421376190292436
      z: 0.4502120144610749
    orientation: 
      x: 0.0019530936184685571
      y: -0.005378252466923052
      z: 0.0028063750858167437
      w: 0.9999796918360879
  covariance: [0.0, 0.0, 0.0, 0.0, 0.0, 0.0, 0.0, 0.0, 0.0, 0.0, 0.0, 0.0, 0.0, 0.0, 0.0, 0.0, 0.0, 0.0, 0.0, 0.0, 0.0, 0.0, 0.0, 0.0, 0.0, 0.0, 0.0, 0.0, 0.0, 0.0, 0.0, 0.0, 0.0, 0.0, 0.0, 0.0]
twist: 
  twist: 
    linear: 
      x: 0.0035093418727191344
      y: -0.05363967850320931
      z: -2.7761854656926438e-05
    angular: 
      x: 0.0
      y: 0.0
      z: 0.0
  covariance: [0.0, 0.0, 0.0, 0.0, 0.0, 0.0, 0.0, 0.0, 0.0, 0.0, 0.0, 0.0, 0.0, 0.0, 0.0, 0.0, 0.0, 0.0, 0.0, 0.0, 0.0, 0.0, 0.0, 0.0, 0.0, 0.0, 0.0, 0.0, 0.0, 0.0, 0.0, 0.0, 0.0, 0.0, 0.0, 0.0]
---
header: 
  seq: 906
  stamp: 
    secs: 1744093075
    nsecs: 641039371
  frame_id: "world"
child_frame_id: "world"
pose: 
  pose: 
    position: 
      x: 0.5360058400068722
      y: 0.03936379131793425
      z: 0.4522082359852251
    orientation: 
      x: -0.0050080198605739635
      y: -0.006168737830991768
      z: 0.0021721066117889377
      w: 0.9999660736062577
  covariance: [0.0, 0.0, 0.0, 0.0, 0.0, 0.0, 0.0, 0.0, 0.0, 0.0, 0.0, 0.0, 0.0, 0.0, 0.0, 0.0, 0.0, 0.0, 0.0, 0.0, 0.0, 0.0, 0.0, 0.0, 0.0, 0.0, 0.0, 0.0, 0.0, 0.0, 0.0, 0.0, 0.0, 0.0, 0.0, 0.0]
twist: 
  twist: 
    linear: 
      x: 0.005160230822328605
      y: -0.051600691889922876
      z: 0.01569587059217639
    angular: 
      x: 0.0
      y: 0.0
      z: 0.0
  covariance: [0.0, 0.0, 0.0, 0.0, 0.0, 0.0, 0.0, 0.0, 0.0, 0.0, 0.0, 0.0, 0.0, 0.0, 0.0, 0.0, 0.0, 0.0, 0.0, 0.0, 0.0, 0.0, 0.0, 0.0, 0.0, 0.0, 0.0, 0.0, 0.0, 0.0, 0.0, 0.0, 0.0, 0.0, 0.0, 0.0]
---
header: 
  seq: 907
  stamp: 
    secs: 1744093075
    nsecs: 774387598
  frame_id: "world"
child_frame_id: "world"
pose: 
  pose: 
    position: 
      x: 0.5365962080624926
      y: 0.03530630990640251
      z: 0.456770593338744
    orientation: 
      x: -0.010731528201221313
      y: -0.006711693126968712
      z: 0.0014917198798909085
      w: 0.9999187778262971
  covariance: [0.0, 0.0, 0.0, 0.0, 0.0, 0.0, 0.0, 0.0, 0.0, 0.0, 0.0, 0.0, 0.0, 0.0, 0.0, 0.0, 0.0, 0.0, 0.0, 0.0, 0.0, 0.0, 0.0, 0.0, 0.0, 0.0, 0.0, 0.0, 0.0, 0.0, 0.0, 0.0, 0.0, 0.0, 0.0, 0.0]
twist: 
  twist: 
    linear: 
      x: -0.0041107464114303075
      y: -0.03366047285100299
      z: 0.03755524902634716
    angular: 
      x: 0.0
      y: 0.0
      z: 0.0
  covariance: [0.0, 0.0, 0.0, 0.0, 0.0, 0.0, 0.0, 0.0, 0.0, 0.0, 0.0, 0.0, 0.0, 0.0, 0.0, 0.0, 0.0, 0.0, 0.0, 0.0, 0.0, 0.0, 0.0, 0.0, 0.0, 0.0, 0.0, 0.0, 0.0, 0.0, 0.0, 0.0, 0.0, 0.0, 0.0, 0.0]
---
header: 
  seq: 908
  stamp: 
    secs: 1744093075
    nsecs: 907734632
  frame_id: "world"
child_frame_id: "world"
pose: 
  pose: 
    position: 
      x: 0.536467811597464
      y: 0.03287719481510843
      z: 0.461964239990315
    orientation: 
      x: -0.00947459118170211
      y: -0.007142779567412281
      z: 0.0009881075288515743
      w: 0.9999291157204606
  covariance: [0.0, 0.0, 0.0, 0.0, 0.0, 0.0, 0.0, 0.0, 0.0, 0.0, 0.0, 0.0, 0.0, 0.0, 0.0, 0.0, 0.0, 0.0, 0.0, 0.0, 0.0, 0.0, 0.0, 0.0, 0.0, 0.0, 0.0, 0.0, 0.0, 0.0, 0.0, 0.0, 0.0, 0.0, 0.0, 0.0]
twist: 
  twist: 
    linear: 
      x: -0.00998891607188249
      y: -0.01860499544601715
      z: 0.02598349179701467
    angular: 
      x: 0.0
      y: 0.0
      z: 0.0
  covariance: [0.0, 0.0, 0.0, 0.0, 0.0, 0.0, 0.0, 0.0, 0.0, 0.0, 0.0, 0.0, 0.0, 0.0, 0.0, 0.0, 0.0, 0.0, 0.0, 0.0, 0.0, 0.0, 0.0, 0.0, 0.0, 0.0, 0.0, 0.0, 0.0, 0.0, 0.0, 0.0, 0.0, 0.0, 0.0, 0.0]
---
header: 
  seq: 909
  stamp: 
    secs: 1744093076
    nsecs:  41080713
  frame_id: "world"
child_frame_id: "world"
pose: 
  pose: 
    position: 
      x: 0.5367875904163216
      y: 0.03496891242657207
      z: 0.4674923999726362
    orientation: 
      x: -0.00328095979880825
      y: -0.007538794550225422
      z: -4.4227057220078246e-05
      w: 0.9999661993905071
  covariance: [0.0, 0.0, 0.0, 0.0, 0.0, 0.0, 0.0, 0.0, 0.0, 0.0, 0.0, 0.0, 0.0, 0.0, 0.0, 0.0, 0.0, 0.0, 0.0, 0.0, 0.0, 0.0, 0.0, 0.0, 0.0, 0.0, 0.0, 0.0, 0.0, 0.0, 0.0, 0.0, 0.0, 0.0, 0.0, 0.0]
twist: 
  twist: 
    linear: 
      x: -0.012306965395279082
      y: 0.013798002244250596
      z: 0.0189292077008718
    angular: 
      x: 0.0
      y: 0.0
      z: 0.0
  covariance: [0.0, 0.0, 0.0, 0.0, 0.0, 0.0, 0.0, 0.0, 0.0, 0.0, 0.0, 0.0, 0.0, 0.0, 0.0, 0.0, 0.0, 0.0, 0.0, 0.0, 0.0, 0.0, 0.0, 0.0, 0.0, 0.0, 0.0, 0.0, 0.0, 0.0, 0.0, 0.0, 0.0, 0.0, 0.0, 0.0]
---
header: 
  seq: 910
  stamp: 
    secs: 1744093076
    nsecs: 174426794
  frame_id: "world"
child_frame_id: "world"
pose: 
  pose: 
    position: 
      x: 0.5369515660504841
      y: 0.03678486927362094
      z: 0.4758898268917624
    orientation: 
      x: 0.0031641837912961433
      y: -0.005901096234659208
      z: -0.0003039110479277691
      w: 0.9999775360688055
  covariance: [0.0, 0.0, 0.0, 0.0, 0.0, 0.0, 0.0, 0.0, 0.0, 0.0, 0.0, 0.0, 0.0, 0.0, 0.0, 0.0, 0.0, 0.0, 0.0, 0.0, 0.0, 0.0, 0.0, 0.0, 0.0, 0.0, 0.0, 0.0, 0.0, 0.0, 0.0, 0.0, 0.0, 0.0, 0.0, 0.0]
twist: 
  twist: 
    linear: 
      x: -0.016689740353118782
      y: 0.015105873669019975
      z: 0.032523688234812415
    angular: 
      x: 0.0
      y: 0.0
      z: 0.0
  covariance: [0.0, 0.0, 0.0, 0.0, 0.0, 0.0, 0.0, 0.0, 0.0, 0.0, 0.0, 0.0, 0.0, 0.0, 0.0, 0.0, 0.0, 0.0, 0.0, 0.0, 0.0, 0.0, 0.0, 0.0, 0.0, 0.0, 0.0, 0.0, 0.0, 0.0, 0.0, 0.0, 0.0, 0.0, 0.0, 0.0]
---
header: 
  seq: 911
  stamp: 
    secs: 1744093076
    nsecs: 307768822
  frame_id: "world"
child_frame_id: "world"
pose: 
  pose: 
    position: 
      x: 0.5348724533060596
      y: 0.036735457995169196
      z: 0.48173626945359477
    orientation: 
      x: 0.008403196495056355
      y: -0.002312980620668208
      z: 0.000319062933606194
      w: 0.9999619665808087
  covariance: [0.0, 0.0, 0.0, 0.0, 0.0, 0.0, 0.0, 0.0, 0.0, 0.0, 0.0, 0.0, 0.0, 0.0, 0.0, 0.0, 0.0, 0.0, 0.0, 0.0, 0.0, 0.0, 0.0, 0.0, 0.0, 0.0, 0.0, 0.0, 0.0, 0.0, 0.0, 0.0, 0.0, 0.0, 0.0, 0.0]
twist: 
  twist: 
    linear: 
      x: -0.02680175806524383
      y: -0.00804897425627353
      z: 0.009621467499292644
    angular: 
      x: 0.0
      y: 0.0
      z: 0.0
  covariance: [0.0, 0.0, 0.0, 0.0, 0.0, 0.0, 0.0, 0.0, 0.0, 0.0, 0.0, 0.0, 0.0, 0.0, 0.0, 0.0, 0.0, 0.0, 0.0, 0.0, 0.0, 0.0, 0.0, 0.0, 0.0, 0.0, 0.0, 0.0, 0.0, 0.0, 0.0, 0.0, 0.0, 0.0, 0.0, 0.0]
---
header: 
  seq: 912
  stamp: 
    secs: 1744093076
    nsecs: 441107273
  frame_id: "world"
child_frame_id: "world"
pose: 
  pose: 
    position: 
      x: 0.5347221340889653
      y: 0.03484291808986929
      z: 0.48712866416510753
    orientation: 
      x: 0.003552321890888033
      y: -0.00044426493249719067
      z: 0.0002825196262878158
      w: 0.9999935518894679
  covariance: [0.0, 0.0, 0.0, 0.0, 0.0, 0.0, 0.0, 0.0, 0.0, 0.0, 0.0, 0.0, 0.0, 0.0, 0.0, 0.0, 0.0, 0.0, 0.0, 0.0, 0.0, 0.0, 0.0, 0.0, 0.0, 0.0, 0.0, 0.0, 0.0, 0.0, 0.0, 0.0, 0.0, 0.0, 0.0, 0.0]
twist: 
  twist: 
    linear: 
      x: -0.00997635677315028
      y: -0.035450821322514696
      z: 0.029461159330711768
    angular: 
      x: 0.0
      y: 0.0
      z: 0.0
  covariance: [0.0, 0.0, 0.0, 0.0, 0.0, 0.0, 0.0, 0.0, 0.0, 0.0, 0.0, 0.0, 0.0, 0.0, 0.0, 0.0, 0.0, 0.0, 0.0, 0.0, 0.0, 0.0, 0.0, 0.0, 0.0, 0.0, 0.0, 0.0, 0.0, 0.0, 0.0, 0.0, 0.0, 0.0, 0.0, 0.0]
---
header: 
  seq: 913
  stamp: 
    secs: 1744093076
    nsecs: 574444532
  frame_id: "world"
child_frame_id: "world"
pose: 
  pose: 
    position: 
      x: 0.533500176170517
      y: 0.02949023854593911
      z: 0.4893098364155074
    orientation: 
      x: -0.00485092335295332
      y: -0.0035246749693808054
      z: -0.0008218233763124903
      w: 0.9999816847399366
  covariance: [0.0, 0.0, 0.0, 0.0, 0.0, 0.0, 0.0, 0.0, 0.0, 0.0, 0.0, 0.0, 0.0, 0.0, 0.0, 0.0, 0.0, 0.0, 0.0, 0.0, 0.0, 0.0, 0.0, 0.0, 0.0, 0.0, 0.0, 0.0, 0.0, 0.0, 0.0, 0.0, 0.0, 0.0, 0.0, 0.0]
twist: 
  twist: 
    linear: 
      x: -0.007680941051802395
      y: -0.04092195046796468
      z: 0.021261852291920878
    angular: 
      x: 0.0
      y: 0.0
      z: 0.0
  covariance: [0.0, 0.0, 0.0, 0.0, 0.0, 0.0, 0.0, 0.0, 0.0, 0.0, 0.0, 0.0, 0.0, 0.0, 0.0, 0.0, 0.0, 0.0, 0.0, 0.0, 0.0, 0.0, 0.0, 0.0, 0.0, 0.0, 0.0, 0.0, 0.0, 0.0, 0.0, 0.0, 0.0, 0.0, 0.0, 0.0]
---
header: 
  seq: 914
  stamp: 
    secs: 1744093076
    nsecs: 707781553
  frame_id: "world"
child_frame_id: "world"
pose: 
  pose: 
    position: 
      x: 0.5353033290546754
      y: 0.028514500972899367
      z: 0.4926895145526872
    orientation: 
      x: -0.012491287804259413
      y: -0.004415868502546705
      z: -0.0016591112820948193
      w: 0.9999108536185177
  covariance: [0.0, 0.0, 0.0, 0.0, 0.0, 0.0, 0.0, 0.0, 0.0, 0.0, 0.0, 0.0, 0.0, 0.0, 0.0, 0.0, 0.0, 0.0, 0.0, 0.0, 0.0, 0.0, 0.0, 0.0, 0.0, 0.0, 0.0, 0.0, 0.0, 0.0, 0.0, 0.0, 0.0, 0.0, 0.0, 0.0]
twist: 
  twist: 
    linear: 
      x: -0.01623148381564668
      y: -0.011866163901405236
      z: 0.011299739712371068
    angular: 
      x: 0.0
      y: 0.0
      z: 0.0
  covariance: [0.0, 0.0, 0.0, 0.0, 0.0, 0.0, 0.0, 0.0, 0.0, 0.0, 0.0, 0.0, 0.0, 0.0, 0.0, 0.0, 0.0, 0.0, 0.0, 0.0, 0.0, 0.0, 0.0, 0.0, 0.0, 0.0, 0.0, 0.0, 0.0, 0.0, 0.0, 0.0, 0.0, 0.0, 0.0, 0.0]
---
header: 
  seq: 915
  stamp: 
    secs: 1744093076
    nsecs: 841117382
  frame_id: "world"
child_frame_id: "world"
pose: 
  pose: 
    position: 
      x: 0.5355777368867959
      y: 0.034118875199741036
      z: 0.493699838988876
    orientation: 
      x: -0.008154252665324158
      y: -0.005061004372129721
      z: -0.0031394114026699095
      w: 0.9999490179475452
  covariance: [0.0, 0.0, 0.0, 0.0, 0.0, 0.0, 0.0, 0.0, 0.0, 0.0, 0.0, 0.0, 0.0, 0.0, 0.0, 0.0, 0.0, 0.0, 0.0, 0.0, 0.0, 0.0, 0.0, 0.0, 0.0, 0.0, 0.0, 0.0, 0.0, 0.0, 0.0, 0.0, 0.0, 0.0, 0.0, 0.0]
twist: 
  twist: 
    linear: 
      x: -0.011050944548662647
      y: 0.026020327211845922
      z: -0.01665979983740261
    angular: 
      x: 0.0
      y: 0.0
      z: 0.0
  covariance: [0.0, 0.0, 0.0, 0.0, 0.0, 0.0, 0.0, 0.0, 0.0, 0.0, 0.0, 0.0, 0.0, 0.0, 0.0, 0.0, 0.0, 0.0, 0.0, 0.0, 0.0, 0.0, 0.0, 0.0, 0.0, 0.0, 0.0, 0.0, 0.0, 0.0, 0.0, 0.0, 0.0, 0.0, 0.0, 0.0]
---
header: 
  seq: 916
  stamp: 
    secs: 1744093076
    nsecs: 974452972
  frame_id: "world"
child_frame_id: "world"
pose: 
  pose: 
    position: 
      x: 0.538544648857976
      y: 0.04016611519904172
      z: 0.49109190912712
    orientation: 
      x: -0.006713887697174189
      y: -0.00499093867636236
      z: -0.0030535315509616755
      w: 0.999960344307806
  covariance: [0.0, 0.0, 0.0, 0.0, 0.0, 0.0, 0.0, 0.0, 0.0, 0.0, 0.0, 0.0, 0.0, 0.0, 0.0, 0.0, 0.0, 0.0, 0.0, 0.0, 0.0, 0.0, 0.0, 0.0, 0.0, 0.0, 0.0, 0.0, 0.0, 0.0, 0.0, 0.0, 0.0, 0.0, 0.0, 0.0]
twist: 
  twist: 
    linear: 
      x: -0.0001455746626984351
      y: 0.03634220621552879
      z: -0.030018893346937296
    angular: 
      x: 0.0
      y: 0.0
      z: 0.0
  covariance: [0.0, 0.0, 0.0, 0.0, 0.0, 0.0, 0.0, 0.0, 0.0, 0.0, 0.0, 0.0, 0.0, 0.0, 0.0, 0.0, 0.0, 0.0, 0.0, 0.0, 0.0, 0.0, 0.0, 0.0, 0.0, 0.0, 0.0, 0.0, 0.0, 0.0, 0.0, 0.0, 0.0, 0.0, 0.0, 0.0]
---
header: 
  seq: 917
  stamp: 
    secs: 1744093077
    nsecs: 107787609
  frame_id: "world"
child_frame_id: "world"
pose: 
  pose: 
    position: 
      x: 0.5418592441996948
      y: 0.048055157129973596
      z: 0.48757776659722474
    orientation: 
      x: 0.00019033897431677967
      y: -0.0029415587573222686
      z: -0.0026180626763019793
      w: 0.9999922283452882
  covariance: [0.0, 0.0, 0.0, 0.0, 0.0, 0.0, 0.0, 0.0, 0.0, 0.0, 0.0, 0.0, 0.0, 0.0, 0.0, 0.0, 0.0, 0.0, 0.0, 0.0, 0.0, 0.0, 0.0, 0.0, 0.0, 0.0, 0.0, 0.0, 0.0, 0.0, 0.0, 0.0, 0.0, 0.0, 0.0, 0.0]
twist: 
  twist: 
    linear: 
      x: 0.006719199476139709
      y: 0.05917985480871075
      z: -0.03029167543611163
    angular: 
      x: 0.0
      y: 0.0
      z: 0.0
  covariance: [0.0, 0.0, 0.0, 0.0, 0.0, 0.0, 0.0, 0.0, 0.0, 0.0, 0.0, 0.0, 0.0, 0.0, 0.0, 0.0, 0.0, 0.0, 0.0, 0.0, 0.0, 0.0, 0.0, 0.0, 0.0, 0.0, 0.0, 0.0, 0.0, 0.0, 0.0, 0.0, 0.0, 0.0, 0.0, 0.0]
---
header: 
  seq: 918
  stamp: 
    secs: 1744093077
    nsecs: 241121531
  frame_id: "world"
child_frame_id: "world"
pose: 
  pose: 
    position: 
      x: 0.5434109965772569
      y: 0.05514081896929448
      z: 0.4867273894171873
    orientation: 
      x: 0.014527245329057125
      y: -0.0030709150327408513
      z: -0.0026967808438995784
      w: 0.9998861215143908
  covariance: [0.0, 0.0, 0.0, 0.0, 0.0, 0.0, 0.0, 0.0, 0.0, 0.0, 0.0, 0.0, 0.0, 0.0, 0.0, 0.0, 0.0, 0.0, 0.0, 0.0, 0.0, 0.0, 0.0, 0.0, 0.0, 0.0, 0.0, 0.0, 0.0, 0.0, 0.0, 0.0, 0.0, 0.0, 0.0, 0.0]
twist: 
  twist: 
    linear: 
      x: 0.015285294458943655
      y: 0.05016938603925352
      z: -0.014895009676216686
    angular: 
      x: 0.0
      y: 0.0
      z: 0.0
  covariance: [0.0, 0.0, 0.0, 0.0, 0.0, 0.0, 0.0, 0.0, 0.0, 0.0, 0.0, 0.0, 0.0, 0.0, 0.0, 0.0, 0.0, 0.0, 0.0, 0.0, 0.0, 0.0, 0.0, 0.0, 0.0, 0.0, 0.0, 0.0, 0.0, 0.0, 0.0, 0.0, 0.0, 0.0, 0.0, 0.0]
---
header: 
  seq: 919
  stamp: 
    secs: 1744093077
    nsecs: 374484777
  frame_id: "world"
child_frame_id: "world"
pose: 
  pose: 
    position: 
      x: 0.547195206938347
      y: 0.05406436425543626
      z: 0.4910357730893549
    orientation: 
      x: 0.017377165764673467
      y: -0.007728573496208468
      z: -0.0029474572892502853
      w: 0.9998147907273771
  covariance: [0.0, 0.0, 0.0, 0.0, 0.0, 0.0, 0.0, 0.0, 0.0, 0.0, 0.0, 0.0, 0.0, 0.0, 0.0, 0.0, 0.0, 0.0, 0.0, 0.0, 0.0, 0.0, 0.0, 0.0, 0.0, 0.0, 0.0, 0.0, 0.0, 0.0, 0.0, 0.0, 0.0, 0.0, 0.0, 0.0]
twist: 
  twist: 
    linear: 
      x: 0.020201938139624377
      y: -0.0009844244002502874
      z: 0.003943183621782058
    angular: 
      x: 0.0
      y: 0.0
      z: 0.0
  covariance: [0.0, 0.0, 0.0, 0.0, 0.0, 0.0, 0.0, 0.0, 0.0, 0.0, 0.0, 0.0, 0.0, 0.0, 0.0, 0.0, 0.0, 0.0, 0.0, 0.0, 0.0, 0.0, 0.0, 0.0, 0.0, 0.0, 0.0, 0.0, 0.0, 0.0, 0.0, 0.0, 0.0, 0.0, 0.0, 0.0]
---
header: 
  seq: 920
  stamp: 
    secs: 1744093077
    nsecs: 507843494
  frame_id: "world"
child_frame_id: "world"
pose: 
  pose: 
    position: 
      x: 0.5489716986393374
      y: 0.04756031358506652
      z: 0.5009187802587451
    orientation: 
      x: 0.01594122067090144
      y: -0.011995635447508026
      z: -0.003532499090418283
      w: 0.9997947307642245
  covariance: [0.0, 0.0, 0.0, 0.0, 0.0, 0.0, 0.0, 0.0, 0.0, 0.0, 0.0, 0.0, 0.0, 0.0, 0.0, 0.0, 0.0, 0.0, 0.0, 0.0, 0.0, 0.0, 0.0, 0.0, 0.0, 0.0, 0.0, 0.0, 0.0, 0.0, 0.0, 0.0, 0.0, 0.0, 0.0, 0.0]
twist: 
  twist: 
    linear: 
      x: 0.009161270678834849
      y: -0.06594091416526075
      z: 0.029917031003579748
    angular: 
      x: 0.0
      y: 0.0
      z: 0.0
  covariance: [0.0, 0.0, 0.0, 0.0, 0.0, 0.0, 0.0, 0.0, 0.0, 0.0, 0.0, 0.0, 0.0, 0.0, 0.0, 0.0, 0.0, 0.0, 0.0, 0.0, 0.0, 0.0, 0.0, 0.0, 0.0, 0.0, 0.0, 0.0, 0.0, 0.0, 0.0, 0.0, 0.0, 0.0, 0.0, 0.0]
---
header: 
  seq: 921
  stamp: 
    secs: 1744093077
    nsecs: 641201973
  frame_id: "world"
child_frame_id: "world"
pose: 
  pose: 
    position: 
      x: 0.5486983650444531
      y: 0.03595478015297644
      z: 0.5085137499010359
    orientation: 
      x: 0.0011684675736095581
      y: -0.01018874458615733
      z: -0.0038607033417016505
      w: 0.9999399577659625
  covariance: [0.0, 0.0, 0.0, 0.0, 0.0, 0.0, 0.0, 0.0, 0.0, 0.0, 0.0, 0.0, 0.0, 0.0, 0.0, 0.0, 0.0, 0.0, 0.0, 0.0, 0.0, 0.0, 0.0, 0.0, 0.0, 0.0, 0.0, 0.0, 0.0, 0.0, 0.0, 0.0, 0.0, 0.0, 0.0, 0.0]
twist: 
  twist: 
    linear: 
      x: -0.007775804722738381
      y: -0.09872353255621645
      z: 0.012580271516079653
    angular: 
      x: 0.0
      y: 0.0
      z: 0.0
  covariance: [0.0, 0.0, 0.0, 0.0, 0.0, 0.0, 0.0, 0.0, 0.0, 0.0, 0.0, 0.0, 0.0, 0.0, 0.0, 0.0, 0.0, 0.0, 0.0, 0.0, 0.0, 0.0, 0.0, 0.0, 0.0, 0.0, 0.0, 0.0, 0.0, 0.0, 0.0, 0.0, 0.0, 0.0, 0.0, 0.0]
---
header: 
  seq: 922
  stamp: 
    secs: 1744093077
    nsecs: 774559975
  frame_id: "world"
child_frame_id: "world"
pose: 
  pose: 
    position: 
      x: 0.5457848702440555
      y: 0.023511887228033136
      z: 0.5175531064541123
    orientation: 
      x: -0.01153883357191914
      y: -0.006609261123519509
      z: -0.0038703690984866956
      w: 0.9999040920159503
  covariance: [0.0, 0.0, 0.0, 0.0, 0.0, 0.0, 0.0, 0.0, 0.0, 0.0, 0.0, 0.0, 0.0, 0.0, 0.0, 0.0, 0.0, 0.0, 0.0, 0.0, 0.0, 0.0, 0.0, 0.0, 0.0, 0.0, 0.0, 0.0, 0.0, 0.0, 0.0, 0.0, 0.0, 0.0, 0.0, 0.0]
twist: 
  twist: 
    linear: 
      x: -0.016483187671493805
      y: -0.08719929443252651
      z: 0.02059751509096669
    angular: 
      x: 0.0
      y: 0.0
      z: 0.0
  covariance: [0.0, 0.0, 0.0, 0.0, 0.0, 0.0, 0.0, 0.0, 0.0, 0.0, 0.0, 0.0, 0.0, 0.0, 0.0, 0.0, 0.0, 0.0, 0.0, 0.0, 0.0, 0.0, 0.0, 0.0, 0.0, 0.0, 0.0, 0.0, 0.0, 0.0, 0.0, 0.0, 0.0, 0.0, 0.0, 0.0]
---
header: 
  seq: 923
  stamp: 
    secs: 1744093077
    nsecs: 907917976
  frame_id: "world"
child_frame_id: "world"
pose: 
  pose: 
    position: 
      x: 0.5414492813937467
      y: 0.013628663665243767
      z: 0.5251263060431115
    orientation: 
      x: -0.018559188908362036
      y: -0.0053202099407696
      z: -0.0035177785140737337
      w: 0.9998074200102617
  covariance: [0.0, 0.0, 0.0, 0.0, 0.0, 0.0, 0.0, 0.0, 0.0, 0.0, 0.0, 0.0, 0.0, 0.0, 0.0, 0.0, 0.0, 0.0, 0.0, 0.0, 0.0, 0.0, 0.0, 0.0, 0.0, 0.0, 0.0, 0.0, 0.0, 0.0, 0.0, 0.0, 0.0, 0.0, 0.0, 0.0]
twist: 
  twist: 
    linear: 
      x: -0.010311822834771518
      y: -0.08435861809787316
      z: 0.029341962254990014
    angular: 
      x: 0.0
      y: 0.0
      z: 0.0
  covariance: [0.0, 0.0, 0.0, 0.0, 0.0, 0.0, 0.0, 0.0, 0.0, 0.0, 0.0, 0.0, 0.0, 0.0, 0.0, 0.0, 0.0, 0.0, 0.0, 0.0, 0.0, 0.0, 0.0, 0.0, 0.0, 0.0, 0.0, 0.0, 0.0, 0.0, 0.0, 0.0, 0.0, 0.0, 0.0, 0.0]
---
header: 
  seq: 924
  stamp: 
    secs: 1744093078
    nsecs:  41275978
  frame_id: "world"
child_frame_id: "world"
pose: 
  pose: 
    position: 
      x: 0.5370841284407298
      y: 0.009833154875805732
      z: 0.5274279737966766
    orientation: 
      x: -0.024012331468043567
      y: -0.006890925576229123
      z: -0.004157287872479803
      w: 0.9996792685855383
  covariance: [0.0, 0.0, 0.0, 0.0, 0.0, 0.0, 0.0, 0.0, 0.0, 0.0, 0.0, 0.0, 0.0, 0.0, 0.0, 0.0, 0.0, 0.0, 0.0, 0.0, 0.0, 0.0, 0.0, 0.0, 0.0, 0.0, 0.0, 0.0, 0.0, 0.0, 0.0, 0.0, 0.0, 0.0, 0.0, 0.0]
twist: 
  twist: 
    linear: 
      x: -0.007054763466849826
      y: -0.049842309481136576
      z: 0.012890843394699616
    angular: 
      x: 0.0
      y: 0.0
      z: 0.0
  covariance: [0.0, 0.0, 0.0, 0.0, 0.0, 0.0, 0.0, 0.0, 0.0, 0.0, 0.0, 0.0, 0.0, 0.0, 0.0, 0.0, 0.0, 0.0, 0.0, 0.0, 0.0, 0.0, 0.0, 0.0, 0.0, 0.0, 0.0, 0.0, 0.0, 0.0, 0.0, 0.0, 0.0, 0.0, 0.0, 0.0]
---
header: 
  seq: 925
  stamp: 
    secs: 1744093078
    nsecs: 174633265
  frame_id: "world"
child_frame_id: "world"
pose: 
  pose: 
    position: 
      x: 0.5336807464034491
      y: 0.011976222282358062
      z: 0.5234583254443403
    orientation: 
      x: -0.019900872251089045
      y: -0.007215406423051248
      z: -0.004273343806310945
      w: 0.9997667886694922
  covariance: [0.0, 0.0, 0.0, 0.0, 0.0, 0.0, 0.0, 0.0, 0.0, 0.0, 0.0, 0.0, 0.0, 0.0, 0.0, 0.0, 0.0, 0.0, 0.0, 0.0, 0.0, 0.0, 0.0, 0.0, 0.0, 0.0, 0.0, 0.0, 0.0, 0.0, 0.0, 0.0, 0.0, 0.0, 0.0, 0.0]
twist: 
  twist: 
    linear: 
      x: -0.01009780673902206
      y: 0.006828062486066364
      z: -0.03782229086541985
    angular: 
      x: 0.0
      y: 0.0
      z: 0.0
  covariance: [0.0, 0.0, 0.0, 0.0, 0.0, 0.0, 0.0, 0.0, 0.0, 0.0, 0.0, 0.0, 0.0, 0.0, 0.0, 0.0, 0.0, 0.0, 0.0, 0.0, 0.0, 0.0, 0.0, 0.0, 0.0, 0.0, 0.0, 0.0, 0.0, 0.0, 0.0, 0.0, 0.0, 0.0, 0.0, 0.0]
---
header: 
  seq: 926
  stamp: 
    secs: 1744093078
    nsecs: 307984114
  frame_id: "world"
child_frame_id: "world"
pose: 
  pose: 
    position: 
      x: 0.5304115015300545
      y: 0.017251117304225266
      z: 0.5184226682980853
    orientation: 
      x: 0.0017201395775597206
      y: 0.00025185503616506085
      z: 0.09835871647434621
      w: 0.9951495066483195
  covariance: [0.0, 0.0, 0.0, 0.0, 0.0, 0.0, 0.0, 0.0, 0.0, 0.0, 0.0, 0.0, 0.0, 0.0, 0.0, 0.0, 0.0, 0.0, 0.0, 0.0, 0.0, 0.0, 0.0, 0.0, 0.0, 0.0, 0.0, 0.0, 0.0, 0.0, 0.0, 0.0, 0.0, 0.0, 0.0, 0.0]
twist: 
  twist: 
    linear: 
      x: -0.026949971534187402
      y: 0.06603792407351368
      z: 0.021532296717063738
    angular: 
      x: 0.0
      y: 0.0
      z: 0.0
  covariance: [0.0, 0.0, 0.0, 0.0, 0.0, 0.0, 0.0, 0.0, 0.0, 0.0, 0.0, 0.0, 0.0, 0.0, 0.0, 0.0, 0.0, 0.0, 0.0, 0.0, 0.0, 0.0, 0.0, 0.0, 0.0, 0.0, 0.0, 0.0, 0.0, 0.0, 0.0, 0.0, 0.0, 0.0, 0.0, 0.0]
---
header: 
  seq: 927
  stamp: 
    secs: 1744093078
    nsecs: 441332579
  frame_id: "world"
child_frame_id: "world"
pose: 
  pose: 
    position: 
      x: 0.5244937885338511
      y: 0.026226953858448213
      z: 0.5203209087113885
    orientation: 
      x: 0.019390124901217377
      y: -0.0010481207968357196
      z: 0.2954262046836323
      w: 0.9551681957044712
  covariance: [0.0, 0.0, 0.0, 0.0, 0.0, 0.0, 0.0, 0.0, 0.0, 0.0, 0.0, 0.0, 0.0, 0.0, 0.0, 0.0, 0.0, 0.0, 0.0, 0.0, 0.0, 0.0, 0.0, 0.0, 0.0, 0.0, 0.0, 0.0, 0.0, 0.0, 0.0, 0.0, 0.0, 0.0, 0.0, 0.0]
twist: 
  twist: 
    linear: 
      x: -0.03401715942908194
      y: 0.02147429081138913
      z: -0.006971136131850875
    angular: 
      x: 0.0
      y: 0.0
      z: 0.0
  covariance: [0.0, 0.0, 0.0, 0.0, 0.0, 0.0, 0.0, 0.0, 0.0, 0.0, 0.0, 0.0, 0.0, 0.0, 0.0, 0.0, 0.0, 0.0, 0.0, 0.0, 0.0, 0.0, 0.0, 0.0, 0.0, 0.0, 0.0, 0.0, 0.0, 0.0, 0.0, 0.0, 0.0, 0.0, 0.0, 0.0]
---
header: 
  seq: 928
  stamp: 
    secs: 1744093078
    nsecs: 574679375
  frame_id: "world"
child_frame_id: "world"
pose: 
  pose: 
    position: 
      x: 0.519344688371373
      y: 0.02800484901777134
      z: 0.5140660130969784
    orientation: 
      x: 0.010268363380568536
      y: 0.0012178838826649965
      z: 0.44268910881357365
      w: 0.8966155421417682
  covariance: [0.0, 0.0, 0.0, 0.0, 0.0, 0.0, 0.0, 0.0, 0.0, 0.0, 0.0, 0.0, 0.0, 0.0, 0.0, 0.0, 0.0, 0.0, 0.0, 0.0, 0.0, 0.0, 0.0, 0.0, 0.0, 0.0, 0.0, 0.0, 0.0, 0.0, 0.0, 0.0, 0.0, 0.0, 0.0, 0.0]
twist: 
  twist: 
    linear: 
      x: -0.029723655854878083
      y: -0.023041890970879737
      z: -0.05061632431060192
    angular: 
      x: 0.0
      y: 0.0
      z: 0.0
  covariance: [0.0, 0.0, 0.0, 0.0, 0.0, 0.0, 0.0, 0.0, 0.0, 0.0, 0.0, 0.0, 0.0, 0.0, 0.0, 0.0, 0.0, 0.0, 0.0, 0.0, 0.0, 0.0, 0.0, 0.0, 0.0, 0.0, 0.0, 0.0, 0.0, 0.0, 0.0, 0.0, 0.0, 0.0, 0.0, 0.0]
---
header: 
  seq: 929
  stamp: 
    secs: 1744093078
    nsecs: 708026409
  frame_id: "world"
child_frame_id: "world"
pose: 
  pose: 
    position: 
      x: 0.5146692077931797
      y: 0.02552057541417479
      z: 0.5076115614310923
    orientation: 
      x: 0.0022482433004045485
      y: 0.004906661627658154
      z: 0.5390640660071209
      w: 0.842247471242036
  covariance: [0.0, 0.0, 0.0, 0.0, 0.0, 0.0, 0.0, 0.0, 0.0, 0.0, 0.0, 0.0, 0.0, 0.0, 0.0, 0.0, 0.0, 0.0, 0.0, 0.0, 0.0, 0.0, 0.0, 0.0, 0.0, 0.0, 0.0, 0.0, 0.0, 0.0, 0.0, 0.0, 0.0, 0.0, 0.0, 0.0]
twist: 
  twist: 
    linear: 
      x: -0.011807681293303469
      y: -0.03838363757157625
      z: -0.03577248772782699
    angular: 
      x: 0.0
      y: 0.0
      z: 0.0
  covariance: [0.0, 0.0, 0.0, 0.0, 0.0, 0.0, 0.0, 0.0, 0.0, 0.0, 0.0, 0.0, 0.0, 0.0, 0.0, 0.0, 0.0, 0.0, 0.0, 0.0, 0.0, 0.0, 0.0, 0.0, 0.0, 0.0, 0.0, 0.0, 0.0, 0.0, 0.0, 0.0, 0.0, 0.0, 0.0, 0.0]
---
header: 
  seq: 930
  stamp: 
    secs: 1744093078
    nsecs: 841372728
  frame_id: "world"
child_frame_id: "world"
pose: 
  pose: 
    position: 
      x: 0.5064615264925135
      y: 0.029571348944410467
      z: 0.5133886096520464
    orientation: 
      x: -0.005131724490949239
      y: 0.0048485136923336536
      z: 0.6011153250142762
      w: 0.7991311052334937
  covariance: [0.0, 0.0, 0.0, 0.0, 0.0, 0.0, 0.0, 0.0, 0.0, 0.0, 0.0, 0.0, 0.0, 0.0, 0.0, 0.0, 0.0, 0.0, 0.0, 0.0, 0.0, 0.0, 0.0, 0.0, 0.0, 0.0, 0.0, 0.0, 0.0, 0.0, 0.0, 0.0, 0.0, 0.0, 0.0, 0.0]
twist: 
  twist: 
    linear: 
      x: 0.012912151699764132
      y: -0.014490453125201776
      z: 0.014955329319925628
    angular: 
      x: 0.0
      y: 0.0
      z: 0.0
  covariance: [0.0, 0.0, 0.0, 0.0, 0.0, 0.0, 0.0, 0.0, 0.0, 0.0, 0.0, 0.0, 0.0, 0.0, 0.0, 0.0, 0.0, 0.0, 0.0, 0.0, 0.0, 0.0, 0.0, 0.0, 0.0, 0.0, 0.0, 0.0, 0.0, 0.0, 0.0, 0.0, 0.0, 0.0, 0.0, 0.0]
---
header: 
  seq: 931
  stamp: 
    secs: 1744093078
    nsecs: 974719048
  frame_id: "world"
child_frame_id: "world"
pose: 
  pose: 
    position: 
      x: 0.5013805094761518
      y: 0.03972529356463975
      z: 0.516948795472358
    orientation: 
      x: -0.012011280791236685
      y: -0.002963283428047254
      z: 0.6399534577026676
      w: 0.7683140764423616
  covariance: [0.0, 0.0, 0.0, 0.0, 0.0, 0.0, 0.0, 0.0, 0.0, 0.0, 0.0, 0.0, 0.0, 0.0, 0.0, 0.0, 0.0, 0.0, 0.0, 0.0, 0.0, 0.0, 0.0, 0.0, 0.0, 0.0, 0.0, 0.0, 0.0, 0.0, 0.0, 0.0, 0.0, 0.0, 0.0, 0.0]
twist: 
  twist: 
    linear: 
      x: 0.011444329762212302
      y: 0.034357898838493696
      z: 0.01868517747703403
    angular: 
      x: 0.0
      y: 0.0
      z: 0.0
  covariance: [0.0, 0.0, 0.0, 0.0, 0.0, 0.0, 0.0, 0.0, 0.0, 0.0, 0.0, 0.0, 0.0, 0.0, 0.0, 0.0, 0.0, 0.0, 0.0, 0.0, 0.0, 0.0, 0.0, 0.0, 0.0, 0.0, 0.0, 0.0, 0.0, 0.0, 0.0, 0.0, 0.0, 0.0, 0.0, 0.0]
---
header: 
  seq: 932
  stamp: 
    secs: 1744093079
    nsecs: 108064651
  frame_id: "world"
child_frame_id: "world"
pose: 
  pose: 
    position: 
      x: 0.5019931626418763
      y: 0.05411777672464602
      z: 0.5119229347107328
    orientation: 
      x: -0.006331512882699056
      y: -0.006625753934706743
      z: 0.6649390864526177
      w: 0.7468413637694228
  covariance: [0.0, 0.0, 0.0, 0.0, 0.0, 0.0, 0.0, 0.0, 0.0, 0.0, 0.0, 0.0, 0.0, 0.0, 0.0, 0.0, 0.0, 0.0, 0.0, 0.0, 0.0, 0.0, 0.0, 0.0, 0.0, 0.0, 0.0, 0.0, 0.0, 0.0, 0.0, 0.0, 0.0, 0.0, 0.0, 0.0]
twist: 
  twist: 
    linear: 
      x: 0.0051147889470302705
      y: 0.06601425406069347
      z: -0.015754723067296687
    angular: 
      x: 0.0
      y: 0.0
      z: 0.0
  covariance: [0.0, 0.0, 0.0, 0.0, 0.0, 0.0, 0.0, 0.0, 0.0, 0.0, 0.0, 0.0, 0.0, 0.0, 0.0, 0.0, 0.0, 0.0, 0.0, 0.0, 0.0, 0.0, 0.0, 0.0, 0.0, 0.0, 0.0, 0.0, 0.0, 0.0, 0.0, 0.0, 0.0, 0.0, 0.0, 0.0]
---
header: 
  seq: 933
  stamp: 
    secs: 1744093079
    nsecs: 241411448
  frame_id: "world"
child_frame_id: "world"
pose: 
  pose: 
    position: 
      x: 0.4990485733155401
      y: 0.06971419306096947
      z: 0.5083089893976263
    orientation: 
      x: 0.0022570356762314134
      y: -0.008033473122039421
      z: 0.680644005569919
      w: 0.7325667933924456
  covariance: [0.0, 0.0, 0.0, 0.0, 0.0, 0.0, 0.0, 0.0, 0.0, 0.0, 0.0, 0.0, 0.0, 0.0, 0.0, 0.0, 0.0, 0.0, 0.0, 0.0, 0.0, 0.0, 0.0, 0.0, 0.0, 0.0, 0.0, 0.0, 0.0, 0.0, 0.0, 0.0, 0.0, 0.0, 0.0, 0.0]
twist: 
  twist: 
    linear: 
      x: -0.013376001001702565
      y: 0.08125217957748122
      z: -0.021198494605010415
    angular: 
      x: 0.0
      y: 0.0
      z: 0.0
  covariance: [0.0, 0.0, 0.0, 0.0, 0.0, 0.0, 0.0, 0.0, 0.0, 0.0, 0.0, 0.0, 0.0, 0.0, 0.0, 0.0, 0.0, 0.0, 0.0, 0.0, 0.0, 0.0, 0.0, 0.0, 0.0, 0.0, 0.0, 0.0, 0.0, 0.0, 0.0, 0.0, 0.0, 0.0, 0.0, 0.0]
---
header: 
  seq: 934
  stamp: 
    secs: 1744093079
    nsecs: 374753237
  frame_id: "world"
child_frame_id: "world"
pose: 
  pose: 
    position: 
      x: 0.4953544912804252
      y: 0.08608955806948385
      z: 0.5055894325254134
    orientation: 
      x: 0.010504790990183178
      y: -0.00564951770068934
      z: 0.6922900547604957
      w: 0.7215207636622194
  covariance: [0.0, 0.0, 0.0, 0.0, 0.0, 0.0, 0.0, 0.0, 0.0, 0.0, 0.0, 0.0, 0.0, 0.0, 0.0, 0.0, 0.0, 0.0, 0.0, 0.0, 0.0, 0.0, 0.0, 0.0, 0.0, 0.0, 0.0, 0.0, 0.0, 0.0, 0.0, 0.0, 0.0, 0.0, 0.0, 0.0]
twist: 
  twist: 
    linear: 
      x: -0.02700844631171598
      y: 0.07190304778885342
      z: -0.0065165348254162805
    angular: 
      x: 0.0
      y: 0.0
      z: 0.0
  covariance: [0.0, 0.0, 0.0, 0.0, 0.0, 0.0, 0.0, 0.0, 0.0, 0.0, 0.0, 0.0, 0.0, 0.0, 0.0, 0.0, 0.0, 0.0, 0.0, 0.0, 0.0, 0.0, 0.0, 0.0, 0.0, 0.0, 0.0, 0.0, 0.0, 0.0, 0.0, 0.0, 0.0, 0.0, 0.0, 0.0]
---
header: 
  seq: 935
  stamp: 
    secs: 1744093079
    nsecs: 508095980
  frame_id: "world"
child_frame_id: "world"
pose: 
  pose: 
    position: 
      x: 0.491065087099245
      y: 0.10352428795406292
      z: 0.5055901427811045
    orientation: 
      x: 0.014422859050298635
      y: 0.0007423198511730212
      z: 0.7010354171733276
      w: 0.7129802058729767
  covariance: [0.0, 0.0, 0.0, 0.0, 0.0, 0.0, 0.0, 0.0, 0.0, 0.0, 0.0, 0.0, 0.0, 0.0, 0.0, 0.0, 0.0, 0.0, 0.0, 0.0, 0.0, 0.0, 0.0, 0.0, 0.0, 0.0, 0.0, 0.0, 0.0, 0.0, 0.0, 0.0, 0.0, 0.0, 0.0, 0.0]
twist: 
  twist: 
    linear: 
      x: -0.012365400522693979
      y: 0.07162569864463193
      z: -0.0037964344753526964
    angular: 
      x: 0.0
      y: 0.0
      z: 0.0
  covariance: [0.0, 0.0, 0.0, 0.0, 0.0, 0.0, 0.0, 0.0, 0.0, 0.0, 0.0, 0.0, 0.0, 0.0, 0.0, 0.0, 0.0, 0.0, 0.0, 0.0, 0.0, 0.0, 0.0, 0.0, 0.0, 0.0, 0.0, 0.0, 0.0, 0.0, 0.0, 0.0, 0.0, 0.0, 0.0, 0.0]
---
header: 
  seq: 936
  stamp: 
    secs: 1744093079
    nsecs: 641438007
  frame_id: "world"
child_frame_id: "world"
pose: 
  pose: 
    position: 
      x: 0.4909492684137084
      y: 0.11673696503117684
      z: 0.5060290929232205
    orientation: 
      x: 0.013256750941524736
      y: 0.0036753146341855637
      z: 0.708348784282623
      w: 0.7057285245915345
  covariance: [0.0, 0.0, 0.0, 0.0, 0.0, 0.0, 0.0, 0.0, 0.0, 0.0, 0.0, 0.0, 0.0, 0.0, 0.0, 0.0, 0.0, 0.0, 0.0, 0.0, 0.0, 0.0, 0.0, 0.0, 0.0, 0.0, 0.0, 0.0, 0.0, 0.0, 0.0, 0.0, 0.0, 0.0, 0.0, 0.0]
twist: 
  twist: 
    linear: 
      x: 0.02269580733535473
      y: 0.07474657638189275
      z: -0.010032714125906098
    angular: 
      x: 0.0
      y: 0.0
      z: 0.0
  covariance: [0.0, 0.0, 0.0, 0.0, 0.0, 0.0, 0.0, 0.0, 0.0, 0.0, 0.0, 0.0, 0.0, 0.0, 0.0, 0.0, 0.0, 0.0, 0.0, 0.0, 0.0, 0.0, 0.0, 0.0, 0.0, 0.0, 0.0, 0.0, 0.0, 0.0, 0.0, 0.0, 0.0, 0.0, 0.0, 0.0]
---
header: 
  seq: 937
  stamp: 
    secs: 1744093079
    nsecs: 774779558
  frame_id: "world"
child_frame_id: "world"
pose: 
  pose: 
    position: 
      x: 0.4957717270970681
      y: 0.12836255973295596
      z: 0.5098896697745215
    orientation: 
      x: 0.007748868787771774
      y: -0.0038124053154462304
      z: 0.7151827861559255
      w: 0.6988841127000016
  covariance: [0.0, 0.0, 0.0, 0.0, 0.0, 0.0, 0.0, 0.0, 0.0, 0.0, 0.0, 0.0, 0.0, 0.0, 0.0, 0.0, 0.0, 0.0, 0.0, 0.0, 0.0, 0.0, 0.0, 0.0, 0.0, 0.0, 0.0, 0.0, 0.0, 0.0, 0.0, 0.0, 0.0, 0.0, 0.0, 0.0]
twist: 
  twist: 
    linear: 
      x: 0.05851021669056134
      y: 0.08017914213319068
      z: 0.042646069315540484
    angular: 
      x: 0.0
      y: 0.0
      z: 0.0
  covariance: [0.0, 0.0, 0.0, 0.0, 0.0, 0.0, 0.0, 0.0, 0.0, 0.0, 0.0, 0.0, 0.0, 0.0, 0.0, 0.0, 0.0, 0.0, 0.0, 0.0, 0.0, 0.0, 0.0, 0.0, 0.0, 0.0, 0.0, 0.0, 0.0, 0.0, 0.0, 0.0, 0.0, 0.0, 0.0, 0.0]
---
header: 
  seq: 938
  stamp: 
    secs: 1744093079
    nsecs: 908120632
  frame_id: "world"
child_frame_id: "world"
pose: 
  pose: 
    position: 
      x: 0.5008629117315463
      y: 0.13845823711961472
      z: 0.5150071155994054
    orientation: 
      x: -0.0022369982313203206
      y: -0.012312586612928339
      z: 0.7216603297912285
      w: 0.6921342098577614
  covariance: [0.0, 0.0, 0.0, 0.0, 0.0, 0.0, 0.0, 0.0, 0.0, 0.0, 0.0, 0.0, 0.0, 0.0, 0.0, 0.0, 0.0, 0.0, 0.0, 0.0, 0.0, 0.0, 0.0, 0.0, 0.0, 0.0, 0.0, 0.0, 0.0, 0.0, 0.0, 0.0, 0.0, 0.0, 0.0, 0.0]
twist: 
  twist: 
    linear: 
      x: 0.05853133341543688
      y: 0.07309736396170008
      z: 0.04619516552226922
    angular: 
      x: 0.0
      y: 0.0
      z: 0.0
  covariance: [0.0, 0.0, 0.0, 0.0, 0.0, 0.0, 0.0, 0.0, 0.0, 0.0, 0.0, 0.0, 0.0, 0.0, 0.0, 0.0, 0.0, 0.0, 0.0, 0.0, 0.0, 0.0, 0.0, 0.0, 0.0, 0.0, 0.0, 0.0, 0.0, 0.0, 0.0, 0.0, 0.0, 0.0, 0.0, 0.0]
---
header: 
  seq: 939
  stamp: 
    secs: 1744093080
    nsecs:  41461229
  frame_id: "world"
child_frame_id: "world"
pose: 
  pose: 
    position: 
      x: 0.5043489712345853
      y: 0.14638017403699438
      z: 0.5150187217858433
    orientation: 
      x: -0.010106985163386897
      y: -0.01573654763462609
      z: 0.7290465734106887
      w: 0.6842085235639671
  covariance: [0.0, 0.0, 0.0, 0.0, 0.0, 0.0, 0.0, 0.0, 0.0, 0.0, 0.0, 0.0, 0.0, 0.0, 0.0, 0.0, 0.0, 0.0, 0.0, 0.0, 0.0, 0.0, 0.0, 0.0, 0.0, 0.0, 0.0, 0.0, 0.0, 0.0, 0.0, 0.0, 0.0, 0.0, 0.0, 0.0]
twist: 
  twist: 
    linear: 
      x: 0.011540583048940687
      y: 0.07356474132093886
      z: 0.003418314449605474
    angular: 
      x: 0.0
      y: 0.0
      z: 0.0
  covariance: [0.0, 0.0, 0.0, 0.0, 0.0, 0.0, 0.0, 0.0, 0.0, 0.0, 0.0, 0.0, 0.0, 0.0, 0.0, 0.0, 0.0, 0.0, 0.0, 0.0, 0.0, 0.0, 0.0, 0.0, 0.0, 0.0, 0.0, 0.0, 0.0, 0.0, 0.0, 0.0, 0.0, 0.0, 0.0, 0.0]
---
header: 
  seq: 940
  stamp: 
    secs: 1744093080
    nsecs: 174801111
  frame_id: "world"
child_frame_id: "world"
pose: 
  pose: 
    position: 
      x: 0.5026794387659865
      y: 0.15658098654185604
      z: 0.5112004790772557
    orientation: 
      x: -0.010121425425198309
      y: -0.010428607184189934
      z: 0.7380844526635795
      w: 0.6745518079701992
  covariance: [0.0, 0.0, 0.0, 0.0, 0.0, 0.0, 0.0, 0.0, 0.0, 0.0, 0.0, 0.0, 0.0, 0.0, 0.0, 0.0, 0.0, 0.0, 0.0, 0.0, 0.0, 0.0, 0.0, 0.0, 0.0, 0.0, 0.0, 0.0, 0.0, 0.0, 0.0, 0.0, 0.0, 0.0, 0.0, 0.0]
twist: 
  twist: 
    linear: 
      x: -0.026655701980525245
      y: 0.08739544381364665
      z: -0.008800612324183726
    angular: 
      x: 0.0
      y: 0.0
      z: 0.0
  covariance: [0.0, 0.0, 0.0, 0.0, 0.0, 0.0, 0.0, 0.0, 0.0, 0.0, 0.0, 0.0, 0.0, 0.0, 0.0, 0.0, 0.0, 0.0, 0.0, 0.0, 0.0, 0.0, 0.0, 0.0, 0.0, 0.0, 0.0, 0.0, 0.0, 0.0, 0.0, 0.0, 0.0, 0.0, 0.0, 0.0]
---
header: 
  seq: 941
  stamp: 
    secs: 1744093080
    nsecs: 308152914
  frame_id: "world"
child_frame_id: "world"
pose: 
  pose: 
    position: 
      x: 0.4962168605029545
      y: 0.16964560117816113
      z: 0.5079710212799008
    orientation: 
      x: -0.005315387859117734
      y: -0.00332784599032272
      z: 0.7479285489575986
      w: 0.663749619771758
  covariance: [0.0, 0.0, 0.0, 0.0, 0.0, 0.0, 0.0, 0.0, 0.0, 0.0, 0.0, 0.0, 0.0, 0.0, 0.0, 0.0, 0.0, 0.0, 0.0, 0.0, 0.0, 0.0, 0.0, 0.0, 0.0, 0.0, 0.0, 0.0, 0.0, 0.0, 0.0, 0.0, 0.0, 0.0, 0.0, 0.0]
twist: 
  twist: 
    linear: 
      x: -0.058315139268155895
      y: 0.12113581774561444
      z: -0.016585660565322166
    angular: 
      x: 0.0
      y: 0.0
      z: 0.0
  covariance: [0.0, 0.0, 0.0, 0.0, 0.0, 0.0, 0.0, 0.0, 0.0, 0.0, 0.0, 0.0, 0.0, 0.0, 0.0, 0.0, 0.0, 0.0, 0.0, 0.0, 0.0, 0.0, 0.0, 0.0, 0.0, 0.0, 0.0, 0.0, 0.0, 0.0, 0.0, 0.0, 0.0, 0.0, 0.0, 0.0]
---
header: 
  seq: 942
  stamp: 
    secs: 1744093080
    nsecs: 441510201
  frame_id: "world"
child_frame_id: "world"
pose: 
  pose: 
    position: 
      x: 0.4867187195811588
      y: 0.18571660052109984
      z: 0.5029352943949628
    orientation: 
      x: 0.0034369838380297643
      y: 0.0011730003249261227
      z: 0.7589640246979655
      w: 0.6511224312113667
  covariance: [0.0, 0.0, 0.0, 0.0, 0.0, 0.0, 0.0, 0.0, 0.0, 0.0, 0.0, 0.0, 0.0, 0.0, 0.0, 0.0, 0.0, 0.0, 0.0, 0.0, 0.0, 0.0, 0.0, 0.0, 0.0, 0.0, 0.0, 0.0, 0.0, 0.0, 0.0, 0.0, 0.0, 0.0, 0.0, 0.0]
twist: 
  twist: 
    linear: 
      x: -0.07372533622712626
      y: 0.14308071851933185
      z: -0.022393505995246483
    angular: 
      x: 0.0
      y: 0.0
      z: 0.0
  covariance: [0.0, 0.0, 0.0, 0.0, 0.0, 0.0, 0.0, 0.0, 0.0, 0.0, 0.0, 0.0, 0.0, 0.0, 0.0, 0.0, 0.0, 0.0, 0.0, 0.0, 0.0, 0.0, 0.0, 0.0, 0.0, 0.0, 0.0, 0.0, 0.0, 0.0, 0.0, 0.0, 0.0, 0.0, 0.0, 0.0]
---
header: 
  seq: 943
  stamp: 
    secs: 1744093080
    nsecs: 574867725
  frame_id: "world"
child_frame_id: "world"
pose: 
  pose: 
    position: 
      x: 0.47649720424261166
      y: 0.2043997322100261
      z: 0.502990384088239
    orientation: 
      x: 0.005325835341238287
      y: 9.802227315705315e-05
      z: 0.7703593924297518
      w: 0.6375876664152279
  covariance: [0.0, 0.0, 0.0, 0.0, 0.0, 0.0, 0.0, 0.0, 0.0, 0.0, 0.0, 0.0, 0.0, 0.0, 0.0, 0.0, 0.0, 0.0, 0.0, 0.0, 0.0, 0.0, 0.0, 0.0, 0.0, 0.0, 0.0, 0.0, 0.0, 0.0, 0.0, 0.0, 0.0, 0.0, 0.0, 0.0]
twist: 
  twist: 
    linear: 
      x: -0.05305442844433511
      y: 0.16463671449630268
      z: 0.03942944040537142
    angular: 
      x: 0.0
      y: 0.0
      z: 0.0
  covariance: [0.0, 0.0, 0.0, 0.0, 0.0, 0.0, 0.0, 0.0, 0.0, 0.0, 0.0, 0.0, 0.0, 0.0, 0.0, 0.0, 0.0, 0.0, 0.0, 0.0, 0.0, 0.0, 0.0, 0.0, 0.0, 0.0, 0.0, 0.0, 0.0, 0.0, 0.0, 0.0, 0.0, 0.0, 0.0, 0.0]
---
header: 
  seq: 944
  stamp: 
    secs: 1744093080
    nsecs: 708224535
  frame_id: "world"
child_frame_id: "world"
pose: 
  pose: 
    position: 
      x: 0.4675874709566053
      y: 0.22499985914935577
      z: 0.5057712532104647
    orientation: 
      x: 0.0010497248429990865
      y: -0.005763858976975483
      z: 0.7834170058925543
      w: 0.6214688012167571
  covariance: [0.0, 0.0, 0.0, 0.0, 0.0, 0.0, 0.0, 0.0, 0.0, 0.0, 0.0, 0.0, 0.0, 0.0, 0.0, 0.0, 0.0, 0.0, 0.0, 0.0, 0.0, 0.0, 0.0, 0.0, 0.0, 0.0, 0.0, 0.0, 0.0, 0.0, 0.0, 0.0, 0.0, 0.0, 0.0, 0.0]
twist: 
  twist: 
    linear: 
      x: -0.06473454825644541
      y: 0.17593379804546125
      z: 0.02048829180865704
    angular: 
      x: 0.0
      y: 0.0
      z: 0.0
  covariance: [0.0, 0.0, 0.0, 0.0, 0.0, 0.0, 0.0, 0.0, 0.0, 0.0, 0.0, 0.0, 0.0, 0.0, 0.0, 0.0, 0.0, 0.0, 0.0, 0.0, 0.0, 0.0, 0.0, 0.0, 0.0, 0.0, 0.0, 0.0, 0.0, 0.0, 0.0, 0.0, 0.0, 0.0, 0.0, 0.0]
---
header: 
  seq: 945
  stamp: 
    secs: 1744093080
    nsecs: 841581345
  frame_id: "world"
child_frame_id: "world"
pose: 
  pose: 
    position: 
      x: 0.4581001614950468
      y: 0.24603372198339904
      z: 0.5073967502066142
    orientation: 
      x: -0.0018265291751802435
      y: -0.005390078459256664
      z: 0.7972334741463121
      w: 0.6036442648994329
  covariance: [0.0, 0.0, 0.0, 0.0, 0.0, 0.0, 0.0, 0.0, 0.0, 0.0, 0.0, 0.0, 0.0, 0.0, 0.0, 0.0, 0.0, 0.0, 0.0, 0.0, 0.0, 0.0, 0.0, 0.0, 0.0, 0.0, 0.0, 0.0, 0.0, 0.0, 0.0, 0.0, 0.0, 0.0, 0.0, 0.0]
twist: 
  twist: 
    linear: 
      x: -0.075848022169875
      y: 0.17851136503701748
      z: -0.006267098958047316
    angular: 
      x: 0.0
      y: 0.0
      z: 0.0
  covariance: [0.0, 0.0, 0.0, 0.0, 0.0, 0.0, 0.0, 0.0, 0.0, 0.0, 0.0, 0.0, 0.0, 0.0, 0.0, 0.0, 0.0, 0.0, 0.0, 0.0, 0.0, 0.0, 0.0, 0.0, 0.0, 0.0, 0.0, 0.0, 0.0, 0.0, 0.0, 0.0, 0.0, 0.0, 0.0, 0.0]
---
header: 
  seq: 946
  stamp: 
    secs: 1744093080
    nsecs: 974937916
  frame_id: "world"
child_frame_id: "world"
pose: 
  pose: 
    position: 
      x: 0.44689886033341997
      y: 0.2689319490300386
      z: 0.5081655202481348
    orientation: 
      x: -0.005026878580649256
      y: -0.004024895135351902
      z: 0.8127025169186818
      w: 0.5826432439365663
  covariance: [0.0, 0.0, 0.0, 0.0, 0.0, 0.0, 0.0, 0.0, 0.0, 0.0, 0.0, 0.0, 0.0, 0.0, 0.0, 0.0, 0.0, 0.0, 0.0, 0.0, 0.0, 0.0, 0.0, 0.0, 0.0, 0.0, 0.0, 0.0, 0.0, 0.0, 0.0, 0.0, 0.0, 0.0, 0.0, 0.0]
twist: 
  twist: 
    linear: 
      x: -0.09589575945352449
      y: 0.19385443442099273
      z: 0.0031497062858222152
    angular: 
      x: 0.0
      y: 0.0
      z: 0.0
  covariance: [0.0, 0.0, 0.0, 0.0, 0.0, 0.0, 0.0, 0.0, 0.0, 0.0, 0.0, 0.0, 0.0, 0.0, 0.0, 0.0, 0.0, 0.0, 0.0, 0.0, 0.0, 0.0, 0.0, 0.0, 0.0, 0.0, 0.0, 0.0, 0.0, 0.0, 0.0, 0.0, 0.0, 0.0, 0.0, 0.0]
---
header: 
  seq: 947
  stamp: 
    secs: 1744093081
    nsecs: 108295202
  frame_id: "world"
child_frame_id: "world"
pose: 
  pose: 
    position: 
      x: 0.43367342810796855
      y: 0.293905842244792
      z: 0.5104832827112762
    orientation: 
      x: -0.004353580688353421
      y: -0.0016482378063894757
      z: 0.8283601952033771
      w: 0.5601765049071114
  covariance: [0.0, 0.0, 0.0, 0.0, 0.0, 0.0, 0.0, 0.0, 0.0, 0.0, 0.0, 0.0, 0.0, 0.0, 0.0, 0.0, 0.0, 0.0, 0.0, 0.0, 0.0, 0.0, 0.0, 0.0, 0.0, 0.0, 0.0, 0.0, 0.0, 0.0, 0.0, 0.0, 0.0, 0.0, 0.0, 0.0]
twist: 
  twist: 
    linear: 
      x: -0.10923411020569267
      y: 0.20352877789990673
      z: 0.001739043844059529
    angular: 
      x: 0.0
      y: 0.0
      z: 0.0
  covariance: [0.0, 0.0, 0.0, 0.0, 0.0, 0.0, 0.0, 0.0, 0.0, 0.0, 0.0, 0.0, 0.0, 0.0, 0.0, 0.0, 0.0, 0.0, 0.0, 0.0, 0.0, 0.0, 0.0, 0.0, 0.0, 0.0, 0.0, 0.0, 0.0, 0.0, 0.0, 0.0, 0.0, 0.0, 0.0, 0.0]
---
header: 
  seq: 948
  stamp: 
    secs: 1744093081
    nsecs: 241649866
  frame_id: "world"
child_frame_id: "world"
pose: 
  pose: 
    position: 
      x: 0.4185900529176613
      y: 0.32088266997926373
      z: 0.5134904780738043
    orientation: 
      x: -0.008034058583774279
      y: -0.006079370393691499
      z: 0.8440645887838835
      w: 0.536146868982169
  covariance: [0.0, 0.0, 0.0, 0.0, 0.0, 0.0, 0.0, 0.0, 0.0, 0.0, 0.0, 0.0, 0.0, 0.0, 0.0, 0.0, 0.0, 0.0, 0.0, 0.0, 0.0, 0.0, 0.0, 0.0, 0.0, 0.0, 0.0, 0.0, 0.0, 0.0, 0.0, 0.0, 0.0, 0.0, 0.0, 0.0]
twist: 
  twist: 
    linear: 
      x: -0.10766096622612227
      y: 0.22667783182335366
      z: 0.03913838281861498
    angular: 
      x: 0.0
      y: 0.0
      z: 0.0
  covariance: [0.0, 0.0, 0.0, 0.0, 0.0, 0.0, 0.0, 0.0, 0.0, 0.0, 0.0, 0.0, 0.0, 0.0, 0.0, 0.0, 0.0, 0.0, 0.0, 0.0, 0.0, 0.0, 0.0, 0.0, 0.0, 0.0, 0.0, 0.0, 0.0, 0.0, 0.0, 0.0, 0.0, 0.0, 0.0, 0.0]
---
header: 
  seq: 949
  stamp: 
    secs: 1744093081
    nsecs: 375073195
  frame_id: "world"
child_frame_id: "world"
pose: 
  pose: 
    position: 
      x: 0.4009849097526393
      y: 0.35031695214136915
      z: 0.5174939807388086
    orientation: 
      x: -0.011979607283180526
      y: -0.01641144860676722
      z: 0.8604080304994098
      w: 0.5092005247602314
  covariance: [0.0, 0.0, 0.0, 0.0, 0.0, 0.0, 0.0, 0.0, 0.0, 0.0, 0.0, 0.0, 0.0, 0.0, 0.0, 0.0, 0.0, 0.0, 0.0, 0.0, 0.0, 0.0, 0.0, 0.0, 0.0, 0.0, 0.0, 0.0, 0.0, 0.0, 0.0, 0.0, 0.0, 0.0, 0.0, 0.0]
twist: 
  twist: 
    linear: 
      x: -0.1534400057197797
      y: 0.2329780766879024
      z: 0.04068723685040957
    angular: 
      x: 0.0
      y: 0.0
      z: 0.0
  covariance: [0.0, 0.0, 0.0, 0.0, 0.0, 0.0, 0.0, 0.0, 0.0, 0.0, 0.0, 0.0, 0.0, 0.0, 0.0, 0.0, 0.0, 0.0, 0.0, 0.0, 0.0, 0.0, 0.0, 0.0, 0.0, 0.0, 0.0, 0.0, 0.0, 0.0, 0.0, 0.0, 0.0, 0.0, 0.0, 0.0]
---
header: 
  seq: 950
  stamp: 
    secs: 1744093081
    nsecs: 508489847
  frame_id: "world"
child_frame_id: "world"
pose: 
  pose: 
    position: 
      x: 0.3675742337057953
      y: 0.3851498631042062
      z: 0.5355184594470336
    orientation: 
      x: -0.011195165003507588
      y: -0.014400940532020652
      z: 0.877425949899738
      w: 0.4793651881758626
  covariance: [0.0, 0.0, 0.0, 0.0, 0.0, 0.0, 0.0, 0.0, 0.0, 0.0, 0.0, 0.0, 0.0, 0.0, 0.0, 0.0, 0.0, 0.0, 0.0, 0.0, 0.0, 0.0, 0.0, 0.0, 0.0, 0.0, 0.0, 0.0, 0.0, 0.0, 0.0, 0.0, 0.0, 0.0, 0.0, 0.0]
twist: 
  twist: 
    linear: 
      x: -0.24239077070886383
      y: 0.2535078514607706
      z: 0.046578467332430255
    angular: 
      x: 0.0
      y: 0.0
      z: 0.0
  covariance: [0.0, 0.0, 0.0, 0.0, 0.0, 0.0, 0.0, 0.0, 0.0, 0.0, 0.0, 0.0, 0.0, 0.0, 0.0, 0.0, 0.0, 0.0, 0.0, 0.0, 0.0, 0.0, 0.0, 0.0, 0.0, 0.0, 0.0, 0.0, 0.0, 0.0, 0.0, 0.0, 0.0, 0.0, 0.0, 0.0]
---
header: 
  seq: 951
  stamp: 
    secs: 1744093081
    nsecs: 641909361
  frame_id: "world"
child_frame_id: "world"
pose: 
  pose: 
    position: 
      x: 0.34910560588216216
      y: 0.40565339872273887
      z: 0.5157659684876861
    orientation: 
      x: -0.002807640401848048
      y: -0.011684724291220049
      z: 0.894883351040533
      w: 0.4461382884309286
  covariance: [0.0, 0.0, 0.0, 0.0, 0.0, 0.0, 0.0, 0.0, 0.0, 0.0, 0.0, 0.0, 0.0, 0.0, 0.0, 0.0, 0.0, 0.0, 0.0, 0.0, 0.0, 0.0, 0.0, 0.0, 0.0, 0.0, 0.0, 0.0, 0.0, 0.0, 0.0, 0.0, 0.0, 0.0, 0.0, 0.0]
twist: 
  twist: 
    linear: 
      x: -0.24861441827551595
      y: 0.19197370936063904
      z: -0.02832739775040783
    angular: 
      x: 0.0
      y: 0.0
      z: 0.0
  covariance: [0.0, 0.0, 0.0, 0.0, 0.0, 0.0, 0.0, 0.0, 0.0, 0.0, 0.0, 0.0, 0.0, 0.0, 0.0, 0.0, 0.0, 0.0, 0.0, 0.0, 0.0, 0.0, 0.0, 0.0, 0.0, 0.0, 0.0, 0.0, 0.0, 0.0, 0.0, 0.0, 0.0, 0.0, 0.0, 0.0]
---
header: 
  seq: 952
  stamp: 
    secs: 1744093081
    nsecs: 775331974
  frame_id: "world"
child_frame_id: "world"
pose: 
  pose: 
    position: 
      x: 0.3174540795160842
      y: 0.42804633268220527
      z: 0.5089978198628673
    orientation: 
      x: 0.01380704175285669
      y: -0.01470397225553984
      z: 0.9112593459410014
      w: 0.41133874511541163
  covariance: [0.0, 0.0, 0.0, 0.0, 0.0, 0.0, 0.0, 0.0, 0.0, 0.0, 0.0, 0.0, 0.0, 0.0, 0.0, 0.0, 0.0, 0.0, 0.0, 0.0, 0.0, 0.0, 0.0, 0.0, 0.0, 0.0, 0.0, 0.0, 0.0, 0.0, 0.0, 0.0, 0.0, 0.0, 0.0, 0.0]
twist: 
  twist: 
    linear: 
      x: -0.24650603636152596
      y: 0.16572520525577442
      z: -0.05405332475721105
    angular: 
      x: 0.0
      y: 0.0
      z: 0.0
  covariance: [0.0, 0.0, 0.0, 0.0, 0.0, 0.0, 0.0, 0.0, 0.0, 0.0, 0.0, 0.0, 0.0, 0.0, 0.0, 0.0, 0.0, 0.0, 0.0, 0.0, 0.0, 0.0, 0.0, 0.0, 0.0, 0.0, 0.0, 0.0, 0.0, 0.0, 0.0, 0.0, 0.0, 0.0, 0.0, 0.0]
---
header: 
  seq: 953
  stamp: 
    secs: 1744093081
    nsecs: 908758163
  frame_id: "world"
child_frame_id: "world"
pose: 
  pose: 
    position: 
      x: 0.28525144647881695
      y: 0.4505757012271484
      z: 0.5030175829489271
    orientation: 
      x: 0.0026357670815017322
      y: -0.01203676433001159
      z: 0.9270032022430631
      w: 0.37485094646734274
  covariance: [0.0, 0.0, 0.0, 0.0, 0.0, 0.0, 0.0, 0.0, 0.0, 0.0, 0.0, 0.0, 0.0, 0.0, 0.0, 0.0, 0.0, 0.0, 0.0, 0.0, 0.0, 0.0, 0.0, 0.0, 0.0, 0.0, 0.0, 0.0, 0.0, 0.0, 0.0, 0.0, 0.0, 0.0, 0.0, 0.0]
twist: 
  twist: 
    linear: 
      x: -0.25339646065596416
      y: 0.1459177509458707
      z: -0.012467403187555277
    angular: 
      x: 0.0
      y: 0.0
      z: 0.0
  covariance: [0.0, 0.0, 0.0, 0.0, 0.0, 0.0, 0.0, 0.0, 0.0, 0.0, 0.0, 0.0, 0.0, 0.0, 0.0, 0.0, 0.0, 0.0, 0.0, 0.0, 0.0, 0.0, 0.0, 0.0, 0.0, 0.0, 0.0, 0.0, 0.0, 0.0, 0.0, 0.0, 0.0, 0.0, 0.0, 0.0]
---
header: 
  seq: 954
  stamp: 
    secs: 1744093082
    nsecs:  42186975
  frame_id: "world"
child_frame_id: "world"
pose: 
  pose: 
    position: 
      x: 0.2543516553381867
      y: 0.4706169700595083
      z: 0.5112453310849868
    orientation: 
      x: -0.006806133308770872
      y: -0.008327446060100068
      z: 0.9416940841154389
      w: 0.3362983528557405
  covariance: [0.0, 0.0, 0.0, 0.0, 0.0, 0.0, 0.0, 0.0, 0.0, 0.0, 0.0, 0.0, 0.0, 0.0, 0.0, 0.0, 0.0, 0.0, 0.0, 0.0, 0.0, 0.0, 0.0, 0.0, 0.0, 0.0, 0.0, 0.0, 0.0, 0.0, 0.0, 0.0, 0.0, 0.0, 0.0, 0.0]
twist: 
  twist: 
    linear: 
      x: -0.26280280068172146
      y: 0.13325628944059575
      z: 0.0659772672275218
    angular: 
      x: 0.0
      y: 0.0
      z: 0.0
  covariance: [0.0, 0.0, 0.0, 0.0, 0.0, 0.0, 0.0, 0.0, 0.0, 0.0, 0.0, 0.0, 0.0, 0.0, 0.0, 0.0, 0.0, 0.0, 0.0, 0.0, 0.0, 0.0, 0.0, 0.0, 0.0, 0.0, 0.0, 0.0, 0.0, 0.0, 0.0, 0.0, 0.0, 0.0, 0.0, 0.0]
---
header: 
  seq: 955
  stamp: 
    secs: 1744093082
    nsecs: 175619364
  frame_id: "world"
child_frame_id: "world"
pose: 
  pose: 
    position: 
      x: 0.2237680285943522
      y: 0.48595420877651085
      z: 0.5208094919763236
    orientation: 
      x: -0.00964213088969174
      y: -0.008641188612022042
      z: 0.9550816404832165
      w: 0.29605982365590494
  covariance: [0.0, 0.0, 0.0, 0.0, 0.0, 0.0, 0.0, 0.0, 0.0, 0.0, 0.0, 0.0, 0.0, 0.0, 0.0, 0.0, 0.0, 0.0, 0.0, 0.0, 0.0, 0.0, 0.0, 0.0, 0.0, 0.0, 0.0, 0.0, 0.0, 0.0, 0.0, 0.0, 0.0, 0.0, 0.0, 0.0]
twist: 
  twist: 
    linear: 
      x: -0.28823205051437045
      y: 0.10998695303320981
      z: 0.0575470735902249
    angular: 
      x: 0.0
      y: 0.0
      z: 0.0
  covariance: [0.0, 0.0, 0.0, 0.0, 0.0, 0.0, 0.0, 0.0, 0.0, 0.0, 0.0, 0.0, 0.0, 0.0, 0.0, 0.0, 0.0, 0.0, 0.0, 0.0, 0.0, 0.0, 0.0, 0.0, 0.0, 0.0, 0.0, 0.0, 0.0, 0.0, 0.0, 0.0, 0.0, 0.0, 0.0, 0.0]
---
header: 
  seq: 956
  stamp: 
    secs: 1744093082
    nsecs: 309008360
  frame_id: "world"
child_frame_id: "world"
pose: 
  pose: 
    position: 
      x: 0.1860588527282629
      y: 0.5034681933937238
      z: 0.526784822798548
    orientation: 
      x: -0.007890279334744893
      y: -0.012800270199610789
      z: 0.9669868860764222
      w: 0.2543821116569739
  covariance: [0.0, 0.0, 0.0, 0.0, 0.0, 0.0, 0.0, 0.0, 0.0, 0.0, 0.0, 0.0, 0.0, 0.0, 0.0, 0.0, 0.0, 0.0, 0.0, 0.0, 0.0, 0.0, 0.0, 0.0, 0.0, 0.0, 0.0, 0.0, 0.0, 0.0, 0.0, 0.0, 0.0, 0.0, 0.0, 0.0]
twist: 
  twist: 
    linear: 
      x: -0.3185095030277492
      y: 0.11114631779107725
      z: 0.05317908623934323
    angular: 
      x: 0.0
      y: 0.0
      z: 0.0
  covariance: [0.0, 0.0, 0.0, 0.0, 0.0, 0.0, 0.0, 0.0, 0.0, 0.0, 0.0, 0.0, 0.0, 0.0, 0.0, 0.0, 0.0, 0.0, 0.0, 0.0, 0.0, 0.0, 0.0, 0.0, 0.0, 0.0, 0.0, 0.0, 0.0, 0.0, 0.0, 0.0, 0.0, 0.0, 0.0, 0.0]
---
header: 
  seq: 957
  stamp: 
    secs: 1744093082
    nsecs: 442373753
  frame_id: "world"
child_frame_id: "world"
pose: 
  pose: 
    position: 
      x: 0.14258733731089246
      y: 0.5189380598025952
      z: 0.5310866227315392
    orientation: 
      x: -0.005374057351318342
      y: -0.01524066146176643
      z: 0.9773621380971016
      w: 0.21095519135601898
  covariance: [0.0, 0.0, 0.0, 0.0, 0.0, 0.0, 0.0, 0.0, 0.0, 0.0, 0.0, 0.0, 0.0, 0.0, 0.0, 0.0, 0.0, 0.0, 0.0, 0.0, 0.0, 0.0, 0.0, 0.0, 0.0, 0.0, 0.0, 0.0, 0.0, 0.0, 0.0, 0.0, 0.0, 0.0, 0.0, 0.0]
twist: 
  twist: 
    linear: 
      x: -0.35654365587488773
      y: 0.08141656052359832
      z: 0.004845028499599949
    angular: 
      x: 0.0
      y: 0.0
      z: 0.0
  covariance: [0.0, 0.0, 0.0, 0.0, 0.0, 0.0, 0.0, 0.0, 0.0, 0.0, 0.0, 0.0, 0.0, 0.0, 0.0, 0.0, 0.0, 0.0, 0.0, 0.0, 0.0, 0.0, 0.0, 0.0, 0.0, 0.0, 0.0, 0.0, 0.0, 0.0, 0.0, 0.0, 0.0, 0.0, 0.0, 0.0]
---
header: 
  seq: 958
  stamp: 
    secs: 1744093082
    nsecs: 575739384
  frame_id: "world"
child_frame_id: "world"
pose: 
  pose: 
    position: 
      x: 0.09526153056739856
      y: 0.5312466806519016
      z: 0.5321880763255289
    orientation: 
      x: 0.0008773126814389153
      y: -0.016017494399757026
      z: 0.9860282623312997
      w: 0.16580390851705
  covariance: [0.0, 0.0, 0.0, 0.0, 0.0, 0.0, 0.0, 0.0, 0.0, 0.0, 0.0, 0.0, 0.0, 0.0, 0.0, 0.0, 0.0, 0.0, 0.0, 0.0, 0.0, 0.0, 0.0, 0.0, 0.0, 0.0, 0.0, 0.0, 0.0, 0.0, 0.0, 0.0, 0.0, 0.0, 0.0, 0.0]
twist: 
  twist: 
    linear: 
      x: -0.37490369009189217
      y: 0.051523059800225715
      z: 0.027035243671649337
    angular: 
      x: 0.0
      y: 0.0
      z: 0.0
  covariance: [0.0, 0.0, 0.0, 0.0, 0.0, 0.0, 0.0, 0.0, 0.0, 0.0, 0.0, 0.0, 0.0, 0.0, 0.0, 0.0, 0.0, 0.0, 0.0, 0.0, 0.0, 0.0, 0.0, 0.0, 0.0, 0.0, 0.0, 0.0, 0.0, 0.0, 0.0, 0.0, 0.0, 0.0, 0.0, 0.0]
---
header: 
  seq: 959
  stamp: 
    secs: 1744093082
    nsecs: 709105492
  frame_id: "world"
child_frame_id: "world"
pose: 
  pose: 
    position: 
      x: 0.04702035171005298
      y: 0.5385361732653966
      z: 0.5345746063417522
    orientation: 
      x: 0.004163494602640387
      y: -0.018545944486110293
      z: 0.992617380840918
      w: 0.1197891836032281
  covariance: [0.0, 0.0, 0.0, 0.0, 0.0, 0.0, 0.0, 0.0, 0.0, 0.0, 0.0, 0.0, 0.0, 0.0, 0.0, 0.0, 0.0, 0.0, 0.0, 0.0, 0.0, 0.0, 0.0, 0.0, 0.0, 0.0, 0.0, 0.0, 0.0, 0.0, 0.0, 0.0, 0.0, 0.0, 0.0, 0.0]
twist: 
  twist: 
    linear: 
      x: -0.37552925712126867
      y: 0.03124512881329812
      z: 0.011900895184690518
    angular: 
      x: 0.0
      y: 0.0
      z: 0.0
  covariance: [0.0, 0.0, 0.0, 0.0, 0.0, 0.0, 0.0, 0.0, 0.0, 0.0, 0.0, 0.0, 0.0, 0.0, 0.0, 0.0, 0.0, 0.0, 0.0, 0.0, 0.0, 0.0, 0.0, 0.0, 0.0, 0.0, 0.0, 0.0, 0.0, 0.0, 0.0, 0.0, 0.0, 0.0, 0.0, 0.0]
---
header: 
  seq: 960
  stamp: 
    secs: 1744093082
    nsecs: 842471361
  frame_id: "world"
child_frame_id: "world"
pose: 
  pose: 
    position: 
      x: -0.0009265445734714106
      y: 0.5440973891308409
      z: 0.5343170083266211
    orientation: 
      x: 0.003953967945732349
      y: -0.02181598612891854
      z: 0.9971029413969718
      w: 0.07276093144135752
  covariance: [0.0, 0.0, 0.0, 0.0, 0.0, 0.0, 0.0, 0.0, 0.0, 0.0, 0.0, 0.0, 0.0, 0.0, 0.0, 0.0, 0.0, 0.0, 0.0, 0.0, 0.0, 0.0, 0.0, 0.0, 0.0, 0.0, 0.0, 0.0, 0.0, 0.0, 0.0, 0.0, 0.0, 0.0, 0.0, 0.0]
twist: 
  twist: 
    linear: 
      x: -0.36723581271471273
      y: -0.00624349847147711
      z: -0.011218107145205849
    angular: 
      x: 0.0
      y: 0.0
      z: 0.0
  covariance: [0.0, 0.0, 0.0, 0.0, 0.0, 0.0, 0.0, 0.0, 0.0, 0.0, 0.0, 0.0, 0.0, 0.0, 0.0, 0.0, 0.0, 0.0, 0.0, 0.0, 0.0, 0.0, 0.0, 0.0, 0.0, 0.0, 0.0, 0.0, 0.0, 0.0, 0.0, 0.0, 0.0, 0.0, 0.0, 0.0]
---
header: 
  seq: 961
  stamp: 
    secs: 1744093082
    nsecs: 975837946
  frame_id: "world"
child_frame_id: "world"
pose: 
  pose: 
    position: 
      x: -0.04617164241194949
      y: 0.5426096950582211
      z: 0.5319748162212842
    orientation: 
      x: 0.002957043910321341
      y: -0.021194473651669044
      z: 0.9994357190971539
      w: 0.025890028402764245
  covariance: [0.0, 0.0, 0.0, 0.0, 0.0, 0.0, 0.0, 0.0, 0.0, 0.0, 0.0, 0.0, 0.0, 0.0, 0.0, 0.0, 0.0, 0.0, 0.0, 0.0, 0.0, 0.0, 0.0, 0.0, 0.0, 0.0, 0.0, 0.0, 0.0, 0.0, 0.0, 0.0, 0.0, 0.0, 0.0, 0.0]
twist: 
  twist: 
    linear: 
      x: -0.3558909609612297
      y: -0.057600555095087165
      z: -0.010207134597808754
    angular: 
      x: 0.0
      y: 0.0
      z: 0.0
  covariance: [0.0, 0.0, 0.0, 0.0, 0.0, 0.0, 0.0, 0.0, 0.0, 0.0, 0.0, 0.0, 0.0, 0.0, 0.0, 0.0, 0.0, 0.0, 0.0, 0.0, 0.0, 0.0, 0.0, 0.0, 0.0, 0.0, 0.0, 0.0, 0.0, 0.0, 0.0, 0.0, 0.0, 0.0, 0.0, 0.0]
---
header: 
  seq: 962
  stamp: 
    secs: 1744093083
    nsecs: 109204054
  frame_id: "world"
child_frame_id: "world"
pose: 
  pose: 
    position: 
      x: -0.09141069781173172
      y: 0.5332791067988121
      z: 0.5308713349366351
    orientation: 
      x: 0.0033724483265082654
      y: -0.01841213694254103
      z: 0.9996104337251812
      w: -0.020702671162184376
  covariance: [0.0, 0.0, 0.0, 0.0, 0.0, 0.0, 0.0, 0.0, 0.0, 0.0, 0.0, 0.0, 0.0, 0.0, 0.0, 0.0, 0.0, 0.0, 0.0, 0.0, 0.0, 0.0, 0.0, 0.0, 0.0, 0.0, 0.0, 0.0, 0.0, 0.0, 0.0, 0.0, 0.0, 0.0, 0.0, 0.0]
twist: 
  twist: 
    linear: 
      x: -0.3510449725984717
      y: -0.11473293661003212
      z: -0.009882301860553121
    angular: 
      x: 0.0
      y: 0.0
      z: 0.0
  covariance: [0.0, 0.0, 0.0, 0.0, 0.0, 0.0, 0.0, 0.0, 0.0, 0.0, 0.0, 0.0, 0.0, 0.0, 0.0, 0.0, 0.0, 0.0, 0.0, 0.0, 0.0, 0.0, 0.0, 0.0, 0.0, 0.0, 0.0, 0.0, 0.0, 0.0, 0.0, 0.0, 0.0, 0.0, 0.0, 0.0]
---
header: 
  seq: 963
  stamp: 
    secs: 1744093083
    nsecs: 242569923
  frame_id: "world"
child_frame_id: "world"
pose: 
  pose: 
    position: 
      x: -0.13557275685159353
      y: 0.5198106134874834
      z: 0.5286657036244512
    orientation: 
      x: 0.005105457901842097
      y: -0.01676245078585716
      z: 0.9974853398522335
      w: -0.06867278444288227
  covariance: [0.0, 0.0, 0.0, 0.0, 0.0, 0.0, 0.0, 0.0, 0.0, 0.0, 0.0, 0.0, 0.0, 0.0, 0.0, 0.0, 0.0, 0.0, 0.0, 0.0, 0.0, 0.0, 0.0, 0.0, 0.0, 0.0, 0.0, 0.0, 0.0, 0.0, 0.0, 0.0, 0.0, 0.0, 0.0, 0.0]
twist: 
  twist: 
    linear: 
      x: -0.34308142223897115
      y: -0.13567359434773282
      z: -0.0008870782386909898
    angular: 
      x: 0.0
      y: 0.0
      z: 0.0
  covariance: [0.0, 0.0, 0.0, 0.0, 0.0, 0.0, 0.0, 0.0, 0.0, 0.0, 0.0, 0.0, 0.0, 0.0, 0.0, 0.0, 0.0, 0.0, 0.0, 0.0, 0.0, 0.0, 0.0, 0.0, 0.0, 0.0, 0.0, 0.0, 0.0, 0.0, 0.0, 0.0, 0.0, 0.0, 0.0, 0.0]
---
header: 
  seq: 964
  stamp: 
    secs: 1744093083
    nsecs: 375913858
  frame_id: "world"
child_frame_id: "world"
pose: 
  pose: 
    position: 
      x: -0.1779571381183883
      y: 0.5031203203130863
      z: 0.5247626260930047
    orientation: 
      x: 0.009939229382337446
      y: -0.020477532355857756
      z: 0.9929793875516862
      w: -0.11607677754563252
  covariance: [0.0, 0.0, 0.0, 0.0, 0.0, 0.0, 0.0, 0.0, 0.0, 0.0, 0.0, 0.0, 0.0, 0.0, 0.0, 0.0, 0.0, 0.0, 0.0, 0.0, 0.0, 0.0, 0.0, 0.0, 0.0, 0.0, 0.0, 0.0, 0.0, 0.0, 0.0, 0.0, 0.0, 0.0, 0.0, 0.0]
twist: 
  twist: 
    linear: 
      x: -0.34364546576342797
      y: -0.13937026921071788
      z: 0.004164466136366703
    angular: 
      x: 0.0
      y: 0.0
      z: 0.0
  covariance: [0.0, 0.0, 0.0, 0.0, 0.0, 0.0, 0.0, 0.0, 0.0, 0.0, 0.0, 0.0, 0.0, 0.0, 0.0, 0.0, 0.0, 0.0, 0.0, 0.0, 0.0, 0.0, 0.0, 0.0, 0.0, 0.0, 0.0, 0.0, 0.0, 0.0, 0.0, 0.0, 0.0, 0.0, 0.0, 0.0]
---
header: 
  seq: 965
  stamp: 
    secs: 1744093083
    nsecs: 509259462
  frame_id: "world"
child_frame_id: "world"
pose: 
  pose: 
    position: 
      x: -0.2200261619563263
      y: 0.48129398577126603
      z: 0.5207634661883939
    orientation: 
      x: 0.010293713251166044
      y: -0.02306478138867986
      z: 0.9861958685327591
      w: -0.16364523890389354
  covariance: [0.0, 0.0, 0.0, 0.0, 0.0, 0.0, 0.0, 0.0, 0.0, 0.0, 0.0, 0.0, 0.0, 0.0, 0.0, 0.0, 0.0, 0.0, 0.0, 0.0, 0.0, 0.0, 0.0, 0.0, 0.0, 0.0, 0.0, 0.0, 0.0, 0.0, 0.0, 0.0, 0.0, 0.0, 0.0, 0.0]
twist: 
  twist: 
    linear: 
      x: -0.3177315999735146
      y: -0.20146326519087207
      z: -0.029722249330496338
    angular: 
      x: 0.0
      y: 0.0
      z: 0.0
  covariance: [0.0, 0.0, 0.0, 0.0, 0.0, 0.0, 0.0, 0.0, 0.0, 0.0, 0.0, 0.0, 0.0, 0.0, 0.0, 0.0, 0.0, 0.0, 0.0, 0.0, 0.0, 0.0, 0.0, 0.0, 0.0, 0.0, 0.0, 0.0, 0.0, 0.0, 0.0, 0.0, 0.0, 0.0, 0.0, 0.0]
---
header: 
  seq: 966
  stamp: 
    secs: 1744093083
    nsecs: 642604589
  frame_id: "world"
child_frame_id: "world"
pose: 
  pose: 
    position: 
      x: -0.2610975096927597
      y: 0.4504553954877354
      z: 0.5138305599644466
    orientation: 
      x: 0.008495657543662735
      y: -0.02271284557725616
      z: 0.9773345988736497
      w: -0.21030699535005234
  covariance: [0.0, 0.0, 0.0, 0.0, 0.0, 0.0, 0.0, 0.0, 0.0, 0.0, 0.0, 0.0, 0.0, 0.0, 0.0, 0.0, 0.0, 0.0, 0.0, 0.0, 0.0, 0.0, 0.0, 0.0, 0.0, 0.0, 0.0, 0.0, 0.0, 0.0, 0.0, 0.0, 0.0, 0.0, 0.0, 0.0]
twist: 
  twist: 
    linear: 
      x: -0.29196852172782845
      y: -0.2610890570144814
      z: -0.03581053950269445
    angular: 
      x: 0.0
      y: 0.0
      z: 0.0
  covariance: [0.0, 0.0, 0.0, 0.0, 0.0, 0.0, 0.0, 0.0, 0.0, 0.0, 0.0, 0.0, 0.0, 0.0, 0.0, 0.0, 0.0, 0.0, 0.0, 0.0, 0.0, 0.0, 0.0, 0.0, 0.0, 0.0, 0.0, 0.0, 0.0, 0.0, 0.0, 0.0, 0.0, 0.0, 0.0, 0.0]
---
header: 
  seq: 967
  stamp: 
    secs: 1744093083
    nsecs: 775950193
  frame_id: "world"
child_frame_id: "world"
pose: 
  pose: 
    position: 
      x: -0.3006682031896378
      y: 0.41337000671695234
      z: 0.5079354214421338
    orientation: 
      x: 0.006836313399577931
      y: -0.014117736661395843
      z: 0.9663318033750594
      w: -0.2568205601515736
  covariance: [0.0, 0.0, 0.0, 0.0, 0.0, 0.0, 0.0, 0.0, 0.0, 0.0, 0.0, 0.0, 0.0, 0.0, 0.0, 0.0, 0.0, 0.0, 0.0, 0.0, 0.0, 0.0, 0.0, 0.0, 0.0, 0.0, 0.0, 0.0, 0.0, 0.0, 0.0, 0.0, 0.0, 0.0, 0.0, 0.0]
twist: 
  twist: 
    linear: 
      x: -0.28101543739005796
      y: -0.29037183797566574
      z: -0.005275636162945752
    angular: 
      x: 0.0
      y: 0.0
      z: 0.0
  covariance: [0.0, 0.0, 0.0, 0.0, 0.0, 0.0, 0.0, 0.0, 0.0, 0.0, 0.0, 0.0, 0.0, 0.0, 0.0, 0.0, 0.0, 0.0, 0.0, 0.0, 0.0, 0.0, 0.0, 0.0, 0.0, 0.0, 0.0, 0.0, 0.0, 0.0, 0.0, 0.0, 0.0, 0.0, 0.0, 0.0]
---
header: 
  seq: 968
  stamp: 
    secs: 1744093083
    nsecs: 909294367
  frame_id: "world"
child_frame_id: "world"
pose: 
  pose: 
    position: 
      x: -0.3372459902033542
      y: 0.3733303351455179
      z: 0.5080045671671849
    orientation: 
      x: 0.009130803303888312
      y: -0.010622533770044813
      z: 0.9531553190041183
      w: -0.3021567938363913
  covariance: [0.0, 0.0, 0.0, 0.0, 0.0, 0.0, 0.0, 0.0, 0.0, 0.0, 0.0, 0.0, 0.0, 0.0, 0.0, 0.0, 0.0, 0.0, 0.0, 0.0, 0.0, 0.0, 0.0, 0.0, 0.0, 0.0, 0.0, 0.0, 0.0, 0.0, 0.0, 0.0, 0.0, 0.0, 0.0, 0.0]
twist: 
  twist: 
    linear: 
      x: -0.2670778335693206
      y: -0.3056372166836158
      z: 0.01630343289693007
    angular: 
      x: 0.0
      y: 0.0
      z: 0.0
  covariance: [0.0, 0.0, 0.0, 0.0, 0.0, 0.0, 0.0, 0.0, 0.0, 0.0, 0.0, 0.0, 0.0, 0.0, 0.0, 0.0, 0.0, 0.0, 0.0, 0.0, 0.0, 0.0, 0.0, 0.0, 0.0, 0.0, 0.0, 0.0, 0.0, 0.0, 0.0, 0.0, 0.0, 0.0, 0.0, 0.0]
---
header: 
  seq: 969
  stamp: 
    secs: 1744093084
    nsecs:  42638302
  frame_id: "world"
child_frame_id: "world"
pose: 
  pose: 
    position: 
      x: -0.3709296137730679
      y: 0.3313622754416963
      z: 0.5083647090850157
    orientation: 
      x: 0.015110802766275092
      y: -0.013603352240320695
      z: 0.9375198852914508
      w: -0.34733712316809656
  covariance: [0.0, 0.0, 0.0, 0.0, 0.0, 0.0, 0.0, 0.0, 0.0, 0.0, 0.0, 0.0, 0.0, 0.0, 0.0, 0.0, 0.0, 0.0, 0.0, 0.0, 0.0, 0.0, 0.0, 0.0, 0.0, 0.0, 0.0, 0.0, 0.0, 0.0, 0.0, 0.0, 0.0, 0.0, 0.0, 0.0]
twist: 
  twist: 
    linear: 
      x: -0.2407086021378035
      y: -0.33037067782584045
      z: 0.00789563178187739
    angular: 
      x: 0.0
      y: 0.0
      z: 0.0
  covariance: [0.0, 0.0, 0.0, 0.0, 0.0, 0.0, 0.0, 0.0, 0.0, 0.0, 0.0, 0.0, 0.0, 0.0, 0.0, 0.0, 0.0, 0.0, 0.0, 0.0, 0.0, 0.0, 0.0, 0.0, 0.0, 0.0, 0.0, 0.0, 0.0, 0.0, 0.0, 0.0, 0.0, 0.0, 0.0, 0.0]
---
header: 
  seq: 970
  stamp: 
    secs: 1744093084
    nsecs: 175981522
  frame_id: "world"
child_frame_id: "world"
pose: 
  pose: 
    position: 
      x: -0.3995513805810795
      y: 0.2860475876812254
      z: 0.5052729889345826
    orientation: 
      x: 0.018351359229674742
      y: -0.011225110054928862
      z: 0.9198428846816586
      w: -0.3916966836969685
  covariance: [0.0, 0.0, 0.0, 0.0, 0.0, 0.0, 0.0, 0.0, 0.0, 0.0, 0.0, 0.0, 0.0, 0.0, 0.0, 0.0, 0.0, 0.0, 0.0, 0.0, 0.0, 0.0, 0.0, 0.0, 0.0, 0.0, 0.0, 0.0, 0.0, 0.0, 0.0, 0.0, 0.0, 0.0, 0.0, 0.0]
twist: 
  twist: 
    linear: 
      x: -0.20066370761365662
      y: -0.34915036916332814
      z: -0.008809553742121003
    angular: 
      x: 0.0
      y: 0.0
      z: 0.0
  covariance: [0.0, 0.0, 0.0, 0.0, 0.0, 0.0, 0.0, 0.0, 0.0, 0.0, 0.0, 0.0, 0.0, 0.0, 0.0, 0.0, 0.0, 0.0, 0.0, 0.0, 0.0, 0.0, 0.0, 0.0, 0.0, 0.0, 0.0, 0.0, 0.0, 0.0, 0.0, 0.0, 0.0, 0.0, 0.0, 0.0]
---
header: 
  seq: 971
  stamp: 
    secs: 1744093084
    nsecs: 309336424
  frame_id: "world"
child_frame_id: "world"
pose: 
  pose: 
    position: 
      x: -0.42407731380768365
      y: 0.24117079072782327
      z: 0.504001691803709
    orientation: 
      x: 0.018924099879099356
      y: -0.008676153271607508
      z: 0.9004359345823619
      w: -0.4344901961160482
  covariance: [0.0, 0.0, 0.0, 0.0, 0.0, 0.0, 0.0, 0.0, 0.0, 0.0, 0.0, 0.0, 0.0, 0.0, 0.0, 0.0, 0.0, 0.0, 0.0, 0.0, 0.0, 0.0, 0.0, 0.0, 0.0, 0.0, 0.0, 0.0, 0.0, 0.0, 0.0, 0.0, 0.0, 0.0, 0.0, 0.0]
twist: 
  twist: 
    linear: 
      x: -0.176381040847716
      y: -0.3388346553455858
      z: 0.022981612538023038
    angular: 
      x: 0.0
      y: 0.0
      z: 0.0
  covariance: [0.0, 0.0, 0.0, 0.0, 0.0, 0.0, 0.0, 0.0, 0.0, 0.0, 0.0, 0.0, 0.0, 0.0, 0.0, 0.0, 0.0, 0.0, 0.0, 0.0, 0.0, 0.0, 0.0, 0.0, 0.0, 0.0, 0.0, 0.0, 0.0, 0.0, 0.0, 0.0, 0.0, 0.0, 0.0, 0.0]
---
header: 
  seq: 972
  stamp: 
    secs: 1744093084
    nsecs: 442698002
  frame_id: "world"
child_frame_id: "world"
pose: 
  pose: 
    position: 
      x: -0.4428494493763373
      y: 0.19589357235750515
      z: 0.5035311234818672
    orientation: 
      x: 0.018843325129807777
      y: -0.011585163464917598
      z: 0.8795865819436219
      w: -0.47522432382010893
  covariance: [0.0, 0.0, 0.0, 0.0, 0.0, 0.0, 0.0, 0.0, 0.0, 0.0, 0.0, 0.0, 0.0, 0.0, 0.0, 0.0, 0.0, 0.0, 0.0, 0.0, 0.0, 0.0, 0.0, 0.0, 0.0, 0.0, 0.0, 0.0, 0.0, 0.0, 0.0, 0.0, 0.0, 0.0, 0.0, 0.0]
twist: 
  twist: 
    linear: 
      x: -0.12812923163810488
      y: -0.3426784069403178
      z: -0.003084172115753668
    angular: 
      x: 0.0
      y: 0.0
      z: 0.0
  covariance: [0.0, 0.0, 0.0, 0.0, 0.0, 0.0, 0.0, 0.0, 0.0, 0.0, 0.0, 0.0, 0.0, 0.0, 0.0, 0.0, 0.0, 0.0, 0.0, 0.0, 0.0, 0.0, 0.0, 0.0, 0.0, 0.0, 0.0, 0.0, 0.0, 0.0, 0.0, 0.0, 0.0, 0.0, 0.0, 0.0]
---
header: 
  seq: 973
  stamp: 
    secs: 1744093084
    nsecs: 576059818
  frame_id: "world"
child_frame_id: "world"
pose: 
  pose: 
    position: 
      x: -0.45965412421747676
      y: 0.1457334273491313
      z: 0.5019329116258889
    orientation: 
      x: -0.015643847527863224
      y: 0.013997755904144382
      z: -0.8566698359174699
      w: 0.515437799441706
  covariance: [0.0, 0.0, 0.0, 0.0, 0.0, 0.0, 0.0, 0.0, 0.0, 0.0, 0.0, 0.0, 0.0, 0.0, 0.0, 0.0, 0.0, 0.0, 0.0, 0.0, 0.0, 0.0, 0.0, 0.0, 0.0, 0.0, 0.0, 0.0, 0.0, 0.0, 0.0, 0.0, 0.0, 0.0, 0.0, 0.0]
twist: 
  twist: 
    linear: 
      x: -0.10161976331834181
      y: -0.3642912157539278
      z: 0.01864051713487991
    angular: 
      x: 0.0
      y: 0.0
      z: 0.0
  covariance: [0.0, 0.0, 0.0, 0.0, 0.0, 0.0, 0.0, 0.0, 0.0, 0.0, 0.0, 0.0, 0.0, 0.0, 0.0, 0.0, 0.0, 0.0, 0.0, 0.0, 0.0, 0.0, 0.0, 0.0, 0.0, 0.0, 0.0, 0.0, 0.0, 0.0, 0.0, 0.0, 0.0, 0.0, 0.0, 0.0]
---
header: 
  seq: 974
  stamp: 
    secs: 1744093084
    nsecs: 709421635
  frame_id: "world"
child_frame_id: "world"
pose: 
  pose: 
    position: 
      x: -0.47120282157542787
      y: 0.09303143826882992
      z: 0.5000894295846579
    orientation: 
      x: -0.012573951271485606
      y: 0.011518398377733663
      z: -0.8316139579392966
      w: 0.555092287109785
  covariance: [0.0, 0.0, 0.0, 0.0, 0.0, 0.0, 0.0, 0.0, 0.0, 0.0, 0.0, 0.0, 0.0, 0.0, 0.0, 0.0, 0.0, 0.0, 0.0, 0.0, 0.0, 0.0, 0.0, 0.0, 0.0, 0.0, 0.0, 0.0, 0.0, 0.0, 0.0, 0.0, 0.0, 0.0, 0.0, 0.0]
twist: 
  twist: 
    linear: 
      x: -0.08286941323752646
      y: -0.38892963858255925
      z: 0.008797923656278208
    angular: 
      x: 0.0
      y: 0.0
      z: 0.0
  covariance: [0.0, 0.0, 0.0, 0.0, 0.0, 0.0, 0.0, 0.0, 0.0, 0.0, 0.0, 0.0, 0.0, 0.0, 0.0, 0.0, 0.0, 0.0, 0.0, 0.0, 0.0, 0.0, 0.0, 0.0, 0.0, 0.0, 0.0, 0.0, 0.0, 0.0, 0.0, 0.0, 0.0, 0.0, 0.0, 0.0]
---
header: 
  seq: 975
  stamp: 
    secs: 1744093084
    nsecs: 842783928
  frame_id: "world"
child_frame_id: "world"
pose: 
  pose: 
    position: 
      x: -0.47641121641594786
      y: 0.04046880480952508
      z: 0.49468312229336314
    orientation: 
      x: -0.017983744777872457
      y: 0.009005525571085563
      z: -0.8046023050084241
      w: 0.5934733491978254
  covariance: [0.0, 0.0, 0.0, 0.0, 0.0, 0.0, 0.0, 0.0, 0.0, 0.0, 0.0, 0.0, 0.0, 0.0, 0.0, 0.0, 0.0, 0.0, 0.0, 0.0, 0.0, 0.0, 0.0, 0.0, 0.0, 0.0, 0.0, 0.0, 0.0, 0.0, 0.0, 0.0, 0.0, 0.0, 0.0, 0.0]
twist: 
  twist: 
    linear: 
      x: -0.04149719484890324
      y: -0.3900322020046209
      z: -0.02379381430793336
    angular: 
      x: 0.0
      y: 0.0
      z: 0.0
  covariance: [0.0, 0.0, 0.0, 0.0, 0.0, 0.0, 0.0, 0.0, 0.0, 0.0, 0.0, 0.0, 0.0, 0.0, 0.0, 0.0, 0.0, 0.0, 0.0, 0.0, 0.0, 0.0, 0.0, 0.0, 0.0, 0.0, 0.0, 0.0, 0.0, 0.0, 0.0, 0.0, 0.0, 0.0, 0.0, 0.0]
---
header: 
  seq: 976
  stamp: 
    secs: 1744093084
    nsecs: 976146221
  frame_id: "world"
child_frame_id: "world"
pose: 
  pose: 
    position: 
      x: -0.47560235261582773
      y: -0.01230500021184161
      z: 0.4915986242923867
    orientation: 
      x: -0.022676192492579315
      y: 0.007643239072209025
      z: -0.7752958121668309
      w: 0.6311448128814013
  covariance: [0.0, 0.0, 0.0, 0.0, 0.0, 0.0, 0.0, 0.0, 0.0, 0.0, 0.0, 0.0, 0.0, 0.0, 0.0, 0.0, 0.0, 0.0, 0.0, 0.0, 0.0, 0.0, 0.0, 0.0, 0.0, 0.0, 0.0, 0.0, 0.0, 0.0, 0.0, 0.0, 0.0, 0.0, 0.0, 0.0]
twist: 
  twist: 
    linear: 
      x: 0.00879998730033846
      y: -0.3916354446507668
      z: -0.010625182927859118
    angular: 
      x: 0.0
      y: 0.0
      z: 0.0
  covariance: [0.0, 0.0, 0.0, 0.0, 0.0, 0.0, 0.0, 0.0, 0.0, 0.0, 0.0, 0.0, 0.0, 0.0, 0.0, 0.0, 0.0, 0.0, 0.0, 0.0, 0.0, 0.0, 0.0, 0.0, 0.0, 0.0, 0.0, 0.0, 0.0, 0.0, 0.0, 0.0, 0.0, 0.0, 0.0, 0.0]
---
header: 
  seq: 977
  stamp: 
    secs: 1744093085
    nsecs: 109508753
  frame_id: "world"
child_frame_id: "world"
pose: 
  pose: 
    position: 
      x: -0.46879663255700244
      y: -0.06529451617213727
      z: 0.48980474357064197
    orientation: 
      x: -0.022056626840462664
      y: 0.0049757004837306905
      z: -0.7445590024638358
      w: 0.6671736201823141
  covariance: [0.0, 0.0, 0.0, 0.0, 0.0, 0.0, 0.0, 0.0, 0.0, 0.0, 0.0, 0.0, 0.0, 0.0, 0.0, 0.0, 0.0, 0.0, 0.0, 0.0, 0.0, 0.0, 0.0, 0.0, 0.0, 0.0, 0.0, 0.0, 0.0, 0.0, 0.0, 0.0, 0.0, 0.0, 0.0, 0.0]
twist: 
  twist: 
    linear: 
      x: 0.05215153480753637
      y: -0.3902041921725634
      z: 0.018574725194124838
    angular: 
      x: 0.0
      y: 0.0
      z: 0.0
  covariance: [0.0, 0.0, 0.0, 0.0, 0.0, 0.0, 0.0, 0.0, 0.0, 0.0, 0.0, 0.0, 0.0, 0.0, 0.0, 0.0, 0.0, 0.0, 0.0, 0.0, 0.0, 0.0, 0.0, 0.0, 0.0, 0.0, 0.0, 0.0, 0.0, 0.0, 0.0, 0.0, 0.0, 0.0, 0.0, 0.0]
---
header: 
  seq: 978
  stamp: 
    secs: 1744093085
    nsecs: 242871046
  frame_id: "world"
child_frame_id: "world"
pose: 
  pose: 
    position: 
      x: -0.45852140734902264
      y: -0.11648681961326474
      z: 0.49326951514216144
    orientation: 
      x: -0.020126955504922432
      y: 0.0012405609097501918
      z: -0.7130152507544266
      w: 0.7008584870445206
  covariance: [0.0, 0.0, 0.0, 0.0, 0.0, 0.0, 0.0, 0.0, 0.0, 0.0, 0.0, 0.0, 0.0, 0.0, 0.0, 0.0, 0.0, 0.0, 0.0, 0.0, 0.0, 0.0, 0.0, 0.0, 0.0, 0.0, 0.0, 0.0, 0.0, 0.0, 0.0, 0.0, 0.0, 0.0, 0.0, 0.0]
twist: 
  twist: 
    linear: 
      x: 0.10928215760458279
      y: -0.37507790290167564
      z: 0.026052649924385066
    angular: 
      x: 0.0
      y: 0.0
      z: 0.0
  covariance: [0.0, 0.0, 0.0, 0.0, 0.0, 0.0, 0.0, 0.0, 0.0, 0.0, 0.0, 0.0, 0.0, 0.0, 0.0, 0.0, 0.0, 0.0, 0.0, 0.0, 0.0, 0.0, 0.0, 0.0, 0.0, 0.0, 0.0, 0.0, 0.0, 0.0, 0.0, 0.0, 0.0, 0.0, 0.0, 0.0]
---
header: 
  seq: 979
  stamp: 
    secs: 1744093085
    nsecs: 376229286
  frame_id: "world"
child_frame_id: "world"
pose: 
  pose: 
    position: 
      x: -0.4476736055110322
      y: -0.16270787619627836
      z: 0.4953929374019881
    orientation: 
      x: -0.01551663537968009
      y: -0.003080476516360756
      z: -0.6802457613326028
      w: 0.7328133792992277
  covariance: [0.0, 0.0, 0.0, 0.0, 0.0, 0.0, 0.0, 0.0, 0.0, 0.0, 0.0, 0.0, 0.0, 0.0, 0.0, 0.0, 0.0, 0.0, 0.0, 0.0, 0.0, 0.0, 0.0, 0.0, 0.0, 0.0, 0.0, 0.0, 0.0, 0.0, 0.0, 0.0, 0.0, 0.0, 0.0, 0.0]
twist: 
  twist: 
    linear: 
      x: 0.10816783212232471
      y: -0.3533372788715884
      z: 0.014598729093302173
    angular: 
      x: 0.0
      y: 0.0
      z: 0.0
  covariance: [0.0, 0.0, 0.0, 0.0, 0.0, 0.0, 0.0, 0.0, 0.0, 0.0, 0.0, 0.0, 0.0, 0.0, 0.0, 0.0, 0.0, 0.0, 0.0, 0.0, 0.0, 0.0, 0.0, 0.0, 0.0, 0.0, 0.0, 0.0, 0.0, 0.0, 0.0, 0.0, 0.0, 0.0, 0.0, 0.0]
---
header: 
  seq: 980
  stamp: 
    secs: 1744093085
    nsecs: 509587765
  frame_id: "world"
child_frame_id: "world"
pose: 
  pose: 
    position: 
      x: -0.4377185875332015
      y: -0.21185937751668726
      z: 0.4979605277806532
    orientation: 
      x: -0.017273959368407806
      y: -0.00015457816145753194
      z: -0.6458798188866207
      w: 0.7632436347512613
  covariance: [0.0, 0.0, 0.0, 0.0, 0.0, 0.0, 0.0, 0.0, 0.0, 0.0, 0.0, 0.0, 0.0, 0.0, 0.0, 0.0, 0.0, 0.0, 0.0, 0.0, 0.0, 0.0, 0.0, 0.0, 0.0, 0.0, 0.0, 0.0, 0.0, 0.0, 0.0, 0.0, 0.0, 0.0, 0.0, 0.0]
twist: 
  twist: 
    linear: 
      x: 0.10958064887103743
      y: -0.3433115683981095
      z: 0.03219480411613203
    angular: 
      x: 0.0
      y: 0.0
      z: 0.0
  covariance: [0.0, 0.0, 0.0, 0.0, 0.0, 0.0, 0.0, 0.0, 0.0, 0.0, 0.0, 0.0, 0.0, 0.0, 0.0, 0.0, 0.0, 0.0, 0.0, 0.0, 0.0, 0.0, 0.0, 0.0, 0.0, 0.0, 0.0, 0.0, 0.0, 0.0, 0.0, 0.0, 0.0, 0.0, 0.0, 0.0]
---
header: 
  seq: 981
  stamp: 
    secs: 1744093085
    nsecs: 642945766
  frame_id: "world"
child_frame_id: "world"
pose: 
  pose: 
    position: 
      x: -0.4241249864516815
      y: -0.25639850497746325
      z: 0.49993615914202827
    orientation: 
      x: -0.022448605187372166
      y: 0.006368086244759857
      z: -0.61035996849407
      w: 0.7917804092440268
  covariance: [0.0, 0.0, 0.0, 0.0, 0.0, 0.0, 0.0, 0.0, 0.0, 0.0, 0.0, 0.0, 0.0, 0.0, 0.0, 0.0, 0.0, 0.0, 0.0, 0.0, 0.0, 0.0, 0.0, 0.0, 0.0, 0.0, 0.0, 0.0, 0.0, 0.0, 0.0, 0.0, 0.0, 0.0, 0.0, 0.0]
twist: 
  twist: 
    linear: 
      x: 0.12837152112473013
      y: -0.33281778966642367
      z: 0.024488855178285095
    angular: 
      x: 0.0
      y: 0.0
      z: 0.0
  covariance: [0.0, 0.0, 0.0, 0.0, 0.0, 0.0, 0.0, 0.0, 0.0, 0.0, 0.0, 0.0, 0.0, 0.0, 0.0, 0.0, 0.0, 0.0, 0.0, 0.0, 0.0, 0.0, 0.0, 0.0, 0.0, 0.0, 0.0, 0.0, 0.0, 0.0, 0.0, 0.0, 0.0, 0.0, 0.0, 0.0]
---
header: 
  seq: 982
  stamp: 
    secs: 1744093085
    nsecs: 776303768
  frame_id: "world"
child_frame_id: "world"
pose: 
  pose: 
    position: 
      x: -0.40506219103088303
      y: -0.30024016762869377
      z: 0.5005360087284472
    orientation: 
      x: -0.023275312248032684
      y: 0.006959560419586448
      z: -0.5728256463039245
      w: 0.8193171567195537
  covariance: [0.0, 0.0, 0.0, 0.0, 0.0, 0.0, 0.0, 0.0, 0.0, 0.0, 0.0, 0.0, 0.0, 0.0, 0.0, 0.0, 0.0, 0.0, 0.0, 0.0, 0.0, 0.0, 0.0, 0.0, 0.0, 0.0, 0.0, 0.0, 0.0, 0.0, 0.0, 0.0, 0.0, 0.0, 0.0, 0.0]
twist: 
  twist: 
    linear: 
      x: 0.17893926859546339
      y: -0.3065341332862679
      z: 0.014383673700674875
    angular: 
      x: 0.0
      y: 0.0
      z: 0.0
  covariance: [0.0, 0.0, 0.0, 0.0, 0.0, 0.0, 0.0, 0.0, 0.0, 0.0, 0.0, 0.0, 0.0, 0.0, 0.0, 0.0, 0.0, 0.0, 0.0, 0.0, 0.0, 0.0, 0.0, 0.0, 0.0, 0.0, 0.0, 0.0, 0.0, 0.0, 0.0, 0.0, 0.0, 0.0, 0.0, 0.0]
---
header: 
  seq: 983
  stamp: 
    secs: 1744093085
    nsecs: 909661531
  frame_id: "world"
child_frame_id: "world"
pose: 
  pose: 
    position: 
      x: -0.3825678326634232
      y: -0.3382094470972117
      z: 0.5015775507615914
    orientation: 
      x: -0.024053441234909725
      y: 0.00790580369483761
      z: -0.5342450107208293
      w: 0.8449504120080649
  covariance: [0.0, 0.0, 0.0, 0.0, 0.0, 0.0, 0.0, 0.0, 0.0, 0.0, 0.0, 0.0, 0.0, 0.0, 0.0, 0.0, 0.0, 0.0, 0.0, 0.0, 0.0, 0.0, 0.0, 0.0, 0.0, 0.0, 0.0, 0.0, 0.0, 0.0, 0.0, 0.0, 0.0, 0.0, 0.0, 0.0]
twist: 
  twist: 
    linear: 
      x: 0.20312009852208412
      y: -0.2869288943511779
      z: 0.01221222907629974
    angular: 
      x: 0.0
      y: 0.0
      z: 0.0
  covariance: [0.0, 0.0, 0.0, 0.0, 0.0, 0.0, 0.0, 0.0, 0.0, 0.0, 0.0, 0.0, 0.0, 0.0, 0.0, 0.0, 0.0, 0.0, 0.0, 0.0, 0.0, 0.0, 0.0, 0.0, 0.0, 0.0, 0.0, 0.0, 0.0, 0.0, 0.0, 0.0, 0.0, 0.0, 0.0, 0.0]
---
header: 
  seq: 984
  stamp: 
    secs: 1744093086
    nsecs:  43019533
  frame_id: "world"
child_frame_id: "world"
pose: 
  pose: 
    position: 
      x: -0.35862697024805595
      y: -0.3663477653571312
      z: 0.5000135278234445
    orientation: 
      x: -0.030031264242120714
      y: 0.00793864742263995
      z: -0.49463287425419245
      w: 0.8685467291701439
  covariance: [0.0, 0.0, 0.0, 0.0, 0.0, 0.0, 0.0, 0.0, 0.0, 0.0, 0.0, 0.0, 0.0, 0.0, 0.0, 0.0, 0.0, 0.0, 0.0, 0.0, 0.0, 0.0, 0.0, 0.0, 0.0, 0.0, 0.0, 0.0, 0.0, 0.0, 0.0, 0.0, 0.0, 0.0, 0.0, 0.0]
twist: 
  twist: 
    linear: 
      x: 0.22372048326108993
      y: -0.2574117452986979
      z: 0.019768280597439482
    angular: 
      x: 0.0
      y: 0.0
      z: 0.0
  covariance: [0.0, 0.0, 0.0, 0.0, 0.0, 0.0, 0.0, 0.0, 0.0, 0.0, 0.0, 0.0, 0.0, 0.0, 0.0, 0.0, 0.0, 0.0, 0.0, 0.0, 0.0, 0.0, 0.0, 0.0, 0.0, 0.0, 0.0, 0.0, 0.0, 0.0, 0.0, 0.0, 0.0, 0.0, 0.0, 0.0]
---
header: 
  seq: 985
  stamp: 
    secs: 1744093086
    nsecs: 176377058
  frame_id: "world"
child_frame_id: "world"
pose: 
  pose: 
    position: 
      x: -0.3265733917330469
      y: -0.3940173199402251
      z: 0.5001454502235848
    orientation: 
      x: -0.031276235932187944
      y: 0.008148530600944585
      z: -0.4537304482234369
      w: 0.890552681692621
  covariance: [0.0, 0.0, 0.0, 0.0, 0.0, 0.0, 0.0, 0.0, 0.0, 0.0, 0.0, 0.0, 0.0, 0.0, 0.0, 0.0, 0.0, 0.0, 0.0, 0.0, 0.0, 0.0, 0.0, 0.0, 0.0, 0.0, 0.0, 0.0, 0.0, 0.0, 0.0, 0.0, 0.0, 0.0, 0.0, 0.0]
twist: 
  twist: 
    linear: 
      x: 0.2741442308403663
      y: -0.21171197309989323
      z: -0.007389709606739185
    angular: 
      x: 0.0
      y: 0.0
      z: 0.0
  covariance: [0.0, 0.0, 0.0, 0.0, 0.0, 0.0, 0.0, 0.0, 0.0, 0.0, 0.0, 0.0, 0.0, 0.0, 0.0, 0.0, 0.0, 0.0, 0.0, 0.0, 0.0, 0.0, 0.0, 0.0, 0.0, 0.0, 0.0, 0.0, 0.0, 0.0, 0.0, 0.0, 0.0, 0.0, 0.0, 0.0]
---
header: 
  seq: 986
  stamp: 
    secs: 1744093086
    nsecs: 309732437
  frame_id: "world"
child_frame_id: "world"
pose: 
  pose: 
    position: 
      x: -0.2876974064006417
      y: -0.4172178417447482
      z: 0.5026534762852111
    orientation: 
      x: -0.022219355435985046
      y: 0.00866025327818498
      z: -0.4114628032369446
      w: 0.9111145162983424
  covariance: [0.0, 0.0, 0.0, 0.0, 0.0, 0.0, 0.0, 0.0, 0.0, 0.0, 0.0, 0.0, 0.0, 0.0, 0.0, 0.0, 0.0, 0.0, 0.0, 0.0, 0.0, 0.0, 0.0, 0.0, 0.0, 0.0, 0.0, 0.0, 0.0, 0.0, 0.0, 0.0, 0.0, 0.0, 0.0, 0.0]
twist: 
  twist: 
    linear: 
      x: 0.32506129433578973
      y: -0.16478080992708416
      z: -0.00015568867106202728
    angular: 
      x: 0.0
      y: 0.0
      z: 0.0
  covariance: [0.0, 0.0, 0.0, 0.0, 0.0, 0.0, 0.0, 0.0, 0.0, 0.0, 0.0, 0.0, 0.0, 0.0, 0.0, 0.0, 0.0, 0.0, 0.0, 0.0, 0.0, 0.0, 0.0, 0.0, 0.0, 0.0, 0.0, 0.0, 0.0, 0.0, 0.0, 0.0, 0.0, 0.0, 0.0, 0.0]
---
header: 
  seq: 987
  stamp: 
    secs: 1744093086
    nsecs: 443087101
  frame_id: "world"
child_frame_id: "world"
pose: 
  pose: 
    position: 
      x: -0.24648895820226305
      y: -0.4328630526904433
      z: 0.4967360993754648
    orientation: 
      x: -0.011445629193019124
      y: 0.005734210887378835
      z: -0.36810815883387543
      w: 0.9296948422992404
  covariance: [0.0, 0.0, 0.0, 0.0, 0.0, 0.0, 0.0, 0.0, 0.0, 0.0, 0.0, 0.0, 0.0, 0.0, 0.0, 0.0, 0.0, 0.0, 0.0, 0.0, 0.0, 0.0, 0.0, 0.0, 0.0, 0.0, 0.0, 0.0, 0.0, 0.0, 0.0, 0.0, 0.0, 0.0, 0.0, 0.0]
twist: 
  twist: 
    linear: 
      x: 0.3645175012836285
      y: -0.1251378748372689
      z: -0.022627248928974882
    angular: 
      x: 0.0
      y: 0.0
      z: 0.0
  covariance: [0.0, 0.0, 0.0, 0.0, 0.0, 0.0, 0.0, 0.0, 0.0, 0.0, 0.0, 0.0, 0.0, 0.0, 0.0, 0.0, 0.0, 0.0, 0.0, 0.0, 0.0, 0.0, 0.0, 0.0, 0.0, 0.0, 0.0, 0.0, 0.0, 0.0, 0.0, 0.0, 0.0, 0.0, 0.0, 0.0]
---
header: 
  seq: 988
  stamp: 
    secs: 1744093086
    nsecs: 576440811
  frame_id: "world"
child_frame_id: "world"
pose: 
  pose: 
    position: 
      x: -0.2017111172210626
      y: -0.441673633809217
      z: 0.4889897081138958
    orientation: 
      x: -0.005676481166809104
      y: -0.0006013833748462557
      z: -0.32357272498916645
      w: 0.9461860850502318
  covariance: [0.0, 0.0, 0.0, 0.0, 0.0, 0.0, 0.0, 0.0, 0.0, 0.0, 0.0, 0.0, 0.0, 0.0, 0.0, 0.0, 0.0, 0.0, 0.0, 0.0, 0.0, 0.0, 0.0, 0.0, 0.0, 0.0, 0.0, 0.0, 0.0, 0.0, 0.0, 0.0, 0.0, 0.0, 0.0, 0.0]
twist: 
  twist: 
    linear: 
      x: 0.3710248692571256
      y: -0.11312218996830399
      z: -0.02696581092636913
    angular: 
      x: 0.0
      y: 0.0
      z: 0.0
  covariance: [0.0, 0.0, 0.0, 0.0, 0.0, 0.0, 0.0, 0.0, 0.0, 0.0, 0.0, 0.0, 0.0, 0.0, 0.0, 0.0, 0.0, 0.0, 0.0, 0.0, 0.0, 0.0, 0.0, 0.0, 0.0, 0.0, 0.0, 0.0, 0.0, 0.0, 0.0, 0.0, 0.0, 0.0, 0.0, 0.0]
---
header: 
  seq: 989
  stamp: 
    secs: 1744093086
    nsecs: 709794760
  frame_id: "world"
child_frame_id: "world"
pose: 
  pose: 
    position: 
      x: -0.15004961593574012
      y: -0.45215337492286056
      z: 0.483398573321527
    orientation: 
      x: -0.00749553195241145
      y: -0.0034043342389689004
      z: -0.27884971402047876
      w: 0.960299466052042
  covariance: [0.0, 0.0, 0.0, 0.0, 0.0, 0.0, 0.0, 0.0, 0.0, 0.0, 0.0, 0.0, 0.0, 0.0, 0.0, 0.0, 0.0, 0.0, 0.0, 0.0, 0.0, 0.0, 0.0, 0.0, 0.0, 0.0, 0.0, 0.0, 0.0, 0.0, 0.0, 0.0, 0.0, 0.0, 0.0, 0.0]
twist: 
  twist: 
    linear: 
      x: 0.3901087368150386
      y: -0.08375866581169727
      z: -0.01995179367538604
    angular: 
      x: 0.0
      y: 0.0
      z: 0.0
  covariance: [0.0, 0.0, 0.0, 0.0, 0.0, 0.0, 0.0, 0.0, 0.0, 0.0, 0.0, 0.0, 0.0, 0.0, 0.0, 0.0, 0.0, 0.0, 0.0, 0.0, 0.0, 0.0, 0.0, 0.0, 0.0, 0.0, 0.0, 0.0, 0.0, 0.0, 0.0, 0.0, 0.0, 0.0, 0.0, 0.0]
---
header: 
  seq: 990
  stamp: 
    secs: 1744093086
    nsecs: 843148470
  frame_id: "world"
child_frame_id: "world"
pose: 
  pose: 
    position: 
      x: -0.10294910441843402
      y: -0.469636376591807
      z: 0.4798444199621087
    orientation: 
      x: -0.003841085270280079
      y: -0.005453154701634949
      z: -0.2334505440768846
      w: 0.9723457988997295
  covariance: [0.0, 0.0, 0.0, 0.0, 0.0, 0.0, 0.0, 0.0, 0.0, 0.0, 0.0, 0.0, 0.0, 0.0, 0.0, 0.0, 0.0, 0.0, 0.0, 0.0, 0.0, 0.0, 0.0, 0.0, 0.0, 0.0, 0.0, 0.0, 0.0, 0.0, 0.0, 0.0, 0.0, 0.0, 0.0, 0.0]
twist: 
  twist: 
    linear: 
      x: 0.3830122151374286
      y: -0.0860794861523226
      z: -0.021450482765286386
    angular: 
      x: 0.0
      y: 0.0
      z: 0.0
  covariance: [0.0, 0.0, 0.0, 0.0, 0.0, 0.0, 0.0, 0.0, 0.0, 0.0, 0.0, 0.0, 0.0, 0.0, 0.0, 0.0, 0.0, 0.0, 0.0, 0.0, 0.0, 0.0, 0.0, 0.0, 0.0, 0.0, 0.0, 0.0, 0.0, 0.0, 0.0, 0.0, 0.0, 0.0, 0.0, 0.0]
---
header: 
  seq: 991
  stamp: 
    secs: 1744093086
    nsecs: 976501942
  frame_id: "world"
child_frame_id: "world"
pose: 
  pose: 
    position: 
      x: -0.051124375374448305
      y: -0.4812871798453411
      z: 0.48112950095788337
    orientation: 
      x: -0.009397489643987131
      y: -0.0065217022549501685
      z: -0.1875258113789466
      w: 0.9821930689303181
  covariance: [0.0, 0.0, 0.0, 0.0, 0.0, 0.0, 0.0, 0.0, 0.0, 0.0, 0.0, 0.0, 0.0, 0.0, 0.0, 0.0, 0.0, 0.0, 0.0, 0.0, 0.0, 0.0, 0.0, 0.0, 0.0, 0.0, 0.0, 0.0, 0.0, 0.0, 0.0, 0.0, 0.0, 0.0, 0.0, 0.0]
twist: 
  twist: 
    linear: 
      x: 0.3815972211543482
      y: -0.0773176863388392
      z: 0.011949825199327526
    angular: 
      x: 0.0
      y: 0.0
      z: 0.0
  covariance: [0.0, 0.0, 0.0, 0.0, 0.0, 0.0, 0.0, 0.0, 0.0, 0.0, 0.0, 0.0, 0.0, 0.0, 0.0, 0.0, 0.0, 0.0, 0.0, 0.0, 0.0, 0.0, 0.0, 0.0, 0.0, 0.0, 0.0, 0.0, 0.0, 0.0, 0.0, 0.0, 0.0, 0.0, 0.0, 0.0]
---
header: 
  seq: 992
  stamp: 
    secs: 1744093087
    nsecs: 109855175
  frame_id: "world"
child_frame_id: "world"
pose: 
  pose: 
    position: 
      x: -0.0065329512542003365
      y: -0.4822449646069096
      z: 0.4880844944920461
    orientation: 
      x: -0.018699952201596245
      y: -0.0062894808351303885
      z: -0.14226676914706543
      w: 0.989631709584398
  covariance: [0.0, 0.0, 0.0, 0.0, 0.0, 0.0, 0.0, 0.0, 0.0, 0.0, 0.0, 0.0, 0.0, 0.0, 0.0, 0.0, 0.0, 0.0, 0.0, 0.0, 0.0, 0.0, 0.0, 0.0, 0.0, 0.0, 0.0, 0.0, 0.0, 0.0, 0.0, 0.0, 0.0, 0.0, 0.0, 0.0]
twist: 
  twist: 
    linear: 
      x: 0.37509572729843577
      y: -0.02279114919138118
      z: 0.04256084087412268
    angular: 
      x: 0.0
      y: 0.0
      z: 0.0
  covariance: [0.0, 0.0, 0.0, 0.0, 0.0, 0.0, 0.0, 0.0, 0.0, 0.0, 0.0, 0.0, 0.0, 0.0, 0.0, 0.0, 0.0, 0.0, 0.0, 0.0, 0.0, 0.0, 0.0, 0.0, 0.0, 0.0, 0.0, 0.0, 0.0, 0.0, 0.0, 0.0, 0.0, 0.0, 0.0, 0.0]
---
header: 
  seq: 993
  stamp: 
    secs: 1744093087
    nsecs: 243209362
  frame_id: "world"
child_frame_id: "world"
pose: 
  pose: 
    position: 
      x: 0.036016743318291966
      y: -0.4761664790176605
      z: 0.4958726425838597
    orientation: 
      x: -0.018182458233952405
      y: -0.0068547791477898065
      z: -0.09632503455720397
      w: 0.9951602373150562
  covariance: [0.0, 0.0, 0.0, 0.0, 0.0, 0.0, 0.0, 0.0, 0.0, 0.0, 0.0, 0.0, 0.0, 0.0, 0.0, 0.0, 0.0, 0.0, 0.0, 0.0, 0.0, 0.0, 0.0, 0.0, 0.0, 0.0, 0.0, 0.0, 0.0, 0.0, 0.0, 0.0, 0.0, 0.0, 0.0, 0.0]
twist: 
  twist: 
    linear: 
      x: 0.3561696871729759
      y: 0.029064199882575206
      z: 0.03028358272897299
    angular: 
      x: 0.0
      y: 0.0
      z: 0.0
  covariance: [0.0, 0.0, 0.0, 0.0, 0.0, 0.0, 0.0, 0.0, 0.0, 0.0, 0.0, 0.0, 0.0, 0.0, 0.0, 0.0, 0.0, 0.0, 0.0, 0.0, 0.0, 0.0, 0.0, 0.0, 0.0, 0.0, 0.0, 0.0, 0.0, 0.0, 0.0, 0.0, 0.0, 0.0, 0.0, 0.0]
---
header: 
  seq: 994
  stamp: 
    secs: 1744093087
    nsecs: 376557589
  frame_id: "world"
child_frame_id: "world"
pose: 
  pose: 
    position: 
      x: 0.07338113872327018
      y: -0.45720056798046854
      z: 0.5026407410449891
    orientation: 
      x: -0.015605798203889187
      y: -0.003188604581262573
      z: -0.052076542504792524
      w: 0.9985160617556387
  covariance: [0.0, 0.0, 0.0, 0.0, 0.0, 0.0, 0.0, 0.0, 0.0, 0.0, 0.0, 0.0, 0.0, 0.0, 0.0, 0.0, 0.0, 0.0, 0.0, 0.0, 0.0, 0.0, 0.0, 0.0, 0.0, 0.0, 0.0, 0.0, 0.0, 0.0, 0.0, 0.0, 0.0, 0.0, 0.0, 0.0]
twist: 
  twist: 
    linear: 
      x: 0.3349214176223178
      y: 0.09362344660862071
      z: 0.027107550716934423
    angular: 
      x: 0.0
      y: 0.0
      z: 0.0
  covariance: [0.0, 0.0, 0.0, 0.0, 0.0, 0.0, 0.0, 0.0, 0.0, 0.0, 0.0, 0.0, 0.0, 0.0, 0.0, 0.0, 0.0, 0.0, 0.0, 0.0, 0.0, 0.0, 0.0, 0.0, 0.0, 0.0, 0.0, 0.0, 0.0, 0.0, 0.0, 0.0, 0.0, 0.0, 0.0, 0.0]
---
header: 
  seq: 995
  stamp: 
    secs: 1744093087
    nsecs: 509906769
  frame_id: "world"
child_frame_id: "world"
pose: 
  pose: 
    position: 
      x: 0.11003697597534962
      y: -0.4386014432085901
      z: 0.5024593270800054
    orientation: 
      x: -0.0073786824119173415
      y: -0.0007274565659223742
      z: -0.008001833683093634
      w: 0.9999404964849243
  covariance: [0.0, 0.0, 0.0, 0.0, 0.0, 0.0, 0.0, 0.0, 0.0, 0.0, 0.0, 0.0, 0.0, 0.0, 0.0, 0.0, 0.0, 0.0, 0.0, 0.0, 0.0, 0.0, 0.0, 0.0, 0.0, 0.0, 0.0, 0.0, 0.0, 0.0, 0.0, 0.0, 0.0, 0.0, 0.0, 0.0]
twist: 
  twist: 
    linear: 
      x: 0.3197872826954405
      y: 0.13824021837050796
      z: 0.02181635086221692
    angular: 
      x: 0.0
      y: 0.0
      z: 0.0
  covariance: [0.0, 0.0, 0.0, 0.0, 0.0, 0.0, 0.0, 0.0, 0.0, 0.0, 0.0, 0.0, 0.0, 0.0, 0.0, 0.0, 0.0, 0.0, 0.0, 0.0, 0.0, 0.0, 0.0, 0.0, 0.0, 0.0, 0.0, 0.0, 0.0, 0.0, 0.0, 0.0, 0.0, 0.0, 0.0, 0.0]
---
header: 
  seq: 996
  stamp: 
    secs: 1744093087
    nsecs: 643255711
  frame_id: "world"
child_frame_id: "world"
pose: 
  pose: 
    position: 
      x: 0.15381461615416148
      y: -0.4169412806257531
      z: 0.5007211546541078
    orientation: 
      x: 0.0005618764131279315
      y: 0.0023183355326302315
      z: 0.03627375298982992
      w: 0.9993390437980932
  covariance: [0.0, 0.0, 0.0, 0.0, 0.0, 0.0, 0.0, 0.0, 0.0, 0.0, 0.0, 0.0, 0.0, 0.0, 0.0, 0.0, 0.0, 0.0, 0.0, 0.0, 0.0, 0.0, 0.0, 0.0, 0.0, 0.0, 0.0, 0.0, 0.0, 0.0, 0.0, 0.0, 0.0, 0.0, 0.0, 0.0]
twist: 
  twist: 
    linear: 
      x: 0.3225012517962653
      y: 0.16780677188840884
      z: 0.009262513736610802
    angular: 
      x: 0.0
      y: 0.0
      z: 0.0
  covariance: [0.0, 0.0, 0.0, 0.0, 0.0, 0.0, 0.0, 0.0, 0.0, 0.0, 0.0, 0.0, 0.0, 0.0, 0.0, 0.0, 0.0, 0.0, 0.0, 0.0, 0.0, 0.0, 0.0, 0.0, 0.0, 0.0, 0.0, 0.0, 0.0, 0.0, 0.0, 0.0, 0.0, 0.0, 0.0, 0.0]
---
header: 
  seq: 997
  stamp: 
    secs: 1744093087
    nsecs: 776604176
  frame_id: "world"
child_frame_id: "world"
pose: 
  pose: 
    position: 
      x: 0.1943102880635773
      y: -0.3920079073334071
      z: 0.501385701255741
    orientation: 
      x: 0.001314753476426703
      y: 0.001913867855880754
      z: 0.08045840891320773
      w: 0.996755262322844
  covariance: [0.0, 0.0, 0.0, 0.0, 0.0, 0.0, 0.0, 0.0, 0.0, 0.0, 0.0, 0.0, 0.0, 0.0, 0.0, 0.0, 0.0, 0.0, 0.0, 0.0, 0.0, 0.0, 0.0, 0.0, 0.0, 0.0, 0.0, 0.0, 0.0, 0.0, 0.0, 0.0, 0.0, 0.0, 0.0, 0.0]
twist: 
  twist: 
    linear: 
      x: 0.3348859405849704
      y: 0.17794958608143818
      z: 0.017220323438761446
    angular: 
      x: 0.0
      y: 0.0
      z: 0.0
  covariance: [0.0, 0.0, 0.0, 0.0, 0.0, 0.0, 0.0, 0.0, 0.0, 0.0, 0.0, 0.0, 0.0, 0.0, 0.0, 0.0, 0.0, 0.0, 0.0, 0.0, 0.0, 0.0, 0.0, 0.0, 0.0, 0.0, 0.0, 0.0, 0.0, 0.0, 0.0, 0.0, 0.0, 0.0, 0.0, 0.0]
---
header: 
  seq: 998
  stamp: 
    secs: 1744093087
    nsecs: 909952402
  frame_id: "world"
child_frame_id: "world"
pose: 
  pose: 
    position: 
      x: 0.23357927589378719
      y: -0.3618508485246157
      z: 0.4986044929516614
    orientation: 
      x: 0.0013420666527583335
      y: -0.003519141337456176
      z: 0.12444898846173157
      w: 0.9922188588069663
  covariance: [0.0, 0.0, 0.0, 0.0, 0.0, 0.0, 0.0, 0.0, 0.0, 0.0, 0.0, 0.0, 0.0, 0.0, 0.0, 0.0, 0.0, 0.0, 0.0, 0.0, 0.0, 0.0, 0.0, 0.0, 0.0, 0.0, 0.0, 0.0, 0.0, 0.0, 0.0, 0.0, 0.0, 0.0, 0.0, 0.0]
twist: 
  twist: 
    linear: 
      x: 0.31239664952337604
      y: 0.21837971444952387
      z: 0.004250873409959263
    angular: 
      x: 0.0
      y: 0.0
      z: 0.0
  covariance: [0.0, 0.0, 0.0, 0.0, 0.0, 0.0, 0.0, 0.0, 0.0, 0.0, 0.0, 0.0, 0.0, 0.0, 0.0, 0.0, 0.0, 0.0, 0.0, 0.0, 0.0, 0.0, 0.0, 0.0, 0.0, 0.0, 0.0, 0.0, 0.0, 0.0, 0.0, 0.0, 0.0, 0.0, 0.0, 0.0]
---
header: 
  seq: 999
  stamp: 
    secs: 1744093088
    nsecs:  43300629
  frame_id: "world"
child_frame_id: "world"
pose: 
  pose: 
    position: 
      x: 0.27422424167729587
      y: -0.33015322882932496
      z: 0.49343120182082706
    orientation: 
      x: 0.007219226278574743
      y: -0.00484687809250777
      z: 0.16890064211604572
      w: 0.9855947258571763
  covariance: [0.0, 0.0, 0.0, 0.0, 0.0, 0.0, 0.0, 0.0, 0.0, 0.0, 0.0, 0.0, 0.0, 0.0, 0.0, 0.0, 0.0, 0.0, 0.0, 0.0, 0.0, 0.0, 0.0, 0.0, 0.0, 0.0, 0.0, 0.0, 0.0, 0.0, 0.0, 0.0, 0.0, 0.0, 0.0, 0.0]
twist: 
  twist: 
    linear: 
      x: 0.2893021781718528
      y: 0.23859388262837758
      z: -0.012974248508338273
    angular: 
      x: 0.0
      y: 0.0
      z: 0.0
  covariance: [0.0, 0.0, 0.0, 0.0, 0.0, 0.0, 0.0, 0.0, 0.0, 0.0, 0.0, 0.0, 0.0, 0.0, 0.0, 0.0, 0.0, 0.0, 0.0, 0.0, 0.0, 0.0, 0.0, 0.0, 0.0, 0.0, 0.0, 0.0, 0.0, 0.0, 0.0, 0.0, 0.0, 0.0, 0.0, 0.0]
---
header: 
  seq: 1000
  stamp: 
    secs: 1744093088
    nsecs: 176648140
  frame_id: "world"
child_frame_id: "world"
pose: 
  pose: 
    position: 
      x: 0.3125031500006956
      y: -0.29609444503971316
      z: 0.49212702481991494
    orientation: 
      x: 0.007641247690034033
      y: -0.00508306797783909
      z: 0.21276336854016337
      w: 0.9770606545967936
  covariance: [0.0, 0.0, 0.0, 0.0, 0.0, 0.0, 0.0, 0.0, 0.0, 0.0, 0.0, 0.0, 0.0, 0.0, 0.0, 0.0, 0.0, 0.0, 0.0, 0.0, 0.0, 0.0, 0.0, 0.0, 0.0, 0.0, 0.0, 0.0, 0.0, 0.0, 0.0, 0.0, 0.0, 0.0, 0.0, 0.0]
twist: 
  twist: 
    linear: 
      x: 0.27542407481147585
      y: 0.2367708241421644
      z: 0.014482775595032171
    angular: 
      x: 0.0
      y: 0.0
      z: 0.0
  covariance: [0.0, 0.0, 0.0, 0.0, 0.0, 0.0, 0.0, 0.0, 0.0, 0.0, 0.0, 0.0, 0.0, 0.0, 0.0, 0.0, 0.0, 0.0, 0.0, 0.0, 0.0, 0.0, 0.0, 0.0, 0.0, 0.0, 0.0, 0.0, 0.0, 0.0, 0.0, 0.0, 0.0, 0.0, 0.0, 0.0]
---
header: 
  seq: 1001
  stamp: 
    secs: 1744093088
    nsecs: 310005903
  frame_id: "world"
child_frame_id: "world"
pose: 
  pose: 
    position: 
      x: 0.35377682293026697
      y: -0.26362560032985993
      z: 0.49141078158163876
    orientation: 
      x: 0.006100153976649484
      y: -0.004615078737059395
      z: 0.2573400421657285
      w: 0.9662906352996768
  covariance: [0.0, 0.0, 0.0, 0.0, 0.0, 0.0, 0.0, 0.0, 0.0, 0.0, 0.0, 0.0, 0.0, 0.0, 0.0, 0.0, 0.0, 0.0, 0.0, 0.0, 0.0, 0.0, 0.0, 0.0, 0.0, 0.0, 0.0, 0.0, 0.0, 0.0, 0.0, 0.0, 0.0, 0.0, 0.0, 0.0]
twist: 
  twist: 
    linear: 
      x: 0.26481622117437437
      y: 0.23671841285326917
      z: 0.02041259996050683
    angular: 
      x: 0.0
      y: 0.0
      z: 0.0
  covariance: [0.0, 0.0, 0.0, 0.0, 0.0, 0.0, 0.0, 0.0, 0.0, 0.0, 0.0, 0.0, 0.0, 0.0, 0.0, 0.0, 0.0, 0.0, 0.0, 0.0, 0.0, 0.0, 0.0, 0.0, 0.0, 0.0, 0.0, 0.0, 0.0, 0.0, 0.0, 0.0, 0.0, 0.0, 0.0, 0.0]
---
header: 
  seq: 1002
  stamp: 
    secs: 1744093088
    nsecs: 443370104
  frame_id: "world"
child_frame_id: "world"
pose: 
  pose: 
    position: 
      x: 0.3916956746962414
      y: -0.23258537742097143
      z: 0.4951198807397597
    orientation: 
      x: 0.00020209619177003366
      y: -0.004622735352571534
      z: 0.30091179611433083
      w: 0.9536407501959198
  covariance: [0.0, 0.0, 0.0, 0.0, 0.0, 0.0, 0.0, 0.0, 0.0, 0.0, 0.0, 0.0, 0.0, 0.0, 0.0, 0.0, 0.0, 0.0, 0.0, 0.0, 0.0, 0.0, 0.0, 0.0, 0.0, 0.0, 0.0, 0.0, 0.0, 0.0, 0.0, 0.0, 0.0, 0.0, 0.0, 0.0]
twist: 
  twist: 
    linear: 
      x: 0.26533978624443333
      y: 0.23112218899056902
      z: 0.043423614543591255
    angular: 
      x: 0.0
      y: 0.0
      z: 0.0
  covariance: [0.0, 0.0, 0.0, 0.0, 0.0, 0.0, 0.0, 0.0, 0.0, 0.0, 0.0, 0.0, 0.0, 0.0, 0.0, 0.0, 0.0, 0.0, 0.0, 0.0, 0.0, 0.0, 0.0, 0.0, 0.0, 0.0, 0.0, 0.0, 0.0, 0.0, 0.0, 0.0, 0.0, 0.0, 0.0, 0.0]
---
header: 
  seq: 1003
  stamp: 
    secs: 1744093088
    nsecs: 576734304
  frame_id: "world"
child_frame_id: "world"
pose: 
  pose: 
    position: 
      x: 0.42424515394467527
      y: -0.2045588381227197
      z: 0.5009075831365437
    orientation: 
      x: -0.00516854225521513
      y: -0.008819942611535127
      z: 0.3439599136966572
      w: 0.938928683422268
  covariance: [0.0, 0.0, 0.0, 0.0, 0.0, 0.0, 0.0, 0.0, 0.0, 0.0, 0.0, 0.0, 0.0, 0.0, 0.0, 0.0, 0.0, 0.0, 0.0, 0.0, 0.0, 0.0, 0.0, 0.0, 0.0, 0.0, 0.0, 0.0, 0.0, 0.0, 0.0, 0.0, 0.0, 0.0, 0.0, 0.0]
twist: 
  twist: 
    linear: 
      x: 0.2294089851037677
      y: 0.24084206209276576
      z: 0.04303229731863902
    angular: 
      x: 0.0
      y: 0.0
      z: 0.0
  covariance: [0.0, 0.0, 0.0, 0.0, 0.0, 0.0, 0.0, 0.0, 0.0, 0.0, 0.0, 0.0, 0.0, 0.0, 0.0, 0.0, 0.0, 0.0, 0.0, 0.0, 0.0, 0.0, 0.0, 0.0, 0.0, 0.0, 0.0, 0.0, 0.0, 0.0, 0.0, 0.0, 0.0, 0.0, 0.0, 0.0]
---
header: 
  seq: 1004
  stamp: 
    secs: 1744093088
    nsecs: 710098743
  frame_id: "world"
child_frame_id: "world"
pose: 
  pose: 
    position: 
      x: 0.45579684503870177
      y: -0.17347257225221713
      z: 0.5045387285439757
    orientation: 
      x: -0.00594547031964845
      y: -0.00860837217228373
      z: 0.3863254791884648
      w: 0.9223031884586677
  covariance: [0.0, 0.0, 0.0, 0.0, 0.0, 0.0, 0.0, 0.0, 0.0, 0.0, 0.0, 0.0, 0.0, 0.0, 0.0, 0.0, 0.0, 0.0, 0.0, 0.0, 0.0, 0.0, 0.0, 0.0, 0.0, 0.0, 0.0, 0.0, 0.0, 0.0, 0.0, 0.0, 0.0, 0.0, 0.0, 0.0]
twist: 
  twist: 
    linear: 
      x: 0.19122600651768923
      y: 0.2614864635749397
      z: 0.01000623175532408
    angular: 
      x: 0.0
      y: 0.0
      z: 0.0
  covariance: [0.0, 0.0, 0.0, 0.0, 0.0, 0.0, 0.0, 0.0, 0.0, 0.0, 0.0, 0.0, 0.0, 0.0, 0.0, 0.0, 0.0, 0.0, 0.0, 0.0, 0.0, 0.0, 0.0, 0.0, 0.0, 0.0, 0.0, 0.0, 0.0, 0.0, 0.0, 0.0, 0.0, 0.0, 0.0, 0.0]
---
header: 
  seq: 1005
  stamp: 
    secs: 1744093088
    nsecs: 843463421
  frame_id: "world"
child_frame_id: "world"
pose: 
  pose: 
    position: 
      x: 0.4830220649596022
      y: -0.13580147338456178
      z: 0.5050821883404066
    orientation: 
      x: -0.006397051557545387
      y: -0.007354888765630573
      z: 0.4273758455239782
      w: 0.9040214986410887
  covariance: [0.0, 0.0, 0.0, 0.0, 0.0, 0.0, 0.0, 0.0, 0.0, 0.0, 0.0, 0.0, 0.0, 0.0, 0.0, 0.0, 0.0, 0.0, 0.0, 0.0, 0.0, 0.0, 0.0, 0.0, 0.0, 0.0, 0.0, 0.0, 0.0, 0.0, 0.0, 0.0, 0.0, 0.0, 0.0, 0.0]
twist: 
  twist: 
    linear: 
      x: 0.16487700815027445
      y: 0.29822498655875507
      z: 0.011308406682577078
    angular: 
      x: 0.0
      y: 0.0
      z: 0.0
  covariance: [0.0, 0.0, 0.0, 0.0, 0.0, 0.0, 0.0, 0.0, 0.0, 0.0, 0.0, 0.0, 0.0, 0.0, 0.0, 0.0, 0.0, 0.0, 0.0, 0.0, 0.0, 0.0, 0.0, 0.0, 0.0, 0.0, 0.0, 0.0, 0.0, 0.0, 0.0, 0.0, 0.0, 0.0, 0.0, 0.0]
---
header: 
  seq: 1006
  stamp: 
    secs: 1744093088
    nsecs: 976828337
  frame_id: "world"
child_frame_id: "world"
pose: 
  pose: 
    position: 
      x: 0.503060129659083
      y: -0.09353031853011451
      z: 0.5065115823615789
    orientation: 
      x: -0.002346293046798955
      y: -0.00820383286096712
      z: 0.4669615224359143
      w: 0.8842364664498186
  covariance: [0.0, 0.0, 0.0, 0.0, 0.0, 0.0, 0.0, 0.0, 0.0, 0.0, 0.0, 0.0, 0.0, 0.0, 0.0, 0.0, 0.0, 0.0, 0.0, 0.0, 0.0, 0.0, 0.0, 0.0, 0.0, 0.0, 0.0, 0.0, 0.0, 0.0, 0.0, 0.0, 0.0, 0.0, 0.0, 0.0]
twist: 
  twist: 
    linear: 
      x: 0.1272555807822711
      y: 0.3126294258791557
      z: -0.011106653127680981
    angular: 
      x: 0.0
      y: 0.0
      z: 0.0
  covariance: [0.0, 0.0, 0.0, 0.0, 0.0, 0.0, 0.0, 0.0, 0.0, 0.0, 0.0, 0.0, 0.0, 0.0, 0.0, 0.0, 0.0, 0.0, 0.0, 0.0, 0.0, 0.0, 0.0, 0.0, 0.0, 0.0, 0.0, 0.0, 0.0, 0.0, 0.0, 0.0, 0.0, 0.0, 0.0, 0.0]
---
header: 
  seq: 1007
  stamp: 
    secs: 1744093089
    nsecs: 110194445
  frame_id: "world"
child_frame_id: "world"
pose: 
  pose: 
    position: 
      x: 0.5154613831575228
      y: -0.051834966498113366
      z: 0.5113619541719894
    orientation: 
      x: -0.002711394537727446
      y: -0.011924418935912099
      z: 0.5060130309493193
      w: 0.8624391393496615
  covariance: [0.0, 0.0, 0.0, 0.0, 0.0, 0.0, 0.0, 0.0, 0.0, 0.0, 0.0, 0.0, 0.0, 0.0, 0.0, 0.0, 0.0, 0.0, 0.0, 0.0, 0.0, 0.0, 0.0, 0.0, 0.0, 0.0, 0.0, 0.0, 0.0, 0.0, 0.0, 0.0, 0.0, 0.0, 0.0, 0.0]
twist: 
  twist: 
    linear: 
      x: 0.08957939938341154
      y: 0.3189388207494389
      z: 0.038647559639401204
    angular: 
      x: 0.0
      y: 0.0
      z: 0.0
  covariance: [0.0, 0.0, 0.0, 0.0, 0.0, 0.0, 0.0, 0.0, 0.0, 0.0, 0.0, 0.0, 0.0, 0.0, 0.0, 0.0, 0.0, 0.0, 0.0, 0.0, 0.0, 0.0, 0.0, 0.0, 0.0, 0.0, 0.0, 0.0, 0.0, 0.0, 0.0, 0.0, 0.0, 0.0, 0.0, 0.0]
---
header: 
  seq: 1008
  stamp: 
    secs: 1744093089
    nsecs: 243558884
  frame_id: "world"
child_frame_id: "world"
pose: 
  pose: 
    position: 
      x: 0.520688188320632
      y: -0.010224937240362275
      z: 0.52397758965562
    orientation: 
      x: 0.0003676984819976189
      y: -0.012285754489274301
      z: 0.5446140065167488
      w: 0.838596749898442
  covariance: [0.0, 0.0, 0.0, 0.0, 0.0, 0.0, 0.0, 0.0, 0.0, 0.0, 0.0, 0.0, 0.0, 0.0, 0.0, 0.0, 0.0, 0.0, 0.0, 0.0, 0.0, 0.0, 0.0, 0.0, 0.0, 0.0, 0.0, 0.0, 0.0, 0.0, 0.0, 0.0, 0.0, 0.0, 0.0, 0.0]
twist: 
  twist: 
    linear: 
      x: 0.05599191351676285
      y: 0.3314124268123428
      z: 0.04839607735629273
    angular: 
      x: 0.0
      y: 0.0
      z: 0.0
  covariance: [0.0, 0.0, 0.0, 0.0, 0.0, 0.0, 0.0, 0.0, 0.0, 0.0, 0.0, 0.0, 0.0, 0.0, 0.0, 0.0, 0.0, 0.0, 0.0, 0.0, 0.0, 0.0, 0.0, 0.0, 0.0, 0.0, 0.0, 0.0, 0.0, 0.0, 0.0, 0.0, 0.0, 0.0, 0.0, 0.0]
---
header: 
  seq: 1009
  stamp: 
    secs: 1744093089
    nsecs: 376907825
  frame_id: "world"
child_frame_id: "world"
pose: 
  pose: 
    position: 
      x: 0.5238159566774376
      y: 0.03240599348264522
      z: 0.5366290446335165
    orientation: 
      x: -0.00012783091945514977
      y: -0.014378335973225013
      z: 0.581602891557076
      w: 0.8133457589772908
  covariance: [0.0, 0.0, 0.0, 0.0, 0.0, 0.0, 0.0, 0.0, 0.0, 0.0, 0.0, 0.0, 0.0, 0.0, 0.0, 0.0, 0.0, 0.0, 0.0, 0.0, 0.0, 0.0, 0.0, 0.0, 0.0, 0.0, 0.0, 0.0, 0.0, 0.0, 0.0, 0.0, 0.0, 0.0, 0.0, 0.0]
twist: 
  twist: 
    linear: 
      x: 0.00957589630698566
      y: 0.3278294505354786
      z: 0.06271761207630636
    angular: 
      x: 0.0
      y: 0.0
      z: 0.0
  covariance: [0.0, 0.0, 0.0, 0.0, 0.0, 0.0, 0.0, 0.0, 0.0, 0.0, 0.0, 0.0, 0.0, 0.0, 0.0, 0.0, 0.0, 0.0, 0.0, 0.0, 0.0, 0.0, 0.0, 0.0, 0.0, 0.0, 0.0, 0.0, 0.0, 0.0, 0.0, 0.0, 0.0, 0.0, 0.0, 0.0]
---
header: 
  seq: 1010
  stamp: 
    secs: 1744093089
    nsecs: 510257006
  frame_id: "world"
child_frame_id: "world"
pose: 
  pose: 
    position: 
      x: 0.5242931369952153
      y: 0.0769947092293169
      z: 0.5458378304646524
    orientation: 
      x: 0.001026861996394871
      y: -0.00923855916566852
      z: 0.6185224073078225
      w: 0.7857121777324817
  covariance: [0.0, 0.0, 0.0, 0.0, 0.0, 0.0, 0.0, 0.0, 0.0, 0.0, 0.0, 0.0, 0.0, 0.0, 0.0, 0.0, 0.0, 0.0, 0.0, 0.0, 0.0, 0.0, 0.0, 0.0, 0.0, 0.0, 0.0, 0.0, 0.0, 0.0, 0.0, 0.0, 0.0, 0.0, 0.0, 0.0]
twist: 
  twist: 
    linear: 
      x: -0.013112836702950381
      y: 0.3247251809162414
      z: 0.037750769639373835
    angular: 
      x: 0.0
      y: 0.0
      z: 0.0
  covariance: [0.0, 0.0, 0.0, 0.0, 0.0, 0.0, 0.0, 0.0, 0.0, 0.0, 0.0, 0.0, 0.0, 0.0, 0.0, 0.0, 0.0, 0.0, 0.0, 0.0, 0.0, 0.0, 0.0, 0.0, 0.0, 0.0, 0.0, 0.0, 0.0, 0.0, 0.0, 0.0, 0.0, 0.0, 0.0, 0.0]
---
header: 
  seq: 1011
  stamp: 
    secs: 1744093089
    nsecs: 643606186
  frame_id: "world"
child_frame_id: "world"
pose: 
  pose: 
    position: 
      x: 0.5216478673864581
      y: 0.1229780275589673
      z: 0.5452259744457267
    orientation: 
      x: 1.6702538186517714e-06
      y: -0.0064363908860689675
      z: 0.6543894557996113
      w: 0.7561302883814804
  covariance: [0.0, 0.0, 0.0, 0.0, 0.0, 0.0, 0.0, 0.0, 0.0, 0.0, 0.0, 0.0, 0.0, 0.0, 0.0, 0.0, 0.0, 0.0, 0.0, 0.0, 0.0, 0.0, 0.0, 0.0, 0.0, 0.0, 0.0, 0.0, 0.0, 0.0, 0.0, 0.0, 0.0, 0.0, 0.0, 0.0]
twist: 
  twist: 
    linear: 
      x: -0.04628173661829207
      y: 0.3311281320557017
      z: -0.03109069114055989
    angular: 
      x: 0.0
      y: 0.0
      z: 0.0
  covariance: [0.0, 0.0, 0.0, 0.0, 0.0, 0.0, 0.0, 0.0, 0.0, 0.0, 0.0, 0.0, 0.0, 0.0, 0.0, 0.0, 0.0, 0.0, 0.0, 0.0, 0.0, 0.0, 0.0, 0.0, 0.0, 0.0, 0.0, 0.0, 0.0, 0.0, 0.0, 0.0, 0.0, 0.0, 0.0, 0.0]
---
header: 
  seq: 1012
  stamp: 
    secs: 1744093089
    nsecs: 776955128
  frame_id: "world"
child_frame_id: "world"
pose: 
  pose: 
    position: 
      x: 0.51467156891979
      y: 0.1673283854034113
      z: 0.5424853018894403
    orientation: 
      x: -0.001589046734804728
      y: -0.006864322098456971
      z: 0.6896350448803676
      w: 0.7241228216852833
  covariance: [0.0, 0.0, 0.0, 0.0, 0.0, 0.0, 0.0, 0.0, 0.0, 0.0, 0.0, 0.0, 0.0, 0.0, 0.0, 0.0, 0.0, 0.0, 0.0, 0.0, 0.0, 0.0, 0.0, 0.0, 0.0, 0.0, 0.0, 0.0, 0.0, 0.0, 0.0, 0.0, 0.0, 0.0, 0.0, 0.0]
twist: 
  twist: 
    linear: 
      x: -0.06167811381244636
      y: 0.333062082090475
      z: -0.012374484532282334
    angular: 
      x: 0.0
      y: 0.0
      z: 0.0
  covariance: [0.0, 0.0, 0.0, 0.0, 0.0, 0.0, 0.0, 0.0, 0.0, 0.0, 0.0, 0.0, 0.0, 0.0, 0.0, 0.0, 0.0, 0.0, 0.0, 0.0, 0.0, 0.0, 0.0, 0.0, 0.0, 0.0, 0.0, 0.0, 0.0, 0.0, 0.0, 0.0, 0.0, 0.0, 0.0, 0.0]
---
header: 
  seq: 1013
  stamp: 
    secs: 1744093089
    nsecs: 910303354
  frame_id: "world"
child_frame_id: "world"
pose: 
  pose: 
    position: 
      x: 0.5065801583306082
      y: 0.2129272163955122
      z: 0.5402128711037131
    orientation: 
      x: -0.0013859895311871388
      y: -0.012679422711809897
      z: 0.7251610300855682
      w: 0.6884611766236005
  covariance: [0.0, 0.0, 0.0, 0.0, 0.0, 0.0, 0.0, 0.0, 0.0, 0.0, 0.0, 0.0, 0.0, 0.0, 0.0, 0.0, 0.0, 0.0, 0.0, 0.0, 0.0, 0.0, 0.0, 0.0, 0.0, 0.0, 0.0, 0.0, 0.0, 0.0, 0.0, 0.0, 0.0, 0.0, 0.0, 0.0]
twist: 
  twist: 
    linear: 
      x: -0.08448666380558538
      y: 0.3332586210023692
      z: -0.01891987937731375
    angular: 
      x: 0.0
      y: 0.0
      z: 0.0
  covariance: [0.0, 0.0, 0.0, 0.0, 0.0, 0.0, 0.0, 0.0, 0.0, 0.0, 0.0, 0.0, 0.0, 0.0, 0.0, 0.0, 0.0, 0.0, 0.0, 0.0, 0.0, 0.0, 0.0, 0.0, 0.0, 0.0, 0.0, 0.0, 0.0, 0.0, 0.0, 0.0, 0.0, 0.0, 0.0, 0.0]
---
header: 
  seq: 1014
  stamp: 
    secs: 1744093090
    nsecs:  43651581
  frame_id: "world"
child_frame_id: "world"
pose: 
  pose: 
    position: 
      x: 0.49659641020598577
      y: 0.2579616303392842
      z: 0.5368522811582621
    orientation: 
      x: -0.0008557759388051476
      y: -0.018772028509552997
      z: 0.7586219928866029
      w: 0.6512599715182397
  covariance: [0.0, 0.0, 0.0, 0.0, 0.0, 0.0, 0.0, 0.0, 0.0, 0.0, 0.0, 0.0, 0.0, 0.0, 0.0, 0.0, 0.0, 0.0, 0.0, 0.0, 0.0, 0.0, 0.0, 0.0, 0.0, 0.0, 0.0, 0.0, 0.0, 0.0, 0.0, 0.0, 0.0, 0.0, 0.0, 0.0]
twist: 
  twist: 
    linear: 
      x: -0.09861585366403149
      y: 0.3308641973630267
      z: -0.026946646602443957
    angular: 
      x: 0.0
      y: 0.0
      z: 0.0
  covariance: [0.0, 0.0, 0.0, 0.0, 0.0, 0.0, 0.0, 0.0, 0.0, 0.0, 0.0, 0.0, 0.0, 0.0, 0.0, 0.0, 0.0, 0.0, 0.0, 0.0, 0.0, 0.0, 0.0, 0.0, 0.0, 0.0, 0.0, 0.0, 0.0, 0.0, 0.0, 0.0, 0.0, 0.0, 0.0, 0.0]
---
header: 
  seq: 1015
  stamp: 
    secs: 1744093090
    nsecs: 176999569
  frame_id: "world"
child_frame_id: "world"
pose: 
  pose: 
    position: 
      x: 0.48011617806770795
      y: 0.298418305935088
      z: 0.5329298542693219
    orientation: 
      x: -0.002563208557289351
      y: -0.024567177364384383
      z: 0.7899888850162397
      w: 0.6126234123089301
  covariance: [0.0, 0.0, 0.0, 0.0, 0.0, 0.0, 0.0, 0.0, 0.0, 0.0, 0.0, 0.0, 0.0, 0.0, 0.0, 0.0, 0.0, 0.0, 0.0, 0.0, 0.0, 0.0, 0.0, 0.0, 0.0, 0.0, 0.0, 0.0, 0.0, 0.0, 0.0, 0.0, 0.0, 0.0, 0.0, 0.0]
twist: 
  twist: 
    linear: 
      x: -0.13805651369078592
      y: 0.2900873828544456
      z: -0.007170671292408138
    angular: 
      x: 0.0
      y: 0.0
      z: 0.0
  covariance: [0.0, 0.0, 0.0, 0.0, 0.0, 0.0, 0.0, 0.0, 0.0, 0.0, 0.0, 0.0, 0.0, 0.0, 0.0, 0.0, 0.0, 0.0, 0.0, 0.0, 0.0, 0.0, 0.0, 0.0, 0.0, 0.0, 0.0, 0.0, 0.0, 0.0, 0.0, 0.0, 0.0, 0.0, 0.0, 0.0]
---
header: 
  seq: 1016
  stamp: 
    secs: 1744093090
    nsecs: 310347795
  frame_id: "world"
child_frame_id: "world"
pose: 
  pose: 
    position: 
      x: 0.4570528458845161
      y: 0.3341477852796586
      z: 0.528730696278984
    orientation: 
      x: -0.006896603676762977
      y: -0.024044134967516402
      z: 0.8192653282490032
      w: 0.5728687793556596
  covariance: [0.0, 0.0, 0.0, 0.0, 0.0, 0.0, 0.0, 0.0, 0.0, 0.0, 0.0, 0.0, 0.0, 0.0, 0.0, 0.0, 0.0, 0.0, 0.0, 0.0, 0.0, 0.0, 0.0, 0.0, 0.0, 0.0, 0.0, 0.0, 0.0, 0.0, 0.0, 0.0, 0.0, 0.0, 0.0, 0.0]
twist: 
  twist: 
    linear: 
      x: -0.18160744159706074
      y: 0.2537674370766403
      z: -0.004211291074824755
    angular: 
      x: 0.0
      y: 0.0
      z: 0.0
  covariance: [0.0, 0.0, 0.0, 0.0, 0.0, 0.0, 0.0, 0.0, 0.0, 0.0, 0.0, 0.0, 0.0, 0.0, 0.0, 0.0, 0.0, 0.0, 0.0, 0.0, 0.0, 0.0, 0.0, 0.0, 0.0, 0.0, 0.0, 0.0, 0.0, 0.0, 0.0, 0.0, 0.0, 0.0, 0.0, 0.0]
---
header: 
  seq: 1017
  stamp: 
    secs: 1744093090
    nsecs: 443696499
  frame_id: "world"
child_frame_id: "world"
pose: 
  pose: 
    position: 
      x: 0.42764435912719445
      y: 0.3689869399112903
      z: 0.5250487814182225
    orientation: 
      x: -0.009840364779981337
      y: -0.01919783776468869
      z: 0.8459032040428526
      w: 0.5328999715107839
  covariance: [0.0, 0.0, 0.0, 0.0, 0.0, 0.0, 0.0, 0.0, 0.0, 0.0, 0.0, 0.0, 0.0, 0.0, 0.0, 0.0, 0.0, 0.0, 0.0, 0.0, 0.0, 0.0, 0.0, 0.0, 0.0, 0.0, 0.0, 0.0, 0.0, 0.0, 0.0, 0.0, 0.0, 0.0, 0.0, 0.0]
twist: 
  twist: 
    linear: 
      x: -0.23349550745349706
      y: 0.23392185862498033
      z: -0.03696866284043072
    angular: 
      x: 0.0
      y: 0.0
      z: 0.0
  covariance: [0.0, 0.0, 0.0, 0.0, 0.0, 0.0, 0.0, 0.0, 0.0, 0.0, 0.0, 0.0, 0.0, 0.0, 0.0, 0.0, 0.0, 0.0, 0.0, 0.0, 0.0, 0.0, 0.0, 0.0, 0.0, 0.0, 0.0, 0.0, 0.0, 0.0, 0.0, 0.0, 0.0, 0.0, 0.0, 0.0]
---
header: 
  seq: 1018
  stamp: 
    secs: 1744093090
    nsecs: 577044725
  frame_id: "world"
child_frame_id: "world"
pose: 
  pose: 
    position: 
      x: 0.3910263817384657
      y: 0.4038088076234808
      z: 0.5208612638733339
    orientation: 
      x: -0.00774655727101988
      y: -0.015592346807443527
      z: 0.8702597005163367
      w: 0.49228540830365797
  covariance: [0.0, 0.0, 0.0, 0.0, 0.0, 0.0, 0.0, 0.0, 0.0, 0.0, 0.0, 0.0, 0.0, 0.0, 0.0, 0.0, 0.0, 0.0, 0.0, 0.0, 0.0, 0.0, 0.0, 0.0, 0.0, 0.0, 0.0, 0.0, 0.0, 0.0, 0.0, 0.0, 0.0, 0.0, 0.0, 0.0]
twist: 
  twist: 
    linear: 
      x: -0.286144390254313
      y: 0.2228737194731477
      z: -0.007993061092098203
    angular: 
      x: 0.0
      y: 0.0
      z: 0.0
  covariance: [0.0, 0.0, 0.0, 0.0, 0.0, 0.0, 0.0, 0.0, 0.0, 0.0, 0.0, 0.0, 0.0, 0.0, 0.0, 0.0, 0.0, 0.0, 0.0, 0.0, 0.0, 0.0, 0.0, 0.0, 0.0, 0.0, 0.0, 0.0, 0.0, 0.0, 0.0, 0.0, 0.0, 0.0, 0.0, 0.0]
---
header: 
  seq: 1019
  stamp: 
    secs: 1744093090
    nsecs: 710392475
  frame_id: "world"
child_frame_id: "world"
pose: 
  pose: 
    position: 
      x: 0.3517387540496838
      y: 0.43617043718913606
      z: 0.5238395495017513
    orientation: 
      x: -0.001906748877355228
      y: -0.013517327595311598
      z: 0.8925264073127602
      w: 0.45078848522647136
  covariance: [0.0, 0.0, 0.0, 0.0, 0.0, 0.0, 0.0, 0.0, 0.0, 0.0, 0.0, 0.0, 0.0, 0.0, 0.0, 0.0, 0.0, 0.0, 0.0, 0.0, 0.0, 0.0, 0.0, 0.0, 0.0, 0.0, 0.0, 0.0, 0.0, 0.0, 0.0, 0.0, 0.0, 0.0, 0.0, 0.0]
twist: 
  twist: 
    linear: 
      x: -0.3006749189561874
      y: 0.21509924675931813
      z: 0.021785097891854854
    angular: 
      x: 0.0
      y: 0.0
      z: 0.0
  covariance: [0.0, 0.0, 0.0, 0.0, 0.0, 0.0, 0.0, 0.0, 0.0, 0.0, 0.0, 0.0, 0.0, 0.0, 0.0, 0.0, 0.0, 0.0, 0.0, 0.0, 0.0, 0.0, 0.0, 0.0, 0.0, 0.0, 0.0, 0.0, 0.0, 0.0, 0.0, 0.0, 0.0, 0.0, 0.0, 0.0]
---
header: 
  seq: 1020
  stamp: 
    secs: 1744093090
    nsecs: 843740225
  frame_id: "world"
child_frame_id: "world"
pose: 
  pose: 
    position: 
      x: 0.3081584399081946
      y: 0.4634344190383102
      z: 0.5305953777359609
    orientation: 
      x: 0.003379066237929772
      y: -0.014246634281712325
      z: 0.9124195038604459
      w: 0.40899421059235136
  covariance: [0.0, 0.0, 0.0, 0.0, 0.0, 0.0, 0.0, 0.0, 0.0, 0.0, 0.0, 0.0, 0.0, 0.0, 0.0, 0.0, 0.0, 0.0, 0.0, 0.0, 0.0, 0.0, 0.0, 0.0, 0.0, 0.0, 0.0, 0.0, 0.0, 0.0, 0.0, 0.0, 0.0, 0.0, 0.0, 0.0]
twist: 
  twist: 
    linear: 
      x: -0.33649001285738767
      y: 0.1673344334132212
      z: 0.04044416613670216
    angular: 
      x: 0.0
      y: 0.0
      z: 0.0
  covariance: [0.0, 0.0, 0.0, 0.0, 0.0, 0.0, 0.0, 0.0, 0.0, 0.0, 0.0, 0.0, 0.0, 0.0, 0.0, 0.0, 0.0, 0.0, 0.0, 0.0, 0.0, 0.0, 0.0, 0.0, 0.0, 0.0, 0.0, 0.0, 0.0, 0.0, 0.0, 0.0, 0.0, 0.0, 0.0, 0.0]
---
header: 
  seq: 1021
  stamp: 
    secs: 1744093090
    nsecs: 977087498
  frame_id: "world"
child_frame_id: "world"
pose: 
  pose: 
    position: 
      x: 0.26272658133982685
      y: 0.4855692393764232
      z: 0.5369356370866121
    orientation: 
      x: 0.006305443998478525
      y: -0.012019239711617823
      z: 0.9303514207022437
      w: 0.3664178124082583
  covariance: [0.0, 0.0, 0.0, 0.0, 0.0, 0.0, 0.0, 0.0, 0.0, 0.0, 0.0, 0.0, 0.0, 0.0, 0.0, 0.0, 0.0, 0.0, 0.0, 0.0, 0.0, 0.0, 0.0, 0.0, 0.0, 0.0, 0.0, 0.0, 0.0, 0.0, 0.0, 0.0, 0.0, 0.0, 0.0, 0.0]
twist: 
  twist: 
    linear: 
      x: -0.3342656468095241
      y: 0.15018702502920914
      z: 0.0531256028463212
    angular: 
      x: 0.0
      y: 0.0
      z: 0.0
  covariance: [0.0, 0.0, 0.0, 0.0, 0.0, 0.0, 0.0, 0.0, 0.0, 0.0, 0.0, 0.0, 0.0, 0.0, 0.0, 0.0, 0.0, 0.0, 0.0, 0.0, 0.0, 0.0, 0.0, 0.0, 0.0, 0.0, 0.0, 0.0, 0.0, 0.0, 0.0, 0.0, 0.0, 0.0, 0.0, 0.0]
---
header: 
  seq: 1022
  stamp: 
    secs: 1744093091
    nsecs: 110434294
  frame_id: "world"
child_frame_id: "world"
pose: 
  pose: 
    position: 
      x: 0.21763536803047973
      y: 0.5040746203807076
      z: 0.5421032317795155
    orientation: 
      x: 0.0037091243817594325
      y: -0.018479506579426312
      z: 0.9461394735631095
      w: 0.32321022075210354
  covariance: [0.0, 0.0, 0.0, 0.0, 0.0, 0.0, 0.0, 0.0, 0.0, 0.0, 0.0, 0.0, 0.0, 0.0, 0.0, 0.0, 0.0, 0.0, 0.0, 0.0, 0.0, 0.0, 0.0, 0.0, 0.0, 0.0, 0.0, 0.0, 0.0, 0.0, 0.0, 0.0, 0.0, 0.0, 0.0, 0.0]
twist: 
  twist: 
    linear: 
      x: -0.3342821975114299
      y: 0.12995595496740187
      z: 0.04801797174402823
    angular: 
      x: 0.0
      y: 0.0
      z: 0.0
  covariance: [0.0, 0.0, 0.0, 0.0, 0.0, 0.0, 0.0, 0.0, 0.0, 0.0, 0.0, 0.0, 0.0, 0.0, 0.0, 0.0, 0.0, 0.0, 0.0, 0.0, 0.0, 0.0, 0.0, 0.0, 0.0, 0.0, 0.0, 0.0, 0.0, 0.0, 0.0, 0.0, 0.0, 0.0, 0.0, 0.0]
---
header: 
  seq: 1023
  stamp: 
    secs: 1744093091
    nsecs: 243782043
  frame_id: "world"
child_frame_id: "world"
pose: 
  pose: 
    position: 
      x: 0.17187618036990754
      y: 0.5170036407565284
      z: 0.5388251331758578
    orientation: 
      x: 0.0021155204404069623
      y: -0.027033179413363147
      z: 0.9595276867266915
      w: 0.28030581547480476
  covariance: [0.0, 0.0, 0.0, 0.0, 0.0, 0.0, 0.0, 0.0, 0.0, 0.0, 0.0, 0.0, 0.0, 0.0, 0.0, 0.0, 0.0, 0.0, 0.0, 0.0, 0.0, 0.0, 0.0, 0.0, 0.0, 0.0, 0.0, 0.0, 0.0, 0.0, 0.0, 0.0, 0.0, 0.0, 0.0, 0.0]
twist: 
  twist: 
    linear: 
      x: -0.33730887761277983
      y: 0.11904392940509254
      z: 0.0019091528482019589
    angular: 
      x: 0.0
      y: 0.0
      z: 0.0
  covariance: [0.0, 0.0, 0.0, 0.0, 0.0, 0.0, 0.0, 0.0, 0.0, 0.0, 0.0, 0.0, 0.0, 0.0, 0.0, 0.0, 0.0, 0.0, 0.0, 0.0, 0.0, 0.0, 0.0, 0.0, 0.0, 0.0, 0.0, 0.0, 0.0, 0.0, 0.0, 0.0, 0.0, 0.0, 0.0, 0.0]
---
header: 
  seq: 1024
  stamp: 
    secs: 1744093091
    nsecs: 377143860
  frame_id: "world"
child_frame_id: "world"
pose: 
  pose: 
    position: 
      x: 0.12715618567447823
      y: 0.5192254072204308
      z: 0.5357643015026813
    orientation: 
      x: 0.0030824962009217112
      y: -0.02965629687360503
      z: 0.9713489010877285
      w: 0.2357802252704372
  covariance: [0.0, 0.0, 0.0, 0.0, 0.0, 0.0, 0.0, 0.0, 0.0, 0.0, 0.0, 0.0, 0.0, 0.0, 0.0, 0.0, 0.0, 0.0, 0.0, 0.0, 0.0, 0.0, 0.0, 0.0, 0.0, 0.0, 0.0, 0.0, 0.0, 0.0, 0.0, 0.0, 0.0, 0.0, 0.0, 0.0]
twist: 
  twist: 
    linear: 
      x: -0.3520763944446079
      y: 0.049913800644789896
      z: -0.008573508032772079
    angular: 
      x: 0.0
      y: 0.0
      z: 0.0
  covariance: [0.0, 0.0, 0.0, 0.0, 0.0, 0.0, 0.0, 0.0, 0.0, 0.0, 0.0, 0.0, 0.0, 0.0, 0.0, 0.0, 0.0, 0.0, 0.0, 0.0, 0.0, 0.0, 0.0, 0.0, 0.0, 0.0, 0.0, 0.0, 0.0, 0.0, 0.0, 0.0, 0.0, 0.0, 0.0, 0.0]
---
header: 
  seq: 1025
  stamp: 
    secs: 1744093091
    nsecs: 510505199
  frame_id: "world"
child_frame_id: "world"
pose: 
  pose: 
    position: 
      x: 0.07668794037711674
      y: 0.5207100391759294
      z: 0.528343819911831
    orientation: 
      x: 0.004765368527904885
      y: -0.023128714542130047
      z: 0.9812628732985822
      w: 0.19122114765954318
  covariance: [0.0, 0.0, 0.0, 0.0, 0.0, 0.0, 0.0, 0.0, 0.0, 0.0, 0.0, 0.0, 0.0, 0.0, 0.0, 0.0, 0.0, 0.0, 0.0, 0.0, 0.0, 0.0, 0.0, 0.0, 0.0, 0.0, 0.0, 0.0, 0.0, 0.0, 0.0, 0.0, 0.0, 0.0, 0.0, 0.0]
twist: 
  twist: 
    linear: 
      x: -0.35873285610169514
      y: -0.0003671023722507494
      z: -0.02354140373093782
    angular: 
      x: 0.0
      y: 0.0
      z: 0.0
  covariance: [0.0, 0.0, 0.0, 0.0, 0.0, 0.0, 0.0, 0.0, 0.0, 0.0, 0.0, 0.0, 0.0, 0.0, 0.0, 0.0, 0.0, 0.0, 0.0, 0.0, 0.0, 0.0, 0.0, 0.0, 0.0, 0.0, 0.0, 0.0, 0.0, 0.0, 0.0, 0.0, 0.0, 0.0, 0.0, 0.0]
---
header: 
  seq: 1026
  stamp: 
    secs: 1744093091
    nsecs: 643866777
  frame_id: "world"
child_frame_id: "world"
pose: 
  pose: 
    position: 
      x: 0.02189843164475247
      y: 0.5216504036309746
      z: 0.5176367906948858
    orientation: 
      x: 0.003915832152745672
      y: -0.010288667999174494
      z: 0.9892320343173299
      w: 0.1459410560800203
  covariance: [0.0, 0.0, 0.0, 0.0, 0.0, 0.0, 0.0, 0.0, 0.0, 0.0, 0.0, 0.0, 0.0, 0.0, 0.0, 0.0, 0.0, 0.0, 0.0, 0.0, 0.0, 0.0, 0.0, 0.0, 0.0, 0.0, 0.0, 0.0, 0.0, 0.0, 0.0, 0.0, 0.0, 0.0, 0.0, 0.0]
twist: 
  twist: 
    linear: 
      x: -0.3799397179645724
      y: -0.06374499650832727
      z: -0.049565107230244584
    angular: 
      x: 0.0
      y: 0.0
      z: 0.0
  covariance: [0.0, 0.0, 0.0, 0.0, 0.0, 0.0, 0.0, 0.0, 0.0, 0.0, 0.0, 0.0, 0.0, 0.0, 0.0, 0.0, 0.0, 0.0, 0.0, 0.0, 0.0, 0.0, 0.0, 0.0, 0.0, 0.0, 0.0, 0.0, 0.0, 0.0, 0.0, 0.0, 0.0, 0.0, 0.0, 0.0]
---
header: 
  seq: 1027
  stamp: 
    secs: 1744093091
    nsecs: 777229309
  frame_id: "world"
child_frame_id: "world"
pose: 
  pose: 
    position: 
      x: -0.03254414465217259
      y: 0.5220175412731599
      z: 0.5086160716247271
    orientation: 
      x: 0.007329250940920337
      y: 0.006743328903415806
      z: 0.9949545250708636
      w: 0.09983137100610101
  covariance: [0.0, 0.0, 0.0, 0.0, 0.0, 0.0, 0.0, 0.0, 0.0, 0.0, 0.0, 0.0, 0.0, 0.0, 0.0, 0.0, 0.0, 0.0, 0.0, 0.0, 0.0, 0.0, 0.0, 0.0, 0.0, 0.0, 0.0, 0.0, 0.0, 0.0, 0.0, 0.0, 0.0, 0.0, 0.0, 0.0]
twist: 
  twist: 
    linear: 
      x: -0.3749001033791734
      y: -0.061363388320174954
      z: -0.050762303727266575
    angular: 
      x: 0.0
      y: 0.0
      z: 0.0
  covariance: [0.0, 0.0, 0.0, 0.0, 0.0, 0.0, 0.0, 0.0, 0.0, 0.0, 0.0, 0.0, 0.0, 0.0, 0.0, 0.0, 0.0, 0.0, 0.0, 0.0, 0.0, 0.0, 0.0, 0.0, 0.0, 0.0, 0.0, 0.0, 0.0, 0.0, 0.0, 0.0, 0.0, 0.0, 0.0, 0.0]
---
header: 
  seq: 1028
  stamp: 
    secs: 1744093091
    nsecs: 910591125
  frame_id: "world"
child_frame_id: "world"
pose: 
  pose: 
    position: 
      x: -0.0835041293774112
      y: 0.5272840605461877
      z: 0.5077429633346903
    orientation: 
      x: 0.011464495195746462
      y: 0.004795454321048098
      z: 0.9985320879904427
      w: 0.0527184808317574
  covariance: [0.0, 0.0, 0.0, 0.0, 0.0, 0.0, 0.0, 0.0, 0.0, 0.0, 0.0, 0.0, 0.0, 0.0, 0.0, 0.0, 0.0, 0.0, 0.0, 0.0, 0.0, 0.0, 0.0, 0.0, 0.0, 0.0, 0.0, 0.0, 0.0, 0.0, 0.0, 0.0, 0.0, 0.0, 0.0, 0.0]
twist: 
  twist: 
    linear: 
      x: -0.37038199492841023
      y: -0.022164942339356702
      z: 0.009866975203731816
    angular: 
      x: 0.0
      y: 0.0
      z: 0.0
  covariance: [0.0, 0.0, 0.0, 0.0, 0.0, 0.0, 0.0, 0.0, 0.0, 0.0, 0.0, 0.0, 0.0, 0.0, 0.0, 0.0, 0.0, 0.0, 0.0, 0.0, 0.0, 0.0, 0.0, 0.0, 0.0, 0.0, 0.0, 0.0, 0.0, 0.0, 0.0, 0.0, 0.0, 0.0, 0.0, 0.0]
---
header: 
  seq: 1029
  stamp: 
    secs: 1744093092
    nsecs:  43953180
  frame_id: "world"
child_frame_id: "world"
pose: 
  pose: 
    position: 
      x: -0.12968985851011777
      y: 0.5373408292475379
      z: 0.5124390369963404
    orientation: 
      x: 0.014984663562632125
      y: -0.010574478592903664
      z: 0.9998239023788743
      w: 0.003975486420855746
  covariance: [0.0, 0.0, 0.0, 0.0, 0.0, 0.0, 0.0, 0.0, 0.0, 0.0, 0.0, 0.0, 0.0, 0.0, 0.0, 0.0, 0.0, 0.0, 0.0, 0.0, 0.0, 0.0, 0.0, 0.0, 0.0, 0.0, 0.0, 0.0, 0.0, 0.0, 0.0, 0.0, 0.0, 0.0, 0.0, 0.0]
twist: 
  twist: 
    linear: 
      x: -0.3527591675808142
      y: 0.0025319237650716065
      z: 0.019317666936307116
    angular: 
      x: 0.0
      y: 0.0
      z: 0.0
  covariance: [0.0, 0.0, 0.0, 0.0, 0.0, 0.0, 0.0, 0.0, 0.0, 0.0, 0.0, 0.0, 0.0, 0.0, 0.0, 0.0, 0.0, 0.0, 0.0, 0.0, 0.0, 0.0, 0.0, 0.0, 0.0, 0.0, 0.0, 0.0, 0.0, 0.0, 0.0, 0.0, 0.0, 0.0, 0.0, 0.0]
---
header: 
  seq: 1030
  stamp: 
    secs: 1744093092
    nsecs: 177314997
  frame_id: "world"
child_frame_id: "world"
pose: 
  pose: 
    position: 
      x: -0.1664994490472736
      y: 0.5458479955968121
      z: 0.5170109420006275
    orientation: 
      x: 0.013795844369163578
      y: -0.024840116947290825
      z: 0.998608215918305
      w: -0.04443280734600192
  covariance: [0.0, 0.0, 0.0, 0.0, 0.0, 0.0, 0.0, 0.0, 0.0, 0.0, 0.0, 0.0, 0.0, 0.0, 0.0, 0.0, 0.0, 0.0, 0.0, 0.0, 0.0, 0.0, 0.0, 0.0, 0.0, 0.0, 0.0, 0.0, 0.0, 0.0, 0.0, 0.0, 0.0, 0.0, 0.0, 0.0]
twist: 
  twist: 
    linear: 
      x: -0.32096132255466275
      y: 0.004433973587644165
      z: 0.049097561186460116
    angular: 
      x: 0.0
      y: 0.0
      z: 0.0
  covariance: [0.0, 0.0, 0.0, 0.0, 0.0, 0.0, 0.0, 0.0, 0.0, 0.0, 0.0, 0.0, 0.0, 0.0, 0.0, 0.0, 0.0, 0.0, 0.0, 0.0, 0.0, 0.0, 0.0, 0.0, 0.0, 0.0, 0.0, 0.0, 0.0, 0.0, 0.0, 0.0, 0.0, 0.0, 0.0, 0.0]
---
header: 
  seq: 1031
  stamp: 
    secs: 1744093092
    nsecs: 310671329
  frame_id: "world"
child_frame_id: "world"
pose: 
  pose: 
    position: 
      x: -0.20212556715979502
      y: 0.5465315195388216
      z: 0.5183317805302735
    orientation: 
      x: 0.009730513339544094
      y: -0.039429824726990956
      z: 0.9948807764420808
      w: -0.09253565095761765
  covariance: [0.0, 0.0, 0.0, 0.0, 0.0, 0.0, 0.0, 0.0, 0.0, 0.0, 0.0, 0.0, 0.0, 0.0, 0.0, 0.0, 0.0, 0.0, 0.0, 0.0, 0.0, 0.0, 0.0, 0.0, 0.0, 0.0, 0.0, 0.0, 0.0, 0.0, 0.0, 0.0, 0.0, 0.0, 0.0, 0.0]
twist: 
  twist: 
    linear: 
      x: -0.29502043627452224
      y: -0.06437235389776325
      z: 0.011034557404227846
    angular: 
      x: 0.0
      y: 0.0
      z: 0.0
  covariance: [0.0, 0.0, 0.0, 0.0, 0.0, 0.0, 0.0, 0.0, 0.0, 0.0, 0.0, 0.0, 0.0, 0.0, 0.0, 0.0, 0.0, 0.0, 0.0, 0.0, 0.0, 0.0, 0.0, 0.0, 0.0, 0.0, 0.0, 0.0, 0.0, 0.0, 0.0, 0.0, 0.0, 0.0, 0.0, 0.0]
---
header: 
  seq: 1032
  stamp: 
    secs: 1744093092
    nsecs: 444023609
  frame_id: "world"
child_frame_id: "world"
pose: 
  pose: 
    position: 
      x: -0.2353740509964264
      y: 0.5356616121592983
      z: 0.5136758653180489
    orientation: 
      x: 0.003644212344097691
      y: -0.03624277931470092
      z: 0.9894621507145173
      w: -0.14013505260047984
  covariance: [0.0, 0.0, 0.0, 0.0, 0.0, 0.0, 0.0, 0.0, 0.0, 0.0, 0.0, 0.0, 0.0, 0.0, 0.0, 0.0, 0.0, 0.0, 0.0, 0.0, 0.0, 0.0, 0.0, 0.0, 0.0, 0.0, 0.0, 0.0, 0.0, 0.0, 0.0, 0.0, 0.0, 0.0, 0.0, 0.0]
twist: 
  twist: 
    linear: 
      x: -0.2675301188580225
      y: -0.16086745332672464
      z: -0.04667490114392122
    angular: 
      x: 0.0
      y: 0.0
      z: 0.0
  covariance: [0.0, 0.0, 0.0, 0.0, 0.0, 0.0, 0.0, 0.0, 0.0, 0.0, 0.0, 0.0, 0.0, 0.0, 0.0, 0.0, 0.0, 0.0, 0.0, 0.0, 0.0, 0.0, 0.0, 0.0, 0.0, 0.0, 0.0, 0.0, 0.0, 0.0, 0.0, 0.0, 0.0, 0.0, 0.0, 0.0]
---
header: 
  seq: 1033
  stamp: 
    secs: 1744093092
    nsecs: 577375650
  frame_id: "world"
child_frame_id: "world"
pose: 
  pose: 
    position: 
      x: -0.2714172694669642
      y: 0.5136521682270728
      z: 0.5074872538667505
    orientation: 
      x: 0.0017450576426676185
      y: -0.029792679122286822
      z: 0.9819208150641245
      w: -0.18692475488373766
  covariance: [0.0, 0.0, 0.0, 0.0, 0.0, 0.0, 0.0, 0.0, 0.0, 0.0, 0.0, 0.0, 0.0, 0.0, 0.0, 0.0, 0.0, 0.0, 0.0, 0.0, 0.0, 0.0, 0.0, 0.0, 0.0, 0.0, 0.0, 0.0, 0.0, 0.0, 0.0, 0.0, 0.0, 0.0, 0.0, 0.0]
twist: 
  twist: 
    linear: 
      x: -0.26612203246513105
      y: -0.2216118421009358
      z: -0.022958289587596582
    angular: 
      x: 0.0
      y: 0.0
      z: 0.0
  covariance: [0.0, 0.0, 0.0, 0.0, 0.0, 0.0, 0.0, 0.0, 0.0, 0.0, 0.0, 0.0, 0.0, 0.0, 0.0, 0.0, 0.0, 0.0, 0.0, 0.0, 0.0, 0.0, 0.0, 0.0, 0.0, 0.0, 0.0, 0.0, 0.0, 0.0, 0.0, 0.0, 0.0, 0.0, 0.0, 0.0]
---
header: 
  seq: 1034
  stamp: 
    secs: 1744093092
    nsecs: 710727453
  frame_id: "world"
child_frame_id: "world"
pose: 
  pose: 
    position: 
      x: -0.30813962338625245
      y: 0.4824235283558337
      z: 0.5015789839890753
    orientation: 
      x: 0.005337552546014079
      y: -0.024686728808861025
      z: 0.9718169501003288
      w: -0.2343798017134397
  covariance: [0.0, 0.0, 0.0, 0.0, 0.0, 0.0, 0.0, 0.0, 0.0, 0.0, 0.0, 0.0, 0.0, 0.0, 0.0, 0.0, 0.0, 0.0, 0.0, 0.0, 0.0, 0.0, 0.0, 0.0, 0.0, 0.0, 0.0, 0.0, 0.0, 0.0, 0.0, 0.0, 0.0, 0.0, 0.0, 0.0]
twist: 
  twist: 
    linear: 
      x: -0.27142470861629736
      y: -0.2750365619302132
      z: -0.01045266249771817
    angular: 
      x: 0.0
      y: 0.0
      z: 0.0
  covariance: [0.0, 0.0, 0.0, 0.0, 0.0, 0.0, 0.0, 0.0, 0.0, 0.0, 0.0, 0.0, 0.0, 0.0, 0.0, 0.0, 0.0, 0.0, 0.0, 0.0, 0.0, 0.0, 0.0, 0.0, 0.0, 0.0, 0.0, 0.0, 0.0, 0.0, 0.0, 0.0, 0.0, 0.0, 0.0, 0.0]
---
header: 
  seq: 1035
  stamp: 
    secs: 1744093092
    nsecs: 844079256
  frame_id: "world"
child_frame_id: "world"
pose: 
  pose: 
    position: 
      x: -0.33823936440057
      y: 0.4442692970239388
      z: 0.4999262667341965
    orientation: 
      x: 0.010162066346617218
      y: -0.01970571415862404
      z: 0.9599012823639127
      w: -0.2794600961732845
  covariance: [0.0, 0.0, 0.0, 0.0, 0.0, 0.0, 0.0, 0.0, 0.0, 0.0, 0.0, 0.0, 0.0, 0.0, 0.0, 0.0, 0.0, 0.0, 0.0, 0.0, 0.0, 0.0, 0.0, 0.0, 0.0, 0.0, 0.0, 0.0, 0.0, 0.0, 0.0, 0.0, 0.0, 0.0, 0.0, 0.0]
twist: 
  twist: 
    linear: 
      x: -0.2407788161074285
      y: -0.3248128774935461
      z: -0.007576001855764846
    angular: 
      x: 0.0
      y: 0.0
      z: 0.0
  covariance: [0.0, 0.0, 0.0, 0.0, 0.0, 0.0, 0.0, 0.0, 0.0, 0.0, 0.0, 0.0, 0.0, 0.0, 0.0, 0.0, 0.0, 0.0, 0.0, 0.0, 0.0, 0.0, 0.0, 0.0, 0.0, 0.0, 0.0, 0.0, 0.0, 0.0, 0.0, 0.0, 0.0, 0.0, 0.0, 0.0]
---
header: 
  seq: 1036
  stamp: 
    secs: 1744093092
    nsecs: 977430582
  frame_id: "world"
child_frame_id: "world"
pose: 
  pose: 
    position: 
      x: -0.3618751296463459
      y: 0.4002876469722444
      z: 0.5005498400463508
    orientation: 
      x: 0.013470084160488303
      y: -0.014941463063187162
      z: 0.9459158958436861
      w: -0.32378762716397547
  covariance: [0.0, 0.0, 0.0, 0.0, 0.0, 0.0, 0.0, 0.0, 0.0, 0.0, 0.0, 0.0, 0.0, 0.0, 0.0, 0.0, 0.0, 0.0, 0.0, 0.0, 0.0, 0.0, 0.0, 0.0, 0.0, 0.0, 0.0, 0.0, 0.0, 0.0, 0.0, 0.0, 0.0, 0.0, 0.0, 0.0]
twist: 
  twist: 
    linear: 
      x: -0.20943807124807842
      y: -0.36569547455974144
      z: 0.010902764865661769
    angular: 
      x: 0.0
      y: 0.0
      z: 0.0
  covariance: [0.0, 0.0, 0.0, 0.0, 0.0, 0.0, 0.0, 0.0, 0.0, 0.0, 0.0, 0.0, 0.0, 0.0, 0.0, 0.0, 0.0, 0.0, 0.0, 0.0, 0.0, 0.0, 0.0, 0.0, 0.0, 0.0, 0.0, 0.0, 0.0, 0.0, 0.0, 0.0, 0.0, 0.0, 0.0, 0.0]
---
header: 
  seq: 1037
  stamp: 
    secs: 1744093093
    nsecs: 110781670
  frame_id: "world"
child_frame_id: "world"
pose: 
  pose: 
    position: 
      x: -0.38525167544879313
      y: 0.35255183968171344
      z: 0.5002044606227565
    orientation: 
      x: 0.01625577489045538
      y: -0.010011029977779203
      z: 0.9300343332223404
      w: -0.36697638628278495
  covariance: [0.0, 0.0, 0.0, 0.0, 0.0, 0.0, 0.0, 0.0, 0.0, 0.0, 0.0, 0.0, 0.0, 0.0, 0.0, 0.0, 0.0, 0.0, 0.0, 0.0, 0.0, 0.0, 0.0, 0.0, 0.0, 0.0, 0.0, 0.0, 0.0, 0.0, 0.0, 0.0, 0.0, 0.0, 0.0, 0.0]
twist: 
  twist: 
    linear: 
      x: -0.20293202590724135
      y: -0.3812508677196057
      z: 0.00634052221198933
    angular: 
      x: 0.0
      y: 0.0
      z: 0.0
  covariance: [0.0, 0.0, 0.0, 0.0, 0.0, 0.0, 0.0, 0.0, 0.0, 0.0, 0.0, 0.0, 0.0, 0.0, 0.0, 0.0, 0.0, 0.0, 0.0, 0.0, 0.0, 0.0, 0.0, 0.0, 0.0, 0.0, 0.0, 0.0, 0.0, 0.0, 0.0, 0.0, 0.0, 0.0, 0.0, 0.0]
---
header: 
  seq: 1038
  stamp: 
    secs: 1744093093
    nsecs: 244132996
  frame_id: "world"
child_frame_id: "world"
pose: 
  pose: 
    position: 
      x: -0.40670362710248975
      y: 0.3019699953271835
      z: 0.5016795756028036
    orientation: 
      x: 0.01858404494238125
      y: -0.011002236368172701
      z: 0.9121015091075705
      w: -0.40939518945900044
  covariance: [0.0, 0.0, 0.0, 0.0, 0.0, 0.0, 0.0, 0.0, 0.0, 0.0, 0.0, 0.0, 0.0, 0.0, 0.0, 0.0, 0.0, 0.0, 0.0, 0.0, 0.0, 0.0, 0.0, 0.0, 0.0, 0.0, 0.0, 0.0, 0.0, 0.0, 0.0, 0.0, 0.0, 0.0, 0.0, 0.0]
twist: 
  twist: 
    linear: 
      x: -0.1624894094230499
      y: -0.3906225502917307
      z: 0.008183703242467628
    angular: 
      x: 0.0
      y: 0.0
      z: 0.0
  covariance: [0.0, 0.0, 0.0, 0.0, 0.0, 0.0, 0.0, 0.0, 0.0, 0.0, 0.0, 0.0, 0.0, 0.0, 0.0, 0.0, 0.0, 0.0, 0.0, 0.0, 0.0, 0.0, 0.0, 0.0, 0.0, 0.0, 0.0, 0.0, 0.0, 0.0, 0.0, 0.0, 0.0, 0.0, 0.0, 0.0]
---
header: 
  seq: 1039
  stamp: 
    secs: 1744093093
    nsecs: 377483845
  frame_id: "world"
child_frame_id: "world"
pose: 
  pose: 
    position: 
      x: -0.4230995200319677
      y: 0.2528364437583035
      z: 0.4990441406885708
    orientation: 
      x: 0.016277843091269218
      y: -0.007363230344830512
      z: 0.8921258171125379
      w: -0.45143365083306713
  covariance: [0.0, 0.0, 0.0, 0.0, 0.0, 0.0, 0.0, 0.0, 0.0, 0.0, 0.0, 0.0, 0.0, 0.0, 0.0, 0.0, 0.0, 0.0, 0.0, 0.0, 0.0, 0.0, 0.0, 0.0, 0.0, 0.0, 0.0, 0.0, 0.0, 0.0, 0.0, 0.0, 0.0, 0.0, 0.0, 0.0]
twist: 
  twist: 
    linear: 
      x: -0.12592267939301718
      y: -0.38733044953691637
      z: -0.003341404968896812
    angular: 
      x: 0.0
      y: 0.0
      z: 0.0
  covariance: [0.0, 0.0, 0.0, 0.0, 0.0, 0.0, 0.0, 0.0, 0.0, 0.0, 0.0, 0.0, 0.0, 0.0, 0.0, 0.0, 0.0, 0.0, 0.0, 0.0, 0.0, 0.0, 0.0, 0.0, 0.0, 0.0, 0.0, 0.0, 0.0, 0.0, 0.0, 0.0, 0.0, 0.0, 0.0, 0.0]
---
header: 
  seq: 1040
  stamp: 
    secs: 1744093093
    nsecs: 510835171
  frame_id: "world"
child_frame_id: "world"
pose: 
  pose: 
    position: 
      x: -0.43595672381362816
      y: 0.20614864809638495
      z: 0.4974708405621384
    orientation: 
      x: 0.013623148364128205
      y: -0.007006896656977624
      z: 0.8704186135103068
      w: -0.4920739278631645
  covariance: [0.0, 0.0, 0.0, 0.0, 0.0, 0.0, 0.0, 0.0, 0.0, 0.0, 0.0, 0.0, 0.0, 0.0, 0.0, 0.0, 0.0, 0.0, 0.0, 0.0, 0.0, 0.0, 0.0, 0.0, 0.0, 0.0, 0.0, 0.0, 0.0, 0.0, 0.0, 0.0, 0.0, 0.0, 0.0, 0.0]
twist: 
  twist: 
    linear: 
      x: -0.10340643405949217
      y: -0.3773973928307877
      z: -0.0007767733958633326
    angular: 
      x: 0.0
      y: 0.0
      z: 0.0
  covariance: [0.0, 0.0, 0.0, 0.0, 0.0, 0.0, 0.0, 0.0, 0.0, 0.0, 0.0, 0.0, 0.0, 0.0, 0.0, 0.0, 0.0, 0.0, 0.0, 0.0, 0.0, 0.0, 0.0, 0.0, 0.0, 0.0, 0.0, 0.0, 0.0, 0.0, 0.0, 0.0, 0.0, 0.0, 0.0, 0.0]
---
header: 
  seq: 1041
  stamp: 
    secs: 1744093093
    nsecs: 644186735
  frame_id: "world"
child_frame_id: "world"
pose: 
  pose: 
    position: 
      x: -0.4449936169464479
      y: 0.15888729234040117
      z: 0.4971820742263956
    orientation: 
      x: -0.011307698652677074
      y: 0.0074884122746292775
      z: -0.8465913626278021
      w: 0.5320706009138138
  covariance: [0.0, 0.0, 0.0, 0.0, 0.0, 0.0, 0.0, 0.0, 0.0, 0.0, 0.0, 0.0, 0.0, 0.0, 0.0, 0.0, 0.0, 0.0, 0.0, 0.0, 0.0, 0.0, 0.0, 0.0, 0.0, 0.0, 0.0, 0.0, 0.0, 0.0, 0.0, 0.0, 0.0, 0.0, 0.0, 0.0]
twist: 
  twist: 
    linear: 
      x: -0.061700250208110825
      y: -0.37785197419602085
      z: -0.006815772565923208
    angular: 
      x: 0.0
      y: 0.0
      z: 0.0
  covariance: [0.0, 0.0, 0.0, 0.0, 0.0, 0.0, 0.0, 0.0, 0.0, 0.0, 0.0, 0.0, 0.0, 0.0, 0.0, 0.0, 0.0, 0.0, 0.0, 0.0, 0.0, 0.0, 0.0, 0.0, 0.0, 0.0, 0.0, 0.0, 0.0, 0.0, 0.0, 0.0, 0.0, 0.0, 0.0, 0.0]
---
header: 
  seq: 1042
  stamp: 
    secs: 1744093093
    nsecs: 777538061
  frame_id: "world"
child_frame_id: "world"
pose: 
  pose: 
    position: 
      x: -0.45062974598315836
      y: 0.1106629352771123
      z: 0.4975167936105756
    orientation: 
      x: -0.00959898563497696
      y: 0.007749004264284308
      z: -0.8206749751645706
      w: 0.5712621093213895
  covariance: [0.0, 0.0, 0.0, 0.0, 0.0, 0.0, 0.0, 0.0, 0.0, 0.0, 0.0, 0.0, 0.0, 0.0, 0.0, 0.0, 0.0, 0.0, 0.0, 0.0, 0.0, 0.0, 0.0, 0.0, 0.0, 0.0, 0.0, 0.0, 0.0, 0.0, 0.0, 0.0, 0.0, 0.0, 0.0, 0.0]
twist: 
  twist: 
    linear: 
      x: -0.042561848789517936
      y: -0.3882922176310376
      z: 0.018093821798141504
    angular: 
      x: 0.0
      y: 0.0
      z: 0.0
  covariance: [0.0, 0.0, 0.0, 0.0, 0.0, 0.0, 0.0, 0.0, 0.0, 0.0, 0.0, 0.0, 0.0, 0.0, 0.0, 0.0, 0.0, 0.0, 0.0, 0.0, 0.0, 0.0, 0.0, 0.0, 0.0, 0.0, 0.0, 0.0, 0.0, 0.0, 0.0, 0.0, 0.0, 0.0, 0.0, 0.0]
---
header: 
  seq: 1043
  stamp: 
    secs: 1744093093
    nsecs: 910889626
  frame_id: "world"
child_frame_id: "world"
pose: 
  pose: 
    position: 
      x: -0.45382483319776035
      y: 0.06136225035211623
      z: 0.5002703967316255
    orientation: 
      x: -0.012421817896065415
      y: 0.009706559700893081
      z: -0.7928803829008152
      w: 0.6091733575510235
  covariance: [0.0, 0.0, 0.0, 0.0, 0.0, 0.0, 0.0, 0.0, 0.0, 0.0, 0.0, 0.0, 0.0, 0.0, 0.0, 0.0, 0.0, 0.0, 0.0, 0.0, 0.0, 0.0, 0.0, 0.0, 0.0, 0.0, 0.0, 0.0, 0.0, 0.0, 0.0, 0.0, 0.0, 0.0, 0.0, 0.0]
twist: 
  twist: 
    linear: 
      x: -0.034924514020694936
      y: -0.3910599191407226
      z: 0.03601004971001497
    angular: 
      x: 0.0
      y: 0.0
      z: 0.0
  covariance: [0.0, 0.0, 0.0, 0.0, 0.0, 0.0, 0.0, 0.0, 0.0, 0.0, 0.0, 0.0, 0.0, 0.0, 0.0, 0.0, 0.0, 0.0, 0.0, 0.0, 0.0, 0.0, 0.0, 0.0, 0.0, 0.0, 0.0, 0.0, 0.0, 0.0, 0.0, 0.0, 0.0, 0.0, 0.0, 0.0]
---
header: 
  seq: 1044
  stamp: 
    secs: 1744093094
    nsecs:  44241190
  frame_id: "world"
child_frame_id: "world"
pose: 
  pose: 
    position: 
      x: -0.45279725337791643
      y: 0.013392486282022609
      z: 0.5047791843621355
    orientation: 
      x: -0.015489614529548541
      y: 0.009253147325756592
      z: -0.7634611352622724
      w: 0.6456016930355251
  covariance: [0.0, 0.0, 0.0, 0.0, 0.0, 0.0, 0.0, 0.0, 0.0, 0.0, 0.0, 0.0, 0.0, 0.0, 0.0, 0.0, 0.0, 0.0, 0.0, 0.0, 0.0, 0.0, 0.0, 0.0, 0.0, 0.0, 0.0, 0.0, 0.0, 0.0, 0.0, 0.0, 0.0, 0.0, 0.0, 0.0]
twist: 
  twist: 
    linear: 
      x: 0.00045680322644446126
      y: -0.3857826904286935
      z: 0.02947286948899521
    angular: 
      x: 0.0
      y: 0.0
      z: 0.0
  covariance: [0.0, 0.0, 0.0, 0.0, 0.0, 0.0, 0.0, 0.0, 0.0, 0.0, 0.0, 0.0, 0.0, 0.0, 0.0, 0.0, 0.0, 0.0, 0.0, 0.0, 0.0, 0.0, 0.0, 0.0, 0.0, 0.0, 0.0, 0.0, 0.0, 0.0, 0.0, 0.0, 0.0, 0.0, 0.0, 0.0]
---
header: 
  seq: 1045
  stamp: 
    secs: 1744093094
    nsecs: 177592754
  frame_id: "world"
child_frame_id: "world"
pose: 
  pose: 
    position: 
      x: -0.45096665990320217
      y: -0.03483737802974568
      z: 0.5061287303117463
    orientation: 
      x: -0.016883795661137714
      y: 0.008899863214675823
      z: -0.7319089938736663
      w: 0.6811350486986194
  covariance: [0.0, 0.0, 0.0, 0.0, 0.0, 0.0, 0.0, 0.0, 0.0, 0.0, 0.0, 0.0, 0.0, 0.0, 0.0, 0.0, 0.0, 0.0, 0.0, 0.0, 0.0, 0.0, 0.0, 0.0, 0.0, 0.0, 0.0, 0.0, 0.0, 0.0, 0.0, 0.0, 0.0, 0.0, 0.0, 0.0]
twist: 
  twist: 
    linear: 
      x: 0.024115869634778207
      y: -0.37907484645870615
      z: 0.014112409345271765
    angular: 
      x: 0.0
      y: 0.0
      z: 0.0
  covariance: [0.0, 0.0, 0.0, 0.0, 0.0, 0.0, 0.0, 0.0, 0.0, 0.0, 0.0, 0.0, 0.0, 0.0, 0.0, 0.0, 0.0, 0.0, 0.0, 0.0, 0.0, 0.0, 0.0, 0.0, 0.0, 0.0, 0.0, 0.0, 0.0, 0.0, 0.0, 0.0, 0.0, 0.0, 0.0, 0.0]
---
header: 
  seq: 1046
  stamp: 
    secs: 1744093094
    nsecs: 310933590
  frame_id: "world"
child_frame_id: "world"
pose: 
  pose: 
    position: 
      x: -0.4429378810213276
      y: -0.08281446091115602
      z: 0.5020933537076422
    orientation: 
      x: -0.018110388409737808
      y: 0.009682237517502062
      z: -0.6985184908653009
      w: 0.7152972710891365
  covariance: [0.0, 0.0, 0.0, 0.0, 0.0, 0.0, 0.0, 0.0, 0.0, 0.0, 0.0, 0.0, 0.0, 0.0, 0.0, 0.0, 0.0, 0.0, 0.0, 0.0, 0.0, 0.0, 0.0, 0.0, 0.0, 0.0, 0.0, 0.0, 0.0, 0.0, 0.0, 0.0, 0.0, 0.0, 0.0, 0.0]
twist: 
  twist: 
    linear: 
      x: 0.06465065036878037
      y: -0.3758777614354575
      z: -0.01108738483487381
    angular: 
      x: 0.0
      y: 0.0
      z: 0.0
  covariance: [0.0, 0.0, 0.0, 0.0, 0.0, 0.0, 0.0, 0.0, 0.0, 0.0, 0.0, 0.0, 0.0, 0.0, 0.0, 0.0, 0.0, 0.0, 0.0, 0.0, 0.0, 0.0, 0.0, 0.0, 0.0, 0.0, 0.0, 0.0, 0.0, 0.0, 0.0, 0.0, 0.0, 0.0, 0.0, 0.0]
---
header: 
  seq: 1047
  stamp: 
    secs: 1744093094
    nsecs: 444267511
  frame_id: "world"
child_frame_id: "world"
pose: 
  pose: 
    position: 
      x: -0.43019175151462347
      y: -0.13220204173593914
      z: 0.50067421987273
    orientation: 
      x: -0.01707512155837893
      y: 0.008021289543695503
      z: -0.6630383493423732
      w: 0.748347677513042
  covariance: [0.0, 0.0, 0.0, 0.0, 0.0, 0.0, 0.0, 0.0, 0.0, 0.0, 0.0, 0.0, 0.0, 0.0, 0.0, 0.0, 0.0, 0.0, 0.0, 0.0, 0.0, 0.0, 0.0, 0.0, 0.0, 0.0, 0.0, 0.0, 0.0, 0.0, 0.0, 0.0, 0.0, 0.0, 0.0, 0.0]
twist: 
  twist: 
    linear: 
      x: 0.11641849856923103
      y: -0.3659358066626172
      z: -0.03181793542629051
    angular: 
      x: 0.0
      y: 0.0
      z: 0.0
  covariance: [0.0, 0.0, 0.0, 0.0, 0.0, 0.0, 0.0, 0.0, 0.0, 0.0, 0.0, 0.0, 0.0, 0.0, 0.0, 0.0, 0.0, 0.0, 0.0, 0.0, 0.0, 0.0, 0.0, 0.0, 0.0, 0.0, 0.0, 0.0, 0.0, 0.0, 0.0, 0.0, 0.0, 0.0, 0.0, 0.0]
---
header: 
  seq: 1048
  stamp: 
    secs: 1744093094
    nsecs: 577600002
  frame_id: "world"
child_frame_id: "world"
pose: 
  pose: 
    position: 
      x: -0.41307950307978675
      y: -0.18401167686039105
      z: 0.5017438995053312
    orientation: 
      x: -0.014453550215528077
      y: 0.006070603295718254
      z: -0.6265034186077322
      w: 0.7792610019336385
  covariance: [0.0, 0.0, 0.0, 0.0, 0.0, 0.0, 0.0, 0.0, 0.0, 0.0, 0.0, 0.0, 0.0, 0.0, 0.0, 0.0, 0.0, 0.0, 0.0, 0.0, 0.0, 0.0, 0.0, 0.0, 0.0, 0.0, 0.0, 0.0, 0.0, 0.0, 0.0, 0.0, 0.0, 0.0, 0.0, 0.0]
twist: 
  twist: 
    linear: 
      x: 0.13285722716007645
      y: -0.37169453028594396
      z: 0.0014065265267660051
    angular: 
      x: 0.0
      y: 0.0
      z: 0.0
  covariance: [0.0, 0.0, 0.0, 0.0, 0.0, 0.0, 0.0, 0.0, 0.0, 0.0, 0.0, 0.0, 0.0, 0.0, 0.0, 0.0, 0.0, 0.0, 0.0, 0.0, 0.0, 0.0, 0.0, 0.0, 0.0, 0.0, 0.0, 0.0, 0.0, 0.0, 0.0, 0.0, 0.0, 0.0, 0.0, 0.0]
---
header: 
  seq: 1049
  stamp: 
    secs: 1744093094
    nsecs: 710931778
  frame_id: "world"
child_frame_id: "world"
pose: 
  pose: 
    position: 
      x: -0.39222898662460315
      y: -0.23266195550843133
      z: 0.5040273932097418
    orientation: 
      x: -0.020473355565672667
      y: 0.007501937842785248
      z: -0.5883551163936795
      w: 0.8083086165901391
  covariance: [0.0, 0.0, 0.0, 0.0, 0.0, 0.0, 0.0, 0.0, 0.0, 0.0, 0.0, 0.0, 0.0, 0.0, 0.0, 0.0, 0.0, 0.0, 0.0, 0.0, 0.0, 0.0, 0.0, 0.0, 0.0, 0.0, 0.0, 0.0, 0.0, 0.0, 0.0, 0.0, 0.0, 0.0, 0.0, 0.0]
twist: 
  twist: 
    linear: 
      x: 0.16752803108960249
      y: -0.35528137863186066
      z: -0.007255582199376205
    angular: 
      x: 0.0
      y: 0.0
      z: 0.0
  covariance: [0.0, 0.0, 0.0, 0.0, 0.0, 0.0, 0.0, 0.0, 0.0, 0.0, 0.0, 0.0, 0.0, 0.0, 0.0, 0.0, 0.0, 0.0, 0.0, 0.0, 0.0, 0.0, 0.0, 0.0, 0.0, 0.0, 0.0, 0.0, 0.0, 0.0, 0.0, 0.0, 0.0, 0.0, 0.0, 0.0]
---
header: 
  seq: 1050
  stamp: 
    secs: 1744093094
    nsecs: 844262838
  frame_id: "world"
child_frame_id: "world"
pose: 
  pose: 
    position: 
      x: -0.36757765045329416
      y: -0.278839072507402
      z: 0.5073885484776852
    orientation: 
      x: -0.025713524544101907
      y: 0.006533004853081177
      z: -0.5491157422938242
      w: 0.8353251080077816
  covariance: [0.0, 0.0, 0.0, 0.0, 0.0, 0.0, 0.0, 0.0, 0.0, 0.0, 0.0, 0.0, 0.0, 0.0, 0.0, 0.0, 0.0, 0.0, 0.0, 0.0, 0.0, 0.0, 0.0, 0.0, 0.0, 0.0, 0.0, 0.0, 0.0, 0.0, 0.0, 0.0, 0.0, 0.0, 0.0, 0.0]
twist: 
  twist: 
    linear: 
      x: 0.19195664568006923
      y: -0.3465366196871968
      z: 0.015155977317678796
    angular: 
      x: 0.0
      y: 0.0
      z: 0.0
  covariance: [0.0, 0.0, 0.0, 0.0, 0.0, 0.0, 0.0, 0.0, 0.0, 0.0, 0.0, 0.0, 0.0, 0.0, 0.0, 0.0, 0.0, 0.0, 0.0, 0.0, 0.0, 0.0, 0.0, 0.0, 0.0, 0.0, 0.0, 0.0, 0.0, 0.0, 0.0, 0.0, 0.0, 0.0, 0.0, 0.0]
---
header: 
  seq: 1051
  stamp: 
    secs: 1744093094
    nsecs: 977593184
  frame_id: "world"
child_frame_id: "world"
pose: 
  pose: 
    position: 
      x: -0.3417566785899694
      y: -0.3194969355426076
      z: 0.5098871543040153
    orientation: 
      x: -0.02834688670096225
      y: 0.005828853499968654
      z: -0.5088356053082992
      w: 0.8603771296656924
  covariance: [0.0, 0.0, 0.0, 0.0, 0.0, 0.0, 0.0, 0.0, 0.0, 0.0, 0.0, 0.0, 0.0, 0.0, 0.0, 0.0, 0.0, 0.0, 0.0, 0.0, 0.0, 0.0, 0.0, 0.0, 0.0, 0.0, 0.0, 0.0, 0.0, 0.0, 0.0, 0.0, 0.0, 0.0, 0.0, 0.0]
twist: 
  twist: 
    linear: 
      x: 0.2218292140716465
      y: -0.30274416439420554
      z: -0.009127682656842166
    angular: 
      x: 0.0
      y: 0.0
      z: 0.0
  covariance: [0.0, 0.0, 0.0, 0.0, 0.0, 0.0, 0.0, 0.0, 0.0, 0.0, 0.0, 0.0, 0.0, 0.0, 0.0, 0.0, 0.0, 0.0, 0.0, 0.0, 0.0, 0.0, 0.0, 0.0, 0.0, 0.0, 0.0, 0.0, 0.0, 0.0, 0.0, 0.0, 0.0, 0.0, 0.0, 0.0]
---
header: 
  seq: 1052
  stamp: 
    secs: 1744093095
    nsecs: 110923052
  frame_id: "world"
child_frame_id: "world"
pose: 
  pose: 
    position: 
      x: -0.30897722228285146
      y: -0.3579609777201556
      z: 0.5067158715169401
    orientation: 
      x: -0.02598427969453435
      y: 0.004285670487603823
      z: -0.4671551473002142
      w: 0.8837830721326038
  covariance: [0.0, 0.0, 0.0, 0.0, 0.0, 0.0, 0.0, 0.0, 0.0, 0.0, 0.0, 0.0, 0.0, 0.0, 0.0, 0.0, 0.0, 0.0, 0.0, 0.0, 0.0, 0.0, 0.0, 0.0, 0.0, 0.0, 0.0, 0.0, 0.0, 0.0, 0.0, 0.0, 0.0, 0.0, 0.0, 0.0]
twist: 
  twist: 
    linear: 
      x: 0.26694579971130816
      y: -0.26167198228667377
      z: -0.029008208235000048
    angular: 
      x: 0.0
      y: 0.0
      z: 0.0
  covariance: [0.0, 0.0, 0.0, 0.0, 0.0, 0.0, 0.0, 0.0, 0.0, 0.0, 0.0, 0.0, 0.0, 0.0, 0.0, 0.0, 0.0, 0.0, 0.0, 0.0, 0.0, 0.0, 0.0, 0.0, 0.0, 0.0, 0.0, 0.0, 0.0, 0.0, 0.0, 0.0, 0.0, 0.0, 0.0, 0.0]
---
header: 
  seq: 1053
  stamp: 
    secs: 1744093095
    nsecs: 244254589
  frame_id: "world"
child_frame_id: "world"
pose: 
  pose: 
    position: 
      x: -0.27179566442839415
      y: -0.38917554483887357
      z: 0.5097450142986105
    orientation: 
      x: -0.020553777676504067
      y: 0.0011077308874275391
      z: -0.4255920388004429
      w: 0.9046810110006666
  covariance: [0.0, 0.0, 0.0, 0.0, 0.0, 0.0, 0.0, 0.0, 0.0, 0.0, 0.0, 0.0, 0.0, 0.0, 0.0, 0.0, 0.0, 0.0, 0.0, 0.0, 0.0, 0.0, 0.0, 0.0, 0.0, 0.0, 0.0, 0.0, 0.0, 0.0, 0.0, 0.0, 0.0, 0.0, 0.0, 0.0]
twist: 
  twist: 
    linear: 
      x: 0.2966701373297351
      y: -0.22492677262573602
      z: 0.007584261730204978
    angular: 
      x: 0.0
      y: 0.0
      z: 0.0
  covariance: [0.0, 0.0, 0.0, 0.0, 0.0, 0.0, 0.0, 0.0, 0.0, 0.0, 0.0, 0.0, 0.0, 0.0, 0.0, 0.0, 0.0, 0.0, 0.0, 0.0, 0.0, 0.0, 0.0, 0.0, 0.0, 0.0, 0.0, 0.0, 0.0, 0.0, 0.0, 0.0, 0.0, 0.0, 0.0, 0.0]
---
header: 
  seq: 1054
  stamp: 
    secs: 1744093095
    nsecs: 377555132
  frame_id: "world"
child_frame_id: "world"
pose: 
  pose: 
    position: 
      x: -0.2291333906415448
      y: -0.41471634266823726
      z: 0.5131823399830799
    orientation: 
      x: -0.019694513817439058
      y: 0.0009210607053387295
      z: -0.38338123602691254
      w: 0.9233797190945601
  covariance: [0.0, 0.0, 0.0, 0.0, 0.0, 0.0, 0.0, 0.0, 0.0, 0.0, 0.0, 0.0, 0.0, 0.0, 0.0, 0.0, 0.0, 0.0, 0.0, 0.0, 0.0, 0.0, 0.0, 0.0, 0.0, 0.0, 0.0, 0.0, 0.0, 0.0, 0.0, 0.0, 0.0, 0.0, 0.0, 0.0]
twist: 
  twist: 
    linear: 
      x: 0.329186345894289
      y: -0.18038939212944385
      z: 0.004081012466136949
    angular: 
      x: 0.0
      y: 0.0
      z: 0.0
  covariance: [0.0, 0.0, 0.0, 0.0, 0.0, 0.0, 0.0, 0.0, 0.0, 0.0, 0.0, 0.0, 0.0, 0.0, 0.0, 0.0, 0.0, 0.0, 0.0, 0.0, 0.0, 0.0, 0.0, 0.0, 0.0, 0.0, 0.0, 0.0, 0.0, 0.0, 0.0, 0.0, 0.0, 0.0, 0.0, 0.0]
---
header: 
  seq: 1055
  stamp: 
    secs: 1744093095
    nsecs: 510858774
  frame_id: "world"
child_frame_id: "world"
pose: 
  pose: 
    position: 
      x: -0.18526979912354974
      y: -0.43885570820271863
      z: 0.5081202858786382
    orientation: 
      x: -0.015270323480233949
      y: -0.0011645306113412673
      z: -0.34088443073642355
      w: 0.9399804604196668
  covariance: [0.0, 0.0, 0.0, 0.0, 0.0, 0.0, 0.0, 0.0, 0.0, 0.0, 0.0, 0.0, 0.0, 0.0, 0.0, 0.0, 0.0, 0.0, 0.0, 0.0, 0.0, 0.0, 0.0, 0.0, 0.0, 0.0, 0.0, 0.0, 0.0, 0.0, 0.0, 0.0, 0.0, 0.0, 0.0, 0.0]
twist: 
  twist: 
    linear: 
      x: 0.3380054449082771
      y: -0.13928427329159365
      z: -0.01159199225288279
    angular: 
      x: 0.0
      y: 0.0
      z: 0.0
  covariance: [0.0, 0.0, 0.0, 0.0, 0.0, 0.0, 0.0, 0.0, 0.0, 0.0, 0.0, 0.0, 0.0, 0.0, 0.0, 0.0, 0.0, 0.0, 0.0, 0.0, 0.0, 0.0, 0.0, 0.0, 0.0, 0.0, 0.0, 0.0, 0.0, 0.0, 0.0, 0.0, 0.0, 0.0, 0.0, 0.0]
---
header: 
  seq: 1056
  stamp: 
    secs: 1744093095
    nsecs: 644160986
  frame_id: "world"
child_frame_id: "world"
pose: 
  pose: 
    position: 
      x: -0.14950575890767825
      y: -0.45218404579618215
      z: 0.5077236053855374
    orientation: 
      x: -0.00830838484225701
      y: -0.0033740866055282223
      z: -0.29914638841231556
      w: 0.9541650929376737
  covariance: [0.0, 0.0, 0.0, 0.0, 0.0, 0.0, 0.0, 0.0, 0.0, 0.0, 0.0, 0.0, 0.0, 0.0, 0.0, 0.0, 0.0, 0.0, 0.0, 0.0, 0.0, 0.0, 0.0, 0.0, 0.0, 0.0, 0.0, 0.0, 0.0, 0.0, 0.0, 0.0, 0.0, 0.0, 0.0, 0.0]
twist: 
  twist: 
    linear: 
      x: 0.3233887438424828
      y: -0.10517898653689138
      z: -0.027719188956658636
    angular: 
      x: 0.0
      y: 0.0
      z: 0.0
  covariance: [0.0, 0.0, 0.0, 0.0, 0.0, 0.0, 0.0, 0.0, 0.0, 0.0, 0.0, 0.0, 0.0, 0.0, 0.0, 0.0, 0.0, 0.0, 0.0, 0.0, 0.0, 0.0, 0.0, 0.0, 0.0, 0.0, 0.0, 0.0, 0.0, 0.0, 0.0, 0.0, 0.0, 0.0, 0.0, 0.0]
---
header: 
  seq: 1057
  stamp: 
    secs: 1744093095
    nsecs: 777461767
  frame_id: "world"
child_frame_id: "world"
pose: 
  pose: 
    position: 
      x: -0.10492355288101463
      y: -0.46626747852908945
      z: 0.5018003101438222
    orientation: 
      x: -0.00587724996712862
      y: -0.004784723402340167
      z: -0.2564435219985387
      w: 0.9665295051780737
  covariance: [0.0, 0.0, 0.0, 0.0, 0.0, 0.0, 0.0, 0.0, 0.0, 0.0, 0.0, 0.0, 0.0, 0.0, 0.0, 0.0, 0.0, 0.0, 0.0, 0.0, 0.0, 0.0, 0.0, 0.0, 0.0, 0.0, 0.0, 0.0, 0.0, 0.0, 0.0, 0.0, 0.0, 0.0, 0.0, 0.0]
twist: 
  twist: 
    linear: 
      x: 0.3199723421494096
      y: -0.09129181308696374
      z: -0.020908418794748255
    angular: 
      x: 0.0
      y: 0.0
      z: 0.0
  covariance: [0.0, 0.0, 0.0, 0.0, 0.0, 0.0, 0.0, 0.0, 0.0, 0.0, 0.0, 0.0, 0.0, 0.0, 0.0, 0.0, 0.0, 0.0, 0.0, 0.0, 0.0, 0.0, 0.0, 0.0, 0.0, 0.0, 0.0, 0.0, 0.0, 0.0, 0.0, 0.0, 0.0, 0.0, 0.0, 0.0]
---
header: 
  seq: 1058
  stamp: 
    secs: 1744093095
    nsecs: 910761118
  frame_id: "world"
child_frame_id: "world"
pose: 
  pose: 
    position: 
      x: -0.06192347952218935
      y: -0.4759765901810947
      z: 0.49589765037271866
    orientation: 
      x: -0.009530038511442773
      y: -0.0014755105569589876
      z: -0.21428392280215927
      w: 0.9767238103287361
  covariance: [0.0, 0.0, 0.0, 0.0, 0.0, 0.0, 0.0, 0.0, 0.0, 0.0, 0.0, 0.0, 0.0, 0.0, 0.0, 0.0, 0.0, 0.0, 0.0, 0.0, 0.0, 0.0, 0.0, 0.0, 0.0, 0.0, 0.0, 0.0, 0.0, 0.0, 0.0, 0.0, 0.0, 0.0, 0.0, 0.0]
twist: 
  twist: 
    linear: 
      x: 0.3204319058529446
      y: -0.06790452506473184
      z: -0.016246236504040754
    angular: 
      x: 0.0
      y: 0.0
      z: 0.0
  covariance: [0.0, 0.0, 0.0, 0.0, 0.0, 0.0, 0.0, 0.0, 0.0, 0.0, 0.0, 0.0, 0.0, 0.0, 0.0, 0.0, 0.0, 0.0, 0.0, 0.0, 0.0, 0.0, 0.0, 0.0, 0.0, 0.0, 0.0, 0.0, 0.0, 0.0, 0.0, 0.0, 0.0, 0.0, 0.0, 0.0]
---
header: 
  seq: 1059
  stamp: 
    secs: 1744093096
    nsecs:  44059277
  frame_id: "world"
child_frame_id: "world"
pose: 
  pose: 
    position: 
      x: -0.03742898900956726
      y: -0.48281782104553717
      z: 0.4935597585347832
    orientation: 
      x: -0.00546077072197706
      y: -0.0048422795592979045
      z: -0.17282702095391075
      w: 0.9849251510343251
  covariance: [0.0, 0.0, 0.0, 0.0, 0.0, 0.0, 0.0, 0.0, 0.0, 0.0, 0.0, 0.0, 0.0, 0.0, 0.0, 0.0, 0.0, 0.0, 0.0, 0.0, 0.0, 0.0, 0.0, 0.0, 0.0, 0.0, 0.0, 0.0, 0.0, 0.0, 0.0, 0.0, 0.0, 0.0, 0.0, 0.0]
twist: 
  twist: 
    linear: 
      x: 0.2883067292420017
      y: -0.029928222848840023
      z: -0.03027398613456985
    angular: 
      x: 0.0
      y: 0.0
      z: 0.0
  covariance: [0.0, 0.0, 0.0, 0.0, 0.0, 0.0, 0.0, 0.0, 0.0, 0.0, 0.0, 0.0, 0.0, 0.0, 0.0, 0.0, 0.0, 0.0, 0.0, 0.0, 0.0, 0.0, 0.0, 0.0, 0.0, 0.0, 0.0, 0.0, 0.0, 0.0, 0.0, 0.0, 0.0, 0.0, 0.0, 0.0]
---
header: 
  seq: 1060
  stamp: 
    secs: 1744093096
    nsecs: 177356005
  frame_id: "world"
child_frame_id: "world"
pose: 
  pose: 
    position: 
      x: -0.02617766867102317
      y: -0.48642234734658946
      z: 0.49237213175546474
    orientation: 
      x: -0.0006048837715651306
      y: -0.0048446654225027435
      z: -0.13153458777974528
      w: 0.9912995589377508
  covariance: [0.0, 0.0, 0.0, 0.0, 0.0, 0.0, 0.0, 0.0, 0.0, 0.0, 0.0, 0.0, 0.0, 0.0, 0.0, 0.0, 0.0, 0.0, 0.0, 0.0, 0.0, 0.0, 0.0, 0.0, 0.0, 0.0, 0.0, 0.0, 0.0, 0.0, 0.0, 0.0, 0.0, 0.0, 0.0, 0.0]
twist: 
  twist: 
    linear: 
      x: 0.24722156077955645
      y: -0.01885761494157967
      z: -0.017112842024429115
    angular: 
      x: 0.0
      y: 0.0
      z: 0.0
  covariance: [0.0, 0.0, 0.0, 0.0, 0.0, 0.0, 0.0, 0.0, 0.0, 0.0, 0.0, 0.0, 0.0, 0.0, 0.0, 0.0, 0.0, 0.0, 0.0, 0.0, 0.0, 0.0, 0.0, 0.0, 0.0, 0.0, 0.0, 0.0, 0.0, 0.0, 0.0, 0.0, 0.0, 0.0, 0.0, 0.0]
---
header: 
  seq: 1061
  stamp: 
    secs: 1744093096
    nsecs: 310656548
  frame_id: "world"
child_frame_id: "world"
pose: 
  pose: 
    position: 
      x: 0.005993215052538525
      y: -0.492877982858431
      z: 0.49271085531312064
    orientation: 
      x: -0.001265917138447262
      y: -0.0005914923500655134
      z: -0.09333848310601339
      w: 0.995633454220009
  covariance: [0.0, 0.0, 0.0, 0.0, 0.0, 0.0, 0.0, 0.0, 0.0, 0.0, 0.0, 0.0, 0.0, 0.0, 0.0, 0.0, 0.0, 0.0, 0.0, 0.0, 0.0, 0.0, 0.0, 0.0, 0.0, 0.0, 0.0, 0.0, 0.0, 0.0, 0.0, 0.0, 0.0, 0.0, 0.0, 0.0]
twist: 
  twist: 
    linear: 
      x: 0.24894140898110106
      y: -0.022052137558092287
      z: 0.009440247098667247
    angular: 
      x: 0.0
      y: 0.0
      z: 0.0
  covariance: [0.0, 0.0, 0.0, 0.0, 0.0, 0.0, 0.0, 0.0, 0.0, 0.0, 0.0, 0.0, 0.0, 0.0, 0.0, 0.0, 0.0, 0.0, 0.0, 0.0, 0.0, 0.0, 0.0, 0.0, 0.0, 0.0, 0.0, 0.0, 0.0, 0.0, 0.0, 0.0, 0.0, 0.0, 0.0, 0.0]
---
header: 
  seq: 1062
  stamp: 
    secs: 1744093096
    nsecs: 443958998
  frame_id: "world"
child_frame_id: "world"
pose: 
  pose: 
    position: 
      x: 0.025472036070832704
      y: -0.4968891970287049
      z: 0.49783508433554874
    orientation: 
      x: -0.004306399069196313
      y: 0.006933149011737021
      z: -0.056673929175613535
      w: 0.9983593802452279
  covariance: [0.0, 0.0, 0.0, 0.0, 0.0, 0.0, 0.0, 0.0, 0.0, 0.0, 0.0, 0.0, 0.0, 0.0, 0.0, 0.0, 0.0, 0.0, 0.0, 0.0, 0.0, 0.0, 0.0, 0.0, 0.0, 0.0, 0.0, 0.0, 0.0, 0.0, 0.0, 0.0, 0.0, 0.0, 0.0, 0.0]
twist: 
  twist: 
    linear: 
      x: 0.23961679863940705
      y: -0.01896155099636775
      z: 0.04495775648063505
    angular: 
      x: 0.0
      y: 0.0
      z: 0.0
  covariance: [0.0, 0.0, 0.0, 0.0, 0.0, 0.0, 0.0, 0.0, 0.0, 0.0, 0.0, 0.0, 0.0, 0.0, 0.0, 0.0, 0.0, 0.0, 0.0, 0.0, 0.0, 0.0, 0.0, 0.0, 0.0, 0.0, 0.0, 0.0, 0.0, 0.0, 0.0, 0.0, 0.0, 0.0, 0.0, 0.0]
---
header: 
  seq: 1063
  stamp: 
    secs: 1744093096
    nsecs: 577260256
  frame_id: "world"
child_frame_id: "world"
pose: 
  pose: 
    position: 
      x: 0.0523939836704046
      y: -0.49700323784439576
      z: 0.50299499826515
    orientation: 
      x: -0.009326219084286675
      y: 0.0016296317508438561
      z: -0.02224353630509448
      w: 0.9997077528110866
  covariance: [0.0, 0.0, 0.0, 0.0, 0.0, 0.0, 0.0, 0.0, 0.0, 0.0, 0.0, 0.0, 0.0, 0.0, 0.0, 0.0, 0.0, 0.0, 0.0, 0.0, 0.0, 0.0, 0.0, 0.0, 0.0, 0.0, 0.0, 0.0, 0.0, 0.0, 0.0, 0.0, 0.0, 0.0, 0.0, 0.0]
twist: 
  twist: 
    linear: 
      x: 0.2381527461186296
      y: 0.009160977174741009
      z: 0.03744036088108192
    angular: 
      x: 0.0
      y: 0.0
      z: 0.0
  covariance: [0.0, 0.0, 0.0, 0.0, 0.0, 0.0, 0.0, 0.0, 0.0, 0.0, 0.0, 0.0, 0.0, 0.0, 0.0, 0.0, 0.0, 0.0, 0.0, 0.0, 0.0, 0.0, 0.0, 0.0, 0.0, 0.0, 0.0, 0.0, 0.0, 0.0, 0.0, 0.0, 0.0, 0.0, 0.0, 0.0]
---
header: 
  seq: 1064
  stamp: 
    secs: 1744093096
    nsecs: 710560560
  frame_id: "world"
child_frame_id: "world"
pose: 
  pose: 
    position: 
      x: 0.06952947345050287
      y: -0.4916156689051137
      z: 0.5019059408987924
    orientation: 
      x: -0.008278252579232218
      y: -0.0004779681763954232
      z: 0.009959969309023667
      w: 0.9999160170194396
  covariance: [0.0, 0.0, 0.0, 0.0, 0.0, 0.0, 0.0, 0.0, 0.0, 0.0, 0.0, 0.0, 0.0, 0.0, 0.0, 0.0, 0.0, 0.0, 0.0, 0.0, 0.0, 0.0, 0.0, 0.0, 0.0, 0.0, 0.0, 0.0, 0.0, 0.0, 0.0, 0.0, 0.0, 0.0, 0.0, 0.0]
twist: 
  twist: 
    linear: 
      x: 0.21554756553932516
      y: 0.051310703856396106
      z: -0.018607811542521453
    angular: 
      x: 0.0
      y: 0.0
      z: 0.0
  covariance: [0.0, 0.0, 0.0, 0.0, 0.0, 0.0, 0.0, 0.0, 0.0, 0.0, 0.0, 0.0, 0.0, 0.0, 0.0, 0.0, 0.0, 0.0, 0.0, 0.0, 0.0, 0.0, 0.0, 0.0, 0.0, 0.0, 0.0, 0.0, 0.0, 0.0, 0.0, 0.0, 0.0, 0.0, 0.0, 0.0]
---
header: 
  seq: 1065
  stamp: 
    secs: 1744093096
    nsecs: 843859673
  frame_id: "world"
child_frame_id: "world"
pose: 
  pose: 
    position: 
      x: 0.09102098293524025
      y: -0.48583343501480836
      z: 0.4981055049165038
    orientation: 
      x: -0.0026877146490000897
      y: -0.0011726398228359453
      z: 0.04056319552657333
      w: 0.9991726719013508
  covariance: [0.0, 0.0, 0.0, 0.0, 0.0, 0.0, 0.0, 0.0, 0.0, 0.0, 0.0, 0.0, 0.0, 0.0, 0.0, 0.0, 0.0, 0.0, 0.0, 0.0, 0.0, 0.0, 0.0, 0.0, 0.0, 0.0, 0.0, 0.0, 0.0, 0.0, 0.0, 0.0, 0.0, 0.0, 0.0, 0.0]
twist: 
  twist: 
    linear: 
      x: 0.20048215433438923
      y: 0.05265708393493599
      z: 0.00198401834167837
    angular: 
      x: 0.0
      y: 0.0
      z: 0.0
  covariance: [0.0, 0.0, 0.0, 0.0, 0.0, 0.0, 0.0, 0.0, 0.0, 0.0, 0.0, 0.0, 0.0, 0.0, 0.0, 0.0, 0.0, 0.0, 0.0, 0.0, 0.0, 0.0, 0.0, 0.0, 0.0, 0.0, 0.0, 0.0, 0.0, 0.0, 0.0, 0.0, 0.0, 0.0, 0.0, 0.0]
---
header: 
  seq: 1066
  stamp: 
    secs: 1744093096
    nsecs: 977157831
  frame_id: "world"
child_frame_id: "world"
pose: 
  pose: 
    position: 
      x: 0.11521268996913034
      y: -0.47602094453237376
      z: 0.49852399847759654
    orientation: 
      x: -0.0020630894877370007
      y: 0.0019199595027717662
      z: 0.06872878418088732
      w: 0.997631400689799
  covariance: [0.0, 0.0, 0.0, 0.0, 0.0, 0.0, 0.0, 0.0, 0.0, 0.0, 0.0, 0.0, 0.0, 0.0, 0.0, 0.0, 0.0, 0.0, 0.0, 0.0, 0.0, 0.0, 0.0, 0.0, 0.0, 0.0, 0.0, 0.0, 0.0, 0.0, 0.0, 0.0, 0.0, 0.0, 0.0, 0.0]
twist: 
  twist: 
    linear: 
      x: 0.2019001981909907
      y: 0.05960949439537312
      z: 0.013660524046398021
    angular: 
      x: 0.0
      y: 0.0
      z: 0.0
  covariance: [0.0, 0.0, 0.0, 0.0, 0.0, 0.0, 0.0, 0.0, 0.0, 0.0, 0.0, 0.0, 0.0, 0.0, 0.0, 0.0, 0.0, 0.0, 0.0, 0.0, 0.0, 0.0, 0.0, 0.0, 0.0, 0.0, 0.0, 0.0, 0.0, 0.0, 0.0, 0.0, 0.0, 0.0, 0.0, 0.0]
---
header: 
  seq: 1067
  stamp: 
    secs: 1744093097
    nsecs: 110455513
  frame_id: "world"
child_frame_id: "world"
pose: 
  pose: 
    position: 
      x: 0.13948910102010847
      y: -0.46197258361804167
      z: 0.4980742350731189
    orientation: 
      x: -0.0032693399977322874
      y: 0.001035921119219382
      z: 0.09522389187875714
      w: 0.995449972976481
  covariance: [0.0, 0.0, 0.0, 0.0, 0.0, 0.0, 0.0, 0.0, 0.0, 0.0, 0.0, 0.0, 0.0, 0.0, 0.0, 0.0, 0.0, 0.0, 0.0, 0.0, 0.0, 0.0, 0.0, 0.0, 0.0, 0.0, 0.0, 0.0, 0.0, 0.0, 0.0, 0.0, 0.0, 0.0, 0.0, 0.0]
twist: 
  twist: 
    linear: 
      x: 0.19199910903618142
      y: 0.08367127790923343
      z: 0.01259041377922408
    angular: 
      x: 0.0
      y: 0.0
      z: 0.0
  covariance: [0.0, 0.0, 0.0, 0.0, 0.0, 0.0, 0.0, 0.0, 0.0, 0.0, 0.0, 0.0, 0.0, 0.0, 0.0, 0.0, 0.0, 0.0, 0.0, 0.0, 0.0, 0.0, 0.0, 0.0, 0.0, 0.0, 0.0, 0.0, 0.0, 0.0, 0.0, 0.0, 0.0, 0.0, 0.0, 0.0]
---
header: 
  seq: 1068
  stamp: 
    secs: 1744093097
    nsecs: 243755579
  frame_id: "world"
child_frame_id: "world"
pose: 
  pose: 
    position: 
      x: 0.16126080695736916
      y: -0.4454651587091414
      z: 0.4970904670921882
    orientation: 
      x: 0.0014951657925733025
      y: -0.0017197813426524638
      z: 0.11876385218778372
      w: 0.9929199133086739
  covariance: [0.0, 0.0, 0.0, 0.0, 0.0, 0.0, 0.0, 0.0, 0.0, 0.0, 0.0, 0.0, 0.0, 0.0, 0.0, 0.0, 0.0, 0.0, 0.0, 0.0, 0.0, 0.0, 0.0, 0.0, 0.0, 0.0, 0.0, 0.0, 0.0, 0.0, 0.0, 0.0, 0.0, 0.0, 0.0, 0.0]
twist: 
  twist: 
    linear: 
      x: 0.17291804123307583
      y: 0.1209818177533228
      z: -0.015256915239053462
    angular: 
      x: 0.0
      y: 0.0
      z: 0.0
  covariance: [0.0, 0.0, 0.0, 0.0, 0.0, 0.0, 0.0, 0.0, 0.0, 0.0, 0.0, 0.0, 0.0, 0.0, 0.0, 0.0, 0.0, 0.0, 0.0, 0.0, 0.0, 0.0, 0.0, 0.0, 0.0, 0.0, 0.0, 0.0, 0.0, 0.0, 0.0, 0.0, 0.0, 0.0, 0.0, 0.0]
---
header: 
  seq: 1069
  stamp: 
    secs: 1744093097
    nsecs: 377034664
  frame_id: "world"
child_frame_id: "world"
pose: 
  pose: 
    position: 
      x: 0.18290900888112377
      y: -0.4278006514372588
      z: 0.49405797377175076
    orientation: 
      x: 0.011640064676292495
      y: -0.004522615168291917
      z: 0.13900451217161627
      w: 0.9902130076111414
  covariance: [0.0, 0.0, 0.0, 0.0, 0.0, 0.0, 0.0, 0.0, 0.0, 0.0, 0.0, 0.0, 0.0, 0.0, 0.0, 0.0, 0.0, 0.0, 0.0, 0.0, 0.0, 0.0, 0.0, 0.0, 0.0, 0.0, 0.0, 0.0, 0.0, 0.0, 0.0, 0.0, 0.0, 0.0, 0.0, 0.0]
twist: 
  twist: 
    linear: 
      x: 0.15409169390696092
      y: 0.12244641351577246
      z: -0.002819150079057218
    angular: 
      x: 0.0
      y: 0.0
      z: 0.0
  covariance: [0.0, 0.0, 0.0, 0.0, 0.0, 0.0, 0.0, 0.0, 0.0, 0.0, 0.0, 0.0, 0.0, 0.0, 0.0, 0.0, 0.0, 0.0, 0.0, 0.0, 0.0, 0.0, 0.0, 0.0, 0.0, 0.0, 0.0, 0.0, 0.0, 0.0, 0.0, 0.0, 0.0, 0.0, 0.0, 0.0]
---
header: 
  seq: 1070
  stamp: 
    secs: 1744093097
    nsecs: 510316610
  frame_id: "world"
child_frame_id: "world"
pose: 
  pose: 
    position: 
      x: 0.2032716802962512
      y: -0.4115500531450724
      z: 0.49215156194089177
    orientation: 
      x: 0.01911857646478757
      y: -0.005098871089823829
      z: 0.157309882757639
      w: 0.9873510431119964
  covariance: [0.0, 0.0, 0.0, 0.0, 0.0, 0.0, 0.0, 0.0, 0.0, 0.0, 0.0, 0.0, 0.0, 0.0, 0.0, 0.0, 0.0, 0.0, 0.0, 0.0, 0.0, 0.0, 0.0, 0.0, 0.0, 0.0, 0.0, 0.0, 0.0, 0.0, 0.0, 0.0, 0.0, 0.0, 0.0, 0.0]
twist: 
  twist: 
    linear: 
      x: 0.1323214693543624
      y: 0.10251487329181537
      z: -0.019426365257888677
    angular: 
      x: 0.0
      y: 0.0
      z: 0.0
  covariance: [0.0, 0.0, 0.0, 0.0, 0.0, 0.0, 0.0, 0.0, 0.0, 0.0, 0.0, 0.0, 0.0, 0.0, 0.0, 0.0, 0.0, 0.0, 0.0, 0.0, 0.0, 0.0, 0.0, 0.0, 0.0, 0.0, 0.0, 0.0, 0.0, 0.0, 0.0, 0.0, 0.0, 0.0, 0.0, 0.0]
---
header: 
  seq: 1071
  stamp: 
    secs: 1744093097
    nsecs: 643596649
  frame_id: "world"
child_frame_id: "world"
pose: 
  pose: 
    position: 
      x: 0.22253618049168802
      y: -0.3975068644400212
      z: 0.4894605351654129
    orientation: 
      x: 0.01743018234390814
      y: -0.004626505798116791
      z: 0.17315602715532605
      w: 0.9847292899306601
  covariance: [0.0, 0.0, 0.0, 0.0, 0.0, 0.0, 0.0, 0.0, 0.0, 0.0, 0.0, 0.0, 0.0, 0.0, 0.0, 0.0, 0.0, 0.0, 0.0, 0.0, 0.0, 0.0, 0.0, 0.0, 0.0, 0.0, 0.0, 0.0, 0.0, 0.0, 0.0, 0.0, 0.0, 0.0, 0.0, 0.0]
twist: 
  twist: 
    linear: 
      x: 0.11498789027381266
      y: 0.07741677897904815
      z: -0.00828267061687404
    angular: 
      x: 0.0
      y: 0.0
      z: 0.0
  covariance: [0.0, 0.0, 0.0, 0.0, 0.0, 0.0, 0.0, 0.0, 0.0, 0.0, 0.0, 0.0, 0.0, 0.0, 0.0, 0.0, 0.0, 0.0, 0.0, 0.0, 0.0, 0.0, 0.0, 0.0, 0.0, 0.0, 0.0, 0.0, 0.0, 0.0, 0.0, 0.0, 0.0, 0.0, 0.0, 0.0]
---
header: 
  seq: 1072
  stamp: 
    secs: 1744093097
    nsecs: 776875257
  frame_id: "world"
child_frame_id: "world"
pose: 
  pose: 
    position: 
      x: 0.2400869159542623
      y: -0.3849620529627177
      z: 0.4877372169571728
    orientation: 
      x: 0.012648703821109629
      y: -0.004708924994106292
      z: 0.18637346807227895
      w: 0.982386261465294
  covariance: [0.0, 0.0, 0.0, 0.0, 0.0, 0.0, 0.0, 0.0, 0.0, 0.0, 0.0, 0.0, 0.0, 0.0, 0.0, 0.0, 0.0, 0.0, 0.0, 0.0, 0.0, 0.0, 0.0, 0.0, 0.0, 0.0, 0.0, 0.0, 0.0, 0.0, 0.0, 0.0, 0.0, 0.0, 0.0, 0.0]
twist: 
  twist: 
    linear: 
      x: 0.11516942756574011
      y: 0.054293274197648546
      z: 0.0009958161728044442
    angular: 
      x: 0.0
      y: 0.0
      z: 0.0
  covariance: [0.0, 0.0, 0.0, 0.0, 0.0, 0.0, 0.0, 0.0, 0.0, 0.0, 0.0, 0.0, 0.0, 0.0, 0.0, 0.0, 0.0, 0.0, 0.0, 0.0, 0.0, 0.0, 0.0, 0.0, 0.0, 0.0, 0.0, 0.0, 0.0, 0.0, 0.0, 0.0, 0.0, 0.0, 0.0, 0.0]
---
header: 
  seq: 1073
  stamp: 
    secs: 1744093097
    nsecs: 910151958
  frame_id: "world"
child_frame_id: "world"
pose: 
  pose: 
    position: 
      x: 0.25383879191055553
      y: -0.37517506307391846
      z: 0.48701486096708296
    orientation: 
      x: 0.010467049879014072
      y: -0.008081240835935189
      z: 0.19814601324681283
      w: 0.9800833086262493
  covariance: [0.0, 0.0, 0.0, 0.0, 0.0, 0.0, 0.0, 0.0, 0.0, 0.0, 0.0, 0.0, 0.0, 0.0, 0.0, 0.0, 0.0, 0.0, 0.0, 0.0, 0.0, 0.0, 0.0, 0.0, 0.0, 0.0, 0.0, 0.0, 0.0, 0.0, 0.0, 0.0, 0.0, 0.0, 0.0, 0.0]
twist: 
  twist: 
    linear: 
      x: 0.08233286678854386
      y: 0.06555027356121033
      z: -0.010570910789452468
    angular: 
      x: 0.0
      y: 0.0
      z: 0.0
  covariance: [0.0, 0.0, 0.0, 0.0, 0.0, 0.0, 0.0, 0.0, 0.0, 0.0, 0.0, 0.0, 0.0, 0.0, 0.0, 0.0, 0.0, 0.0, 0.0, 0.0, 0.0, 0.0, 0.0, 0.0, 0.0, 0.0, 0.0, 0.0, 0.0, 0.0, 0.0, 0.0, 0.0, 0.0, 0.0, 0.0]
---
header: 
  seq: 1074
  stamp: 
    secs: 1744093098
    nsecs:  43426752
  frame_id: "world"
child_frame_id: "world"
pose: 
  pose: 
    position: 
      x: 0.26232261238551474
      y: -0.3638294891017008
      z: 0.48408400888829706
    orientation: 
      x: 0.016243938202104697
      y: -0.010395718405367326
      z: 0.20709779781988316
      w: 0.9781301373788036
  covariance: [0.0, 0.0, 0.0, 0.0, 0.0, 0.0, 0.0, 0.0, 0.0, 0.0, 0.0, 0.0, 0.0, 0.0, 0.0, 0.0, 0.0, 0.0, 0.0, 0.0, 0.0, 0.0, 0.0, 0.0, 0.0, 0.0, 0.0, 0.0, 0.0, 0.0, 0.0, 0.0, 0.0, 0.0, 0.0, 0.0]
twist: 
  twist: 
    linear: 
      x: 0.04857573023707068
      y: 0.059960598970329244
      z: -0.004390793805978844
    angular: 
      x: 0.0
      y: 0.0
      z: 0.0
  covariance: [0.0, 0.0, 0.0, 0.0, 0.0, 0.0, 0.0, 0.0, 0.0, 0.0, 0.0, 0.0, 0.0, 0.0, 0.0, 0.0, 0.0, 0.0, 0.0, 0.0, 0.0, 0.0, 0.0, 0.0, 0.0, 0.0, 0.0, 0.0, 0.0, 0.0, 0.0, 0.0, 0.0, 0.0, 0.0, 0.0]
---
header: 
  seq: 1075
  stamp: 
    secs: 1744093098
    nsecs: 176699638
  frame_id: "world"
child_frame_id: "world"
pose: 
  pose: 
    position: 
      x: 0.26698256054003433
      y: -0.35533140725547685
      z: 0.4824093447662825
    orientation: 
      x: 0.021212945683840037
      y: -0.008765319477882647
      z: 0.2145182084716245
      w: 0.9764502641425162
  covariance: [0.0, 0.0, 0.0, 0.0, 0.0, 0.0, 0.0, 0.0, 0.0, 0.0, 0.0, 0.0, 0.0, 0.0, 0.0, 0.0, 0.0, 0.0, 0.0, 0.0, 0.0, 0.0, 0.0, 0.0, 0.0, 0.0, 0.0, 0.0, 0.0, 0.0, 0.0, 0.0, 0.0, 0.0, 0.0, 0.0]
twist: 
  twist: 
    linear: 
      x: 0.019137805122225425
      y: 0.046603214070462404
      z: 0.0008496185454824
    angular: 
      x: 0.0
      y: 0.0
      z: 0.0
  covariance: [0.0, 0.0, 0.0, 0.0, 0.0, 0.0, 0.0, 0.0, 0.0, 0.0, 0.0, 0.0, 0.0, 0.0, 0.0, 0.0, 0.0, 0.0, 0.0, 0.0, 0.0, 0.0, 0.0, 0.0, 0.0, 0.0, 0.0, 0.0, 0.0, 0.0, 0.0, 0.0, 0.0, 0.0, 0.0, 0.0]
---
header: 
  seq: 1076
  stamp: 
    secs: 1744093098
    nsecs: 309973717
  frame_id: "world"
child_frame_id: "world"
pose: 
  pose: 
    position: 
      x: 0.26789211252349876
      y: -0.3524067303886762
      z: 0.4829287606951723
    orientation: 
      x: 0.020111689289685344
      y: -0.005090190261553501
      z: 0.2199202633184009
      w: 0.9752972304374609
  covariance: [0.0, 0.0, 0.0, 0.0, 0.0, 0.0, 0.0, 0.0, 0.0, 0.0, 0.0, 0.0, 0.0, 0.0, 0.0, 0.0, 0.0, 0.0, 0.0, 0.0, 0.0, 0.0, 0.0, 0.0, 0.0, 0.0, 0.0, 0.0, 0.0, 0.0, 0.0, 0.0, 0.0, 0.0, 0.0, 0.0]
twist: 
  twist: 
    linear: 
      x: -0.0034435238037068532
      y: 0.004679285071131489
      z: 0.007439792844849989
    angular: 
      x: 0.0
      y: 0.0
      z: 0.0
  covariance: [0.0, 0.0, 0.0, 0.0, 0.0, 0.0, 0.0, 0.0, 0.0, 0.0, 0.0, 0.0, 0.0, 0.0, 0.0, 0.0, 0.0, 0.0, 0.0, 0.0, 0.0, 0.0, 0.0, 0.0, 0.0, 0.0, 0.0, 0.0, 0.0, 0.0, 0.0, 0.0, 0.0, 0.0, 0.0, 0.0]
---
header: 
  seq: 1077
  stamp: 
    secs: 1744093098
    nsecs: 443247080
  frame_id: "world"
child_frame_id: "world"
pose: 
  pose: 
    position: 
      x: 0.26793485342159007
      y: -0.3525032920513731
      z: 0.4825700079124475
    orientation: 
      x: 0.014729908000204246
      y: 0.000743876496312983
      z: 0.2230276303396293
      w: 0.9747005450717432
  covariance: [0.0, 0.0, 0.0, 0.0, 0.0, 0.0, 0.0, 0.0, 0.0, 0.0, 0.0, 0.0, 0.0, 0.0, 0.0, 0.0, 0.0, 0.0, 0.0, 0.0, 0.0, 0.0, 0.0, 0.0, 0.0, 0.0, 0.0, 0.0, 0.0, 0.0, 0.0, 0.0, 0.0, 0.0, 0.0, 0.0]
twist: 
  twist: 
    linear: 
      x: -0.009138436091439226
      y: -0.0023483726781558896
      z: -0.010221325927176981
    angular: 
      x: 0.0
      y: 0.0
      z: 0.0
  covariance: [0.0, 0.0, 0.0, 0.0, 0.0, 0.0, 0.0, 0.0, 0.0, 0.0, 0.0, 0.0, 0.0, 0.0, 0.0, 0.0, 0.0, 0.0, 0.0, 0.0, 0.0, 0.0, 0.0, 0.0, 0.0, 0.0, 0.0, 0.0, 0.0, 0.0, 0.0, 0.0, 0.0, 0.0, 0.0, 0.0]
---
header: 
  seq: 1078
  stamp: 
    secs: 1744093098
    nsecs: 576518536
  frame_id: "world"
child_frame_id: "world"
pose: 
  pose: 
    position: 
      x: 0.26684640242116187
      y: -0.3544542069444604
      z: 0.48259254465936413
    orientation: 
      x: 0.016898315732353973
      y: 0.0046833948583853485
      z: 0.22545511663724113
      w: 0.9740957361163728
  covariance: [0.0, 0.0, 0.0, 0.0, 0.0, 0.0, 0.0, 0.0, 0.0, 0.0, 0.0, 0.0, 0.0, 0.0, 0.0, 0.0, 0.0, 0.0, 0.0, 0.0, 0.0, 0.0, 0.0, 0.0, 0.0, 0.0, 0.0, 0.0, 0.0, 0.0, 0.0, 0.0, 0.0, 0.0, 0.0, 0.0]
twist: 
  twist: 
    linear: 
      x: -0.006237612233876337
      y: -0.03435063650766313
      z: 0.020448322629895425
    angular: 
      x: 0.0
      y: 0.0
      z: 0.0
  covariance: [0.0, 0.0, 0.0, 0.0, 0.0, 0.0, 0.0, 0.0, 0.0, 0.0, 0.0, 0.0, 0.0, 0.0, 0.0, 0.0, 0.0, 0.0, 0.0, 0.0, 0.0, 0.0, 0.0, 0.0, 0.0, 0.0, 0.0, 0.0, 0.0, 0.0, 0.0, 0.0, 0.0, 0.0, 0.0, 0.0]
---
header: 
  seq: 1079
  stamp: 
    secs: 1744093098
    nsecs: 709788322
  frame_id: "world"
child_frame_id: "world"
pose: 
  pose: 
    position: 
      x: 0.2669044456370895
      y: -0.35799397487165197
      z: 0.4823583090403756
    orientation: 
      x: 0.01220749619101155
      y: 0.002578486890242664
      z: 0.22648699151214705
      w: 0.9739342745369832
  covariance: [0.0, 0.0, 0.0, 0.0, 0.0, 0.0, 0.0, 0.0, 0.0, 0.0, 0.0, 0.0, 0.0, 0.0, 0.0, 0.0, 0.0, 0.0, 0.0, 0.0, 0.0, 0.0, 0.0, 0.0, 0.0, 0.0, 0.0, 0.0, 0.0, 0.0, 0.0, 0.0, 0.0, 0.0, 0.0, 0.0]
twist: 
  twist: 
    linear: 
      x: 0.006027078394853024
      y: -0.04078936514577839
      z: 0.017038618875957146
    angular: 
      x: 0.0
      y: 0.0
      z: 0.0
  covariance: [0.0, 0.0, 0.0, 0.0, 0.0, 0.0, 0.0, 0.0, 0.0, 0.0, 0.0, 0.0, 0.0, 0.0, 0.0, 0.0, 0.0, 0.0, 0.0, 0.0, 0.0, 0.0, 0.0, 0.0, 0.0, 0.0, 0.0, 0.0, 0.0, 0.0, 0.0, 0.0, 0.0, 0.0, 0.0, 0.0]
---
header: 
  seq: 1080
  stamp: 
    secs: 1744093098
    nsecs: 843056440
  frame_id: "world"
child_frame_id: "world"
pose: 
  pose: 
    position: 
      x: 0.2667159937654078
      y: -0.36143961840318056
      z: 0.4858408490090083
    orientation: 
      x: 0.009773731630213663
      y: 0.0005026432586299114
      z: 0.22619907441183795
      w: 0.9740319297923467
  covariance: [0.0, 0.0, 0.0, 0.0, 0.0, 0.0, 0.0, 0.0, 0.0, 0.0, 0.0, 0.0, 0.0, 0.0, 0.0, 0.0, 0.0, 0.0, 0.0, 0.0, 0.0, 0.0, 0.0, 0.0, 0.0, 0.0, 0.0, 0.0, 0.0, 0.0, 0.0, 0.0, 0.0, 0.0, 0.0, 0.0]
twist: 
  twist: 
    linear: 
      x: -0.006193229566766934
      y: -0.019310090370734116
      z: 0.006401739767422436
    angular: 
      x: 0.0
      y: 0.0
      z: 0.0
  covariance: [0.0, 0.0, 0.0, 0.0, 0.0, 0.0, 0.0, 0.0, 0.0, 0.0, 0.0, 0.0, 0.0, 0.0, 0.0, 0.0, 0.0, 0.0, 0.0, 0.0, 0.0, 0.0, 0.0, 0.0, 0.0, 0.0, 0.0, 0.0, 0.0, 0.0, 0.0, 0.0, 0.0, 0.0, 0.0, 0.0]
---
header: 
  seq: 1081
  stamp: 
    secs: 1744093098
    nsecs: 976322412
  frame_id: "world"
child_frame_id: "world"
pose: 
  pose: 
    position: 
      x: 0.26721364478461185
      y: -0.36491456343118267
      z: 0.49192001697969445
    orientation: 
      x: 0.009702663579518303
      y: 0.00223814664126933
      z: 0.2272800897199187
      w: 0.9737785219627617
  covariance: [0.0, 0.0, 0.0, 0.0, 0.0, 0.0, 0.0, 0.0, 0.0, 0.0, 0.0, 0.0, 0.0, 0.0, 0.0, 0.0, 0.0, 0.0, 0.0, 0.0, 0.0, 0.0, 0.0, 0.0, 0.0, 0.0, 0.0, 0.0, 0.0, 0.0, 0.0, 0.0, 0.0, 0.0, 0.0, 0.0]
twist: 
  twist: 
    linear: 
      x: 0.010936544764039966
      y: -0.033260057742773005
      z: 0.04903105924999131
    angular: 
      x: 0.0
      y: 0.0
      z: 0.0
  covariance: [0.0, 0.0, 0.0, 0.0, 0.0, 0.0, 0.0, 0.0, 0.0, 0.0, 0.0, 0.0, 0.0, 0.0, 0.0, 0.0, 0.0, 0.0, 0.0, 0.0, 0.0, 0.0, 0.0, 0.0, 0.0, 0.0, 0.0, 0.0, 0.0, 0.0, 0.0, 0.0, 0.0, 0.0, 0.0, 0.0]
---
header: 
  seq: 1082
  stamp: 
    secs: 1744093099
    nsecs: 109586954
  frame_id: "world"
child_frame_id: "world"
pose: 
  pose: 
    position: 
      x: 0.26836563213030473
      y: -0.3684005508854032
      z: 0.4968799897258767
    orientation: 
      x: 0.006825282539748811
      y: -0.0008384978787372262
      z: 0.22914061757718976
      w: 0.9733690409171148
  covariance: [0.0, 0.0, 0.0, 0.0, 0.0, 0.0, 0.0, 0.0, 0.0, 0.0, 0.0, 0.0, 0.0, 0.0, 0.0, 0.0, 0.0, 0.0, 0.0, 0.0, 0.0, 0.0, 0.0, 0.0, 0.0, 0.0, 0.0, 0.0, 0.0, 0.0, 0.0, 0.0, 0.0, 0.0, 0.0, 0.0]
twist: 
  twist: 
    linear: 
      x: 0.011986719281327897
      y: -0.02326749769011471
      z: 0.023479709731127753
    angular: 
      x: 0.0
      y: 0.0
      z: 0.0
  covariance: [0.0, 0.0, 0.0, 0.0, 0.0, 0.0, 0.0, 0.0, 0.0, 0.0, 0.0, 0.0, 0.0, 0.0, 0.0, 0.0, 0.0, 0.0, 0.0, 0.0, 0.0, 0.0, 0.0, 0.0, 0.0, 0.0, 0.0, 0.0, 0.0, 0.0, 0.0, 0.0, 0.0, 0.0, 0.0, 0.0]
---
header: 
  seq: 1083
  stamp: 
    secs: 1744093099
    nsecs: 242855072
  frame_id: "world"
child_frame_id: "world"
pose: 
  pose: 
    position: 
      x: 0.27084079900117414
      y: -0.3725354661609487
      z: 0.4992866885998883
    orientation: 
      x: 0.00481382101347331
      y: -0.0037259904221253618
      z: 0.16848956967228376
      w: 0.9856846397475579
  covariance: [0.0, 0.0, 0.0, 0.0, 0.0, 0.0, 0.0, 0.0, 0.0, 0.0, 0.0, 0.0, 0.0, 0.0, 0.0, 0.0, 0.0, 0.0, 0.0, 0.0, 0.0, 0.0, 0.0, 0.0, 0.0, 0.0, 0.0, 0.0, 0.0, 0.0, 0.0, 0.0, 0.0, 0.0, 0.0, 0.0]
twist: 
  twist: 
    linear: 
      x: -4.4140471436690664e-07
      y: -0.005453945109795017
      z: -0.005283104801626273
    angular: 
      x: 0.0
      y: 0.0
      z: 0.0
  covariance: [0.0, 0.0, 0.0, 0.0, 0.0, 0.0, 0.0, 0.0, 0.0, 0.0, 0.0, 0.0, 0.0, 0.0, 0.0, 0.0, 0.0, 0.0, 0.0, 0.0, 0.0, 0.0, 0.0, 0.0, 0.0, 0.0, 0.0, 0.0, 0.0, 0.0, 0.0, 0.0, 0.0, 0.0, 0.0, 0.0]
---
header: 
  seq: 1084
  stamp: 
    secs: 1744093099
    nsecs: 376106977
  frame_id: "world"
child_frame_id: "world"
pose: 
  pose: 
    position: 
      x: 0.2715381872565827
      y: -0.37597080848069014
      z: 0.4997155809840428
    orientation: 
      x: 0.014443276693249511
      y: 0.0011889415776345752
      z: 0.11406839519568339
      w: 0.993367192630081
  covariance: [0.0, 0.0, 0.0, 0.0, 0.0, 0.0, 0.0, 0.0, 0.0, 0.0, 0.0, 0.0, 0.0, 0.0, 0.0, 0.0, 0.0, 0.0, 0.0, 0.0, 0.0, 0.0, 0.0, 0.0, 0.0, 0.0, 0.0, 0.0, 0.0, 0.0, 0.0, 0.0, 0.0, 0.0, 0.0, 0.0]
twist: 
  twist: 
    linear: 
      x: -0.016657599645065507
      y: -0.003509080012873624
      z: -0.0027256478061096568
    angular: 
      x: 0.0
      y: 0.0
      z: 0.0
  covariance: [0.0, 0.0, 0.0, 0.0, 0.0, 0.0, 0.0, 0.0, 0.0, 0.0, 0.0, 0.0, 0.0, 0.0, 0.0, 0.0, 0.0, 0.0, 0.0, 0.0, 0.0, 0.0, 0.0, 0.0, 0.0, 0.0, 0.0, 0.0, 0.0, 0.0, 0.0, 0.0, 0.0, 0.0, 0.0, 0.0]
---
header: 
  seq: 1085
  stamp: 
    secs: 1744093099
    nsecs: 509361506
  frame_id: "world"
child_frame_id: "world"
pose: 
  pose: 
    position: 
      x: 0.27315830681773867
      y: -0.3830948993888384
      z: 0.5037853563374232
    orientation: 
      x: 0.017782658721138638
      y: 0.0060808875734861805
      z: 0.07442881212054644
      w: 0.9970492223463446
  covariance: [0.0, 0.0, 0.0, 0.0, 0.0, 0.0, 0.0, 0.0, 0.0, 0.0, 0.0, 0.0, 0.0, 0.0, 0.0, 0.0, 0.0, 0.0, 0.0, 0.0, 0.0, 0.0, 0.0, 0.0, 0.0, 0.0, 0.0, 0.0, 0.0, 0.0, 0.0, 0.0, 0.0, 0.0, 0.0, 0.0]
twist: 
  twist: 
    linear: 
      x: -0.003013749487686987
      y: -0.03328217330433088
      z: 0.02182605377618884
    angular: 
      x: 0.0
      y: 0.0
      z: 0.0
  covariance: [0.0, 0.0, 0.0, 0.0, 0.0, 0.0, 0.0, 0.0, 0.0, 0.0, 0.0, 0.0, 0.0, 0.0, 0.0, 0.0, 0.0, 0.0, 0.0, 0.0, 0.0, 0.0, 0.0, 0.0, 0.0, 0.0, 0.0, 0.0, 0.0, 0.0, 0.0, 0.0, 0.0, 0.0, 0.0, 0.0]
---
header: 
  seq: 1086
  stamp: 
    secs: 1744093099
    nsecs: 642614126
  frame_id: "world"
child_frame_id: "world"
pose: 
  pose: 
    position: 
      x: 0.27567954090087354
      y: -0.39468981363153544
      z: 0.5126833656855675
    orientation: 
      x: 0.01335492931880343
      y: 0.005868402350693087
      z: 0.04811991299728978
      w: 0.9987350407840276
  covariance: [0.0, 0.0, 0.0, 0.0, 0.0, 0.0, 0.0, 0.0, 0.0, 0.0, 0.0, 0.0, 0.0, 0.0, 0.0, 0.0, 0.0, 0.0, 0.0, 0.0, 0.0, 0.0, 0.0, 0.0, 0.0, 0.0, 0.0, 0.0, 0.0, 0.0, 0.0, 0.0, 0.0, 0.0, 0.0, 0.0]
twist: 
  twist: 
    linear: 
      x: 0.01138181138030142
      y: -0.06692872452651139
      z: 0.05425622088421441
    angular: 
      x: 0.0
      y: 0.0
      z: 0.0
  covariance: [0.0, 0.0, 0.0, 0.0, 0.0, 0.0, 0.0, 0.0, 0.0, 0.0, 0.0, 0.0, 0.0, 0.0, 0.0, 0.0, 0.0, 0.0, 0.0, 0.0, 0.0, 0.0, 0.0, 0.0, 0.0, 0.0, 0.0, 0.0, 0.0, 0.0, 0.0, 0.0, 0.0, 0.0, 0.0, 0.0]
---
header: 
  seq: 1087
  stamp: 
    secs: 1744093099
    nsecs: 775865316
  frame_id: "world"
child_frame_id: "world"
pose: 
  pose: 
    position: 
      x: 0.28164964925546354
      y: -0.409057010202216
      z: 0.5216625998899843
    orientation: 
      x: 0.00628901291106989
      y: 0.0019595155912876814
      z: 0.03108600259637132
      w: 0.9994950070199602
  covariance: [0.0, 0.0, 0.0, 0.0, 0.0, 0.0, 0.0, 0.0, 0.0, 0.0, 0.0, 0.0, 0.0, 0.0, 0.0, 0.0, 0.0, 0.0, 0.0, 0.0, 0.0, 0.0, 0.0, 0.0, 0.0, 0.0, 0.0, 0.0, 0.0, 0.0, 0.0, 0.0, 0.0, 0.0, 0.0, 0.0]
twist: 
  twist: 
    linear: 
      x: 0.02397524468551811
      y: -0.06333668169844896
      z: 0.03379342496376048
    angular: 
      x: 0.0
      y: 0.0
      z: 0.0
  covariance: [0.0, 0.0, 0.0, 0.0, 0.0, 0.0, 0.0, 0.0, 0.0, 0.0, 0.0, 0.0, 0.0, 0.0, 0.0, 0.0, 0.0, 0.0, 0.0, 0.0, 0.0, 0.0, 0.0, 0.0, 0.0, 0.0, 0.0, 0.0, 0.0, 0.0, 0.0, 0.0, 0.0, 0.0, 0.0, 0.0]
---
header: 
  seq: 1088
  stamp: 
    secs: 1744093099
    nsecs: 909112930
  frame_id: "world"
child_frame_id: "world"
pose: 
  pose: 
    position: 
      x: 0.287078592775208
      y: -0.42302600404907015
      z: 0.5303250086525555
    orientation: 
      x: 0.003306640735793319
      y: -0.0014901739099802247
      z: 0.020670417556332178
      w: 0.9997797654217699
  covariance: [0.0, 0.0, 0.0, 0.0, 0.0, 0.0, 0.0, 0.0, 0.0, 0.0, 0.0, 0.0, 0.0, 0.0, 0.0, 0.0, 0.0, 0.0, 0.0, 0.0, 0.0, 0.0, 0.0, 0.0, 0.0, 0.0, 0.0, 0.0, 0.0, 0.0, 0.0, 0.0, 0.0, 0.0, 0.0, 0.0]
twist: 
  twist: 
    linear: 
      x: 0.02496913804895602
      y: -0.07340308893894006
      z: 0.05126113303457651
    angular: 
      x: 0.0
      y: 0.0
      z: 0.0
  covariance: [0.0, 0.0, 0.0, 0.0, 0.0, 0.0, 0.0, 0.0, 0.0, 0.0, 0.0, 0.0, 0.0, 0.0, 0.0, 0.0, 0.0, 0.0, 0.0, 0.0, 0.0, 0.0, 0.0, 0.0, 0.0, 0.0, 0.0, 0.0, 0.0, 0.0, 0.0, 0.0, 0.0, 0.0, 0.0, 0.0]
---
header: 
  seq: 1089
  stamp: 
    secs: 1744093100
    nsecs:  42358637
  frame_id: "world"
child_frame_id: "world"
pose: 
  pose: 
    position: 
      x: 0.29291571741028033
      y: -0.4370537091277793
      z: 0.5383447145531041
    orientation: 
      x: -0.0020783595413176974
      y: -0.00659803030963927
      z: 0.013897212252275542
      w: 0.9998794996944709
  covariance: [0.0, 0.0, 0.0, 0.0, 0.0, 0.0, 0.0, 0.0, 0.0, 0.0, 0.0, 0.0, 0.0, 0.0, 0.0, 0.0, 0.0, 0.0, 0.0, 0.0, 0.0, 0.0, 0.0, 0.0, 0.0, 0.0, 0.0, 0.0, 0.0, 0.0, 0.0, 0.0, 0.0, 0.0, 0.0, 0.0]
twist: 
  twist: 
    linear: 
      x: 0.027067874383008873
      y: -0.05515986500120831
      z: 0.027570991349140095
    angular: 
      x: 0.0
      y: 0.0
      z: 0.0
  covariance: [0.0, 0.0, 0.0, 0.0, 0.0, 0.0, 0.0, 0.0, 0.0, 0.0, 0.0, 0.0, 0.0, 0.0, 0.0, 0.0, 0.0, 0.0, 0.0, 0.0, 0.0, 0.0, 0.0, 0.0, 0.0, 0.0, 0.0, 0.0, 0.0, 0.0, 0.0, 0.0, 0.0, 0.0, 0.0, 0.0]
---
header: 
  seq: 1090
  stamp: 
    secs: 1744093100
    nsecs: 175601721
  frame_id: "world"
child_frame_id: "world"
pose: 
  pose: 
    position: 
      x: 0.29601344844380423
      y: -0.4500551929851101
      z: 0.5440133261770653
    orientation: 
      x: -0.0027378735148790453
      y: -0.007383668011635764
      z: 0.008898269447332185
      w: 0.9999294006559429
  covariance: [0.0, 0.0, 0.0, 0.0, 0.0, 0.0, 0.0, 0.0, 0.0, 0.0, 0.0, 0.0, 0.0, 0.0, 0.0, 0.0, 0.0, 0.0, 0.0, 0.0, 0.0, 0.0, 0.0, 0.0, 0.0, 0.0, 0.0, 0.0, 0.0, 0.0, 0.0, 0.0, 0.0, 0.0, 0.0, 0.0]
twist: 
  twist: 
    linear: 
      x: 0.014114213653297476
      y: -0.04653475343847942
      z: -0.0048493420639905485
    angular: 
      x: 0.0
      y: 0.0
      z: 0.0
  covariance: [0.0, 0.0, 0.0, 0.0, 0.0, 0.0, 0.0, 0.0, 0.0, 0.0, 0.0, 0.0, 0.0, 0.0, 0.0, 0.0, 0.0, 0.0, 0.0, 0.0, 0.0, 0.0, 0.0, 0.0, 0.0, 0.0, 0.0, 0.0, 0.0, 0.0, 0.0, 0.0, 0.0, 0.0, 0.0, 0.0]
---
header: 
  seq: 1091
  stamp: 
    secs: 1744093100
    nsecs: 308849573
  frame_id: "world"
child_frame_id: "world"
pose: 
  pose: 
    position: 
      x: 0.2989278033579266
      y: -0.4604681304809013
      z: 0.5473084477403671
    orientation: 
      x: -0.004920666060751957
      y: -0.006664097193351898
      z: 0.004790211283612452
      w: 0.9999542143168229
  covariance: [0.0, 0.0, 0.0, 0.0, 0.0, 0.0, 0.0, 0.0, 0.0, 0.0, 0.0, 0.0, 0.0, 0.0, 0.0, 0.0, 0.0, 0.0, 0.0, 0.0, 0.0, 0.0, 0.0, 0.0, 0.0, 0.0, 0.0, 0.0, 0.0, 0.0, 0.0, 0.0, 0.0, 0.0, 0.0, 0.0]
twist: 
  twist: 
    linear: 
      x: 0.014433393979323528
      y: -0.039691227632548017
      z: -0.00885364691308132
    angular: 
      x: 0.0
      y: 0.0
      z: 0.0
  covariance: [0.0, 0.0, 0.0, 0.0, 0.0, 0.0, 0.0, 0.0, 0.0, 0.0, 0.0, 0.0, 0.0, 0.0, 0.0, 0.0, 0.0, 0.0, 0.0, 0.0, 0.0, 0.0, 0.0, 0.0, 0.0, 0.0, 0.0, 0.0, 0.0, 0.0, 0.0, 0.0, 0.0, 0.0, 0.0, 0.0]
---
header: 
  seq: 1092
  stamp: 
    secs: 1744093100
    nsecs: 442099571
  frame_id: "world"
child_frame_id: "world"
pose: 
  pose: 
    position: 
      x: 0.30162164464415114
      y: -0.46546588788981025
      z: 0.5504867822068487
    orientation: 
      x: -0.003680602387821471
      y: -0.00612817864180301
      z: 0.0017543068289572604
      w: 0.9999729101331429
  covariance: [0.0, 0.0, 0.0, 0.0, 0.0, 0.0, 0.0, 0.0, 0.0, 0.0, 0.0, 0.0, 0.0, 0.0, 0.0, 0.0, 0.0, 0.0, 0.0, 0.0, 0.0, 0.0, 0.0, 0.0, 0.0, 0.0, 0.0, 0.0, 0.0, 0.0, 0.0, 0.0, 0.0, 0.0, 0.0, 0.0]
twist: 
  twist: 
    linear: 
      x: 0.007032361983464439
      y: -0.018295683528592864
      z: 0.004674092187233471
    angular: 
      x: 0.0
      y: 0.0
      z: 0.0
  covariance: [0.0, 0.0, 0.0, 0.0, 0.0, 0.0, 0.0, 0.0, 0.0, 0.0, 0.0, 0.0, 0.0, 0.0, 0.0, 0.0, 0.0, 0.0, 0.0, 0.0, 0.0, 0.0, 0.0, 0.0, 0.0, 0.0, 0.0, 0.0, 0.0, 0.0, 0.0, 0.0, 0.0, 0.0, 0.0, 0.0]
---
header: 
  seq: 1093
  stamp: 
    secs: 1744093100
    nsecs: 575347185
  frame_id: "world"
child_frame_id: "world"
pose: 
  pose: 
    position: 
      x: 0.29951961253348663
      y: -0.4693651687058267
      z: 0.5560929022338068
    orientation: 
      x: -0.0013695477760686252
      y: -0.004988580607728578
      z: -0.00017316158882684865
      w: 0.9999866041190119
  covariance: [0.0, 0.0, 0.0, 0.0, 0.0, 0.0, 0.0, 0.0, 0.0, 0.0, 0.0, 0.0, 0.0, 0.0, 0.0, 0.0, 0.0, 0.0, 0.0, 0.0, 0.0, 0.0, 0.0, 0.0, 0.0, 0.0, 0.0, 0.0, 0.0, 0.0, 0.0, 0.0, 0.0, 0.0, 0.0, 0.0]
twist: 
  twist: 
    linear: 
      x: -0.009194816052733768
      y: -0.013885650904354003
      z: 0.03268022006846845
    angular: 
      x: 0.0
      y: 0.0
      z: 0.0
  covariance: [0.0, 0.0, 0.0, 0.0, 0.0, 0.0, 0.0, 0.0, 0.0, 0.0, 0.0, 0.0, 0.0, 0.0, 0.0, 0.0, 0.0, 0.0, 0.0, 0.0, 0.0, 0.0, 0.0, 0.0, 0.0, 0.0, 0.0, 0.0, 0.0, 0.0, 0.0, 0.0, 0.0, 0.0, 0.0, 0.0]
---
header: 
  seq: 1094
  stamp: 
    secs: 1744093100
    nsecs: 708592415
  frame_id: "world"
child_frame_id: "world"
pose: 
  pose: 
    position: 
      x: 0.29794601091018047
      y: -0.4701412967051275
      z: 0.5577190192284438
    orientation: 
      x: -0.0016511907434660618
      y: -0.005261791931020649
      z: -0.0008770310616798117
      w: 0.999984408844118
  covariance: [0.0, 0.0, 0.0, 0.0, 0.0, 0.0, 0.0, 0.0, 0.0, 0.0, 0.0, 0.0, 0.0, 0.0, 0.0, 0.0, 0.0, 0.0, 0.0, 0.0, 0.0, 0.0, 0.0, 0.0, 0.0, 0.0, 0.0, 0.0, 0.0, 0.0, 0.0, 0.0, 0.0, 0.0, 0.0, 0.0]
twist: 
  twist: 
    linear: 
      x: -0.024528694339061574
      y: 0.009641624170798654
      z: -0.0037520206842498343
    angular: 
      x: 0.0
      y: 0.0
      z: 0.0
  covariance: [0.0, 0.0, 0.0, 0.0, 0.0, 0.0, 0.0, 0.0, 0.0, 0.0, 0.0, 0.0, 0.0, 0.0, 0.0, 0.0, 0.0, 0.0, 0.0, 0.0, 0.0, 0.0, 0.0, 0.0, 0.0, 0.0, 0.0, 0.0, 0.0, 0.0, 0.0, 0.0, 0.0, 0.0, 0.0, 0.0]
---
header: 
  seq: 1095
  stamp: 
    secs: 1744093100
    nsecs: 841835737
  frame_id: "world"
child_frame_id: "world"
pose: 
  pose: 
    position: 
      x: 0.2947642211551746
      y: -0.4683650012314007
      z: 0.5566953031221538
    orientation: 
      x: -0.0019229292546569683
      y: -0.002242796112563273
      z: -0.0014482961875162033
      w: 0.9999945873087676
  covariance: [0.0, 0.0, 0.0, 0.0, 0.0, 0.0, 0.0, 0.0, 0.0, 0.0, 0.0, 0.0, 0.0, 0.0, 0.0, 0.0, 0.0, 0.0, 0.0, 0.0, 0.0, 0.0, 0.0, 0.0, 0.0, 0.0, 0.0, 0.0, 0.0, 0.0, 0.0, 0.0, 0.0, 0.0, 0.0, 0.0]
twist: 
  twist: 
    linear: 
      x: -0.018961738455211805
      y: 0.023859520145425122
      z: -0.031066580169817205
    angular: 
      x: 0.0
      y: 0.0
      z: 0.0
  covariance: [0.0, 0.0, 0.0, 0.0, 0.0, 0.0, 0.0, 0.0, 0.0, 0.0, 0.0, 0.0, 0.0, 0.0, 0.0, 0.0, 0.0, 0.0, 0.0, 0.0, 0.0, 0.0, 0.0, 0.0, 0.0, 0.0, 0.0, 0.0, 0.0, 0.0, 0.0, 0.0, 0.0, 0.0, 0.0, 0.0]
---
header: 
  seq: 1096
  stamp: 
    secs: 1744093100
    nsecs: 975076675
  frame_id: "world"
child_frame_id: "world"
pose: 
  pose: 
    position: 
      x: 0.2912866001498209
      y: -0.4637241790775143
      z: 0.5565796128422926
    orientation: 
      x: 0.0009743136609336791
      y: -0.0010485232422675671
      z: -0.0009446448477871301
      w: 0.9999985294779249
  covariance: [0.0, 0.0, 0.0, 0.0, 0.0, 0.0, 0.0, 0.0, 0.0, 0.0, 0.0, 0.0, 0.0, 0.0, 0.0, 0.0, 0.0, 0.0, 0.0, 0.0, 0.0, 0.0, 0.0, 0.0, 0.0, 0.0, 0.0, 0.0, 0.0, 0.0, 0.0, 0.0, 0.0, 0.0, 0.0, 0.0]
twist: 
  twist: 
    linear: 
      x: -0.01405074249522327
      y: 0.03289864369719341
      z: -0.0034350463697105076
    angular: 
      x: 0.0
      y: 0.0
      z: 0.0
  covariance: [0.0, 0.0, 0.0, 0.0, 0.0, 0.0, 0.0, 0.0, 0.0, 0.0, 0.0, 0.0, 0.0, 0.0, 0.0, 0.0, 0.0, 0.0, 0.0, 0.0, 0.0, 0.0, 0.0, 0.0, 0.0, 0.0, 0.0, 0.0, 0.0, 0.0, 0.0, 0.0, 0.0, 0.0, 0.0, 0.0]
---
header: 
  seq: 1097
  stamp: 
    secs: 1744093101
    nsecs: 108315468
  frame_id: "world"
child_frame_id: "world"
pose: 
  pose: 
    position: 
      x: 0.2900190180932484
      y: -0.45702517927137504
      z: 0.5558957951901932
    orientation: 
      x: 0.003425514710861313
      y: -0.0017502203558979774
      z: -0.0015721772597324434
      w: 0.9999913653808894
  covariance: [0.0, 0.0, 0.0, 0.0, 0.0, 0.0, 0.0, 0.0, 0.0, 0.0, 0.0, 0.0, 0.0, 0.0, 0.0, 0.0, 0.0, 0.0, 0.0, 0.0, 0.0, 0.0, 0.0, 0.0, 0.0, 0.0, 0.0, 0.0, 0.0, 0.0, 0.0, 0.0, 0.0, 0.0, 0.0, 0.0]
twist: 
  twist: 
    linear: 
      x: -0.0016085480130511776
      y: 0.018216709501224043
      z: -0.0017670374742549905
    angular: 
      x: 0.0
      y: 0.0
      z: 0.0
  covariance: [0.0, 0.0, 0.0, 0.0, 0.0, 0.0, 0.0, 0.0, 0.0, 0.0, 0.0, 0.0, 0.0, 0.0, 0.0, 0.0, 0.0, 0.0, 0.0, 0.0, 0.0, 0.0, 0.0, 0.0, 0.0, 0.0, 0.0, 0.0, 0.0, 0.0, 0.0, 0.0, 0.0, 0.0, 0.0, 0.0]
---
header: 
  seq: 1098
  stamp: 
    secs: 1744093101
    nsecs: 241557121
  frame_id: "world"
child_frame_id: "world"
pose: 
  pose: 
    position: 
      x: 0.2886295805288539
      y: -0.44880625776518224
      z: 0.5539391708013157
    orientation: 
      x: 0.0002527143121861007
      y: -0.004376724519217988
      z: -0.0021719232083174528
      w: 0.9999880315121459
  covariance: [0.0, 0.0, 0.0, 0.0, 0.0, 0.0, 0.0, 0.0, 0.0, 0.0, 0.0, 0.0, 0.0, 0.0, 0.0, 0.0, 0.0, 0.0, 0.0, 0.0, 0.0, 0.0, 0.0, 0.0, 0.0, 0.0, 0.0, 0.0, 0.0, 0.0, 0.0, 0.0, 0.0, 0.0, 0.0, 0.0]
twist: 
  twist: 
    linear: 
      x: 0.005085535860390516
      y: 0.018323813516182317
      z: -0.01537872358511545
    angular: 
      x: 0.0
      y: 0.0
      z: 0.0
  covariance: [0.0, 0.0, 0.0, 0.0, 0.0, 0.0, 0.0, 0.0, 0.0, 0.0, 0.0, 0.0, 0.0, 0.0, 0.0, 0.0, 0.0, 0.0, 0.0, 0.0, 0.0, 0.0, 0.0, 0.0, 0.0, 0.0, 0.0, 0.0, 0.0, 0.0, 0.0, 0.0, 0.0, 0.0, 0.0, 0.0]
---
header: 
  seq: 1099
  stamp: 
    secs: 1744093101
    nsecs: 374802351
  frame_id: "world"
child_frame_id: "world"
pose: 
  pose: 
    position: 
      x: 0.28710486322871986
      y: -0.44110919755747
      z: 0.5529815438381469
    orientation: 
      x: -0.001390807826008501
      y: -0.0066427425591664
      z: -0.0024525620365238314
      w: 0.9999739619431802
  covariance: [0.0, 0.0, 0.0, 0.0, 0.0, 0.0, 0.0, 0.0, 0.0, 0.0, 0.0, 0.0, 0.0, 0.0, 0.0, 0.0, 0.0, 0.0, 0.0, 0.0, 0.0, 0.0, 0.0, 0.0, 0.0, 0.0, 0.0, 0.0, 0.0, 0.0, 0.0, 0.0, 0.0, 0.0, 0.0, 0.0]
twist: 
  twist: 
    linear: 
      x: 0.0046894148588446675
      y: 0.009408452940922412
      z: -0.0019492527424965944
    angular: 
      x: 0.0
      y: 0.0
      z: 0.0
  covariance: [0.0, 0.0, 0.0, 0.0, 0.0, 0.0, 0.0, 0.0, 0.0, 0.0, 0.0, 0.0, 0.0, 0.0, 0.0, 0.0, 0.0, 0.0, 0.0, 0.0, 0.0, 0.0, 0.0, 0.0, 0.0, 0.0, 0.0, 0.0, 0.0, 0.0, 0.0, 0.0, 0.0, 0.0, 0.0, 0.0]
---
header: 
  seq: 1100
  stamp: 
    secs: 1744093101
    nsecs: 508049011
  frame_id: "world"
child_frame_id: "world"
pose: 
  pose: 
    position: 
      x: 0.2853008426871982
      y: -0.4337505231918564
      z: 0.5492555728632346
    orientation: 
      x: -0.001892061226425416
      y: -0.006494505713342445
      z: -0.002449755173333891
      w: 0.9999741197648294
  covariance: [0.0, 0.0, 0.0, 0.0, 0.0, 0.0, 0.0, 0.0, 0.0, 0.0, 0.0, 0.0, 0.0, 0.0, 0.0, 0.0, 0.0, 0.0, 0.0, 0.0, 0.0, 0.0, 0.0, 0.0, 0.0, 0.0, 0.0, 0.0, 0.0, 0.0, 0.0, 0.0, 0.0, 0.0, 0.0, 0.0]
twist: 
  twist: 
    linear: 
      x: -0.006530217065477401
      y: 0.0065101445110521605
      z: -0.02118165821099747
    angular: 
      x: 0.0
      y: 0.0
      z: 0.0
  covariance: [0.0, 0.0, 0.0, 0.0, 0.0, 0.0, 0.0, 0.0, 0.0, 0.0, 0.0, 0.0, 0.0, 0.0, 0.0, 0.0, 0.0, 0.0, 0.0, 0.0, 0.0, 0.0, 0.0, 0.0, 0.0, 0.0, 0.0, 0.0, 0.0, 0.0, 0.0, 0.0, 0.0, 0.0, 0.0, 0.0]
---
